id,category_id,supplier_id,name,sku,price,cost,description,attributes,is_active
1,18,195,Ultra Home Member,KAX-42-00001,735.05,308.4,High quality ultra home member from ChefChoice.,"{""brand"": ""ChefChoice"", ""material"": ""Plastic"", ""weight_kg"": 23.41}",True
2,28,44,Deluxe Automotive Wrong,CCX-42-00002,56.95,34.59,High quality deluxe automotive wrong from MotorMax.,"{""brand"": ""MotorMax"", ""weight_g"": 1261}",True
3,1,139,Smart Electronics Her,EXY-42-00003,1407.11,1029.51,High quality smart electronics her from Sonyx.,"{""brand"": ""Sonyx"", ""color"": ""Navy"", ""weight_kg"": 7.59, ""warranty_years"": 5}",True
4,18,54,Premium Home Amount,KAX-42-00004,152.81,63.15,High quality premium home amount from DecoHome.,"{""brand"": ""DecoHome"", ""material"": ""Leather"", ""weight_kg"": 0.99}",True
5,16,9,Deluxe Apparel Discuss,FXY-42-00005,73.03,44.91,High quality deluxe apparel discuss from Vogue.,"{""brand"": ""Vogue"", ""color"": ""Blue"", ""size"": ""XXL"", ""material"": ""Wool""}",True
6,30,60,Eco Grocery Sort,SSX-42-00006,4.86,2.2,High quality eco grocery sort from TastyBites.,"{""brand"": ""TastyBites"", ""organic"": true, ""expiration_days"": 279}",True
7,28,135,Eco Automotive Method,CCX-42-00007,288.36,153.05,High quality eco automotive method from TireSafe.,"{""brand"": ""TireSafe"", ""weight_g"": 1250}",True
8,4,97,Ultra Sports Each,SOX-42-00008,154.37,69.12,High quality ultra sports each from AquaFlow.,"{""brand"": ""AquaFlow"", ""material"": ""Glass"", ""weight_kg"": 16.4}",True
9,6,164,Deluxe Books At,BXY-42-00009,57.94,42.01,High quality deluxe books at from OReilly.,"{""brand"": ""OReilly"", ""weight_g"": 507}",True
10,22,160,Eco Sports Everything,ORX-42-00010,408.15,217.31,High quality eco sports everything from FitPulse.,"{""brand"": ""FitPulse"", ""material"": ""Wool"", ""weight_kg"": 4.85}",True
11,1,139,Deluxe Electronics Hope,EXY-42-00011,1898.42,1019.57,High quality deluxe electronics hope from LinkSys.,"{""brand"": ""LinkSys"", ""color"": ""Black"", ""weight_kg"": 1.54, ""warranty_years"": 3}",True
12,30,172,Pro Grocery East,SSX-42-00012,12.6,7.53,High quality pro grocery east from TastyBites.,"{""brand"": ""TastyBites"", ""organic"": false, ""expiration_days"": 49}",True
13,8,135,Premium Automotive And,AXY-42-00013,294.8,135.24,High quality premium automotive and from MotorMax.,"{""brand"": ""MotorMax"", ""weight_g"": 964}",True
14,1,92,Classic Electronics Relate,EXY-42-00014,435.17,279.65,High quality classic electronics relate from Volt.,"{""brand"": ""Volt"", ""color"": ""White"", ""weight_kg"": 5.79, ""warranty_years"": 1}",True
15,13,108,Pro Electronics Design,AHX-42-00015,1470.52,1086.99,High quality pro electronics design from Quant.,"{""brand"": ""Quant"", ""color"": ""Green"", ""weight_kg"": 2.87, ""warranty_years"": 5}",True
16,4,123,Deluxe Sports National,SOX-42-00016,395.42,238.17,High quality deluxe sports national from TrailBlaze.,"{""brand"": ""TrailBlaze"", ""material"": ""Wool"", ""weight_kg"": 11.56}",True
17,26,21,Premium Toys Whatever,BGX-42-00017,42.44,21.71,High quality premium toys whatever from PlayTime.,"{""brand"": ""PlayTime"", ""weight_g"": 750}",True
18,6,113,Premium Books Strong,BXY-42-00018,19.59,8.35,High quality premium books strong from OReilly.,"{""brand"": ""OReilly"", ""weight_g"": 1266}",True
19,20,98,Eco Home Herself,BBX-42-00019,568.04,312.97,High quality eco home herself from DecoHome.,"{""brand"": ""DecoHome"", ""material"": ""Wood"", ""weight_kg"": 4.35}",True
20,4,97,Eco Sports Important,SOX-42-00020,106.75,49.8,High quality eco sports important from FitPulse.,"{""brand"": ""FitPulse"", ""material"": ""Metal"", ""weight_kg"": 7.79}",True
21,4,39,Pro Sports Manager,SOX-42-00021,199.49,118.17,High quality pro sports manager from TrailBlaze.,"{""brand"": ""TrailBlaze"", ""material"": ""Cotton"", ""weight_kg"": 9.34}",True
22,14,56,Smart Electronics Whose,SHD-42-00022,603.21,381.05,High quality smart electronics whose from Quant.,"{""brand"": ""Quant"", ""color"": ""Gray"", ""weight_kg"": 0.87, ""warranty_years"": 2}",True
23,6,74,Premium Books Look,BXY-42-00023,78.35,44.33,High quality premium books look from OReilly.,"{""brand"": ""OReilly"", ""weight_g"": 864}",True
24,16,120,Eco Apparel Upon,FXY-42-00024,180.03,88.71,High quality eco apparel upon from UrbanStyle.,"{""brand"": ""UrbanStyle"", ""color"": ""Green"", ""size"": ""S"", ""material"": ""Plastic""}",True
25,29,116,Classic Grocery Any,BXY-42-00025,19.73,10.97,High quality classic grocery any from SweetTreats.,"{""brand"": ""SweetTreats"", ""organic"": false, ""expiration_days"": 144}",True
26,8,69,Eco Automotive Among,AXY-42-00026,171.45,77.65,High quality eco automotive among from AutoPro.,"{""brand"": ""AutoPro"", ""weight_g"": 225}",True
27,22,99,Deluxe Sports Range,ORX-42-00027,405.05,220.71,High quality deluxe sports range from TrailBlaze.,"{""brand"": ""TrailBlaze"", ""material"": ""Cotton"", ""weight_kg"": 21.1}",True
28,27,154,Deluxe Toys Game,AFD-42-00028,56.05,32.93,High quality deluxe toys game from KidZone.,"{""brand"": ""KidZone"", ""weight_g"": 1222}",True
29,29,45,Deluxe Grocery Board,BXY-42-00029,24.86,10.63,High quality deluxe grocery board from OrganicWay.,"{""brand"": ""OrganicWay"", ""organic"": true, ""expiration_days"": 71}",True
30,25,81,Ultra Beauty Score,SCX-42-00030,30.07,22.39,High quality ultra beauty score from SilkSkin.,"{""brand"": ""SilkSkin"", ""weight_g"": 308}",True
31,2,114,Ultra Apparel Near,AXY-42-00031,24.89,15.91,High quality ultra apparel near from Vogue.,"{""brand"": ""Vogue"", ""color"": ""Navy"", ""size"": ""M"", ""material"": ""Plastic""}",True
32,30,10,Smart Grocery Property,SSX-42-00032,6.18,3.68,High quality smart grocery property from NatureDrop.,"{""brand"": ""NatureDrop"", ""organic"": false, ""expiration_days"": 276}",True
33,15,9,Smart Apparel Themselves,FXY-42-00033,159.44,98.55,High quality smart apparel themselves from DenimCo.,"{""brand"": ""DenimCo"", ""color"": ""White"", ""size"": ""L"", ""material"": ""Wool""}",True
34,5,127,Premium Beauty Eye,BPC-42-00034,90.25,60.06,High quality premium beauty eye from GlowUp.,"{""brand"": ""GlowUp"", ""weight_g"": 1202}",True
35,25,15,Classic Beauty They,SCX-42-00035,118.93,83.68,High quality classic beauty they from LuxeHair.,"{""brand"": ""LuxeHair"", ""weight_g"": 590}",True
36,13,137,Premium Electronics Site,AHX-42-00036,981.46,601.77,High quality premium electronics site from Sonyx.,"{""brand"": ""Sonyx"", ""color"": ""Red"", ""weight_kg"": 3.28, ""warranty_years"": 5}",True
37,2,111,Ultra Apparel Everyone,AXY-42-00037,179.02,92.38,High quality ultra apparel everyone from ThreadWear.,"{""brand"": ""ThreadWear"", ""color"": ""Yellow"", ""size"": ""M"", ""material"": ""Plastic""}",True
38,1,93,Classic Electronics Particular,EXY-42-00038,1638.42,829.15,High quality classic electronics particular from Quant.,"{""brand"": ""Quant"", ""color"": ""White"", ""weight_kg"": 7.78, ""warranty_years"": 2}",True
39,5,53,Deluxe Beauty Off,BPC-42-00039,146.26,81.19,High quality deluxe beauty off from HerbEssentials.,"{""brand"": ""HerbEssentials"", ""weight_g"": 601}",True
40,24,80,Pro Beauty Over,MCX-42-00040,92.72,39.99,High quality pro beauty over from SilkSkin.,"{""brand"": ""SilkSkin"", ""weight_g"": 883}",True
41,24,81,Deluxe Beauty Contain,MCX-42-00041,115.13,81.0,High quality deluxe beauty contain from GlowUp.,"{""brand"": ""GlowUp"", ""weight_g"": 1105}",True
42,26,26,Pro Toys However,BGX-42-00042,17.22,11.16,High quality pro toys however from BrickBuilder.,"{""brand"": ""BrickBuilder"", ""weight_g"": 1123}",True
43,29,171,Deluxe Grocery Ready,BXY-42-00043,3.39,1.58,High quality deluxe grocery ready from TastyBites.,"{""brand"": ""TastyBites"", ""organic"": true, ""expiration_days"": 137}",True
44,2,117,Ultra Apparel Human,AXY-42-00044,19.61,10.32,High quality ultra apparel human from ActiveFit.,"{""brand"": ""ActiveFit"", ""color"": ""Blue"", ""size"": ""L"", ""material"": ""Wood""}",True
45,21,66,Pro Sports History,FGX-42-00045,342.18,165.85,High quality pro sports history from AquaFlow.,"{""brand"": ""AquaFlow"", ""material"": ""Wool"", ""weight_kg"": 24.03}",True
46,16,153,Deluxe Apparel People,FXY-42-00046,114.75,59.73,High quality deluxe apparel people from ActiveFit.,"{""brand"": ""ActiveFit"", ""color"": ""White"", ""size"": ""M"", ""material"": ""Cotton""}",True
47,13,8,Ultra Electronics Ready,AHX-42-00047,342.56,205.64,High quality ultra electronics ready from Sonyx.,"{""brand"": ""Sonyx"", ""color"": ""Gray"", ""weight_kg"": 5.45, ""warranty_years"": 3}",True
48,21,118,Deluxe Sports Water,FGX-42-00048,259.07,182.03,High quality deluxe sports water from PeakGear.,"{""brand"": ""PeakGear"", ""material"": ""Glass"", ""weight_kg"": 22.83}",True
49,21,72,Classic Sports Thing,FGX-42-00049,302.57,121.92,High quality classic sports thing from FitPulse.,"{""brand"": ""FitPulse"", ""material"": ""Metal"", ""weight_kg"": 10.88}",True
50,13,158,Pro Electronics Bank,AHX-42-00050,710.44,346.84,High quality pro electronics bank from Volt.,"{""brand"": ""Volt"", ""color"": ""Pink"", ""weight_kg"": 6.61, ""warranty_years"": 5}",True
51,19,19,Deluxe Home Nation,FXY-42-00051,20.77,15.57,High quality deluxe home nation from CozyLiving.,"{""brand"": ""CozyLiving"", ""material"": ""Metal"", ""weight_kg"": 7.81}",True
52,4,123,Eco Sports Enter,SOX-42-00052,36.6,27.3,High quality eco sports enter from FitPulse.,"{""brand"": ""FitPulse"", ""material"": ""Metal"", ""weight_kg"": 6.9}",True
53,23,166,Deluxe Sports However,CBX-42-00053,152.9,69.18,High quality deluxe sports however from TrailBlaze.,"{""brand"": ""TrailBlaze"", ""material"": ""Cotton"", ""weight_kg"": 20.23}",True
54,26,169,Ultra Toys Whatever,BGX-42-00054,54.45,27.87,High quality ultra toys whatever from PlayTime.,"{""brand"": ""PlayTime"", ""weight_g"": 1392}",True
55,16,85,Pro Apparel Dog,FXY-42-00055,59.29,32.4,High quality pro apparel dog from ThreadWear.,"{""brand"": ""ThreadWear"", ""color"": ""Navy"", ""size"": ""XXL"", ""material"": ""Leather""}",True
56,11,139,Eco Electronics Name,SXY-42-00056,1432.47,917.08,High quality eco electronics name from Quant.,"{""brand"": ""Quant"", ""color"": ""Blue"", ""weight_kg"": 4.11, ""warranty_years"": 2}",True
57,27,173,Premium Toys Into,AFD-42-00057,106.41,49.31,High quality premium toys into from KidZone.,"{""brand"": ""KidZone"", ""weight_g"": 312}",True
58,24,53,Ultra Beauty Head,MCX-42-00058,110.15,65.61,High quality ultra beauty head from HerbEssentials.,"{""brand"": ""HerbEssentials"", ""weight_g"": 1390}",True
59,3,48,Classic Home Technology,HKX-42-00059,293.9,194.11,High quality classic home technology from ChefChoice.,"{""brand"": ""ChefChoice"", ""material"": ""Plastic"", ""weight_kg"": 9.61}",True
60,19,54,Premium Home Trip,FXY-42-00060,379.05,167.25,High quality premium home trip from KitchenAid.,"{""brand"": ""KitchenAid"", ""material"": ""Glass"", ""weight_kg"": 22.29}",True
61,17,27,Classic Apparel Hair,FSX-42-00061,174.82,93.28,High quality classic apparel hair from DenimCo.,"{""brand"": ""DenimCo"", ""color"": ""Black"", ""size"": ""S"", ""material"": ""Wool""}",True
62,7,96,Pro Toys Message,TGX-42-00062,55.01,32.97,High quality pro toys message from BrickBuilder.,"{""brand"": ""BrickBuilder"", ""weight_g"": 697}",True
63,28,44,Eco Automotive Structure,CCX-42-00063,234.79,133.98,High quality eco automotive structure from DriveClean.,"{""brand"": ""DriveClean"", ""weight_g"": 691}",True
64,21,39,Deluxe Sports Meet,FGX-42-00064,7.33,3.63,High quality deluxe sports meet from TrailBlaze.,"{""brand"": ""TrailBlaze"", ""material"": ""Wool"", ""weight_kg"": 12.49}",True
65,25,189,Eco Beauty Very,SCX-42-00065,17.77,10.93,High quality eco beauty very from LuxeHair.,"{""brand"": ""LuxeHair"", ""weight_g"": 876}",True
66,14,108,Ultra Electronics Pm,SHD-42-00066,778.97,321.87,High quality ultra electronics pm from AudioMax.,"{""brand"": ""AudioMax"", ""color"": ""Blue"", ""weight_kg"": 7.61, ""warranty_years"": 3}",True
67,25,199,Premium Beauty According,SCX-42-00067,82.0,33.31,High quality premium beauty according from SilkSkin.,"{""brand"": ""SilkSkin"", ""weight_g"": 513}",True
68,23,99,Smart Sports More,CBX-42-00068,159.49,69.53,High quality smart sports more from FitPulse.,"{""brand"": ""FitPulse"", ""material"": ""Wool"", ""weight_kg"": 2.1}",True
69,2,85,Smart Apparel Us,AXY-42-00069,190.21,106.44,High quality smart apparel us from UrbanStyle.,"{""brand"": ""UrbanStyle"", ""color"": ""Pink"", ""size"": ""M"", ""material"": ""Wood""}",True
70,29,197,Pro Grocery Chair,BXY-42-00070,49.78,25.88,High quality pro grocery chair from NatureDrop.,"{""brand"": ""NatureDrop"", ""organic"": true, ""expiration_days"": 94}",True
71,30,116,Ultra Grocery Less,SSX-42-00071,2.92,1.4,High quality ultra grocery less from TastyBites.,"{""brand"": ""TastyBites"", ""organic"": true, ""expiration_days"": 311}",True
72,17,49,Deluxe Apparel Company,FSX-42-00072,33.4,21.67,High quality deluxe apparel company from ThreadWear.,"{""brand"": ""ThreadWear"", ""color"": ""Green"", ""size"": ""XXL"", ""material"": ""Metal""}",True
73,25,95,Premium Beauty Drug,SCX-42-00073,95.35,57.96,High quality premium beauty drug from GlowUp.,"{""brand"": ""GlowUp"", ""weight_g"": 1388}",True
74,27,21,Pro Toys Ball,AFD-42-00074,15.31,6.74,High quality pro toys ball from KidZone.,"{""brand"": ""KidZone"", ""weight_g"": 303}",True
75,18,51,Eco Home My,KAX-42-00075,387.4,175.72,High quality eco home my from KitchenAid.,"{""brand"": ""KitchenAid"", ""material"": ""Metal"", ""weight_kg"": 10.81}",True
76,4,170,Eco Sports Question,SOX-42-00076,262.55,162.25,High quality eco sports question from TrailBlaze.,"{""brand"": ""TrailBlaze"", ""material"": ""Wood"", ""weight_kg"": 20.85}",True
77,4,125,Premium Sports Fast,SOX-42-00077,360.79,159.18,High quality premium sports fast from PeakGear.,"{""brand"": ""PeakGear"", ""material"": ""Glass"", ""weight_kg"": 5.37}",True
78,7,89,Classic Toys Development,TGX-42-00078,101.46,75.14,High quality classic toys development from KidZone.,"{""brand"": ""KidZone"", ""weight_g"": 654}",True
79,6,14,Eco Books Citizen,BXY-42-00079,47.47,34.11,High quality eco books citizen from Packt.,"{""brand"": ""Packt"", ""weight_g"": 727}",True
80,8,23,Premium Automotive Culture,AXY-42-00080,8.76,3.78,High quality premium automotive culture from TireSafe.,"{""brand"": ""TireSafe"", ""weight_g"": 355}",True
81,3,194,Premium Home Coach,HKX-42-00081,416.69,272.2,High quality premium home coach from CozyLiving.,"{""brand"": ""CozyLiving"", ""material"": ""Leather"", ""weight_kg"": 11.69}",True
82,10,101,Ultra Office Products High,OPX-42-00082,46.96,20.42,High quality ultra office products high from PaperMate.,"{""brand"": ""PaperMate"", ""weight_g"": 645}",True
83,12,150,Premium Electronics Play,LCX-42-00083,1360.0,746.77,High quality premium electronics play from TechCo.,"{""brand"": ""TechCo"", ""color"": ""Black"", ""weight_kg"": 0.18, ""warranty_years"": 2}",True
84,22,166,Pro Sports Series,ORX-42-00084,89.4,46.95,High quality pro sports series from FitPulse.,"{""brand"": ""FitPulse"", ""material"": ""Polyester"", ""weight_kg"": 9.63}",True
85,11,84,Pro Electronics Technology,SXY-42-00085,245.39,132.53,High quality pro electronics technology from Volt.,"{""brand"": ""Volt"", ""color"": ""Green"", ""weight_kg"": 5.55, ""warranty_years"": 5}",True
86,26,112,Premium Toys By,BGX-42-00086,81.37,55.24,High quality premium toys by from BrickBuilder.,"{""brand"": ""BrickBuilder"", ""weight_g"": 1475}",True
87,24,7,Premium Beauty Recent,MCX-42-00087,147.33,102.47,High quality premium beauty recent from LuxeHair.,"{""brand"": ""LuxeHair"", ""weight_g"": 1259}",True
88,16,153,Pro Apparel Drug,FXY-42-00088,138.89,64.37,High quality pro apparel drug from ActiveFit.,"{""brand"": ""ActiveFit"", ""color"": ""Navy"", ""size"": ""XS"", ""material"": ""Wool""}",True
89,16,120,Premium Apparel Join,FXY-42-00089,31.46,17.11,High quality premium apparel join from ThreadWear.,"{""brand"": ""ThreadWear"", ""color"": ""Red"", ""size"": ""XXL"", ""material"": ""Plastic""}",True
90,1,139,Eco Electronics Talk,EXY-42-00090,1739.3,1015.21,High quality eco electronics talk from LinkSys.,"{""brand"": ""LinkSys"", ""color"": ""Navy"", ""weight_kg"": 1.87, ""warranty_years"": 3}",True
91,17,122,Pro Apparel Give,FSX-42-00091,140.77,86.77,High quality pro apparel give from Vogue.,"{""brand"": ""Vogue"", ""color"": ""Yellow"", ""size"": ""M"", ""material"": ""Wood""}",True
92,5,199,Smart Beauty Service,BPC-42-00092,124.83,88.91,High quality smart beauty service from GlowUp.,"{""brand"": ""GlowUp"", ""weight_g"": 73}",True
93,21,72,Pro Sports Build,FGX-42-00093,255.26,144.03,High quality pro sports build from TrailBlaze.,"{""brand"": ""TrailBlaze"", ""material"": ""Polyester"", ""weight_kg"": 18.91}",True
94,11,87,Smart Electronics Meet,SXY-42-00094,675.17,335.8,High quality smart electronics meet from Sonyx.,"{""brand"": ""Sonyx"", ""color"": ""Pink"", ""weight_kg"": 5.18, ""warranty_years"": 5}",True
95,27,70,Smart Toys Republican,AFD-42-00095,18.67,10.37,High quality smart toys republican from KidZone.,"{""brand"": ""KidZone"", ""weight_g"": 230}",True
96,28,176,Pro Automotive Measure,CCX-42-00096,136.89,60.44,High quality pro automotive measure from AutoPro.,"{""brand"": ""AutoPro"", ""weight_g"": 260}",True
97,13,107,Deluxe Electronics Measure,AHX-42-00097,90.95,53.86,High quality deluxe electronics measure from TechCo.,"{""brand"": ""TechCo"", ""color"": ""Navy"", ""weight_kg"": 7.71, ""warranty_years"": 3}",True
98,29,155,Pro Grocery Develop,BXY-42-00098,28.99,18.24,High quality pro grocery develop from NatureDrop.,"{""brand"": ""NatureDrop"", ""organic"": false, ""expiration_days"": 37}",True
99,27,70,Deluxe Toys Performance,AFD-42-00099,102.87,53.1,High quality deluxe toys performance from KidZone.,"{""brand"": ""KidZone"", ""weight_g"": 1395}",True
100,12,139,Eco Electronics Color,LCX-42-00100,916.01,397.64,High quality eco electronics color from Sonyx.,"{""brand"": ""Sonyx"", ""color"": ""Black"", ""weight_kg"": 2.8, ""warranty_years"": 3}",True
101,18,106,Ultra Home Radio,KAX-42-00101,308.5,134.88,High quality ultra home radio from ChefChoice.,"{""brand"": ""ChefChoice"", ""material"": ""Wool"", ""weight_kg"": 20.64}",True
102,24,159,Ultra Beauty These,MCX-42-00102,64.34,31.46,High quality ultra beauty these from SilkSkin.,"{""brand"": ""SilkSkin"", ""weight_g"": 297}",True
103,30,116,Ultra Grocery Item,SSX-42-00103,12.35,8.5,High quality ultra grocery item from NatureDrop.,"{""brand"": ""NatureDrop"", ""organic"": true, ""expiration_days"": 222}",True
104,2,165,Deluxe Apparel Age,AXY-42-00104,169.12,102.5,High quality deluxe apparel age from DenimCo.,"{""brand"": ""DenimCo"", ""color"": ""Yellow"", ""size"": ""XXL"", ""material"": ""Wool""}",True
105,16,9,Pro Apparel Either,FXY-42-00105,110.77,46.19,High quality pro apparel either from UrbanStyle.,"{""brand"": ""UrbanStyle"", ""color"": ""Yellow"", ""size"": ""XL"", ""material"": ""Wool""}",True
106,23,160,Premium Sports Animal,CBX-42-00106,90.96,62.34,High quality premium sports animal from AquaFlow.,"{""brand"": ""AquaFlow"", ""material"": ""Plastic"", ""weight_kg"": 12.85}",True
107,13,107,Deluxe Electronics Care,AHX-42-00107,1959.41,1411.89,High quality deluxe electronics care from Sonyx.,"{""brand"": ""Sonyx"", ""color"": ""Red"", ""weight_kg"": 3.24, ""warranty_years"": 3}",True
108,10,144,Smart Office Products Painting,OPX-42-00108,80.67,36.17,High quality smart office products painting from StapleMax.,"{""brand"": ""StapleMax"", ""weight_g"": 1486}",True
109,18,61,Eco Home Person,KAX-42-00109,573.82,417.41,High quality eco home person from DecoHome.,"{""brand"": ""DecoHome"", ""material"": ""Leather"", ""weight_kg"": 5.64}",True
110,23,91,Ultra Sports College,CBX-42-00110,344.87,249.14,High quality ultra sports college from TrailBlaze.,"{""brand"": ""TrailBlaze"", ""material"": ""Plastic"", ""weight_kg"": 17.9}",True
111,25,57,Eco Beauty Center,SCX-42-00111,86.53,52.26,High quality eco beauty center from LuxeHair.,"{""brand"": ""LuxeHair"", ""weight_g"": 1430}",True
112,24,200,Deluxe Beauty Professional,MCX-42-00112,127.0,63.51,High quality deluxe beauty professional from LuxeHair.,"{""brand"": ""LuxeHair"", ""weight_g"": 76}",True
113,17,27,Eco Apparel Music,FSX-42-00113,14.8,6.67,High quality eco apparel music from ThreadWear.,"{""brand"": ""ThreadWear"", ""color"": ""Gray"", ""size"": ""M"", ""material"": ""Wool""}",True
114,10,101,Deluxe Office Products Among,OPX-42-00114,15.5,6.54,High quality deluxe office products among from StapleMax.,"{""brand"": ""StapleMax"", ""weight_g"": 467}",True
115,25,95,Premium Beauty Vote,SCX-42-00115,9.68,6.63,High quality premium beauty vote from SilkSkin.,"{""brand"": ""SilkSkin"", ""weight_g"": 1375}",True
116,18,79,Deluxe Home Page,KAX-42-00116,201.51,135.92,High quality deluxe home page from CozyLiving.,"{""brand"": ""CozyLiving"", ""material"": ""Cotton"", ""weight_kg"": 23.2}",True
117,13,107,Classic Electronics Choice,AHX-42-00117,1914.27,1419.5,High quality classic electronics choice from LinkSys.,"{""brand"": ""LinkSys"", ""color"": ""Black"", ""weight_kg"": 0.2, ""warranty_years"": 3}",True
118,7,169,Pro Toys Arrive,TGX-42-00118,105.57,74.02,High quality pro toys arrive from BrickBuilder.,"{""brand"": ""BrickBuilder"", ""weight_g"": 1347}",True
119,23,180,Smart Sports Compare,CBX-42-00119,325.58,216.28,High quality smart sports compare from TrailBlaze.,"{""brand"": ""TrailBlaze"", ""material"": ""Leather"", ""weight_kg"": 7.71}",True
120,6,22,Smart Books Evening,BXY-42-00120,21.46,9.89,High quality smart books evening from Penguin.,"{""brand"": ""Penguin"", ""weight_g"": 822}",True
121,2,114,Ultra Apparel Win,AXY-42-00121,63.03,31.04,High quality ultra apparel win from UrbanStyle.,"{""brand"": ""UrbanStyle"", ""color"": ""Red"", ""size"": ""XS"", ""material"": ""Plastic""}",True
122,15,177,Classic Apparel Couple,FXY-42-00122,188.12,77.88,High quality classic apparel couple from UrbanStyle.,"{""brand"": ""UrbanStyle"", ""color"": ""Black"", ""size"": ""XXL"", ""material"": ""Metal""}",True
123,16,153,Eco Apparel Nation,FXY-42-00123,114.53,48.73,High quality eco apparel nation from ActiveFit.,"{""brand"": ""ActiveFit"", ""color"": ""Pink"", ""size"": ""S"", ""material"": ""Wool""}",True
124,17,25,Smart Apparel Into,FSX-42-00124,159.39,72.65,High quality smart apparel into from UrbanStyle.,"{""brand"": ""UrbanStyle"", ""color"": ""Green"", ""size"": ""XS"", ""material"": ""Plastic""}",True
125,8,55,Classic Automotive Place,AXY-42-00125,200.68,103.53,High quality classic automotive place from DriveClean.,"{""brand"": ""DriveClean"", ""weight_g"": 1316}",True
126,17,120,Eco Apparel Organization,FSX-42-00126,199.36,137.22,High quality eco apparel organization from ThreadWear.,"{""brand"": ""ThreadWear"", ""color"": ""White"", ""size"": ""XXL"", ""material"": ""Plastic""}",True
127,15,73,Smart Apparel Public,FXY-42-00127,181.85,111.8,High quality smart apparel public from Vogue.,"{""brand"": ""Vogue"", ""color"": ""Black"", ""size"": ""XXL"", ""material"": ""Plastic""}",True
128,13,174,Classic Electronics After,AHX-42-00128,1596.49,701.95,High quality classic electronics after from LinkSys.,"{""brand"": ""LinkSys"", ""color"": ""Red"", ""weight_kg"": 0.3, ""warranty_years"": 3}",True
129,17,122,Eco Apparel Unit,FSX-42-00129,94.66,39.32,High quality eco apparel unit from Vogue.,"{""brand"": ""Vogue"", ""color"": ""Blue"", ""size"": ""XL"", ""material"": ""Polyester""}",True
130,4,72,Smart Sports Serve,SOX-42-00130,485.96,325.91,High quality smart sports serve from PeakGear.,"{""brand"": ""PeakGear"", ""material"": ""Polyester"", ""weight_kg"": 5.66}",True
131,21,190,Deluxe Sports Should,FGX-42-00131,110.52,70.72,High quality deluxe sports should from PeakGear.,"{""brand"": ""PeakGear"", ""material"": ""Leather"", ""weight_kg"": 13.67}",True
132,23,184,Premium Sports Recently,CBX-42-00132,388.73,243.46,High quality premium sports recently from TrailBlaze.,"{""brand"": ""TrailBlaze"", ""material"": ""Cotton"", ""weight_kg"": 11.75}",True
133,11,8,Deluxe Electronics Term,SXY-42-00133,193.29,80.99,High quality deluxe electronics term from Volt.,"{""brand"": ""Volt"", ""color"": ""Pink"", ""weight_kg"": 0.66, ""warranty_years"": 2}",True
134,30,46,Pro Grocery Federal,SSX-42-00134,21.57,12.03,High quality pro grocery federal from SweetTreats.,"{""brand"": ""SweetTreats"", ""organic"": false, ""expiration_days"": 18}",True
135,13,137,Eco Electronics Your,AHX-42-00135,254.25,102.22,High quality eco electronics your from LinkSys.,"{""brand"": ""LinkSys"", ""color"": ""White"", ""weight_kg"": 6.07, ""warranty_years"": 1}",True
136,23,65,Classic Sports Bed,CBX-42-00136,182.06,104.87,High quality classic sports bed from FitPulse.,"{""brand"": ""FitPulse"", ""material"": ""Polyester"", ""weight_kg"": 7.4}",True
137,30,149,Premium Grocery Direction,SSX-42-00137,20.31,13.97,High quality premium grocery direction from SweetTreats.,"{""brand"": ""SweetTreats"", ""organic"": true, ""expiration_days"": 283}",True
138,8,41,Deluxe Automotive List,AXY-42-00138,225.29,152.94,High quality deluxe automotive list from MotorMax.,"{""brand"": ""MotorMax"", ""weight_g"": 1348}",True
139,5,53,Deluxe Beauty Policy,BPC-42-00139,103.21,74.31,High quality deluxe beauty policy from HerbEssentials.,"{""brand"": ""HerbEssentials"", ""weight_g"": 72}",True
140,18,115,Smart Home Market,KAX-42-00140,125.98,52.23,High quality smart home market from ChefChoice.,"{""brand"": ""ChefChoice"", ""material"": ""Polyester"", ""weight_kg"": 7.96}",True
141,24,159,Pro Beauty Trip,MCX-42-00141,136.01,70.77,High quality pro beauty trip from SilkSkin.,"{""brand"": ""SilkSkin"", ""weight_g"": 379}",True
142,6,58,Premium Books Meet,BXY-42-00142,52.42,25.61,High quality premium books meet from Harper.,"{""brand"": ""Harper"", ""weight_g"": 1424}",True
143,26,169,Smart Toys Conference,BGX-42-00143,103.75,72.42,High quality smart toys conference from KidZone.,"{""brand"": ""KidZone"", ""weight_g"": 1370}",True
144,18,16,Premium Home Discuss,KAX-42-00144,243.16,103.0,High quality premium home discuss from DecoHome.,"{""brand"": ""DecoHome"", ""material"": ""Glass"", ""weight_kg"": 23.81}",True
145,12,84,Classic Electronics Then,LCX-42-00145,1349.17,650.42,High quality classic electronics then from LinkSys.,"{""brand"": ""LinkSys"", ""color"": ""White"", ""weight_kg"": 7.21, ""warranty_years"": 3}",True
146,16,117,Eco Apparel Item,FXY-42-00146,72.39,45.66,High quality eco apparel item from UrbanStyle.,"{""brand"": ""UrbanStyle"", ""color"": ""Silver"", ""size"": ""XL"", ""material"": ""Plastic""}",True
147,26,96,Classic Toys Plant,BGX-42-00147,115.45,52.99,High quality classic toys plant from BrickBuilder.,"{""brand"": ""BrickBuilder"", ""weight_g"": 503}",True
148,23,184,Classic Sports Character,CBX-42-00148,322.22,160.09,High quality classic sports character from TrailBlaze.,"{""brand"": ""TrailBlaze"", ""material"": ""Plastic"", ""weight_kg"": 22.01}",True
149,15,117,Smart Apparel Study,FXY-42-00149,78.16,39.62,High quality smart apparel study from ThreadWear.,"{""brand"": ""ThreadWear"", ""color"": ""Silver"", ""size"": ""XXL"", ""material"": ""Polyester""}",True
150,27,89,Smart Toys Pass,AFD-42-00150,104.46,46.9,High quality smart toys pass from BrickBuilder.,"{""brand"": ""BrickBuilder"", ""weight_g"": 589}",True
151,24,200,Premium Beauty Tend,MCX-42-00151,95.86,62.75,High quality premium beauty tend from GlowUp.,"{""brand"": ""GlowUp"", ""weight_g"": 1241}",True
152,19,79,Premium Home Speak,FXY-42-00152,618.82,293.61,High quality premium home speak from CozyLiving.,"{""brand"": ""CozyLiving"", ""material"": ""Glass"", ""weight_kg"": 16.52}",True
153,5,57,Smart Beauty Court,BPC-42-00153,61.91,44.08,High quality smart beauty court from HerbEssentials.,"{""brand"": ""HerbEssentials"", ""weight_g"": 324}",True
154,15,122,Smart Apparel Price,FXY-42-00154,106.98,57.65,High quality smart apparel price from ThreadWear.,"{""brand"": ""ThreadWear"", ""color"": ""Gray"", ""size"": ""XL"", ""material"": ""Wool""}",True
155,25,95,Smart Beauty Receive,SCX-42-00155,25.35,11.55,High quality smart beauty receive from SilkSkin.,"{""brand"": ""SilkSkin"", ""weight_g"": 1040}",True
156,12,8,Premium Electronics Much,LCX-42-00156,453.26,258.66,High quality premium electronics much from Volt.,"{""brand"": ""Volt"", ""color"": ""Blue"", ""weight_kg"": 1.95, ""warranty_years"": 2}",True
157,17,110,Premium Apparel Everything,FSX-42-00157,83.74,60.4,High quality premium apparel everything from ThreadWear.,"{""brand"": ""ThreadWear"", ""color"": ""Blue"", ""size"": ""XS"", ""material"": ""Metal""}",True
158,27,179,Ultra Toys Computer,AFD-42-00158,38.96,23.01,High quality ultra toys computer from KidZone.,"{""brand"": ""KidZone"", ""weight_g"": 1388}",True
159,13,93,Premium Electronics Shake,AHX-42-00159,1183.6,845.54,High quality premium electronics shake from LinkSys.,"{""brand"": ""LinkSys"", ""color"": ""Red"", ""weight_kg"": 3.07, ""warranty_years"": 2}",True
160,17,111,Pro Apparel Rich,FSX-42-00160,77.05,54.22,High quality pro apparel rich from DenimCo.,"{""brand"": ""DenimCo"", ""color"": ""Navy"", ""size"": ""XS"", ""material"": ""Wool""}",True
161,15,49,Classic Apparel Guess,FXY-42-00161,53.7,31.15,High quality classic apparel guess from Vogue.,"{""brand"": ""Vogue"", ""color"": ""Silver"", ""size"": ""S"", ""material"": ""Wool""}",True
162,12,126,Ultra Electronics Win,LCX-42-00162,1440.26,635.75,High quality ultra electronics win from Quant.,"{""brand"": ""Quant"", ""color"": ""Blue"", ""weight_kg"": 5.79, ""warranty_years"": 5}",True
163,22,123,Eco Sports Long,ORX-42-00163,242.12,146.91,High quality eco sports long from AquaFlow.,"{""brand"": ""AquaFlow"", ""material"": ""Cotton"", ""weight_kg"": 6.47}",True
164,5,127,Smart Beauty Pick,BPC-42-00164,90.89,40.64,High quality smart beauty pick from GlowUp.,"{""brand"": ""GlowUp"", ""weight_g"": 1222}",True
165,5,7,Smart Beauty Performance,BPC-42-00165,29.12,21.05,High quality smart beauty performance from LuxeHair.,"{""brand"": ""LuxeHair"", ""weight_g"": 1277}",True
166,19,146,Eco Home Authority,FXY-42-00166,29.62,19.31,High quality eco home authority from CozyLiving.,"{""brand"": ""CozyLiving"", ""material"": ""Polyester"", ""weight_kg"": 5.81}",True
167,20,98,Deluxe Home Drug,BBX-42-00167,695.83,319.87,High quality deluxe home drug from ChefChoice.,"{""brand"": ""ChefChoice"", ""material"": ""Wool"", ""weight_kg"": 19.97}",True
168,27,26,Ultra Toys Human,AFD-42-00168,78.55,45.46,High quality ultra toys human from BoardFun.,"{""brand"": ""BoardFun"", ""weight_g"": 978}",True
169,20,124,Ultra Home Image,BBX-42-00169,69.04,36.76,High quality ultra home image from KitchenAid.,"{""brand"": ""KitchenAid"", ""material"": ""Cotton"", ""weight_kg"": 5.46}",True
170,28,178,Smart Automotive Cause,CCX-42-00170,206.89,142.61,High quality smart automotive cause from AutoPro.,"{""brand"": ""AutoPro"", ""weight_g"": 413}",True
171,16,162,Smart Apparel Boy,FXY-42-00171,123.96,87.67,High quality smart apparel boy from UrbanStyle.,"{""brand"": ""UrbanStyle"", ""color"": ""White"", ""size"": ""XS"", ""material"": ""Glass""}",True
172,22,71,Premium Sports Admit,ORX-42-00172,451.48,265.81,High quality premium sports admit from AquaFlow.,"{""brand"": ""AquaFlow"", ""material"": ""Wood"", ""weight_kg"": 9.57}",True
173,2,177,Deluxe Apparel Degree,AXY-42-00173,110.67,53.16,High quality deluxe apparel degree from DenimCo.,"{""brand"": ""DenimCo"", ""color"": ""Green"", ""size"": ""M"", ""material"": ""Polyester""}",True
174,14,84,Deluxe Electronics Necessary,SHD-42-00174,523.95,350.03,High quality deluxe electronics necessary from TechCo.,"{""brand"": ""TechCo"", ""color"": ""Red"", ""weight_kg"": 4.83, ""warranty_years"": 5}",True
175,9,43,Premium Grocery Trade,GGF-42-00175,2.26,1.49,High quality premium grocery trade from OrganicWay.,"{""brand"": ""OrganicWay"", ""organic"": true, ""expiration_days"": 202}",True
176,21,77,Classic Sports Where,FGX-42-00176,345.44,176.37,High quality classic sports where from PeakGear.,"{""brand"": ""PeakGear"", ""material"": ""Wool"", ""weight_kg"": 10.94}",True
177,19,51,Smart Home Mother,FXY-42-00177,220.12,129.35,High quality smart home mother from CozyLiving.,"{""brand"": ""CozyLiving"", ""material"": ""Metal"", ""weight_kg"": 24.8}",True
178,13,150,Smart Electronics Return,AHX-42-00178,423.31,251.12,High quality smart electronics return from Quant.,"{""brand"": ""Quant"", ""color"": ""Silver"", ""weight_kg"": 3.02, ""warranty_years"": 5}",True
179,9,50,Pro Grocery Kind,GGF-42-00179,29.73,19.95,High quality pro grocery kind from TastyBites.,"{""brand"": ""TastyBites"", ""organic"": true, ""expiration_days"": 127}",True
180,15,177,Smart Apparel The,FXY-42-00180,190.36,82.83,High quality smart apparel the from DenimCo.,"{""brand"": ""DenimCo"", ""color"": ""Blue"", ""size"": ""XL"", ""material"": ""Cotton""}",True
181,6,113,Premium Books Citizen,BXY-42-00181,77.45,31.12,High quality premium books citizen from Harper.,"{""brand"": ""Harper"", ""weight_g"": 1015}",True
182,30,172,Ultra Grocery Police,SSX-42-00182,22.9,9.67,High quality ultra grocery police from NatureDrop.,"{""brand"": ""NatureDrop"", ""organic"": true, ""expiration_days"": 321}",True
183,2,193,Smart Apparel Big,AXY-42-00183,83.02,61.81,High quality smart apparel big from UrbanStyle.,"{""brand"": ""UrbanStyle"", ""color"": ""Red"", ""size"": ""XXL"", ""material"": ""Cotton""}",True
184,25,199,Premium Beauty Cost,SCX-42-00184,30.41,17.43,High quality premium beauty cost from SilkSkin.,"{""brand"": ""SilkSkin"", ""weight_g"": 1395}",True
185,30,155,Smart Grocery Maybe,SSX-42-00185,15.73,6.48,High quality smart grocery maybe from TastyBites.,"{""brand"": ""TastyBites"", ""organic"": true, ""expiration_days"": 355}",True
186,2,110,Ultra Apparel Week,AXY-42-00186,55.46,22.19,High quality ultra apparel week from ThreadWear.,"{""brand"": ""ThreadWear"", ""color"": ""Red"", ""size"": ""L"", ""material"": ""Plastic""}",True
187,22,100,Premium Sports Possible,ORX-42-00187,205.7,96.7,High quality premium sports possible from PeakGear.,"{""brand"": ""PeakGear"", ""material"": ""Polyester"", ""weight_kg"": 13.97}",True
188,24,199,Classic Beauty Plan,MCX-42-00188,86.07,51.99,High quality classic beauty plan from HerbEssentials.,"{""brand"": ""HerbEssentials"", ""weight_g"": 513}",True
189,20,42,Premium Home American,BBX-42-00189,371.99,201.39,High quality premium home american from CozyLiving.,"{""brand"": ""CozyLiving"", ""material"": ""Wool"", ""weight_kg"": 10.47}",True
190,4,136,Premium Sports Understand,SOX-42-00190,40.83,20.54,High quality premium sports understand from FitPulse.,"{""brand"": ""FitPulse"", ""material"": ""Metal"", ""weight_kg"": 17.51}",True
191,13,126,Classic Electronics Step,AHX-42-00191,977.59,474.27,High quality classic electronics step from Quant.,"{""brand"": ""Quant"", ""color"": ""Yellow"", ""weight_kg"": 7.18, ""warranty_years"": 1}",True
192,16,27,Deluxe Apparel Night,FXY-42-00192,58.99,31.5,High quality deluxe apparel night from Vogue.,"{""brand"": ""Vogue"", ""color"": ""Gray"", ""size"": ""M"", ""material"": ""Wood""}",True
193,12,109,Classic Electronics Most,LCX-42-00193,1080.59,697.29,High quality classic electronics most from Sonyx.,"{""brand"": ""Sonyx"", ""color"": ""Red"", ""weight_kg"": 0.83, ""warranty_years"": 3}",True
194,3,115,Classic Home Soldier,HKX-42-00194,746.15,422.91,High quality classic home soldier from DecoHome.,"{""brand"": ""DecoHome"", ""material"": ""Metal"", ""weight_kg"": 4.98}",True
195,24,140,Eco Beauty Buy,MCX-42-00195,139.89,65.27,High quality eco beauty buy from SilkSkin.,"{""brand"": ""SilkSkin"", ""weight_g"": 530}",True
196,24,47,Ultra Beauty Better,MCX-42-00196,131.55,62.14,High quality ultra beauty better from SilkSkin.,"{""brand"": ""SilkSkin"", ""weight_g"": 1316}",True
197,12,84,Premium Electronics Meet,LCX-42-00197,1562.3,690.47,High quality premium electronics meet from AudioMax.,"{""brand"": ""AudioMax"", ""color"": ""Yellow"", ""weight_kg"": 4.95, ""warranty_years"": 1}",True
198,28,176,Smart Automotive Receive,CCX-42-00198,114.5,58.44,High quality smart automotive receive from MotorMax.,"{""brand"": ""MotorMax"", ""weight_g"": 1055}",True
199,6,157,Smart Books Case,BXY-42-00199,28.18,13.46,High quality smart books case from Harper.,"{""brand"": ""Harper"", ""weight_g"": 160}",True
200,17,114,Smart Apparel Week,FSX-42-00200,100.88,59.45,High quality smart apparel week from ActiveFit.,"{""brand"": ""ActiveFit"", ""color"": ""Green"", ""size"": ""XXL"", ""material"": ""Wool""}",True
201,15,27,Eco Apparel Player,FXY-42-00201,142.67,80.04,High quality eco apparel player from ThreadWear.,"{""brand"": ""ThreadWear"", ""color"": ""Black"", ""size"": ""XXL"", ""material"": ""Leather""}",True
202,13,126,Deluxe Electronics Notice,AHX-42-00202,219.48,115.57,High quality deluxe electronics notice from Volt.,"{""brand"": ""Volt"", ""color"": ""Silver"", ""weight_kg"": 4.43, ""warranty_years"": 2}",True
203,9,152,Ultra Grocery Their,GGF-42-00203,48.01,24.97,High quality ultra grocery their from SweetTreats.,"{""brand"": ""SweetTreats"", ""organic"": false, ""expiration_days"": 117}",True
204,14,139,Pro Electronics Ability,SHD-42-00204,1509.35,796.6,High quality pro electronics ability from Volt.,"{""brand"": ""Volt"", ""color"": ""Yellow"", ""weight_kg"": 1.52, ""warranty_years"": 2}",True
205,19,147,Classic Home Watch,FXY-42-00205,194.42,84.56,High quality classic home watch from DecoHome.,"{""brand"": ""DecoHome"", ""material"": ""Wood"", ""weight_kg"": 21.48}",True
206,7,26,Pro Toys Writer,TGX-42-00206,98.0,64.53,High quality pro toys writer from PlayTime.,"{""brand"": ""PlayTime"", ""weight_g"": 411}",True
207,14,108,Eco Electronics Stage,SHD-42-00207,286.25,203.99,High quality eco electronics stage from LinkSys.,"{""brand"": ""LinkSys"", ""color"": ""Pink"", ""weight_kg"": 5.79, ""warranty_years"": 5}",True
208,10,101,Pro Office Products Resource,OPX-42-00208,56.65,33.92,High quality pro office products resource from PaperMate.,"{""brand"": ""PaperMate"", ""weight_g"": 1464}",True
209,6,14,Deluxe Books Range,BXY-42-00209,23.51,11.5,High quality deluxe books range from Penguin.,"{""brand"": ""Penguin"", ""weight_g"": 971}",True
210,24,57,Smart Beauty Lawyer,MCX-42-00210,42.67,22.45,High quality smart beauty lawyer from HerbEssentials.,"{""brand"": ""HerbEssentials"", ""weight_g"": 754}",True
211,1,107,Smart Electronics Nearly,EXY-42-00211,260.05,182.97,High quality smart electronics nearly from Sonyx.,"{""brand"": ""Sonyx"", ""color"": ""Navy"", ""weight_kg"": 4.65, ""warranty_years"": 2}",True
212,25,53,Pro Beauty Kitchen,SCX-42-00212,56.49,35.91,High quality pro beauty kitchen from LuxeHair.,"{""brand"": ""LuxeHair"", ""weight_g"": 210}",True
213,13,126,Ultra Electronics Hospital,AHX-42-00213,587.32,364.78,High quality ultra electronics hospital from Sonyx.,"{""brand"": ""Sonyx"", ""color"": ""Blue"", ""weight_kg"": 3.43, ""warranty_years"": 5}",True
214,28,35,Classic Automotive Two,CCX-42-00214,28.34,14.74,High quality classic automotive two from MotorMax.,"{""brand"": ""MotorMax"", ""weight_g"": 1387}",True
215,10,101,Pro Office Products Animal,OPX-42-00215,60.93,32.81,High quality pro office products animal from StapleMax.,"{""brand"": ""StapleMax"", ""weight_g"": 1252}",True
216,17,117,Premium Apparel Save,FSX-42-00216,88.66,41.17,High quality premium apparel save from Vogue.,"{""brand"": ""Vogue"", ""color"": ""Gray"", ""size"": ""XXL"", ""material"": ""Metal""}",True
217,24,159,Pro Beauty Next,MCX-42-00217,113.71,53.86,High quality pro beauty next from GlowUp.,"{""brand"": ""GlowUp"", ""weight_g"": 245}",True
218,3,98,Pro Home Laugh,HKX-42-00218,445.52,182.32,High quality pro home laugh from KitchenAid.,"{""brand"": ""KitchenAid"", ""material"": ""Polyester"", ""weight_kg"": 6.93}",True
219,5,15,Classic Beauty Drop,BPC-42-00219,99.95,70.96,High quality classic beauty drop from SilkSkin.,"{""brand"": ""SilkSkin"", ""weight_g"": 556}",True
220,24,53,Smart Beauty Writer,MCX-42-00220,69.26,30.77,High quality smart beauty writer from SilkSkin.,"{""brand"": ""SilkSkin"", ""weight_g"": 108}",True
221,2,175,Deluxe Apparel Suffer,AXY-42-00221,77.8,56.04,High quality deluxe apparel suffer from DenimCo.,"{""brand"": ""DenimCo"", ""color"": ""Yellow"", ""size"": ""XL"", ""material"": ""Metal""}",True
222,18,90,Smart Home Meet,KAX-42-00222,121.07,88.62,High quality smart home meet from DecoHome.,"{""brand"": ""DecoHome"", ""material"": ""Glass"", ""weight_kg"": 15.96}",True
223,21,160,Smart Sports Strategy,FGX-42-00223,220.31,137.46,High quality smart sports strategy from FitPulse.,"{""brand"": ""FitPulse"", ""material"": ""Plastic"", ""weight_kg"": 12.3}",True
224,8,35,Classic Automotive Specific,AXY-42-00224,135.35,71.47,High quality classic automotive specific from DriveClean.,"{""brand"": ""DriveClean"", ""weight_g"": 671}",True
225,1,8,Ultra Electronics I,EXY-42-00225,1056.17,702.78,High quality ultra electronics i from Volt.,"{""brand"": ""Volt"", ""color"": ""Red"", ""weight_kg"": 3.81, ""warranty_years"": 1}",True
226,23,123,Premium Sports Hard,CBX-42-00226,473.74,268.6,High quality premium sports hard from AquaFlow.,"{""brand"": ""AquaFlow"", ""material"": ""Metal"", ""weight_kg"": 15.13}",True
227,26,21,Smart Toys Perform,BGX-42-00227,70.3,32.76,High quality smart toys perform from KidZone.,"{""brand"": ""KidZone"", ""weight_g"": 858}",True
228,8,44,Deluxe Automotive Summer,AXY-42-00228,215.91,135.18,High quality deluxe automotive summer from TireSafe.,"{""brand"": ""TireSafe"", ""weight_g"": 501}",True
229,9,10,Deluxe Grocery Site,GGF-42-00229,22.27,10.78,High quality deluxe grocery site from NatureDrop.,"{""brand"": ""NatureDrop"", ""organic"": false, ""expiration_days"": 342}",True
230,24,95,Deluxe Beauty Whatever,MCX-42-00230,122.28,66.58,High quality deluxe beauty whatever from GlowUp.,"{""brand"": ""GlowUp"", ""weight_g"": 423}",True
231,5,53,Pro Beauty Sort,BPC-42-00231,21.0,11.75,High quality pro beauty sort from HerbEssentials.,"{""brand"": ""HerbEssentials"", ""weight_g"": 1484}",True
232,20,98,Premium Home Third,BBX-42-00232,162.41,66.07,High quality premium home third from KitchenAid.,"{""brand"": ""KitchenAid"", ""material"": ""Wool"", ""weight_kg"": 24.32}",True
233,10,101,Premium Office Products Same,OPX-42-00233,13.38,7.41,High quality premium office products same from OfficePro.,"{""brand"": ""OfficePro"", ""weight_g"": 234}",True
234,5,7,Classic Beauty Parent,BPC-42-00234,76.57,39.79,High quality classic beauty parent from LuxeHair.,"{""brand"": ""LuxeHair"", ""weight_g"": 810}",True
235,15,177,Deluxe Apparel Billion,FXY-42-00235,160.37,82.68,High quality deluxe apparel billion from Vogue.,"{""brand"": ""Vogue"", ""color"": ""Black"", ""size"": ""M"", ""material"": ""Wood""}",True
236,3,115,Deluxe Home Large,HKX-42-00236,384.07,179.46,High quality deluxe home large from CozyLiving.,"{""brand"": ""CozyLiving"", ""material"": ""Wood"", ""weight_kg"": 20.79}",True
237,4,190,Pro Sports Center,SOX-42-00237,358.77,191.83,High quality pro sports center from TrailBlaze.,"{""brand"": ""TrailBlaze"", ""material"": ""Cotton"", ""weight_kg"": 5.38}",True
238,24,189,Ultra Beauty Environmental,MCX-42-00238,18.62,11.79,High quality ultra beauty environmental from LuxeHair.,"{""brand"": ""LuxeHair"", ""weight_g"": 846}",True
239,22,91,Eco Sports Me,ORX-42-00239,468.43,213.38,High quality eco sports me from PeakGear.,"{""brand"": ""PeakGear"", ""material"": ""Polyester"", ""weight_kg"": 6.71}",True
240,21,91,Deluxe Sports Space,FGX-42-00240,103.37,73.46,High quality deluxe sports space from TrailBlaze.,"{""brand"": ""TrailBlaze"", ""material"": ""Polyester"", ""weight_kg"": 6.28}",True
241,14,93,Smart Electronics Early,SHD-42-00241,49.83,33.79,High quality smart electronics early from TechCo.,"{""brand"": ""TechCo"", ""color"": ""Green"", ""weight_kg"": 6.33, ""warranty_years"": 1}",True
242,2,153,Smart Apparel Where,AXY-42-00242,158.86,89.97,High quality smart apparel where from Vogue.,"{""brand"": ""Vogue"", ""color"": ""Blue"", ""size"": ""XS"", ""material"": ""Leather""}",True
243,6,156,Deluxe Books Town,BXY-42-00243,14.58,8.99,High quality deluxe books town from Penguin.,"{""brand"": ""Penguin"", ""weight_g"": 172}",True
244,12,137,Premium Electronics Because,LCX-42-00244,324.76,190.87,High quality premium electronics because from Sonyx.,"{""brand"": ""Sonyx"", ""color"": ""Yellow"", ""weight_kg"": 1.94, ""warranty_years"": 3}",True
245,26,121,Pro Toys Federal,BGX-42-00245,90.65,36.94,High quality pro toys federal from BoardFun.,"{""brand"": ""BoardFun"", ""weight_g"": 325}",True
246,9,3,Classic Grocery Piece,GGF-42-00246,25.29,13.99,High quality classic grocery piece from SweetTreats.,"{""brand"": ""SweetTreats"", ""organic"": true, ""expiration_days"": 300}",True
247,6,164,Classic Books Under,BXY-42-00247,33.03,21.68,High quality classic books under from Springer.,"{""brand"": ""Springer"", ""weight_g"": 1185}",True
248,6,22,Deluxe Books Of,BXY-42-00248,46.24,25.77,High quality deluxe books of from OReilly.,"{""brand"": ""OReilly"", ""weight_g"": 1159}",True
249,12,108,Pro Electronics Issue,LCX-42-00249,21.43,13.36,High quality pro electronics issue from AudioMax.,"{""brand"": ""AudioMax"", ""color"": ""Silver"", ""weight_kg"": 7.08, ""warranty_years"": 3}",True
250,25,127,Eco Beauty Even,SCX-42-00250,39.62,25.85,High quality eco beauty even from LuxeHair.,"{""brand"": ""LuxeHair"", ""weight_g"": 438}",True
251,17,175,Smart Apparel Current,FSX-42-00251,104.53,61.99,High quality smart apparel current from ActiveFit.,"{""brand"": ""ActiveFit"", ""color"": ""Blue"", ""size"": ""L"", ""material"": ""Plastic""}",True
252,4,66,Deluxe Sports Accept,SOX-42-00252,263.98,111.75,High quality deluxe sports accept from TrailBlaze.,"{""brand"": ""TrailBlaze"", ""material"": ""Wool"", ""weight_kg"": 21.9}",True
253,7,24,Smart Toys Security,TGX-42-00253,63.39,27.55,High quality smart toys security from KidZone.,"{""brand"": ""KidZone"", ""weight_g"": 1397}",True
254,16,122,Premium Apparel Six,FXY-42-00254,128.55,77.98,High quality premium apparel six from ActiveFit.,"{""brand"": ""ActiveFit"", ""color"": ""Gray"", ""size"": ""XL"", ""material"": ""Polyester""}",True
255,1,174,Deluxe Electronics Strategy,EXY-42-00255,1843.65,1160.6,High quality deluxe electronics strategy from TechCo.,"{""brand"": ""TechCo"", ""color"": ""Yellow"", ""weight_kg"": 6.43, ""warranty_years"": 1}",True
256,12,109,Deluxe Electronics Account,LCX-42-00256,1492.09,1061.85,High quality deluxe electronics account from Volt.,"{""brand"": ""Volt"", ""color"": ""Black"", ""weight_kg"": 6.61, ""warranty_years"": 3}",True
257,17,12,Premium Apparel Participant,FSX-42-00257,149.52,103.48,High quality premium apparel participant from Vogue.,"{""brand"": ""Vogue"", ""color"": ""Pink"", ""size"": ""XS"", ""material"": ""Polyester""}",True
258,24,47,Smart Beauty Necessary,MCX-42-00258,82.09,38.28,High quality smart beauty necessary from SilkSkin.,"{""brand"": ""SilkSkin"", ""weight_g"": 1217}",True
259,21,72,Eco Sports Buy,FGX-42-00259,281.42,167.54,High quality eco sports buy from PeakGear.,"{""brand"": ""PeakGear"", ""material"": ""Plastic"", ""weight_kg"": 17.03}",True
260,23,170,Deluxe Sports Nature,CBX-42-00260,216.4,94.44,High quality deluxe sports nature from TrailBlaze.,"{""brand"": ""TrailBlaze"", ""material"": ""Wood"", ""weight_kg"": 12.86}",True
261,22,72,Classic Sports Account,ORX-42-00261,269.28,164.25,High quality classic sports account from FitPulse.,"{""brand"": ""FitPulse"", ""material"": ""Plastic"", ""weight_kg"": 21.2}",True
262,14,150,Classic Electronics How,SHD-42-00262,1273.82,877.86,High quality classic electronics how from LinkSys.,"{""brand"": ""LinkSys"", ""color"": ""Gray"", ""weight_kg"": 4.55, ""warranty_years"": 2}",True
263,13,150,Classic Electronics Real,AHX-42-00263,1109.47,732.92,High quality classic electronics real from Quant.,"{""brand"": ""Quant"", ""color"": ""Yellow"", ""weight_kg"": 7.68, ""warranty_years"": 1}",True
264,24,7,Smart Beauty Describe,MCX-42-00264,147.53,89.77,High quality smart beauty describe from SilkSkin.,"{""brand"": ""SilkSkin"", ""weight_g"": 668}",True
265,1,92,Classic Electronics Rise,EXY-42-00265,1969.1,935.69,High quality classic electronics rise from TechCo.,"{""brand"": ""TechCo"", ""color"": ""Red"", ""weight_kg"": 7.36, ""warranty_years"": 2}",True
266,4,39,Classic Sports Summer,SOX-42-00266,232.88,105.88,High quality classic sports summer from FitPulse.,"{""brand"": ""FitPulse"", ""material"": ""Leather"", ""weight_kg"": 6.21}",True
267,26,89,Ultra Toys Four,BGX-42-00267,20.11,10.86,High quality ultra toys four from PlayTime.,"{""brand"": ""PlayTime"", ""weight_g"": 714}",True
268,26,121,Eco Toys Issue,BGX-42-00268,29.02,19.99,High quality eco toys issue from PlayTime.,"{""brand"": ""PlayTime"", ""weight_g"": 1269}",True
269,21,91,Pro Sports High,FGX-42-00269,23.5,16.05,High quality pro sports high from PeakGear.,"{""brand"": ""PeakGear"", ""material"": ""Cotton"", ""weight_kg"": 23.09}",True
270,11,93,Deluxe Electronics Both,SXY-42-00270,1761.99,972.63,High quality deluxe electronics both from TechCo.,"{""brand"": ""TechCo"", ""color"": ""Gray"", ""weight_kg"": 6.01, ""warranty_years"": 1}",True
271,21,190,Smart Sports Clear,FGX-42-00271,317.94,133.2,High quality smart sports clear from PeakGear.,"{""brand"": ""PeakGear"", ""material"": ""Plastic"", ""weight_kg"": 13.73}",True
272,5,57,Premium Beauty Last,BPC-42-00272,77.85,37.16,High quality premium beauty last from LuxeHair.,"{""brand"": ""LuxeHair"", ""weight_g"": 962}",True
273,25,127,Pro Beauty Reach,SCX-42-00273,88.41,38.15,High quality pro beauty reach from HerbEssentials.,"{""brand"": ""HerbEssentials"", ""weight_g"": 857}",True
274,5,33,Eco Beauty Pay,BPC-42-00274,53.74,30.45,High quality eco beauty pay from GlowUp.,"{""brand"": ""GlowUp"", ""weight_g"": 1172}",True
275,13,92,Deluxe Electronics Environment,AHX-42-00275,188.46,108.48,High quality deluxe electronics environment from AudioMax.,"{""brand"": ""AudioMax"", ""color"": ""Silver"", ""weight_kg"": 6.12, ""warranty_years"": 5}",True
276,18,42,Ultra Home Every,KAX-42-00276,397.97,250.04,High quality ultra home every from DecoHome.,"{""brand"": ""DecoHome"", ""material"": ""Leather"", ""weight_kg"": 2.26}",True
277,25,80,Premium Beauty Top,SCX-42-00277,51.89,37.54,High quality premium beauty top from GlowUp.,"{""brand"": ""GlowUp"", ""weight_g"": 1425}",True
278,14,107,Classic Electronics North,SHD-42-00278,743.23,346.84,High quality classic electronics north from LinkSys.,"{""brand"": ""LinkSys"", ""color"": ""Black"", ""weight_kg"": 6.18, ""warranty_years"": 2}",True
279,12,126,Smart Electronics Land,LCX-42-00279,1646.74,1121.39,High quality smart electronics land from Sonyx.,"{""brand"": ""Sonyx"", ""color"": ""Yellow"", ""weight_kg"": 0.45, ""warranty_years"": 2}",True
280,7,173,Deluxe Toys Other,TGX-42-00280,51.12,34.01,High quality deluxe toys other from PlayTime.,"{""brand"": ""PlayTime"", ""weight_g"": 280}",True
281,24,7,Ultra Beauty History,MCX-42-00281,40.24,24.84,High quality ultra beauty history from HerbEssentials.,"{""brand"": ""HerbEssentials"", ""weight_g"": 78}",True
282,11,139,Pro Electronics Population,SXY-42-00282,1612.48,817.19,High quality pro electronics population from TechCo.,"{""brand"": ""TechCo"", ""color"": ""Blue"", ""weight_kg"": 1.75, ""warranty_years"": 2}",True
283,7,154,Pro Toys Fact,TGX-42-00283,67.56,33.14,High quality pro toys fact from BrickBuilder.,"{""brand"": ""BrickBuilder"", ""weight_g"": 1473}",True
284,23,170,Eco Sports Response,CBX-42-00284,14.1,8.52,High quality eco sports response from PeakGear.,"{""brand"": ""PeakGear"", ""material"": ""Metal"", ""weight_kg"": 4.67}",True
285,10,68,Premium Office Products Industry,OPX-42-00285,79.13,48.77,High quality premium office products industry from DeskWork.,"{""brand"": ""DeskWork"", ""weight_g"": 1390}",True
286,1,56,Deluxe Electronics Someone,EXY-42-00286,789.52,390.78,High quality deluxe electronics someone from AudioMax.,"{""brand"": ""AudioMax"", ""color"": ""Blue"", ""weight_kg"": 6.93, ""warranty_years"": 1}",True
287,10,132,Eco Office Products Democrat,OPX-42-00287,23.89,12.74,High quality eco office products democrat from PaperMate.,"{""brand"": ""PaperMate"", ""weight_g"": 696}",True
288,16,162,Smart Apparel Job,FXY-42-00288,111.0,51.64,High quality smart apparel job from DenimCo.,"{""brand"": ""DenimCo"", ""color"": ""Pink"", ""size"": ""XXL"", ""material"": ""Cotton""}",True
289,2,73,Pro Apparel Old,AXY-42-00289,185.23,93.86,High quality pro apparel old from DenimCo.,"{""brand"": ""DenimCo"", ""color"": ""Silver"", ""size"": ""XS"", ""material"": ""Plastic""}",True
290,22,99,Smart Sports Step,ORX-42-00290,180.91,91.51,High quality smart sports step from FitPulse.,"{""brand"": ""FitPulse"", ""material"": ""Cotton"", ""weight_kg"": 15.83}",True
291,29,116,Premium Grocery Onto,BXY-42-00291,44.74,30.66,High quality premium grocery onto from NatureDrop.,"{""brand"": ""NatureDrop"", ""organic"": true, ""expiration_days"": 87}",True
292,11,174,Eco Electronics Meeting,SXY-42-00292,797.84,357.47,High quality eco electronics meeting from Quant.,"{""brand"": ""Quant"", ""color"": ""Pink"", ""weight_kg"": 7.69, ""warranty_years"": 2}",True
293,14,87,Classic Electronics Country,SHD-42-00293,1154.34,634.04,High quality classic electronics country from LinkSys.,"{""brand"": ""LinkSys"", ""color"": ""Blue"", ""weight_kg"": 3.65, ""warranty_years"": 2}",True
294,7,173,Deluxe Toys Hospital,TGX-42-00294,25.24,14.88,High quality deluxe toys hospital from BrickBuilder.,"{""brand"": ""BrickBuilder"", ""weight_g"": 332}",True
295,10,182,Deluxe Office Products Operation,OPX-42-00295,91.05,50.13,High quality deluxe office products operation from OfficePro.,"{""brand"": ""OfficePro"", ""weight_g"": 1393}",True
296,30,171,Smart Grocery One,SSX-42-00296,46.02,23.52,High quality smart grocery one from OrganicWay.,"{""brand"": ""OrganicWay"", ""organic"": true, ""expiration_days"": 172}",True
297,27,26,Pro Toys Member,AFD-42-00297,89.98,60.1,High quality pro toys member from KidZone.,"{""brand"": ""KidZone"", ""weight_g"": 671}",True
298,15,193,Eco Apparel Environment,FXY-42-00298,187.42,133.62,High quality eco apparel environment from ActiveFit.,"{""brand"": ""ActiveFit"", ""color"": ""Silver"", ""size"": ""S"", ""material"": ""Polyester""}",True
299,5,33,Smart Beauty Food,BPC-42-00299,8.8,6.56,High quality smart beauty food from HerbEssentials.,"{""brand"": ""HerbEssentials"", ""weight_g"": 1290}",True
300,19,138,Eco Home Participant,FXY-42-00300,196.27,94.46,High quality eco home participant from KitchenAid.,"{""brand"": ""KitchenAid"", ""material"": ""Plastic"", ""weight_kg"": 2.45}",True
301,25,81,Pro Beauty Guy,SCX-42-00301,24.44,17.01,High quality pro beauty guy from HerbEssentials.,"{""brand"": ""HerbEssentials"", ""weight_g"": 426}",True
302,28,141,Ultra Automotive Staff,CCX-42-00302,149.98,67.21,High quality ultra automotive staff from DriveClean.,"{""brand"": ""DriveClean"", ""weight_g"": 116}",True
303,14,150,Pro Electronics Season,SHD-42-00303,1938.25,1403.1,High quality pro electronics season from Sonyx.,"{""brand"": ""Sonyx"", ""color"": ""Gray"", ""weight_kg"": 6.09, ""warranty_years"": 1}",True
304,6,143,Classic Books Information,BXY-42-00304,70.43,40.25,High quality classic books information from Packt.,"{""brand"": ""Packt"", ""weight_g"": 555}",True
305,14,107,Deluxe Electronics Simply,SHD-42-00305,1556.91,954.04,High quality deluxe electronics simply from Quant.,"{""brand"": ""Quant"", ""color"": ""Blue"", ""weight_kg"": 3.21, ""warranty_years"": 1}",True
306,17,27,Premium Apparel Certainly,FSX-42-00306,95.81,66.06,High quality premium apparel certainly from Vogue.,"{""brand"": ""Vogue"", ""color"": ""Pink"", ""size"": ""XL"", ""material"": ""Wood""}",True
307,24,7,Eco Beauty Top,MCX-42-00307,85.87,49.86,High quality eco beauty top from GlowUp.,"{""brand"": ""GlowUp"", ""weight_g"": 438}",True
308,10,144,Deluxe Office Products Treat,OPX-42-00308,40.41,20.47,High quality deluxe office products treat from StapleMax.,"{""brand"": ""StapleMax"", ""weight_g"": 994}",True
309,6,133,Eco Books Receive,BXY-42-00309,29.2,21.07,High quality eco books receive from Springer.,"{""brand"": ""Springer"", ""weight_g"": 341}",True
310,15,165,Premium Apparel By,FXY-42-00310,95.82,62.56,High quality premium apparel by from Vogue.,"{""brand"": ""Vogue"", ""color"": ""Navy"", ""size"": ""XXL"", ""material"": ""Wool""}",True
311,13,107,Pro Electronics Small,AHX-42-00311,660.45,269.94,High quality pro electronics small from LinkSys.,"{""brand"": ""LinkSys"", ""color"": ""Gray"", ""weight_kg"": 7.07, ""warranty_years"": 1}",True
312,9,60,Deluxe Grocery Drug,GGF-42-00312,35.2,25.26,High quality deluxe grocery drug from TastyBites.,"{""brand"": ""TastyBites"", ""organic"": true, ""expiration_days"": 56}",True
313,4,180,Smart Sports Likely,SOX-42-00313,227.45,119.87,High quality smart sports likely from AquaFlow.,"{""brand"": ""AquaFlow"", ""material"": ""Wool"", ""weight_kg"": 9.78}",True
314,13,8,Smart Electronics Stay,AHX-42-00314,1541.16,1108.54,High quality smart electronics stay from AudioMax.,"{""brand"": ""AudioMax"", ""color"": ""Silver"", ""weight_kg"": 1.38, ""warranty_years"": 2}",True
315,6,14,Deluxe Books Scene,BXY-42-00315,38.21,19.42,High quality deluxe books scene from Packt.,"{""brand"": ""Packt"", ""weight_g"": 641}",True
316,21,72,Ultra Sports Color,FGX-42-00316,63.19,28.19,High quality ultra sports color from PeakGear.,"{""brand"": ""PeakGear"", ""material"": ""Metal"", ""weight_kg"": 0.8}",True
317,16,120,Pro Apparel Black,FXY-42-00317,113.27,45.54,High quality pro apparel black from Vogue.,"{""brand"": ""Vogue"", ""color"": ""Gray"", ""size"": ""XL"", ""material"": ""Glass""}",True
318,15,114,Premium Apparel Difficult,FXY-42-00318,93.96,57.36,High quality premium apparel difficult from Vogue.,"{""brand"": ""Vogue"", ""color"": ""Pink"", ""size"": ""M"", ""material"": ""Leather""}",True
319,2,49,Premium Apparel Movie,AXY-42-00319,38.17,24.0,High quality premium apparel movie from Vogue.,"{""brand"": ""Vogue"", ""color"": ""Black"", ""size"": ""XXL"", ""material"": ""Metal""}",True
320,11,174,Ultra Electronics Institution,SXY-42-00320,193.65,84.84,High quality ultra electronics institution from Sonyx.,"{""brand"": ""Sonyx"", ""color"": ""Red"", ""weight_kg"": 4.93, ""warranty_years"": 2}",True
321,15,193,Premium Apparel Stock,FXY-42-00321,120.0,87.12,High quality premium apparel stock from ActiveFit.,"{""brand"": ""ActiveFit"", ""color"": ""Blue"", ""size"": ""M"", ""material"": ""Wood""}",True
322,27,24,Premium Toys Ground,AFD-42-00322,93.43,64.95,High quality premium toys ground from BoardFun.,"{""brand"": ""BoardFun"", ""weight_g"": 1014}",True
323,5,15,Smart Beauty Suddenly,BPC-42-00323,105.72,52.44,High quality smart beauty suddenly from LuxeHair.,"{""brand"": ""LuxeHair"", ""weight_g"": 1124}",True
324,7,179,Smart Toys Oil,TGX-42-00324,33.0,13.87,High quality smart toys oil from PlayTime.,"{""brand"": ""PlayTime"", ""weight_g"": 1040}",True
325,24,159,Eco Beauty Positive,MCX-42-00325,92.69,62.65,High quality eco beauty positive from HerbEssentials.,"{""brand"": ""HerbEssentials"", ""weight_g"": 924}",True
326,20,61,Smart Home Same,BBX-42-00326,218.83,131.58,High quality smart home same from CozyLiving.,"{""brand"": ""CozyLiving"", ""material"": ""Wool"", ""weight_kg"": 15.55}",True
327,16,122,Deluxe Apparel Return,FXY-42-00327,148.55,85.3,High quality deluxe apparel return from Vogue.,"{""brand"": ""Vogue"", ""color"": ""Navy"", ""size"": ""S"", ""material"": ""Metal""}",True
328,7,21,Deluxe Toys Seat,TGX-42-00328,23.0,12.94,High quality deluxe toys seat from PlayTime.,"{""brand"": ""PlayTime"", ""weight_g"": 474}",True
329,26,169,Classic Toys Area,BGX-42-00329,119.89,65.33,High quality classic toys area from BoardFun.,"{""brand"": ""BoardFun"", ""weight_g"": 1197}",True
330,26,173,Eco Toys College,BGX-42-00330,33.36,20.82,High quality eco toys college from BoardFun.,"{""brand"": ""BoardFun"", ""weight_g"": 571}",True
331,26,24,Classic Toys Improve,BGX-42-00331,43.85,25.32,High quality classic toys improve from PlayTime.,"{""brand"": ""PlayTime"", ""weight_g"": 283}",True
332,22,97,Smart Sports Provide,ORX-42-00332,173.97,113.7,High quality smart sports provide from PeakGear.,"{""brand"": ""PeakGear"", ""material"": ""Wool"", ""weight_kg"": 5.25}",True
333,27,96,Pro Toys Accept,AFD-42-00333,111.45,63.27,High quality pro toys accept from PlayTime.,"{""brand"": ""PlayTime"", ""weight_g"": 1372}",True
334,5,81,Deluxe Beauty Summer,BPC-42-00334,27.53,15.45,High quality deluxe beauty summer from HerbEssentials.,"{""brand"": ""HerbEssentials"", ""weight_g"": 997}",True
335,26,112,Smart Toys Benefit,BGX-42-00335,112.06,47.02,High quality smart toys benefit from BoardFun.,"{""brand"": ""BoardFun"", ""weight_g"": 1207}",True
336,24,140,Ultra Beauty Than,MCX-42-00336,50.75,29.82,High quality ultra beauty than from HerbEssentials.,"{""brand"": ""HerbEssentials"", ""weight_g"": 774}",True
337,3,20,Pro Home Check,HKX-42-00337,235.16,96.63,High quality pro home check from DecoHome.,"{""brand"": ""DecoHome"", ""material"": ""Wood"", ""weight_kg"": 5.09}",True
338,4,192,Classic Sports Market,SOX-42-00338,377.01,243.87,High quality classic sports market from PeakGear.,"{""brand"": ""PeakGear"", ""material"": ""Metal"", ""weight_kg"": 10.64}",True
339,16,73,Classic Apparel With,FXY-42-00339,80.6,55.64,High quality classic apparel with from Vogue.,"{""brand"": ""Vogue"", ""color"": ""Pink"", ""size"": ""M"", ""material"": ""Wool""}",True
340,4,99,Premium Sports Plan,SOX-42-00340,393.55,264.55,High quality premium sports plan from AquaFlow.,"{""brand"": ""AquaFlow"", ""material"": ""Cotton"", ""weight_kg"": 20.08}",True
341,29,155,Pro Grocery Learn,BXY-42-00341,9.4,4.88,High quality pro grocery learn from NatureDrop.,"{""brand"": ""NatureDrop"", ""organic"": false, ""expiration_days"": 83}",True
342,25,199,Smart Beauty Behavior,SCX-42-00342,19.25,14.32,High quality smart beauty behavior from SilkSkin.,"{""brand"": ""SilkSkin"", ""weight_g"": 470}",True
343,24,7,Smart Beauty Attack,MCX-42-00343,71.61,46.53,High quality smart beauty attack from GlowUp.,"{""brand"": ""GlowUp"", ""weight_g"": 58}",True
344,10,6,Premium Office Products Everyone,OPX-42-00344,69.02,41.96,High quality premium office products everyone from StapleMax.,"{""brand"": ""StapleMax"", ""weight_g"": 1006}",True
345,29,3,Eco Grocery Doctor,BXY-42-00345,6.95,4.64,High quality eco grocery doctor from NatureDrop.,"{""brand"": ""NatureDrop"", ""organic"": true, ""expiration_days"": 305}",True
346,25,53,Ultra Beauty Hospital,SCX-42-00346,97.63,46.22,High quality ultra beauty hospital from SilkSkin.,"{""brand"": ""SilkSkin"", ""weight_g"": 636}",True
347,9,167,Premium Grocery Base,GGF-42-00347,17.32,9.6,High quality premium grocery base from NatureDrop.,"{""brand"": ""NatureDrop"", ""organic"": true, ""expiration_days"": 90}",True
348,9,13,Smart Grocery Politics,GGF-42-00348,2.73,1.69,High quality smart grocery politics from OrganicWay.,"{""brand"": ""OrganicWay"", ""organic"": true, ""expiration_days"": 287}",True
349,12,109,Eco Electronics Always,LCX-42-00349,650.6,292.47,High quality eco electronics always from Volt.,"{""brand"": ""Volt"", ""color"": ""Navy"", ""weight_kg"": 2.03, ""warranty_years"": 1}",True
350,10,128,Premium Office Products Shake,OPX-42-00350,54.52,22.78,High quality premium office products shake from DeskWork.,"{""brand"": ""DeskWork"", ""weight_g"": 1433}",True
351,2,27,Pro Apparel If,AXY-42-00351,82.88,35.65,High quality pro apparel if from Vogue.,"{""brand"": ""Vogue"", ""color"": ""Navy"", ""size"": ""XL"", ""material"": ""Glass""}",True
352,20,75,Eco Home Word,BBX-42-00352,260.27,178.57,High quality eco home word from KitchenAid.,"{""brand"": ""KitchenAid"", ""material"": ""Glass"", ""weight_kg"": 14.41}",True
353,3,195,Pro Home Institution,HKX-42-00353,736.96,415.57,High quality pro home institution from CozyLiving.,"{""brand"": ""CozyLiving"", ""material"": ""Glass"", ""weight_kg"": 12.03}",True
354,8,41,Classic Automotive Positive,AXY-42-00354,259.02,159.54,High quality classic automotive positive from TireSafe.,"{""brand"": ""TireSafe"", ""weight_g"": 425}",True
355,23,170,Classic Sports Reality,CBX-42-00355,168.51,118.17,High quality classic sports reality from AquaFlow.,"{""brand"": ""AquaFlow"", ""material"": ""Glass"", ""weight_kg"": 1.24}",True
356,16,27,Ultra Apparel Near,FXY-42-00356,76.77,43.1,High quality ultra apparel near from ActiveFit.,"{""brand"": ""ActiveFit"", ""color"": ""Blue"", ""size"": ""XL"", ""material"": ""Wool""}",True
357,17,27,Premium Apparel Few,FSX-42-00357,87.08,56.6,High quality premium apparel few from ActiveFit.,"{""brand"": ""ActiveFit"", ""color"": ""Pink"", ""size"": ""XXL"", ""material"": ""Polyester""}",True
358,26,89,Pro Toys Seek,BGX-42-00358,68.6,37.06,High quality pro toys seek from BrickBuilder.,"{""brand"": ""BrickBuilder"", ""weight_g"": 1321}",True
359,8,181,Premium Automotive Picture,AXY-42-00359,51.91,29.53,High quality premium automotive picture from MotorMax.,"{""brand"": ""MotorMax"", ""weight_g"": 476}",True
360,27,179,Pro Toys Art,AFD-42-00360,75.01,50.59,High quality pro toys art from BoardFun.,"{""brand"": ""BoardFun"", ""weight_g"": 1165}",True
361,23,78,Eco Sports Young,CBX-42-00361,90.68,57.52,High quality eco sports young from AquaFlow.,"{""brand"": ""AquaFlow"", ""material"": ""Polyester"", ""weight_kg"": 15.01}",True
362,15,88,Ultra Apparel Staff,FXY-42-00362,115.47,79.41,High quality ultra apparel staff from ActiveFit.,"{""brand"": ""ActiveFit"", ""color"": ""Green"", ""size"": ""XS"", ""material"": ""Polyester""}",True
363,22,161,Pro Sports Ten,ORX-42-00363,386.81,206.02,High quality pro sports ten from PeakGear.,"{""brand"": ""PeakGear"", ""material"": ""Polyester"", ""weight_kg"": 5.83}",True
364,5,200,Deluxe Beauty Continue,BPC-42-00364,89.21,59.26,High quality deluxe beauty continue from GlowUp.,"{""brand"": ""GlowUp"", ""weight_g"": 350}",True
365,22,71,Smart Sports Push,ORX-42-00365,229.22,115.07,High quality smart sports push from AquaFlow.,"{""brand"": ""AquaFlow"", ""material"": ""Leather"", ""weight_kg"": 5.54}",True
366,29,60,Eco Grocery Miss,BXY-42-00366,16.39,11.11,High quality eco grocery miss from NatureDrop.,"{""brand"": ""NatureDrop"", ""organic"": false, ""expiration_days"": 186}",True
367,3,124,Pro Home Leg,HKX-42-00367,21.37,15.93,High quality pro home leg from DecoHome.,"{""brand"": ""DecoHome"", ""material"": ""Metal"", ""weight_kg"": 2.03}",True
368,29,167,Smart Grocery Action,BXY-42-00368,48.46,19.4,High quality smart grocery action from NatureDrop.,"{""brand"": ""NatureDrop"", ""organic"": true, ""expiration_days"": 154}",True
369,28,23,Pro Automotive Defense,CCX-42-00369,74.4,48.05,High quality pro automotive defense from MotorMax.,"{""brand"": ""MotorMax"", ""weight_g"": 833}",True
370,13,107,Ultra Electronics To,AHX-42-00370,881.68,417.85,High quality ultra electronics to from Quant.,"{""brand"": ""Quant"", ""color"": ""Silver"", ""weight_kg"": 1.59, ""warranty_years"": 5}",True
371,27,96,Deluxe Toys Realize,AFD-42-00371,102.4,46.49,High quality deluxe toys realize from BrickBuilder.,"{""brand"": ""BrickBuilder"", ""weight_g"": 325}",True
372,1,56,Pro Electronics Word,EXY-42-00372,1303.81,587.23,High quality pro electronics word from AudioMax.,"{""brand"": ""AudioMax"", ""color"": ""Green"", ""weight_kg"": 7.8, ""warranty_years"": 2}",True
373,3,20,Pro Home Summer,HKX-42-00373,519.16,283.23,High quality pro home summer from ChefChoice.,"{""brand"": ""ChefChoice"", ""material"": ""Wool"", ""weight_kg"": 11.63}",True
374,14,109,Ultra Electronics National,SHD-42-00374,1643.74,878.83,High quality ultra electronics national from Sonyx.,"{""brand"": ""Sonyx"", ""color"": ""Green"", ""weight_kg"": 4.88, ""warranty_years"": 5}",True
375,28,67,Smart Automotive Feeling,CCX-42-00375,215.08,106.3,High quality smart automotive feeling from MotorMax.,"{""brand"": ""MotorMax"", ""weight_g"": 118}",True
376,2,153,Smart Apparel Day,AXY-42-00376,101.82,53.86,High quality smart apparel day from DenimCo.,"{""brand"": ""DenimCo"", ""color"": ""White"", ""size"": ""S"", ""material"": ""Metal""}",True
377,15,122,Premium Apparel Along,FXY-42-00377,24.86,17.69,High quality premium apparel along from Vogue.,"{""brand"": ""Vogue"", ""color"": ""Yellow"", ""size"": ""XXL"", ""material"": ""Polyester""}",True
378,22,166,Smart Sports Step,ORX-42-00378,271.9,163.92,High quality smart sports step from PeakGear.,"{""brand"": ""PeakGear"", ""material"": ""Plastic"", ""weight_kg"": 13.61}",True
379,1,108,Smart Electronics Place,EXY-42-00379,918.99,659.03,High quality smart electronics place from AudioMax.,"{""brand"": ""AudioMax"", ""color"": ""Blue"", ""weight_kg"": 3.43, ""warranty_years"": 3}",True
380,10,64,Eco Office Products Mrs,OPX-42-00380,4.5,3.25,High quality eco office products mrs from StapleMax.,"{""brand"": ""StapleMax"", ""weight_g"": 1204}",True
381,9,3,Smart Grocery Name,GGF-42-00381,32.21,19.4,High quality smart grocery name from OrganicWay.,"{""brand"": ""OrganicWay"", ""organic"": false, ""expiration_days"": 329}",True
382,1,92,Premium Electronics Say,EXY-42-00382,979.83,435.42,High quality premium electronics say from Volt.,"{""brand"": ""Volt"", ""color"": ""Red"", ""weight_kg"": 1.15, ""warranty_years"": 3}",True
383,9,46,Ultra Grocery Each,GGF-42-00383,2.68,1.18,High quality ultra grocery each from TastyBites.,"{""brand"": ""TastyBites"", ""organic"": false, ""expiration_days"": 199}",True
384,26,26,Pro Toys Possible,BGX-42-00384,38.74,25.0,High quality pro toys possible from BrickBuilder.,"{""brand"": ""BrickBuilder"", ""weight_g"": 1130}",True
385,28,30,Ultra Automotive Condition,CCX-42-00385,106.14,45.59,High quality ultra automotive condition from DriveClean.,"{""brand"": ""DriveClean"", ""weight_g"": 1065}",True
386,25,80,Pro Beauty Represent,SCX-42-00386,116.7,56.4,High quality pro beauty represent from SilkSkin.,"{""brand"": ""SilkSkin"", ""weight_g"": 481}",True
387,19,163,Classic Home Also,FXY-42-00387,675.84,283.19,High quality classic home also from KitchenAid.,"{""brand"": ""KitchenAid"", ""material"": ""Cotton"", ""weight_kg"": 4.61}",True
388,13,108,Deluxe Electronics Here,AHX-42-00388,616.71,407.74,High quality deluxe electronics here from LinkSys.,"{""brand"": ""LinkSys"", ""color"": ""Gray"", ""weight_kg"": 3.1, ""warranty_years"": 5}",True
389,16,76,Premium Apparel Edge,FXY-42-00389,37.58,26.48,High quality premium apparel edge from ActiveFit.,"{""brand"": ""ActiveFit"", ""color"": ""Yellow"", ""size"": ""L"", ""material"": ""Plastic""}",True
390,17,175,Smart Apparel Real,FSX-42-00390,191.62,83.18,High quality smart apparel real from ActiveFit.,"{""brand"": ""ActiveFit"", ""color"": ""Green"", ""size"": ""XL"", ""material"": ""Metal""}",True
391,11,92,Eco Electronics A,SXY-42-00391,548.83,238.41,High quality eco electronics a from LinkSys.,"{""brand"": ""LinkSys"", ""color"": ""Green"", ""weight_kg"": 3.74, ""warranty_years"": 2}",True
392,24,140,Classic Beauty Coach,MCX-42-00392,90.37,42.31,High quality classic beauty coach from SilkSkin.,"{""brand"": ""SilkSkin"", ""weight_g"": 691}",True
393,18,1,Premium Home Before,KAX-42-00393,543.15,375.37,High quality premium home before from ChefChoice.,"{""brand"": ""ChefChoice"", ""material"": ""Polyester"", ""weight_kg"": 13.37}",True
394,22,119,Classic Sports Fact,ORX-42-00394,179.0,117.04,High quality classic sports fact from TrailBlaze.,"{""brand"": ""TrailBlaze"", ""material"": ""Cotton"", ""weight_kg"": 1.08}",True
395,3,4,Deluxe Home State,HKX-42-00395,751.73,473.45,High quality deluxe home state from DecoHome.,"{""brand"": ""DecoHome"", ""material"": ""Polyester"", ""weight_kg"": 17.85}",True
396,4,65,Eco Sports Instead,SOX-42-00396,428.94,191.08,High quality eco sports instead from TrailBlaze.,"{""brand"": ""TrailBlaze"", ""material"": ""Polyester"", ""weight_kg"": 17.54}",True
397,9,50,Eco Grocery Head,GGF-42-00397,24.41,17.76,High quality eco grocery head from SweetTreats.,"{""brand"": ""SweetTreats"", ""organic"": false, ""expiration_days"": 228}",True
398,23,170,Ultra Sports Relationship,CBX-42-00398,386.09,198.14,High quality ultra sports relationship from PeakGear.,"{""brand"": ""PeakGear"", ""material"": ""Metal"", ""weight_kg"": 19.54}",True
399,13,107,Deluxe Electronics Indicate,AHX-42-00399,678.66,285.73,High quality deluxe electronics indicate from Volt.,"{""brand"": ""Volt"", ""color"": ""Silver"", ""weight_kg"": 3.58, ""warranty_years"": 5}",True
400,30,43,Pro Grocery Into,SSX-42-00400,31.29,14.47,High quality pro grocery into from OrganicWay.,"{""brand"": ""OrganicWay"", ""organic"": true, ""expiration_days"": 286}",True
401,25,80,Pro Beauty Peace,SCX-42-00401,36.67,22.92,High quality pro beauty peace from HerbEssentials.,"{""brand"": ""HerbEssentials"", ""weight_g"": 261}",True
402,2,25,Deluxe Apparel Deep,AXY-42-00402,23.38,15.31,High quality deluxe apparel deep from DenimCo.,"{""brand"": ""DenimCo"", ""color"": ""Black"", ""size"": ""L"", ""material"": ""Wool""}",True
403,21,166,Pro Sports National,FGX-42-00403,5.43,2.24,High quality pro sports national from FitPulse.,"{""brand"": ""FitPulse"", ""material"": ""Wool"", ""weight_kg"": 17.65}",True
404,29,116,Deluxe Grocery Administration,BXY-42-00404,29.58,17.17,High quality deluxe grocery administration from SweetTreats.,"{""brand"": ""SweetTreats"", ""organic"": false, ""expiration_days"": 233}",True
405,13,158,Premium Electronics Since,AHX-42-00405,1460.98,999.74,High quality premium electronics since from LinkSys.,"{""brand"": ""LinkSys"", ""color"": ""Gray"", ""weight_kg"": 0.13, ""warranty_years"": 5}",True
406,4,160,Classic Sports Score,SOX-42-00406,269.98,201.69,High quality classic sports score from FitPulse.,"{""brand"": ""FitPulse"", ""material"": ""Wood"", ""weight_kg"": 1.85}",True
407,21,65,Classic Sports Authority,FGX-42-00407,185.85,129.85,High quality classic sports authority from PeakGear.,"{""brand"": ""PeakGear"", ""material"": ""Glass"", ""weight_kg"": 19.13}",True
408,10,68,Pro Office Products Wide,OPX-42-00408,18.49,7.65,High quality pro office products wide from OfficePro.,"{""brand"": ""OfficePro"", ""weight_g"": 662}",True
409,23,100,Classic Sports Believe,CBX-42-00409,448.75,278.55,High quality classic sports believe from AquaFlow.,"{""brand"": ""AquaFlow"", ""material"": ""Polyester"", ""weight_kg"": 22.19}",True
410,15,193,Premium Apparel Often,FXY-42-00410,46.0,18.97,High quality premium apparel often from UrbanStyle.,"{""brand"": ""UrbanStyle"", ""color"": ""Gray"", ""size"": ""L"", ""material"": ""Wood""}",True
411,3,195,Smart Home Feel,HKX-42-00411,439.33,223.05,High quality smart home feel from ChefChoice.,"{""brand"": ""ChefChoice"", ""material"": ""Cotton"", ""weight_kg"": 1.41}",True
412,2,88,Premium Apparel She,AXY-42-00412,159.68,66.26,High quality premium apparel she from Vogue.,"{""brand"": ""Vogue"", ""color"": ""Pink"", ""size"": ""L"", ""material"": ""Wool""}",True
413,24,127,Eco Beauty Themselves,MCX-42-00413,38.78,16.49,High quality eco beauty themselves from SilkSkin.,"{""brand"": ""SilkSkin"", ""weight_g"": 1051}",True
414,21,37,Premium Sports Operation,FGX-42-00414,238.25,171.85,High quality premium sports operation from TrailBlaze.,"{""brand"": ""TrailBlaze"", ""material"": ""Wool"", ""weight_kg"": 0.85}",True
415,21,39,Premium Sports Who,FGX-42-00415,452.81,311.2,High quality premium sports who from AquaFlow.,"{""brand"": ""AquaFlow"", ""material"": ""Wool"", ""weight_kg"": 20.97}",True
416,3,19,Smart Home Pass,HKX-42-00416,104.63,63.64,High quality smart home pass from DecoHome.,"{""brand"": ""DecoHome"", ""material"": ""Polyester"", ""weight_kg"": 20.21}",True
417,14,93,Eco Electronics Happen,SHD-42-00417,1626.81,1209.97,High quality eco electronics happen from Quant.,"{""brand"": ""Quant"", ""color"": ""Blue"", ""weight_kg"": 1.05, ""warranty_years"": 2}",True
418,11,158,Premium Electronics Hand,SXY-42-00418,1930.09,916.08,High quality premium electronics hand from LinkSys.,"{""brand"": ""LinkSys"", ""color"": ""Silver"", ""weight_kg"": 2.75, ""warranty_years"": 1}",True
419,9,31,Classic Grocery Team,GGF-42-00419,38.36,17.6,High quality classic grocery team from TastyBites.,"{""brand"": ""TastyBites"", ""organic"": false, ""expiration_days"": 134}",True
420,30,171,Deluxe Grocery Factor,SSX-42-00420,3.95,1.72,High quality deluxe grocery factor from SweetTreats.,"{""brand"": ""SweetTreats"", ""organic"": true, ""expiration_days"": 18}",True
421,29,152,Premium Grocery Draw,BXY-42-00421,5.87,2.36,High quality premium grocery draw from NatureDrop.,"{""brand"": ""NatureDrop"", ""organic"": false, ""expiration_days"": 365}",True
422,26,121,Eco Toys Police,BGX-42-00422,86.16,40.68,High quality eco toys police from BoardFun.,"{""brand"": ""BoardFun"", ""weight_g"": 1121}",True
423,15,114,Eco Apparel Day,FXY-42-00423,55.46,25.57,High quality eco apparel day from ThreadWear.,"{""brand"": ""ThreadWear"", ""color"": ""Navy"", ""size"": ""S"", ""material"": ""Glass""}",True
424,20,16,Classic Home Look,BBX-42-00424,507.35,341.91,High quality classic home look from ChefChoice.,"{""brand"": ""ChefChoice"", ""material"": ""Cotton"", ""weight_kg"": 14.16}",True
425,7,24,Smart Toys Wonder,TGX-42-00425,118.53,87.93,High quality smart toys wonder from BoardFun.,"{""brand"": ""BoardFun"", ""weight_g"": 1155}",True
426,17,73,Ultra Apparel International,FSX-42-00426,98.2,60.81,High quality ultra apparel international from ActiveFit.,"{""brand"": ""ActiveFit"", ""color"": ""Black"", ""size"": ""S"", ""material"": ""Polyester""}",True
427,26,26,Pro Toys Paper,BGX-42-00427,85.38,63.1,High quality pro toys paper from KidZone.,"{""brand"": ""KidZone"", ""weight_g"": 411}",True
428,6,14,Ultra Books Above,BXY-42-00428,11.89,6.27,High quality ultra books above from Packt.,"{""brand"": ""Packt"", ""weight_g"": 564}",True
429,11,126,Premium Electronics Every,SXY-42-00429,1614.2,1074.16,High quality premium electronics every from TechCo.,"{""brand"": ""TechCo"", ""color"": ""Black"", ""weight_kg"": 7.41, ""warranty_years"": 2}",True
430,6,11,Ultra Books Continue,BXY-42-00430,42.92,18.91,High quality ultra books continue from Packt.,"{""brand"": ""Packt"", ""weight_g"": 1263}",True
431,19,61,Classic Home Investment,FXY-42-00431,343.97,227.53,High quality classic home investment from DecoHome.,"{""brand"": ""DecoHome"", ""material"": ""Polyester"", ""weight_kg"": 8.49}",True
432,4,78,Pro Sports Move,SOX-42-00432,370.19,260.78,High quality pro sports move from TrailBlaze.,"{""brand"": ""TrailBlaze"", ""material"": ""Polyester"", ""weight_kg"": 12.04}",True
433,16,12,Smart Apparel Both,FXY-42-00433,179.19,80.77,High quality smart apparel both from DenimCo.,"{""brand"": ""DenimCo"", ""color"": ""Silver"", ""size"": ""L"", ""material"": ""Plastic""}",True
434,5,81,Classic Beauty Operation,BPC-42-00434,109.37,67.94,High quality classic beauty operation from SilkSkin.,"{""brand"": ""SilkSkin"", ""weight_g"": 737}",True
435,5,7,Ultra Beauty Baby,BPC-42-00435,105.37,44.35,High quality ultra beauty baby from GlowUp.,"{""brand"": ""GlowUp"", ""weight_g"": 1003}",True
436,15,114,Classic Apparel Most,FXY-42-00436,42.53,22.13,High quality classic apparel most from UrbanStyle.,"{""brand"": ""UrbanStyle"", ""color"": ""Silver"", ""size"": ""XXL"", ""material"": ""Wool""}",True
437,19,115,Deluxe Home Financial,FXY-42-00437,686.18,295.24,High quality deluxe home financial from ChefChoice.,"{""brand"": ""ChefChoice"", ""material"": ""Leather"", ""weight_kg"": 14.99}",True
438,27,121,Eco Toys Grow,AFD-42-00438,40.71,26.69,High quality eco toys grow from BrickBuilder.,"{""brand"": ""BrickBuilder"", ""weight_g"": 557}",True
439,11,107,Smart Electronics Your,SXY-42-00439,1167.34,831.31,High quality smart electronics your from Sonyx.,"{""brand"": ""Sonyx"", ""color"": ""Navy"", ""weight_kg"": 7.2, ""warranty_years"": 5}",True
440,2,12,Smart Apparel But,AXY-42-00440,198.34,130.25,High quality smart apparel but from ThreadWear.,"{""brand"": ""ThreadWear"", ""color"": ""Green"", ""size"": ""XL"", ""material"": ""Wood""}",True
441,16,177,Ultra Apparel Suggest,FXY-42-00441,166.05,92.71,High quality ultra apparel suggest from ThreadWear.,"{""brand"": ""ThreadWear"", ""color"": ""Pink"", ""size"": ""XS"", ""material"": ""Wood""}",True
442,7,26,Premium Toys Must,TGX-42-00442,49.42,23.9,High quality premium toys must from PlayTime.,"{""brand"": ""PlayTime"", ""weight_g"": 1032}",True
443,22,91,Smart Sports Even,ORX-42-00443,85.09,47.71,High quality smart sports even from PeakGear.,"{""brand"": ""PeakGear"", ""material"": ""Glass"", ""weight_kg"": 11.86}",True
444,5,199,Deluxe Beauty Under,BPC-42-00444,106.95,49.7,High quality deluxe beauty under from HerbEssentials.,"{""brand"": ""HerbEssentials"", ""weight_g"": 1333}",True
445,15,177,Premium Apparel Note,FXY-42-00445,130.35,91.39,High quality premium apparel note from DenimCo.,"{""brand"": ""DenimCo"", ""color"": ""Blue"", ""size"": ""XL"", ""material"": ""Cotton""}",True
446,10,134,Smart Office Products Tax,OPX-42-00446,75.54,48.67,High quality smart office products tax from OfficePro.,"{""brand"": ""OfficePro"", ""weight_g"": 1452}",True
447,3,138,Premium Home Student,HKX-42-00447,706.47,464.52,High quality premium home student from CozyLiving.,"{""brand"": ""CozyLiving"", ""material"": ""Cotton"", ""weight_kg"": 3.22}",True
448,12,108,Ultra Electronics Paper,LCX-42-00448,1245.88,657.76,High quality ultra electronics paper from AudioMax.,"{""brand"": ""AudioMax"", ""color"": ""Pink"", ""weight_kg"": 5.67, ""warranty_years"": 2}",True
449,5,57,Pro Beauty Enough,BPC-42-00449,39.6,17.41,High quality pro beauty enough from SilkSkin.,"{""brand"": ""SilkSkin"", ""weight_g"": 511}",True
450,11,93,Pro Electronics Rule,SXY-42-00450,1797.91,1036.04,High quality pro electronics rule from Volt.,"{""brand"": ""Volt"", ""color"": ""Black"", ""weight_kg"": 0.6, ""warranty_years"": 3}",True
451,15,120,Pro Apparel Level,FXY-42-00451,105.28,72.68,High quality pro apparel level from UrbanStyle.,"{""brand"": ""UrbanStyle"", ""color"": ""Pink"", ""size"": ""M"", ""material"": ""Glass""}",True
452,20,75,Deluxe Home Huge,BBX-42-00452,642.92,469.9,High quality deluxe home huge from KitchenAid.,"{""brand"": ""KitchenAid"", ""material"": ""Leather"", ""weight_kg"": 22.35}",True
453,15,25,Classic Apparel Order,FXY-42-00453,25.23,18.02,High quality classic apparel order from ThreadWear.,"{""brand"": ""ThreadWear"", ""color"": ""White"", ""size"": ""S"", ""material"": ""Metal""}",True
454,4,180,Ultra Sports Member,SOX-42-00454,78.24,35.42,High quality ultra sports member from PeakGear.,"{""brand"": ""PeakGear"", ""material"": ""Metal"", ""weight_kg"": 10.71}",True
455,22,136,Pro Sports Speech,ORX-42-00455,466.2,263.81,High quality pro sports speech from AquaFlow.,"{""brand"": ""AquaFlow"", ""material"": ""Cotton"", ""weight_kg"": 7.64}",True
456,3,1,Smart Home Either,HKX-42-00456,699.36,336.61,High quality smart home either from CozyLiving.,"{""brand"": ""CozyLiving"", ""material"": ""Wood"", ""weight_kg"": 14.68}",True
457,21,166,Eco Sports Sometimes,FGX-42-00457,394.48,224.91,High quality eco sports sometimes from AquaFlow.,"{""brand"": ""AquaFlow"", ""material"": ""Glass"", ""weight_kg"": 7.95}",True
458,5,200,Classic Beauty Group,BPC-42-00458,119.46,54.96,High quality classic beauty group from SilkSkin.,"{""brand"": ""SilkSkin"", ""weight_g"": 1041}",True
459,12,92,Classic Electronics Stand,LCX-42-00459,1544.1,643.21,High quality classic electronics stand from Volt.,"{""brand"": ""Volt"", ""color"": ""Yellow"", ""weight_kg"": 7.65, ""warranty_years"": 2}",True
460,23,136,Deluxe Sports Low,CBX-42-00460,146.2,108.28,High quality deluxe sports low from TrailBlaze.,"{""brand"": ""TrailBlaze"", ""material"": ""Wool"", ""weight_kg"": 6.33}",True
461,2,88,Classic Apparel Responsibility,AXY-42-00461,119.16,66.05,High quality classic apparel responsibility from Vogue.,"{""brand"": ""Vogue"", ""color"": ""Gray"", ""size"": ""XL"", ""material"": ""Cotton""}",True
462,22,97,Pro Sports Magazine,ORX-42-00462,489.12,220.97,High quality pro sports magazine from TrailBlaze.,"{""brand"": ""TrailBlaze"", ""material"": ""Metal"", ""weight_kg"": 3.48}",True
463,1,107,Pro Electronics Watch,EXY-42-00463,1863.52,1246.66,High quality pro electronics watch from Volt.,"{""brand"": ""Volt"", ""color"": ""Silver"", ""weight_kg"": 0.13, ""warranty_years"": 3}",True
464,21,180,Deluxe Sports Peace,FGX-42-00464,151.3,107.97,High quality deluxe sports peace from TrailBlaze.,"{""brand"": ""TrailBlaze"", ""material"": ""Glass"", ""weight_kg"": 8.8}",True
465,4,184,Eco Sports Training,SOX-42-00465,242.1,100.24,High quality eco sports training from PeakGear.,"{""brand"": ""PeakGear"", ""material"": ""Metal"", ""weight_kg"": 1.11}",True
466,20,48,Premium Home Ahead,BBX-42-00466,365.09,157.85,High quality premium home ahead from DecoHome.,"{""brand"": ""DecoHome"", ""material"": ""Leather"", ""weight_kg"": 19.64}",True
467,25,53,Deluxe Beauty Meet,SCX-42-00467,33.38,14.33,High quality deluxe beauty meet from LuxeHair.,"{""brand"": ""LuxeHair"", ""weight_g"": 1436}",True
468,22,65,Pro Sports But,ORX-42-00468,488.04,262.59,High quality pro sports but from FitPulse.,"{""brand"": ""FitPulse"", ""material"": ""Cotton"", ""weight_kg"": 22.76}",True
469,12,107,Classic Electronics Evening,LCX-42-00469,312.93,218.69,High quality classic electronics evening from Quant.,"{""brand"": ""Quant"", ""color"": ""Blue"", ""weight_kg"": 0.2, ""warranty_years"": 3}",True
470,12,92,Premium Electronics Author,LCX-42-00470,1955.5,1380.59,High quality premium electronics author from Sonyx.,"{""brand"": ""Sonyx"", ""color"": ""Yellow"", ""weight_kg"": 5.96, ""warranty_years"": 5}",True
471,26,121,Pro Toys Idea,BGX-42-00471,41.75,28.47,High quality pro toys idea from KidZone.,"{""brand"": ""KidZone"", ""weight_g"": 335}",True
472,27,169,Classic Toys Property,AFD-42-00472,75.77,34.12,High quality classic toys property from KidZone.,"{""brand"": ""KidZone"", ""weight_g"": 1125}",True
473,11,56,Pro Electronics Story,SXY-42-00473,1867.64,1133.17,High quality pro electronics story from TechCo.,"{""brand"": ""TechCo"", ""color"": ""Black"", ""weight_kg"": 3.33, ""warranty_years"": 3}",True
474,14,84,Deluxe Electronics Discussion,SHD-42-00474,1120.51,726.75,High quality deluxe electronics discussion from Sonyx.,"{""brand"": ""Sonyx"", ""color"": ""Gray"", ""weight_kg"": 1.57, ""warranty_years"": 5}",True
475,10,186,Classic Office Products Research,OPX-42-00475,49.57,34.1,High quality classic office products research from StapleMax.,"{""brand"": ""StapleMax"", ""weight_g"": 1061}",True
476,18,163,Premium Home Science,KAX-42-00476,378.81,155.08,High quality premium home science from DecoHome.,"{""brand"": ""DecoHome"", ""material"": ""Metal"", ""weight_kg"": 7.85}",True
477,21,166,Classic Sports Drug,FGX-42-00477,238.91,150.23,High quality classic sports drug from AquaFlow.,"{""brand"": ""AquaFlow"", ""material"": ""Wool"", ""weight_kg"": 12.55}",True
478,23,166,Classic Sports Such,CBX-42-00478,126.15,55.73,High quality classic sports such from AquaFlow.,"{""brand"": ""AquaFlow"", ""material"": ""Polyester"", ""weight_kg"": 15.17}",True
479,12,126,Classic Electronics Four,LCX-42-00479,971.36,536.8,High quality classic electronics four from AudioMax.,"{""brand"": ""AudioMax"", ""color"": ""Yellow"", ""weight_kg"": 7.8, ""warranty_years"": 1}",True
480,12,109,Classic Electronics Itself,LCX-42-00480,1471.26,597.54,High quality classic electronics itself from Sonyx.,"{""brand"": ""Sonyx"", ""color"": ""Navy"", ""weight_kg"": 0.56, ""warranty_years"": 3}",True
481,15,177,Classic Apparel Head,FXY-42-00481,35.74,16.34,High quality classic apparel head from ActiveFit.,"{""brand"": ""ActiveFit"", ""color"": ""Green"", ""size"": ""XXL"", ""material"": ""Plastic""}",True
482,2,85,Premium Apparel Name,AXY-42-00482,65.42,40.8,High quality premium apparel name from UrbanStyle.,"{""brand"": ""UrbanStyle"", ""color"": ""Gray"", ""size"": ""XXL"", ""material"": ""Wool""}",True
483,25,15,Classic Beauty North,SCX-42-00483,91.82,42.1,High quality classic beauty north from HerbEssentials.,"{""brand"": ""HerbEssentials"", ""weight_g"": 1452}",True
484,26,89,Classic Toys Act,BGX-42-00484,39.86,25.68,High quality classic toys act from PlayTime.,"{""brand"": ""PlayTime"", ""weight_g"": 1144}",True
485,19,75,Smart Home School,FXY-42-00485,661.3,267.51,High quality smart home school from CozyLiving.,"{""brand"": ""CozyLiving"", ""material"": ""Plastic"", ""weight_kg"": 19.58}",True
486,14,93,Ultra Electronics There,SHD-42-00486,1843.4,842.54,High quality ultra electronics there from Sonyx.,"{""brand"": ""Sonyx"", ""color"": ""Pink"", ""weight_kg"": 1.85, ""warranty_years"": 2}",True
487,26,154,Smart Toys Everyone,BGX-42-00487,77.48,53.54,High quality smart toys everyone from PlayTime.,"{""brand"": ""PlayTime"", ""weight_g"": 904}",True
488,15,25,Premium Apparel Energy,FXY-42-00488,32.15,14.34,High quality premium apparel energy from DenimCo.,"{""brand"": ""DenimCo"", ""color"": ""Blue"", ""size"": ""M"", ""material"": ""Plastic""}",True
489,5,199,Smart Beauty Field,BPC-42-00489,69.08,51.51,High quality smart beauty field from HerbEssentials.,"{""brand"": ""HerbEssentials"", ""weight_g"": 402}",True
490,23,91,Ultra Sports Better,CBX-42-00490,19.24,13.18,High quality ultra sports better from TrailBlaze.,"{""brand"": ""TrailBlaze"", ""material"": ""Wool"", ""weight_kg"": 17.36}",True
491,10,62,Pro Office Products Inside,OPX-42-00491,21.77,16.18,High quality pro office products inside from PaperMate.,"{""brand"": ""PaperMate"", ""weight_g"": 209}",True
492,1,150,Ultra Electronics Report,EXY-42-00492,978.82,539.27,High quality ultra electronics report from TechCo.,"{""brand"": ""TechCo"", ""color"": ""Black"", ""weight_kg"": 6.37, ""warranty_years"": 1}",True
493,16,27,Classic Apparel Smile,FXY-42-00493,182.62,75.81,High quality classic apparel smile from ThreadWear.,"{""brand"": ""ThreadWear"", ""color"": ""White"", ""size"": ""XS"", ""material"": ""Leather""}",True
494,19,42,Premium Home Tend,FXY-42-00494,160.05,83.71,High quality premium home tend from DecoHome.,"{""brand"": ""DecoHome"", ""material"": ""Metal"", ""weight_kg"": 23.75}",True
495,12,93,Eco Electronics Guess,LCX-42-00495,337.9,194.37,High quality eco electronics guess from LinkSys.,"{""brand"": ""LinkSys"", ""color"": ""Gray"", ""weight_kg"": 4.09, ""warranty_years"": 1}",True
496,4,160,Eco Sports Bag,SOX-42-00496,382.81,223.98,High quality eco sports bag from TrailBlaze.,"{""brand"": ""TrailBlaze"", ""material"": ""Metal"", ""weight_kg"": 4.71}",True
497,25,95,Ultra Beauty Once,SCX-42-00497,5.63,3.68,High quality ultra beauty once from LuxeHair.,"{""brand"": ""LuxeHair"", ""weight_g"": 800}",True
498,23,160,Premium Sports Word,CBX-42-00498,96.64,61.44,High quality premium sports word from TrailBlaze.,"{""brand"": ""TrailBlaze"", ""material"": ""Plastic"", ""weight_kg"": 24.54}",True
499,14,87,Deluxe Electronics Could,SHD-42-00499,1038.22,563.39,High quality deluxe electronics could from Volt.,"{""brand"": ""Volt"", ""color"": ""White"", ""weight_kg"": 3.78, ""warranty_years"": 2}",True
500,16,110,Premium Apparel Maybe,FXY-42-00500,143.9,85.62,High quality premium apparel maybe from ThreadWear.,"{""brand"": ""ThreadWear"", ""color"": ""Blue"", ""size"": ""L"", ""material"": ""Polyester""}",True
501,13,92,Eco Electronics Former,AHX-42-00501,924.75,608.17,High quality eco electronics former from Quant.,"{""brand"": ""Quant"", ""color"": ""Gray"", ""weight_kg"": 4.48, ""warranty_years"": 3}",True
502,28,145,Deluxe Automotive Health,CCX-42-00502,60.69,25.75,High quality deluxe automotive health from TireSafe.,"{""brand"": ""TireSafe"", ""weight_g"": 1440}",True
503,12,84,Eco Electronics Discover,LCX-42-00503,45.32,28.82,High quality eco electronics discover from TechCo.,"{""brand"": ""TechCo"", ""color"": ""Green"", ""weight_kg"": 3.56, ""warranty_years"": 1}",True
504,4,71,Premium Sports Wall,SOX-42-00504,200.43,128.93,High quality premium sports wall from TrailBlaze.,"{""brand"": ""TrailBlaze"", ""material"": ""Polyester"", ""weight_kg"": 9.41}",True
505,7,96,Pro Toys Painting,TGX-42-00505,32.03,22.27,High quality pro toys painting from PlayTime.,"{""brand"": ""PlayTime"", ""weight_g"": 526}",True
506,27,112,Eco Toys Exist,AFD-42-00506,89.77,44.66,High quality eco toys exist from BoardFun.,"{""brand"": ""BoardFun"", ""weight_g"": 1368}",True
507,13,93,Pro Electronics Cover,AHX-42-00507,962.14,587.97,High quality pro electronics cover from Quant.,"{""brand"": ""Quant"", ""color"": ""Pink"", ""weight_kg"": 2.3, ""warranty_years"": 5}",True
508,4,66,Eco Sports Your,SOX-42-00508,129.09,74.1,High quality eco sports your from TrailBlaze.,"{""brand"": ""TrailBlaze"", ""material"": ""Cotton"", ""weight_kg"": 2.94}",True
509,2,25,Ultra Apparel Skin,AXY-42-00509,104.65,42.84,High quality ultra apparel skin from DenimCo.,"{""brand"": ""DenimCo"", ""color"": ""Navy"", ""size"": ""XXL"", ""material"": ""Plastic""}",True
510,5,53,Premium Beauty Result,BPC-42-00510,95.19,41.29,High quality premium beauty result from LuxeHair.,"{""brand"": ""LuxeHair"", ""weight_g"": 1004}",True
511,7,89,Classic Toys Wonder,TGX-42-00511,82.83,47.34,High quality classic toys wonder from BoardFun.,"{""brand"": ""BoardFun"", ""weight_g"": 1157}",True
512,18,1,Pro Home Where,KAX-42-00512,762.78,313.55,High quality pro home where from KitchenAid.,"{""brand"": ""KitchenAid"", ""material"": ""Wood"", ""weight_kg"": 11.53}",True
513,28,141,Ultra Automotive Customer,CCX-42-00513,135.55,55.93,High quality ultra automotive customer from MotorMax.,"{""brand"": ""MotorMax"", ""weight_g"": 1496}",True
514,6,156,Pro Books Moment,BXY-42-00514,39.01,19.87,High quality pro books moment from Packt.,"{""brand"": ""Packt"", ""weight_g"": 274}",True
515,19,147,Smart Home Since,FXY-42-00515,400.08,237.58,High quality smart home since from ChefChoice.,"{""brand"": ""ChefChoice"", ""material"": ""Glass"", ""weight_kg"": 14.28}",True
516,6,157,Smart Books Decision,BXY-42-00516,12.01,5.91,High quality smart books decision from Packt.,"{""brand"": ""Packt"", ""weight_g"": 1313}",True
517,22,99,Premium Sports Easy,ORX-42-00517,384.4,192.03,High quality premium sports easy from PeakGear.,"{""brand"": ""PeakGear"", ""material"": ""Cotton"", ""weight_kg"": 3.64}",True
518,12,93,Deluxe Electronics Simply,LCX-42-00518,1622.92,980.87,High quality deluxe electronics simply from AudioMax.,"{""brand"": ""AudioMax"", ""color"": ""Blue"", ""weight_kg"": 3.11, ""warranty_years"": 5}",True
519,12,93,Ultra Electronics Effort,LCX-42-00519,835.62,350.76,High quality ultra electronics effort from Sonyx.,"{""brand"": ""Sonyx"", ""color"": ""Gray"", ""weight_kg"": 5.22, ""warranty_years"": 1}",True
520,30,10,Ultra Grocery Turn,SSX-42-00520,43.71,19.24,High quality ultra grocery turn from OrganicWay.,"{""brand"": ""OrganicWay"", ""organic"": false, ""expiration_days"": 29}",True
521,15,175,Pro Apparel Evidence,FXY-42-00521,174.04,104.22,High quality pro apparel evidence from ActiveFit.,"{""brand"": ""ActiveFit"", ""color"": ""Black"", ""size"": ""XXL"", ""material"": ""Glass""}",True
522,19,1,Pro Home Design,FXY-42-00522,788.83,419.82,High quality pro home design from CozyLiving.,"{""brand"": ""CozyLiving"", ""material"": ""Polyester"", ""weight_kg"": 20.3}",True
523,4,180,Smart Sports Drop,SOX-42-00523,339.18,175.56,High quality smart sports drop from FitPulse.,"{""brand"": ""FitPulse"", ""material"": ""Wool"", ""weight_kg"": 15.56}",True
524,12,107,Deluxe Electronics Degree,LCX-42-00524,419.48,261.09,High quality deluxe electronics degree from TechCo.,"{""brand"": ""TechCo"", ""color"": ""Pink"", ""weight_kg"": 1.79, ""warranty_years"": 3}",True
525,2,85,Ultra Apparel They,AXY-42-00525,199.28,107.75,High quality ultra apparel they from UrbanStyle.,"{""brand"": ""UrbanStyle"", ""color"": ""White"", ""size"": ""XXL"", ""material"": ""Polyester""}",True
526,19,61,Smart Home Enjoy,FXY-42-00526,229.59,137.35,High quality smart home enjoy from ChefChoice.,"{""brand"": ""ChefChoice"", ""material"": ""Wood"", ""weight_kg"": 5.64}",True
527,26,24,Deluxe Toys Think,BGX-42-00527,81.67,41.3,High quality deluxe toys think from BoardFun.,"{""brand"": ""BoardFun"", ""weight_g"": 936}",True
528,22,136,Classic Sports Present,ORX-42-00528,160.11,87.26,High quality classic sports present from AquaFlow.,"{""brand"": ""AquaFlow"", ""material"": ""Wool"", ""weight_kg"": 22.08}",True
529,21,180,Pro Sports Heart,FGX-42-00529,260.53,121.22,High quality pro sports heart from TrailBlaze.,"{""brand"": ""TrailBlaze"", ""material"": ""Glass"", ""weight_kg"": 7.06}",True
530,21,136,Pro Sports Clearly,FGX-42-00530,405.42,283.17,High quality pro sports clearly from PeakGear.,"{""brand"": ""PeakGear"", ""material"": ""Leather"", ""weight_kg"": 9.42}",True
531,5,47,Classic Beauty Start,BPC-42-00531,26.82,17.16,High quality classic beauty start from LuxeHair.,"{""brand"": ""LuxeHair"", ""weight_g"": 890}",True
532,11,158,Ultra Electronics Both,SXY-42-00532,1663.82,703.05,High quality ultra electronics both from Quant.,"{""brand"": ""Quant"", ""color"": ""Red"", ""weight_kg"": 6.61, ""warranty_years"": 2}",True
533,9,197,Premium Grocery Call,GGF-42-00533,30.86,16.73,High quality premium grocery call from TastyBites.,"{""brand"": ""TastyBites"", ""organic"": true, ""expiration_days"": 24}",True
534,8,105,Pro Automotive Wife,AXY-42-00534,141.93,84.58,High quality pro automotive wife from TireSafe.,"{""brand"": ""TireSafe"", ""weight_g"": 1374}",True
535,29,3,Premium Grocery Bar,BXY-42-00535,11.7,5.8,High quality premium grocery bar from NatureDrop.,"{""brand"": ""NatureDrop"", ""organic"": false, ""expiration_days"": 347}",True
536,18,29,Eco Home Require,KAX-42-00536,520.77,216.01,High quality eco home require from ChefChoice.,"{""brand"": ""ChefChoice"", ""material"": ""Cotton"", ""weight_kg"": 1.86}",True
537,29,10,Premium Grocery Record,BXY-42-00537,17.07,8.61,High quality premium grocery record from SweetTreats.,"{""brand"": ""SweetTreats"", ""organic"": false, ""expiration_days"": 353}",True
538,22,65,Deluxe Sports Mind,ORX-42-00538,201.46,139.8,High quality deluxe sports mind from TrailBlaze.,"{""brand"": ""TrailBlaze"", ""material"": ""Leather"", ""weight_kg"": 3.24}",True
539,24,95,Deluxe Beauty Positive,MCX-42-00539,140.28,81.74,High quality deluxe beauty positive from HerbEssentials.,"{""brand"": ""HerbEssentials"", ""weight_g"": 1066}",True
540,29,10,Deluxe Grocery According,BXY-42-00540,13.43,5.95,High quality deluxe grocery according from NatureDrop.,"{""brand"": ""NatureDrop"", ""organic"": false, ""expiration_days"": 309}",True
541,24,80,Pro Beauty South,MCX-42-00541,121.85,80.47,High quality pro beauty south from SilkSkin.,"{""brand"": ""SilkSkin"", ""weight_g"": 345}",True
542,4,72,Pro Sports Tough,SOX-42-00542,110.98,55.06,High quality pro sports tough from FitPulse.,"{""brand"": ""FitPulse"", ""material"": ""Cotton"", ""weight_kg"": 12.51}",True
543,12,139,Pro Electronics Number,LCX-42-00543,1898.45,969.67,High quality pro electronics number from Quant.,"{""brand"": ""Quant"", ""color"": ""Gray"", ""weight_kg"": 7.71, ""warranty_years"": 2}",True
544,12,108,Premium Electronics And,LCX-42-00544,1437.03,987.93,High quality premium electronics and from AudioMax.,"{""brand"": ""AudioMax"", ""color"": ""Navy"", ""weight_kg"": 0.37, ""warranty_years"": 1}",True
545,23,192,Pro Sports Thus,CBX-42-00545,337.44,164.85,High quality pro sports thus from FitPulse.,"{""brand"": ""FitPulse"", ""material"": ""Plastic"", ""weight_kg"": 22.63}",True
546,22,66,Pro Sports Meet,ORX-42-00546,269.78,130.23,High quality pro sports meet from AquaFlow.,"{""brand"": ""AquaFlow"", ""material"": ""Cotton"", ""weight_kg"": 22.79}",True
547,13,174,Premium Electronics Hot,AHX-42-00547,1956.43,957.55,High quality premium electronics hot from Sonyx.,"{""brand"": ""Sonyx"", ""color"": ""Red"", ""weight_kg"": 1.76, ""warranty_years"": 2}",True
548,30,149,Deluxe Grocery Pressure,SSX-42-00548,32.3,22.86,High quality deluxe grocery pressure from SweetTreats.,"{""brand"": ""SweetTreats"", ""organic"": true, ""expiration_days"": 150}",True
549,28,35,Pro Automotive Forward,CCX-42-00549,247.84,180.72,High quality pro automotive forward from TireSafe.,"{""brand"": ""TireSafe"", ""weight_g"": 731}",True
550,23,118,Deluxe Sports Mind,CBX-42-00550,439.0,301.63,High quality deluxe sports mind from TrailBlaze.,"{""brand"": ""TrailBlaze"", ""material"": ""Metal"", ""weight_kg"": 12.91}",True
551,12,107,Eco Electronics Water,LCX-42-00551,1212.19,829.99,High quality eco electronics water from Volt.,"{""brand"": ""Volt"", ""color"": ""Yellow"", ""weight_kg"": 5.59, ""warranty_years"": 1}",True
552,21,166,Eco Sports Upon,FGX-42-00552,95.95,53.27,High quality eco sports upon from TrailBlaze.,"{""brand"": ""TrailBlaze"", ""material"": ""Cotton"", ""weight_kg"": 10.32}",True
553,21,91,Ultra Sports Watch,FGX-42-00553,160.29,68.73,High quality ultra sports watch from TrailBlaze.,"{""brand"": ""TrailBlaze"", ""material"": ""Wool"", ""weight_kg"": 21.25}",True
554,22,118,Pro Sports Paper,ORX-42-00554,397.36,203.36,High quality pro sports paper from TrailBlaze.,"{""brand"": ""TrailBlaze"", ""material"": ""Metal"", ""weight_kg"": 4.75}",True
555,19,61,Pro Home Trouble,FXY-42-00555,642.63,301.74,High quality pro home trouble from CozyLiving.,"{""brand"": ""CozyLiving"", ""material"": ""Wool"", ""weight_kg"": 10.14}",True
556,13,158,Premium Electronics Face,AHX-42-00556,1771.0,847.55,High quality premium electronics face from LinkSys.,"{""brand"": ""LinkSys"", ""color"": ""Navy"", ""weight_kg"": 5.05, ""warranty_years"": 1}",True
557,15,59,Premium Apparel Military,FXY-42-00557,59.74,41.71,High quality premium apparel military from DenimCo.,"{""brand"": ""DenimCo"", ""color"": ""Navy"", ""size"": ""L"", ""material"": ""Metal""}",True
558,5,15,Smart Beauty Cover,BPC-42-00558,143.91,66.13,High quality smart beauty cover from GlowUp.,"{""brand"": ""GlowUp"", ""weight_g"": 78}",True
559,23,125,Pro Sports South,CBX-42-00559,220.4,159.13,High quality pro sports south from AquaFlow.,"{""brand"": ""AquaFlow"", ""material"": ""Polyester"", ""weight_kg"": 6.0}",True
560,7,70,Classic Toys Whole,TGX-42-00560,114.07,78.1,High quality classic toys whole from BoardFun.,"{""brand"": ""BoardFun"", ""weight_g"": 1062}",True
561,13,84,Ultra Electronics Much,AHX-42-00561,873.99,412.8,High quality ultra electronics much from Volt.,"{""brand"": ""Volt"", ""color"": ""Gray"", ""weight_kg"": 3.4, ""warranty_years"": 5}",True
562,26,26,Ultra Toys Far,BGX-42-00562,13.17,9.77,High quality ultra toys far from KidZone.,"{""brand"": ""KidZone"", ""weight_g"": 558}",True
563,12,126,Premium Electronics Information,LCX-42-00563,1374.85,770.41,High quality premium electronics information from Quant.,"{""brand"": ""Quant"", ""color"": ""Silver"", ""weight_kg"": 6.98, ""warranty_years"": 5}",True
564,22,77,Eco Sports Doctor,ORX-42-00564,358.1,232.03,High quality eco sports doctor from FitPulse.,"{""brand"": ""FitPulse"", ""material"": ""Polyester"", ""weight_kg"": 2.83}",True
565,2,12,Classic Apparel Social,AXY-42-00565,73.24,35.32,High quality classic apparel social from UrbanStyle.,"{""brand"": ""UrbanStyle"", ""color"": ""Navy"", ""size"": ""XXL"", ""material"": ""Cotton""}",True
566,1,92,Pro Electronics Part,EXY-42-00566,1018.99,543.46,High quality pro electronics part from AudioMax.,"{""brand"": ""AudioMax"", ""color"": ""Blue"", ""weight_kg"": 1.14, ""warranty_years"": 1}",True
567,19,29,Classic Home Career,FXY-42-00567,219.33,126.4,High quality classic home career from ChefChoice.,"{""brand"": ""ChefChoice"", ""material"": ""Wool"", ""weight_kg"": 2.7}",True
568,23,125,Classic Sports Arm,CBX-42-00568,219.3,107.71,High quality classic sports arm from PeakGear.,"{""brand"": ""PeakGear"", ""material"": ""Wool"", ""weight_kg"": 12.73}",True
569,27,89,Classic Toys Never,AFD-42-00569,92.26,66.81,High quality classic toys never from BoardFun.,"{""brand"": ""BoardFun"", ""weight_g"": 1305}",True
570,27,89,Ultra Toys Successful,AFD-42-00570,66.87,36.95,High quality ultra toys successful from BoardFun.,"{""brand"": ""BoardFun"", ""weight_g"": 1056}",True
571,25,33,Eco Beauty Land,SCX-42-00571,85.57,61.87,High quality eco beauty land from LuxeHair.,"{""brand"": ""LuxeHair"", ""weight_g"": 158}",True
572,7,26,Pro Toys Mean,TGX-42-00572,16.0,7.43,High quality pro toys mean from BoardFun.,"{""brand"": ""BoardFun"", ""weight_g"": 384}",True
573,23,119,Pro Sports Yard,CBX-42-00573,221.03,165.4,High quality pro sports yard from PeakGear.,"{""brand"": ""PeakGear"", ""material"": ""Glass"", ""weight_kg"": 9.23}",True
574,23,136,Deluxe Sports Now,CBX-42-00574,245.17,140.37,High quality deluxe sports now from TrailBlaze.,"{""brand"": ""TrailBlaze"", ""material"": ""Polyester"", ""weight_kg"": 9.07}",True
575,7,89,Smart Toys Alone,TGX-42-00575,29.87,13.71,High quality smart toys alone from BoardFun.,"{""brand"": ""BoardFun"", ""weight_g"": 1203}",True
576,29,197,Premium Grocery Morning,BXY-42-00576,30.11,18.19,High quality premium grocery morning from TastyBites.,"{""brand"": ""TastyBites"", ""organic"": false, ""expiration_days"": 49}",True
577,8,176,Premium Automotive Hand,AXY-42-00577,204.69,145.45,High quality premium automotive hand from MotorMax.,"{""brand"": ""MotorMax"", ""weight_g"": 1445}",True
578,22,66,Premium Sports Indeed,ORX-42-00578,200.11,121.39,High quality premium sports indeed from FitPulse.,"{""brand"": ""FitPulse"", ""material"": ""Wool"", ""weight_kg"": 1.21}",True
579,15,177,Classic Apparel Traditional,FXY-42-00579,135.31,75.63,High quality classic apparel traditional from UrbanStyle.,"{""brand"": ""UrbanStyle"", ""color"": ""Black"", ""size"": ""M"", ""material"": ""Cotton""}",True
580,21,161,Eco Sports Rich,FGX-42-00580,475.69,244.37,High quality eco sports rich from TrailBlaze.,"{""brand"": ""TrailBlaze"", ""material"": ""Leather"", ""weight_kg"": 21.65}",True
581,26,173,Eco Toys Stand,BGX-42-00581,41.12,27.93,High quality eco toys stand from PlayTime.,"{""brand"": ""PlayTime"", ""weight_g"": 1170}",True
582,20,79,Ultra Home Contain,BBX-42-00582,87.65,42.89,High quality ultra home contain from ChefChoice.,"{""brand"": ""ChefChoice"", ""material"": ""Polyester"", ""weight_kg"": 1.0}",True
583,7,26,Eco Toys Lot,TGX-42-00583,52.74,28.52,High quality eco toys lot from BrickBuilder.,"{""brand"": ""BrickBuilder"", ""weight_g"": 296}",True
584,10,151,Classic Office Products Camera,OPX-42-00584,80.31,52.81,High quality classic office products camera from OfficePro.,"{""brand"": ""OfficePro"", ""weight_g"": 785}",True
585,22,66,Pro Sports Say,ORX-42-00585,416.87,241.55,High quality pro sports say from AquaFlow.,"{""brand"": ""AquaFlow"", ""material"": ""Wood"", ""weight_kg"": 12.17}",True
586,19,138,Deluxe Home National,FXY-42-00586,347.11,230.75,High quality deluxe home national from CozyLiving.,"{""brand"": ""CozyLiving"", ""material"": ""Wool"", ""weight_kg"": 11.14}",True
587,14,56,Pro Electronics Magazine,SHD-42-00587,100.07,52.0,High quality pro electronics magazine from AudioMax.,"{""brand"": ""AudioMax"", ""color"": ""Gray"", ""weight_kg"": 5.22, ""warranty_years"": 2}",True
588,30,152,Premium Grocery Four,SSX-42-00588,27.31,17.11,High quality premium grocery four from NatureDrop.,"{""brand"": ""NatureDrop"", ""organic"": false, ""expiration_days"": 233}",True
589,3,195,Ultra Home Risk,HKX-42-00589,389.92,176.25,High quality ultra home risk from CozyLiving.,"{""brand"": ""CozyLiving"", ""material"": ""Leather"", ""weight_kg"": 13.32}",True
590,10,198,Premium Office Products Across,OPX-42-00590,5.73,2.45,High quality premium office products across from PaperMate.,"{""brand"": ""PaperMate"", ""weight_g"": 1095}",True
591,14,107,Smart Electronics Actually,SHD-42-00591,207.08,130.73,High quality smart electronics actually from Volt.,"{""brand"": ""Volt"", ""color"": ""Blue"", ""weight_kg"": 2.11, ""warranty_years"": 1}",True
592,25,95,Pro Beauty Represent,SCX-42-00592,7.36,4.85,High quality pro beauty represent from SilkSkin.,"{""brand"": ""SilkSkin"", ""weight_g"": 423}",True
593,27,112,Eco Toys Develop,AFD-42-00593,14.98,8.17,High quality eco toys develop from BoardFun.,"{""brand"": ""BoardFun"", ""weight_g"": 692}",True
594,19,163,Smart Home Hundred,FXY-42-00594,372.17,236.18,High quality smart home hundred from CozyLiving.,"{""brand"": ""CozyLiving"", ""material"": ""Plastic"", ""weight_kg"": 24.18}",True
595,28,44,Smart Automotive Partner,CCX-42-00595,67.27,28.75,High quality smart automotive partner from MotorMax.,"{""brand"": ""MotorMax"", ""weight_g"": 1429}",True
596,4,118,Premium Sports Blood,SOX-42-00596,269.52,108.36,High quality premium sports blood from PeakGear.,"{""brand"": ""PeakGear"", ""material"": ""Wool"", ""weight_kg"": 16.57}",True
597,15,177,Eco Apparel Gas,FXY-42-00597,86.97,54.81,High quality eco apparel gas from UrbanStyle.,"{""brand"": ""UrbanStyle"", ""color"": ""Yellow"", ""size"": ""M"", ""material"": ""Plastic""}",True
598,23,170,Deluxe Sports High,CBX-42-00598,481.76,306.54,High quality deluxe sports high from FitPulse.,"{""brand"": ""FitPulse"", ""material"": ""Polyester"", ""weight_kg"": 3.56}",True
599,1,87,Ultra Electronics Position,EXY-42-00599,241.59,97.98,High quality ultra electronics position from TechCo.,"{""brand"": ""TechCo"", ""color"": ""Gray"", ""weight_kg"": 3.9, ""warranty_years"": 2}",True
600,21,78,Deluxe Sports Training,FGX-42-00600,220.72,136.65,High quality deluxe sports training from TrailBlaze.,"{""brand"": ""TrailBlaze"", ""material"": ""Polyester"", ""weight_kg"": 7.87}",True
601,15,34,Ultra Apparel Event,FXY-42-00601,100.06,40.79,High quality ultra apparel event from Vogue.,"{""brand"": ""Vogue"", ""color"": ""Yellow"", ""size"": ""L"", ""material"": ""Glass""}",True
602,1,158,Classic Electronics Culture,EXY-42-00602,910.04,441.3,High quality classic electronics culture from LinkSys.,"{""brand"": ""LinkSys"", ""color"": ""Green"", ""weight_kg"": 0.5, ""warranty_years"": 1}",True
603,4,166,Pro Sports Official,SOX-42-00603,424.58,234.0,High quality pro sports official from AquaFlow.,"{""brand"": ""AquaFlow"", ""material"": ""Metal"", ""weight_kg"": 1.41}",True
604,13,108,Eco Electronics Everyone,AHX-42-00604,1036.44,677.43,High quality eco electronics everyone from Quant.,"{""brand"": ""Quant"", ""color"": ""Gray"", ""weight_kg"": 5.74, ""warranty_years"": 1}",True
605,14,126,Eco Electronics Economic,SHD-42-00605,645.38,272.5,High quality eco electronics economic from Quant.,"{""brand"": ""Quant"", ""color"": ""Yellow"", ""weight_kg"": 1.02, ""warranty_years"": 3}",True
606,15,177,Eco Apparel Exist,FXY-42-00606,92.88,42.4,High quality eco apparel exist from Vogue.,"{""brand"": ""Vogue"", ""color"": ""Yellow"", ""size"": ""M"", ""material"": ""Glass""}",True
607,8,178,Classic Automotive Market,AXY-42-00607,69.81,50.14,High quality classic automotive market from TireSafe.,"{""brand"": ""TireSafe"", ""weight_g"": 318}",True
608,29,50,Pro Grocery Position,BXY-42-00608,36.7,19.69,High quality pro grocery position from NatureDrop.,"{""brand"": ""NatureDrop"", ""organic"": false, ""expiration_days"": 92}",True
609,20,42,Eco Home Gun,BBX-42-00609,236.73,156.77,High quality eco home gun from ChefChoice.,"{""brand"": ""ChefChoice"", ""material"": ""Wool"", ""weight_kg"": 4.75}",True
610,6,185,Pro Books History,BXY-42-00610,43.44,29.44,High quality pro books history from OReilly.,"{""brand"": ""OReilly"", ""weight_g"": 530}",True
611,7,154,Classic Toys Create,TGX-42-00611,15.18,6.17,High quality classic toys create from BoardFun.,"{""brand"": ""BoardFun"", ""weight_g"": 1436}",True
612,6,38,Premium Books Moment,BXY-42-00612,67.61,48.21,High quality premium books moment from Penguin.,"{""brand"": ""Penguin"", ""weight_g"": 741}",True
613,14,56,Ultra Electronics Language,SHD-42-00613,1242.77,549.6,High quality ultra electronics language from Quant.,"{""brand"": ""Quant"", ""color"": ""Red"", ""weight_kg"": 7.95, ""warranty_years"": 3}",True
614,25,7,Ultra Beauty Develop,SCX-42-00614,116.66,69.41,High quality ultra beauty develop from GlowUp.,"{""brand"": ""GlowUp"", ""weight_g"": 1496}",True
615,2,117,Deluxe Apparel Kind,AXY-42-00615,161.81,119.24,High quality deluxe apparel kind from ThreadWear.,"{""brand"": ""ThreadWear"", ""color"": ""White"", ""size"": ""XL"", ""material"": ""Polyester""}",True
616,27,154,Eco Toys School,AFD-42-00616,14.62,6.39,High quality eco toys school from PlayTime.,"{""brand"": ""PlayTime"", ""weight_g"": 470}",True
617,30,86,Pro Grocery Soldier,SSX-42-00617,9.54,4.79,High quality pro grocery soldier from SweetTreats.,"{""brand"": ""SweetTreats"", ""organic"": true, ""expiration_days"": 88}",True
618,21,99,Deluxe Sports Hotel,FGX-42-00618,170.63,76.48,High quality deluxe sports hotel from TrailBlaze.,"{""brand"": ""TrailBlaze"", ""material"": ""Glass"", ""weight_kg"": 24.26}",True
619,25,189,Pro Beauty His,SCX-42-00619,5.96,4.13,High quality pro beauty his from HerbEssentials.,"{""brand"": ""HerbEssentials"", ""weight_g"": 637}",True
620,17,49,Deluxe Apparel Too,FSX-42-00620,26.19,13.89,High quality deluxe apparel too from DenimCo.,"{""brand"": ""DenimCo"", ""color"": ""Blue"", ""size"": ""XXL"", ""material"": ""Leather""}",True
621,5,189,Ultra Beauty Institution,BPC-42-00621,114.26,62.57,High quality ultra beauty institution from SilkSkin.,"{""brand"": ""SilkSkin"", ""weight_g"": 928}",True
622,14,174,Deluxe Electronics Far,SHD-42-00622,830.43,465.51,High quality deluxe electronics far from LinkSys.,"{""brand"": ""LinkSys"", ""color"": ""Blue"", ""weight_kg"": 7.56, ""warranty_years"": 5}",True
623,5,189,Premium Beauty Little,BPC-42-00623,6.44,4.39,High quality premium beauty little from GlowUp.,"{""brand"": ""GlowUp"", ""weight_g"": 742}",True
624,11,107,Premium Electronics Couple,SXY-42-00624,1964.25,898.67,High quality premium electronics couple from Quant.,"{""brand"": ""Quant"", ""color"": ""Black"", ""weight_kg"": 5.32, ""warranty_years"": 2}",True
625,29,171,Eco Grocery Owner,BXY-42-00625,4.77,2.96,High quality eco grocery owner from NatureDrop.,"{""brand"": ""NatureDrop"", ""organic"": false, ""expiration_days"": 215}",True
626,29,197,Eco Grocery Catch,BXY-42-00626,35.64,25.15,High quality eco grocery catch from NatureDrop.,"{""brand"": ""NatureDrop"", ""organic"": false, ""expiration_days"": 14}",True
627,27,89,Ultra Toys Parent,AFD-42-00627,109.02,66.9,High quality ultra toys parent from KidZone.,"{""brand"": ""KidZone"", ""weight_g"": 963}",True
628,21,77,Smart Sports Rich,FGX-42-00628,444.35,274.84,High quality smart sports rich from AquaFlow.,"{""brand"": ""AquaFlow"", ""material"": ""Plastic"", ""weight_kg"": 22.25}",True
629,26,173,Classic Toys Drop,BGX-42-00629,54.5,25.56,High quality classic toys drop from PlayTime.,"{""brand"": ""PlayTime"", ""weight_g"": 125}",True
630,18,61,Ultra Home Teach,KAX-42-00630,321.14,209.26,High quality ultra home teach from CozyLiving.,"{""brand"": ""CozyLiving"", ""material"": ""Leather"", ""weight_kg"": 2.77}",True
631,18,54,Ultra Home Black,KAX-42-00631,424.25,282.11,High quality ultra home black from KitchenAid.,"{""brand"": ""KitchenAid"", ""material"": ""Cotton"", ""weight_kg"": 22.31}",True
632,18,124,Classic Home Set,KAX-42-00632,218.07,150.75,High quality classic home set from ChefChoice.,"{""brand"": ""ChefChoice"", ""material"": ""Polyester"", ""weight_kg"": 18.43}",True
633,27,96,Premium Toys Expect,AFD-42-00633,38.57,22.28,High quality premium toys expect from PlayTime.,"{""brand"": ""PlayTime"", ""weight_g"": 1383}",True
634,4,119,Pro Sports Summer,SOX-42-00634,152.49,100.32,High quality pro sports summer from FitPulse.,"{""brand"": ""FitPulse"", ""material"": ""Leather"", ""weight_kg"": 20.23}",True
635,19,124,Eco Home Eat,FXY-42-00635,576.0,419.41,High quality eco home eat from DecoHome.,"{""brand"": ""DecoHome"", ""material"": ""Plastic"", ""weight_kg"": 7.83}",True
636,22,192,Ultra Sports One,ORX-42-00636,408.46,245.27,High quality ultra sports one from AquaFlow.,"{""brand"": ""AquaFlow"", ""material"": ""Leather"", ""weight_kg"": 3.08}",True
637,17,153,Pro Apparel Lay,FSX-42-00637,46.59,31.33,High quality pro apparel lay from ThreadWear.,"{""brand"": ""ThreadWear"", ""color"": ""Silver"", ""size"": ""XXL"", ""material"": ""Wood""}",True
638,27,112,Ultra Toys Total,AFD-42-00638,19.01,8.02,High quality ultra toys total from KidZone.,"{""brand"": ""KidZone"", ""weight_g"": 489}",True
639,15,25,Smart Apparel I,FXY-42-00639,80.17,46.83,High quality smart apparel i from UrbanStyle.,"{""brand"": ""UrbanStyle"", ""color"": ""Pink"", ""size"": ""L"", ""material"": ""Metal""}",True
640,19,98,Eco Home Deal,FXY-42-00640,514.62,385.34,High quality eco home deal from ChefChoice.,"{""brand"": ""ChefChoice"", ""material"": ""Wood"", ""weight_kg"": 20.68}",True
641,5,95,Ultra Beauty Child,BPC-42-00641,23.43,15.2,High quality ultra beauty child from GlowUp.,"{""brand"": ""GlowUp"", ""weight_g"": 1472}",True
642,7,121,Smart Toys Such,TGX-42-00642,62.07,41.05,High quality smart toys such from BoardFun.,"{""brand"": ""BoardFun"", ""weight_g"": 293}",True
643,20,82,Classic Home Single,BBX-42-00643,101.61,53.79,High quality classic home single from KitchenAid.,"{""brand"": ""KitchenAid"", ""material"": ""Wool"", ""weight_kg"": 3.38}",True
644,10,131,Deluxe Office Products Citizen,OPX-42-00644,31.02,17.68,High quality deluxe office products citizen from OfficePro.,"{""brand"": ""OfficePro"", ""weight_g"": 341}",True
645,26,169,Classic Toys Material,BGX-42-00645,56.39,41.05,High quality classic toys material from BoardFun.,"{""brand"": ""BoardFun"", ""weight_g"": 491}",True
646,6,156,Premium Books Sure,BXY-42-00646,8.15,4.82,High quality premium books sure from Penguin.,"{""brand"": ""Penguin"", ""weight_g"": 905}",True
647,16,153,Classic Apparel Act,FXY-42-00647,68.84,38.44,High quality classic apparel act from DenimCo.,"{""brand"": ""DenimCo"", ""color"": ""Yellow"", ""size"": ""XXL"", ""material"": ""Wool""}",True
648,25,33,Pro Beauty Control,SCX-42-00648,78.19,43.89,High quality pro beauty control from LuxeHair.,"{""brand"": ""LuxeHair"", ""weight_g"": 355}",True
649,28,130,Smart Automotive Know,CCX-42-00649,31.35,19.4,High quality smart automotive know from TireSafe.,"{""brand"": ""TireSafe"", ""weight_g"": 843}",True
650,8,141,Eco Automotive Money,AXY-42-00650,105.0,43.68,High quality eco automotive money from TireSafe.,"{""brand"": ""TireSafe"", ""weight_g"": 618}",True
651,21,65,Smart Sports Center,FGX-42-00651,433.65,280.8,High quality smart sports center from FitPulse.,"{""brand"": ""FitPulse"", ""material"": ""Polyester"", ""weight_kg"": 16.28}",True
652,3,42,Deluxe Home Walk,HKX-42-00652,764.81,450.96,High quality deluxe home walk from KitchenAid.,"{""brand"": ""KitchenAid"", ""material"": ""Leather"", ""weight_kg"": 18.89}",True
653,17,9,Ultra Apparel Time,FSX-42-00653,32.85,23.9,High quality ultra apparel time from ThreadWear.,"{""brand"": ""ThreadWear"", ""color"": ""Red"", ""size"": ""S"", ""material"": ""Leather""}",True
654,27,179,Premium Toys Professor,AFD-42-00654,102.28,61.66,High quality premium toys professor from BoardFun.,"{""brand"": ""BoardFun"", ""weight_g"": 872}",True
655,19,4,Classic Home Nation,FXY-42-00655,400.81,291.33,High quality classic home nation from ChefChoice.,"{""brand"": ""ChefChoice"", ""material"": ""Wool"", ""weight_kg"": 10.67}",True
656,28,178,Premium Automotive None,CCX-42-00656,98.63,48.33,High quality premium automotive none from AutoPro.,"{""brand"": ""AutoPro"", ""weight_g"": 1159}",True
657,6,74,Premium Books Service,BXY-42-00657,18.37,8.99,High quality premium books service from Harper.,"{""brand"": ""Harper"", ""weight_g"": 678}",True
658,14,137,Classic Electronics Four,SHD-42-00658,355.0,218.35,High quality classic electronics four from Sonyx.,"{""brand"": ""Sonyx"", ""color"": ""Black"", ""weight_kg"": 5.74, ""warranty_years"": 3}",True
659,13,56,Classic Electronics Stock,AHX-42-00659,653.68,355.92,High quality classic electronics stock from Volt.,"{""brand"": ""Volt"", ""color"": ""Green"", ""weight_kg"": 7.54, ""warranty_years"": 1}",True
660,2,59,Ultra Apparel Message,AXY-42-00660,55.53,33.82,High quality ultra apparel message from DenimCo.,"{""brand"": ""DenimCo"", ""color"": ""Pink"", ""size"": ""XL"", ""material"": ""Wood""}",True
661,4,83,Pro Sports First,SOX-42-00661,35.01,19.7,High quality pro sports first from PeakGear.,"{""brand"": ""PeakGear"", ""material"": ""Glass"", ""weight_kg"": 1.21}",True
662,21,78,Smart Sports Enough,FGX-42-00662,457.3,185.9,High quality smart sports enough from PeakGear.,"{""brand"": ""PeakGear"", ""material"": ""Leather"", ""weight_kg"": 19.19}",True
663,21,192,Pro Sports Or,FGX-42-00663,67.16,40.22,High quality pro sports or from PeakGear.,"{""brand"": ""PeakGear"", ""material"": ""Leather"", ""weight_kg"": 19.68}",True
664,5,57,Ultra Beauty Town,BPC-42-00664,83.36,38.25,High quality ultra beauty town from LuxeHair.,"{""brand"": ""LuxeHair"", ""weight_g"": 1186}",True
665,15,12,Deluxe Apparel Out,FXY-42-00665,10.19,5.73,High quality deluxe apparel out from UrbanStyle.,"{""brand"": ""UrbanStyle"", ""color"": ""Red"", ""size"": ""XXL"", ""material"": ""Wool""}",True
666,1,8,Smart Electronics Anyone,EXY-42-00666,1868.34,1062.65,High quality smart electronics anyone from Volt.,"{""brand"": ""Volt"", ""color"": ""Green"", ""weight_kg"": 7.99, ""warranty_years"": 2}",True
667,19,106,Smart Home Information,FXY-42-00667,235.83,107.66,High quality smart home information from KitchenAid.,"{""brand"": ""KitchenAid"", ""material"": ""Metal"", ""weight_kg"": 2.7}",True
668,23,66,Classic Sports Bit,CBX-42-00668,416.1,272.04,High quality classic sports bit from AquaFlow.,"{""brand"": ""AquaFlow"", ""material"": ""Leather"", ""weight_kg"": 15.46}",True
669,26,96,Eco Toys Rock,BGX-42-00669,107.23,78.37,High quality eco toys rock from BoardFun.,"{""brand"": ""BoardFun"", ""weight_g"": 1499}",True
670,15,76,Classic Apparel Common,FXY-42-00670,56.73,42.21,High quality classic apparel common from Vogue.,"{""brand"": ""Vogue"", ""color"": ""Yellow"", ""size"": ""XL"", ""material"": ""Plastic""}",True
671,1,174,Premium Electronics As,EXY-42-00671,1389.85,870.4,High quality premium electronics as from LinkSys.,"{""brand"": ""LinkSys"", ""color"": ""Yellow"", ""weight_kg"": 0.13, ""warranty_years"": 1}",True
672,22,72,Eco Sports Dinner,ORX-42-00672,209.52,149.46,High quality eco sports dinner from AquaFlow.,"{""brand"": ""AquaFlow"", ""material"": ""Wood"", ""weight_kg"": 13.68}",True
673,26,173,Deluxe Toys Teach,BGX-42-00673,81.64,48.05,High quality deluxe toys teach from KidZone.,"{""brand"": ""KidZone"", ""weight_g"": 1426}",True
674,4,99,Smart Sports Environmental,SOX-42-00674,486.16,258.51,High quality smart sports environmental from FitPulse.,"{""brand"": ""FitPulse"", ""material"": ""Wood"", ""weight_kg"": 4.84}",True
675,25,189,Pro Beauty Maybe,SCX-42-00675,106.07,42.74,High quality pro beauty maybe from HerbEssentials.,"{""brand"": ""HerbEssentials"", ""weight_g"": 445}",True
676,15,9,Classic Apparel Those,FXY-42-00676,52.09,21.2,High quality classic apparel those from ActiveFit.,"{""brand"": ""ActiveFit"", ""color"": ""Gray"", ""size"": ""XS"", ""material"": ""Metal""}",True
677,26,179,Classic Toys Professional,BGX-42-00677,34.33,25.51,High quality classic toys professional from PlayTime.,"{""brand"": ""PlayTime"", ""weight_g"": 624}",True
678,16,177,Ultra Apparel Big,FXY-42-00678,144.32,68.29,High quality ultra apparel big from DenimCo.,"{""brand"": ""DenimCo"", ""color"": ""White"", ""size"": ""M"", ""material"": ""Glass""}",True
679,6,164,Eco Books Listen,BXY-42-00679,21.95,14.46,High quality eco books listen from Springer.,"{""brand"": ""Springer"", ""weight_g"": 1207}",True
680,6,22,Ultra Books Size,BXY-42-00680,50.35,33.29,High quality ultra books size from OReilly.,"{""brand"": ""OReilly"", ""weight_g"": 1217}",True
681,28,67,Classic Automotive Good,CCX-42-00681,264.9,173.54,High quality classic automotive good from DriveClean.,"{""brand"": ""DriveClean"", ""weight_g"": 1438}",True
682,1,139,Eco Electronics Ever,EXY-42-00682,1361.91,837.66,High quality eco electronics ever from LinkSys.,"{""brand"": ""LinkSys"", ""color"": ""Yellow"", ""weight_kg"": 0.12, ""warranty_years"": 5}",True
683,21,170,Classic Sports Herself,FGX-42-00683,471.82,197.29,High quality classic sports herself from AquaFlow.,"{""brand"": ""AquaFlow"", ""material"": ""Wood"", ""weight_kg"": 7.21}",True
684,22,125,Deluxe Sports Here,ORX-42-00684,235.96,124.24,High quality deluxe sports here from PeakGear.,"{""brand"": ""PeakGear"", ""material"": ""Leather"", ""weight_kg"": 1.65}",True
685,30,129,Pro Grocery Opportunity,SSX-42-00685,27.56,14.07,High quality pro grocery opportunity from TastyBites.,"{""brand"": ""TastyBites"", ""organic"": false, ""expiration_days"": 51}",True
686,29,171,Ultra Grocery Onto,BXY-42-00686,40.77,30.44,High quality ultra grocery onto from SweetTreats.,"{""brand"": ""SweetTreats"", ""organic"": true, ""expiration_days"": 137}",True
687,7,26,Eco Toys Work,TGX-42-00687,46.21,19.5,High quality eco toys work from PlayTime.,"{""brand"": ""PlayTime"", ""weight_g"": 107}",True
688,16,114,Eco Apparel Take,FXY-42-00688,163.53,99.33,High quality eco apparel take from ActiveFit.,"{""brand"": ""ActiveFit"", ""color"": ""Red"", ""size"": ""S"", ""material"": ""Polyester""}",True
689,16,73,Deluxe Apparel Even,FXY-42-00689,192.17,132.86,High quality deluxe apparel even from ActiveFit.,"{""brand"": ""ActiveFit"", ""color"": ""Pink"", ""size"": ""S"", ""material"": ""Polyester""}",True
690,25,127,Eco Beauty Guy,SCX-42-00690,94.84,63.3,High quality eco beauty guy from LuxeHair.,"{""brand"": ""LuxeHair"", ""weight_g"": 1235}",True
691,4,65,Pro Sports Again,SOX-42-00691,487.39,351.34,High quality pro sports again from FitPulse.,"{""brand"": ""FitPulse"", ""material"": ""Polyester"", ""weight_kg"": 19.67}",True
692,2,117,Pro Apparel Its,AXY-42-00692,20.41,12.53,High quality pro apparel its from ThreadWear.,"{""brand"": ""ThreadWear"", ""color"": ""White"", ""size"": ""XXL"", ""material"": ""Cotton""}",True
693,18,4,Premium Home Campaign,KAX-42-00693,246.51,131.52,High quality premium home campaign from ChefChoice.,"{""brand"": ""ChefChoice"", ""material"": ""Leather"", ""weight_kg"": 21.68}",True
694,26,173,Pro Toys Have,BGX-42-00694,78.64,43.94,High quality pro toys have from KidZone.,"{""brand"": ""KidZone"", ""weight_g"": 1320}",True
695,20,19,Deluxe Home Trip,BBX-42-00695,281.6,205.05,High quality deluxe home trip from KitchenAid.,"{""brand"": ""KitchenAid"", ""material"": ""Glass"", ""weight_kg"": 13.17}",True
696,19,42,Eco Home Respond,FXY-42-00696,99.79,40.35,High quality eco home respond from KitchenAid.,"{""brand"": ""KitchenAid"", ""material"": ""Leather"", ""weight_kg"": 22.66}",True
697,5,140,Pro Beauty Police,BPC-42-00697,78.79,41.32,High quality pro beauty police from LuxeHair.,"{""brand"": ""LuxeHair"", ""weight_g"": 430}",True
698,8,41,Classic Automotive Decide,AXY-42-00698,240.12,101.13,High quality classic automotive decide from TireSafe.,"{""brand"": ""TireSafe"", ""weight_g"": 1100}",True
699,21,190,Smart Sports Part,FGX-42-00699,182.08,110.03,High quality smart sports part from TrailBlaze.,"{""brand"": ""TrailBlaze"", ""material"": ""Wool"", ""weight_kg"": 12.0}",True
700,20,61,Smart Home Parent,BBX-42-00700,243.49,180.08,High quality smart home parent from DecoHome.,"{""brand"": ""DecoHome"", ""material"": ""Cotton"", ""weight_kg"": 6.32}",True
701,27,154,Ultra Toys Rate,AFD-42-00701,104.46,57.21,High quality ultra toys rate from BrickBuilder.,"{""brand"": ""BrickBuilder"", ""weight_g"": 1361}",True
702,30,43,Eco Grocery Range,SSX-42-00702,39.69,20.62,High quality eco grocery range from SweetTreats.,"{""brand"": ""SweetTreats"", ""organic"": false, ""expiration_days"": 317}",True
703,23,97,Classic Sports Nothing,CBX-42-00703,426.74,255.25,High quality classic sports nothing from FitPulse.,"{""brand"": ""FitPulse"", ""material"": ""Wood"", ""weight_kg"": 8.55}",True
704,4,119,Pro Sports Contain,SOX-42-00704,438.67,315.27,High quality pro sports contain from TrailBlaze.,"{""brand"": ""TrailBlaze"", ""material"": ""Cotton"", ""weight_kg"": 16.15}",True
705,23,78,Pro Sports Statement,CBX-42-00705,235.94,111.98,High quality pro sports statement from FitPulse.,"{""brand"": ""FitPulse"", ""material"": ""Wood"", ""weight_kg"": 5.53}",True
706,6,11,Premium Books Feel,BXY-42-00706,34.12,14.53,High quality premium books feel from Springer.,"{""brand"": ""Springer"", ""weight_g"": 285}",True
707,5,53,Deluxe Beauty Hear,BPC-42-00707,68.86,42.76,High quality deluxe beauty hear from HerbEssentials.,"{""brand"": ""HerbEssentials"", ""weight_g"": 139}",True
708,1,87,Classic Electronics Garden,EXY-42-00708,411.69,189.77,High quality classic electronics garden from AudioMax.,"{""brand"": ""AudioMax"", ""color"": ""Silver"", ""weight_kg"": 2.78, ""warranty_years"": 2}",True
709,6,52,Premium Books Report,BXY-42-00709,9.55,6.64,High quality premium books report from Penguin.,"{""brand"": ""Penguin"", ""weight_g"": 1437}",True
710,5,80,Classic Beauty Mrs,BPC-42-00710,99.96,70.95,High quality classic beauty mrs from SilkSkin.,"{""brand"": ""SilkSkin"", ""weight_g"": 674}",True
711,15,73,Ultra Apparel Method,FXY-42-00711,80.23,42.55,High quality ultra apparel method from UrbanStyle.,"{""brand"": ""UrbanStyle"", ""color"": ""Navy"", ""size"": ""L"", ""material"": ""Polyester""}",True
712,4,71,Ultra Sports Stage,SOX-42-00712,441.95,197.01,High quality ultra sports stage from TrailBlaze.,"{""brand"": ""TrailBlaze"", ""material"": ""Wood"", ""weight_kg"": 17.51}",True
713,11,126,Premium Electronics Since,SXY-42-00713,870.49,542.01,High quality premium electronics since from LinkSys.,"{""brand"": ""LinkSys"", ""color"": ""Navy"", ""weight_kg"": 1.59, ""warranty_years"": 3}",True
714,26,26,Deluxe Toys Likely,BGX-42-00714,46.04,19.27,High quality deluxe toys likely from BoardFun.,"{""brand"": ""BoardFun"", ""weight_g"": 308}",True
715,28,178,Ultra Automotive Visit,CCX-42-00715,290.67,206.39,High quality ultra automotive visit from AutoPro.,"{""brand"": ""AutoPro"", ""weight_g"": 1013}",True
716,26,173,Pro Toys Bar,BGX-42-00716,77.64,35.61,High quality pro toys bar from BoardFun.,"{""brand"": ""BoardFun"", ""weight_g"": 1071}",True
717,17,117,Smart Apparel I,FSX-42-00717,44.01,28.58,High quality smart apparel i from DenimCo.,"{""brand"": ""DenimCo"", ""color"": ""Yellow"", ""size"": ""L"", ""material"": ""Metal""}",True
718,19,79,Eco Home Positive,FXY-42-00718,515.91,349.13,High quality eco home positive from KitchenAid.,"{""brand"": ""KitchenAid"", ""material"": ""Leather"", ""weight_kg"": 5.88}",True
719,7,121,Classic Toys Few,TGX-42-00719,104.95,56.52,High quality classic toys few from KidZone.,"{""brand"": ""KidZone"", ""weight_g"": 822}",True
720,19,29,Smart Home Major,FXY-42-00720,749.37,397.87,High quality smart home major from KitchenAid.,"{""brand"": ""KitchenAid"", ""material"": ""Wool"", ""weight_kg"": 18.91}",True
721,10,144,Premium Office Products Program,OPX-42-00721,52.36,25.16,High quality premium office products program from DeskWork.,"{""brand"": ""DeskWork"", ""weight_g"": 1099}",True
722,20,61,Pro Home Check,BBX-42-00722,349.49,196.99,High quality pro home check from CozyLiving.,"{""brand"": ""CozyLiving"", ""material"": ""Glass"", ""weight_kg"": 8.27}",True
723,13,8,Eco Electronics Trouble,AHX-42-00723,375.54,180.95,High quality eco electronics trouble from TechCo.,"{""brand"": ""TechCo"", ""color"": ""Blue"", ""weight_kg"": 7.22, ""warranty_years"": 3}",True
724,27,154,Deluxe Toys Computer,AFD-42-00724,66.41,41.52,High quality deluxe toys computer from BoardFun.,"{""brand"": ""BoardFun"", ""weight_g"": 516}",True
725,4,66,Ultra Sports Push,SOX-42-00725,40.32,16.67,High quality ultra sports push from FitPulse.,"{""brand"": ""FitPulse"", ""material"": ""Leather"", ""weight_kg"": 17.04}",True
726,9,50,Deluxe Grocery System,GGF-42-00726,37.77,25.27,High quality deluxe grocery system from NatureDrop.,"{""brand"": ""NatureDrop"", ""organic"": true, ""expiration_days"": 319}",True
727,5,199,Classic Beauty Without,BPC-42-00727,114.1,75.18,High quality classic beauty without from GlowUp.,"{""brand"": ""GlowUp"", ""weight_g"": 663}",True
728,10,131,Pro Office Products Green,OPX-42-00728,78.53,42.51,High quality pro office products green from PaperMate.,"{""brand"": ""PaperMate"", ""weight_g"": 1016}",True
729,21,125,Deluxe Sports Know,FGX-42-00729,494.69,362.62,High quality deluxe sports know from AquaFlow.,"{""brand"": ""AquaFlow"", ""material"": ""Leather"", ""weight_kg"": 6.06}",True
730,24,47,Deluxe Beauty Program,MCX-42-00730,73.79,42.84,High quality deluxe beauty program from LuxeHair.,"{""brand"": ""LuxeHair"", ""weight_g"": 994}",True
731,11,150,Pro Electronics Position,SXY-42-00731,190.03,132.27,High quality pro electronics position from AudioMax.,"{""brand"": ""AudioMax"", ""color"": ""Green"", ""weight_kg"": 1.76, ""warranty_years"": 5}",True
732,28,181,Deluxe Automotive Owner,CCX-42-00732,13.88,6.23,High quality deluxe automotive owner from DriveClean.,"{""brand"": ""DriveClean"", ""weight_g"": 675}",True
733,24,7,Classic Beauty Interview,MCX-42-00733,77.47,48.85,High quality classic beauty interview from HerbEssentials.,"{""brand"": ""HerbEssentials"", ""weight_g"": 511}",True
734,14,107,Deluxe Electronics Time,SHD-42-00734,1377.81,745.64,High quality deluxe electronics time from AudioMax.,"{""brand"": ""AudioMax"", ""color"": ""Pink"", ""weight_kg"": 2.47, ""warranty_years"": 1}",True
735,19,195,Classic Home What,FXY-42-00735,40.28,18.07,High quality classic home what from ChefChoice.,"{""brand"": ""ChefChoice"", ""material"": ""Wood"", ""weight_kg"": 5.5}",True
736,13,56,Premium Electronics Away,AHX-42-00736,1078.29,502.4,High quality premium electronics away from Volt.,"{""brand"": ""Volt"", ""color"": ""Navy"", ""weight_kg"": 7.7, ""warranty_years"": 3}",True
737,3,29,Premium Home Base,HKX-42-00737,96.89,57.51,High quality premium home base from ChefChoice.,"{""brand"": ""ChefChoice"", ""material"": ""Cotton"", ""weight_kg"": 5.07}",True
738,3,79,Eco Home Color,HKX-42-00738,237.8,114.52,High quality eco home color from KitchenAid.,"{""brand"": ""KitchenAid"", ""material"": ""Glass"", ""weight_kg"": 1.91}",True
739,17,9,Pro Apparel Gun,FSX-42-00739,42.65,29.89,High quality pro apparel gun from DenimCo.,"{""brand"": ""DenimCo"", ""color"": ""Silver"", ""size"": ""XS"", ""material"": ""Wool""}",True
740,18,82,Deluxe Home Drive,KAX-42-00740,390.43,165.57,High quality deluxe home drive from DecoHome.,"{""brand"": ""DecoHome"", ""material"": ""Wool"", ""weight_kg"": 21.83}",True
741,10,134,Ultra Office Products Former,OPX-42-00741,81.97,51.86,High quality ultra office products former from StapleMax.,"{""brand"": ""StapleMax"", ""weight_g"": 1253}",True
742,7,154,Ultra Toys Free,TGX-42-00742,88.84,49.81,High quality ultra toys free from PlayTime.,"{""brand"": ""PlayTime"", ""weight_g"": 342}",True
743,15,25,Ultra Apparel Read,FXY-42-00743,166.67,101.95,High quality ultra apparel read from UrbanStyle.,"{""brand"": ""UrbanStyle"", ""color"": ""Blue"", ""size"": ""XL"", ""material"": ""Glass""}",True
744,15,117,Classic Apparel Film,FXY-42-00744,119.47,78.62,High quality classic apparel film from DenimCo.,"{""brand"": ""DenimCo"", ""color"": ""Blue"", ""size"": ""XXL"", ""material"": ""Metal""}",True
745,13,126,Pro Electronics See,AHX-42-00745,1650.39,1151.06,High quality pro electronics see from Sonyx.,"{""brand"": ""Sonyx"", ""color"": ""Silver"", ""weight_kg"": 7.21, ""warranty_years"": 5}",True
746,15,111,Smart Apparel Example,FXY-42-00746,183.06,84.98,High quality smart apparel example from ThreadWear.,"{""brand"": ""ThreadWear"", ""color"": ""Green"", ""size"": ""XXL"", ""material"": ""Cotton""}",True
747,8,44,Classic Automotive Point,AXY-42-00747,85.76,53.16,High quality classic automotive point from AutoPro.,"{""brand"": ""AutoPro"", ""weight_g"": 1479}",True
748,24,159,Pro Beauty Quite,MCX-42-00748,135.82,97.53,High quality pro beauty quite from GlowUp.,"{""brand"": ""GlowUp"", ""weight_g"": 805}",True
749,3,194,Classic Home Indicate,HKX-42-00749,97.6,65.22,High quality classic home indicate from ChefChoice.,"{""brand"": ""ChefChoice"", ""material"": ""Glass"", ""weight_kg"": 4.54}",True
750,7,154,Eco Toys Experience,TGX-42-00750,14.91,6.1,High quality eco toys experience from KidZone.,"{""brand"": ""KidZone"", ""weight_g"": 830}",True
751,11,139,Premium Electronics Very,SXY-42-00751,810.7,379.44,High quality premium electronics very from TechCo.,"{""brand"": ""TechCo"", ""color"": ""Red"", ""weight_kg"": 1.01, ""warranty_years"": 2}",True
752,11,137,Premium Electronics Light,SXY-42-00752,1502.38,855.85,High quality premium electronics light from TechCo.,"{""brand"": ""TechCo"", ""color"": ""Pink"", ""weight_kg"": 5.29, ""warranty_years"": 5}",True
753,5,81,Ultra Beauty Statement,BPC-42-00753,123.96,86.1,High quality ultra beauty statement from GlowUp.,"{""brand"": ""GlowUp"", ""weight_g"": 1293}",True
754,4,72,Pro Sports Travel,SOX-42-00754,150.6,88.42,High quality pro sports travel from TrailBlaze.,"{""brand"": ""TrailBlaze"", ""material"": ""Polyester"", ""weight_kg"": 16.95}",True
755,1,137,Ultra Electronics Wrong,EXY-42-00755,561.04,310.95,High quality ultra electronics wrong from Sonyx.,"{""brand"": ""Sonyx"", ""color"": ""Black"", ""weight_kg"": 7.15, ""warranty_years"": 2}",True
756,15,177,Smart Apparel Him,FXY-42-00756,19.07,11.86,High quality smart apparel him from ThreadWear.,"{""brand"": ""ThreadWear"", ""color"": ""Green"", ""size"": ""XXL"", ""material"": ""Metal""}",True
757,15,12,Pro Apparel Small,FXY-42-00757,123.66,51.57,High quality pro apparel small from Vogue.,"{""brand"": ""Vogue"", ""color"": ""Gray"", ""size"": ""M"", ""material"": ""Leather""}",True
758,7,24,Premium Toys People,TGX-42-00758,11.76,4.82,High quality premium toys people from BoardFun.,"{""brand"": ""BoardFun"", ""weight_g"": 443}",True
759,22,170,Premium Sports Near,ORX-42-00759,36.27,26.68,High quality premium sports near from TrailBlaze.,"{""brand"": ""TrailBlaze"", ""material"": ""Wool"", ""weight_kg"": 1.58}",True
760,17,27,Eco Apparel Little,FSX-42-00760,164.97,84.62,High quality eco apparel little from Vogue.,"{""brand"": ""Vogue"", ""color"": ""Navy"", ""size"": ""S"", ""material"": ""Wood""}",True
761,14,56,Classic Electronics Job,SHD-42-00761,480.17,209.86,High quality classic electronics job from Sonyx.,"{""brand"": ""Sonyx"", ""color"": ""Black"", ""weight_kg"": 3.28, ""warranty_years"": 3}",True
762,1,107,Eco Electronics Computer,EXY-42-00762,441.28,210.51,High quality eco electronics computer from Volt.,"{""brand"": ""Volt"", ""color"": ""Navy"", ""weight_kg"": 3.01, ""warranty_years"": 1}",True
763,29,43,Pro Grocery Create,BXY-42-00763,21.73,14.53,High quality pro grocery create from OrganicWay.,"{""brand"": ""OrganicWay"", ""organic"": true, ""expiration_days"": 138}",True
764,4,161,Pro Sports Too,SOX-42-00764,165.56,102.78,High quality pro sports too from TrailBlaze.,"{""brand"": ""TrailBlaze"", ""material"": ""Plastic"", ""weight_kg"": 4.8}",True
765,25,200,Eco Beauty Agency,SCX-42-00765,104.71,77.73,High quality eco beauty agency from LuxeHair.,"{""brand"": ""LuxeHair"", ""weight_g"": 188}",True
766,11,8,Pro Electronics Car,SXY-42-00766,1224.9,740.77,High quality pro electronics car from LinkSys.,"{""brand"": ""LinkSys"", ""color"": ""Gray"", ""weight_kg"": 4.08, ""warranty_years"": 1}",True
767,8,23,Classic Automotive Should,AXY-42-00767,186.82,133.37,High quality classic automotive should from DriveClean.,"{""brand"": ""DriveClean"", ""weight_g"": 927}",True
768,25,47,Classic Beauty Easy,SCX-42-00768,94.87,39.94,High quality classic beauty easy from LuxeHair.,"{""brand"": ""LuxeHair"", ""weight_g"": 657}",True
769,7,26,Ultra Toys Recently,TGX-42-00769,51.33,32.07,High quality ultra toys recently from KidZone.,"{""brand"": ""KidZone"", ""weight_g"": 723}",True
770,5,53,Premium Beauty Enter,BPC-42-00770,51.04,34.47,High quality premium beauty enter from LuxeHair.,"{""brand"": ""LuxeHair"", ""weight_g"": 1377}",True
771,27,89,Eco Toys Yeah,AFD-42-00771,92.56,44.44,High quality eco toys yeah from BoardFun.,"{""brand"": ""BoardFun"", ""weight_g"": 751}",True
772,8,55,Eco Automotive Six,AXY-42-00772,164.1,117.71,High quality eco automotive six from DriveClean.,"{""brand"": ""DriveClean"", ""weight_g"": 1457}",True
773,23,184,Smart Sports School,CBX-42-00773,115.11,81.2,High quality smart sports school from FitPulse.,"{""brand"": ""FitPulse"", ""material"": ""Wool"", ""weight_kg"": 11.34}",True
774,1,56,Ultra Electronics So,EXY-42-00774,1742.34,739.61,High quality ultra electronics so from TechCo.,"{""brand"": ""TechCo"", ""color"": ""Silver"", ""weight_kg"": 7.51, ""warranty_years"": 2}",True
775,3,29,Ultra Home Base,HKX-42-00775,480.22,331.8,High quality ultra home base from DecoHome.,"{""brand"": ""DecoHome"", ""material"": ""Polyester"", ""weight_kg"": 10.94}",True
776,15,85,Pro Apparel Develop,FXY-42-00776,41.19,19.32,High quality pro apparel develop from Vogue.,"{""brand"": ""Vogue"", ""color"": ""Navy"", ""size"": ""S"", ""material"": ""Metal""}",True
777,10,198,Classic Office Products Compare,OPX-42-00777,45.38,28.25,High quality classic office products compare from DeskWork.,"{""brand"": ""DeskWork"", ""weight_g"": 213}",True
778,12,107,Pro Electronics Industry,LCX-42-00778,767.88,433.66,High quality pro electronics industry from LinkSys.,"{""brand"": ""LinkSys"", ""color"": ""Navy"", ""weight_kg"": 5.91, ""warranty_years"": 2}",True
779,27,121,Deluxe Toys Board,AFD-42-00779,12.18,6.5,High quality deluxe toys board from PlayTime.,"{""brand"": ""PlayTime"", ""weight_g"": 664}",True
780,20,115,Classic Home Beyond,BBX-42-00780,134.95,88.3,High quality classic home beyond from ChefChoice.,"{""brand"": ""ChefChoice"", ""material"": ""Glass"", ""weight_kg"": 7.99}",True
781,10,132,Classic Office Products Attack,OPX-42-00781,56.65,32.19,High quality classic office products attack from OfficePro.,"{""brand"": ""OfficePro"", ""weight_g"": 1011}",True
782,7,26,Deluxe Toys Write,TGX-42-00782,110.77,44.47,High quality deluxe toys write from BoardFun.,"{""brand"": ""BoardFun"", ""weight_g"": 1056}",True
783,13,174,Eco Electronics Unit,AHX-42-00783,843.32,453.81,High quality eco electronics unit from Volt.,"{""brand"": ""Volt"", ""color"": ""Green"", ""weight_kg"": 3.97, ""warranty_years"": 1}",True
784,14,174,Pro Electronics Material,SHD-42-00784,96.88,70.0,High quality pro electronics material from LinkSys.,"{""brand"": ""LinkSys"", ""color"": ""Silver"", ""weight_kg"": 1.63, ""warranty_years"": 5}",True
785,9,86,Eco Grocery Official,GGF-42-00785,26.46,15.11,High quality eco grocery official from NatureDrop.,"{""brand"": ""NatureDrop"", ""organic"": true, ""expiration_days"": 343}",True
786,13,174,Pro Electronics Arm,AHX-42-00786,859.6,418.09,High quality pro electronics arm from TechCo.,"{""brand"": ""TechCo"", ""color"": ""Blue"", ""weight_kg"": 5.08, ""warranty_years"": 1}",True
787,23,170,Pro Sports Agree,CBX-42-00787,324.44,159.45,High quality pro sports agree from TrailBlaze.,"{""brand"": ""TrailBlaze"", ""material"": ""Metal"", ""weight_kg"": 6.56}",True
788,19,147,Deluxe Home Spend,FXY-42-00788,675.59,273.15,High quality deluxe home spend from KitchenAid.,"{""brand"": ""KitchenAid"", ""material"": ""Wood"", ""weight_kg"": 10.24}",True
789,19,16,Pro Home Industry,FXY-42-00789,422.05,196.71,High quality pro home industry from DecoHome.,"{""brand"": ""DecoHome"", ""material"": ""Wood"", ""weight_kg"": 6.7}",True
790,10,182,Pro Office Products Need,OPX-42-00790,96.8,61.03,High quality pro office products need from StapleMax.,"{""brand"": ""StapleMax"", ""weight_g"": 892}",True
791,25,200,Premium Beauty Southern,SCX-42-00791,139.03,97.92,High quality premium beauty southern from HerbEssentials.,"{""brand"": ""HerbEssentials"", ""weight_g"": 342}",True
792,9,43,Classic Grocery Because,GGF-42-00792,46.64,25.15,High quality classic grocery because from OrganicWay.,"{""brand"": ""OrganicWay"", ""organic"": true, ""expiration_days"": 261}",True
793,1,56,Smart Electronics Body,EXY-42-00793,158.29,101.89,High quality smart electronics body from Quant.,"{""brand"": ""Quant"", ""color"": ""Red"", ""weight_kg"": 5.89, ""warranty_years"": 2}",True
794,6,103,Pro Books Everybody,BXY-42-00794,21.42,9.58,High quality pro books everybody from Harper.,"{""brand"": ""Harper"", ""weight_g"": 1079}",True
795,4,119,Ultra Sports Prepare,SOX-42-00795,285.71,135.54,High quality ultra sports prepare from PeakGear.,"{""brand"": ""PeakGear"", ""material"": ""Wool"", ""weight_kg"": 20.32}",True
796,7,89,Pro Toys Clearly,TGX-42-00796,118.12,83.28,High quality pro toys clearly from PlayTime.,"{""brand"": ""PlayTime"", ""weight_g"": 1353}",True
797,6,22,Classic Books Become,BXY-42-00797,29.11,15.49,High quality classic books become from Penguin.,"{""brand"": ""Penguin"", ""weight_g"": 750}",True
798,1,126,Deluxe Electronics Real,EXY-42-00798,484.86,276.28,High quality deluxe electronics real from TechCo.,"{""brand"": ""TechCo"", ""color"": ""Black"", ""weight_kg"": 0.58, ""warranty_years"": 1}",True
799,22,160,Ultra Sports Word,ORX-42-00799,395.66,164.06,High quality ultra sports word from PeakGear.,"{""brand"": ""PeakGear"", ""material"": ""Wood"", ""weight_kg"": 15.27}",True
800,25,53,Classic Beauty Value,SCX-42-00800,140.16,79.28,High quality classic beauty value from LuxeHair.,"{""brand"": ""LuxeHair"", ""weight_g"": 739}",True
801,12,137,Deluxe Electronics In,LCX-42-00801,1782.5,1336.53,High quality deluxe electronics in from Sonyx.,"{""brand"": ""Sonyx"", ""color"": ""Blue"", ""weight_kg"": 5.35, ""warranty_years"": 5}",True
802,20,4,Deluxe Home For,BBX-42-00802,780.61,550.78,High quality deluxe home for from KitchenAid.,"{""brand"": ""KitchenAid"", ""material"": ""Cotton"", ""weight_kg"": 11.69}",True
803,23,100,Ultra Sports Drop,CBX-42-00803,363.98,258.71,High quality ultra sports drop from PeakGear.,"{""brand"": ""PeakGear"", ""material"": ""Polyester"", ""weight_kg"": 21.79}",True
804,9,45,Eco Grocery End,GGF-42-00804,19.68,12.13,High quality eco grocery end from SweetTreats.,"{""brand"": ""SweetTreats"", ""organic"": false, ""expiration_days"": 348}",True
805,7,21,Deluxe Toys Sing,TGX-42-00805,118.48,87.1,High quality deluxe toys sing from BoardFun.,"{""brand"": ""BoardFun"", ""weight_g"": 84}",True
806,21,99,Eco Sports Federal,FGX-42-00806,437.35,323.36,High quality eco sports federal from FitPulse.,"{""brand"": ""FitPulse"", ""material"": ""Glass"", ""weight_kg"": 6.22}",True
807,16,111,Classic Apparel Level,FXY-42-00807,150.45,101.99,High quality classic apparel level from DenimCo.,"{""brand"": ""DenimCo"", ""color"": ""Yellow"", ""size"": ""XXL"", ""material"": ""Polyester""}",True
808,24,80,Ultra Beauty Produce,MCX-42-00808,47.61,22.29,High quality ultra beauty produce from GlowUp.,"{""brand"": ""GlowUp"", ""weight_g"": 311}",True
809,16,25,Smart Apparel Card,FXY-42-00809,67.26,42.75,High quality smart apparel card from DenimCo.,"{""brand"": ""DenimCo"", ""color"": ""Silver"", ""size"": ""L"", ""material"": ""Polyester""}",True
810,16,175,Ultra Apparel Catch,FXY-42-00810,112.73,54.69,High quality ultra apparel catch from ThreadWear.,"{""brand"": ""ThreadWear"", ""color"": ""White"", ""size"": ""L"", ""material"": ""Cotton""}",True
811,6,102,Ultra Books New,BXY-42-00811,72.99,48.77,High quality ultra books new from OReilly.,"{""brand"": ""OReilly"", ""weight_g"": 1413}",True
812,16,175,Smart Apparel This,FXY-42-00812,33.39,14.94,High quality smart apparel this from DenimCo.,"{""brand"": ""DenimCo"", ""color"": ""White"", ""size"": ""XXL"", ""material"": ""Plastic""}",True
813,28,67,Smart Automotive Conference,CCX-42-00813,279.88,187.02,High quality smart automotive conference from AutoPro.,"{""brand"": ""AutoPro"", ""weight_g"": 1368}",True
814,11,107,Eco Electronics Air,SXY-42-00814,1822.13,1202.68,High quality eco electronics air from Quant.,"{""brand"": ""Quant"", ""color"": ""Pink"", ""weight_kg"": 7.73, ""warranty_years"": 5}",True
815,26,70,Premium Toys Already,BGX-42-00815,34.59,15.24,High quality premium toys already from PlayTime.,"{""brand"": ""PlayTime"", ""weight_g"": 232}",True
816,11,139,Premium Electronics Record,SXY-42-00816,1192.56,555.56,High quality premium electronics record from LinkSys.,"{""brand"": ""LinkSys"", ""color"": ""Blue"", ""weight_kg"": 1.11, ""warranty_years"": 3}",True
817,13,126,Smart Electronics Heavy,AHX-42-00817,1479.1,752.54,High quality smart electronics heavy from LinkSys.,"{""brand"": ""LinkSys"", ""color"": ""Gray"", ""weight_kg"": 6.79, ""warranty_years"": 5}",True
818,11,150,Deluxe Electronics Traditional,SXY-42-00818,742.75,473.69,High quality deluxe electronics traditional from Sonyx.,"{""brand"": ""Sonyx"", ""color"": ""Pink"", ""weight_kg"": 5.34, ""warranty_years"": 2}",True
819,4,100,Classic Sports Whole,SOX-42-00819,9.55,6.67,High quality classic sports whole from TrailBlaze.,"{""brand"": ""TrailBlaze"", ""material"": ""Metal"", ""weight_kg"": 21.01}",True
820,16,175,Ultra Apparel Gas,FXY-42-00820,96.6,58.98,High quality ultra apparel gas from ThreadWear.,"{""brand"": ""ThreadWear"", ""color"": ""Navy"", ""size"": ""M"", ""material"": ""Metal""}",True
821,17,177,Eco Apparel Treat,FSX-42-00821,33.46,25.06,High quality eco apparel treat from UrbanStyle.,"{""brand"": ""UrbanStyle"", ""color"": ""Yellow"", ""size"": ""XXL"", ""material"": ""Leather""}",True
822,16,85,Deluxe Apparel Maybe,FXY-42-00822,143.79,76.47,High quality deluxe apparel maybe from ActiveFit.,"{""brand"": ""ActiveFit"", ""color"": ""Silver"", ""size"": ""XXL"", ""material"": ""Leather""}",True
823,28,67,Deluxe Automotive Manage,CCX-42-00823,211.62,88.54,High quality deluxe automotive manage from DriveClean.,"{""brand"": ""DriveClean"", ""weight_g"": 1048}",True
824,24,80,Deluxe Beauty Truth,MCX-42-00824,48.37,33.15,High quality deluxe beauty truth from SilkSkin.,"{""brand"": ""SilkSkin"", ""weight_g"": 94}",True
825,18,79,Classic Home Now,KAX-42-00825,279.87,178.35,High quality classic home now from ChefChoice.,"{""brand"": ""ChefChoice"", ""material"": ""Wood"", ""weight_kg"": 2.26}",True
826,24,53,Eco Beauty Worry,MCX-42-00826,45.94,33.22,High quality eco beauty worry from LuxeHair.,"{""brand"": ""LuxeHair"", ""weight_g"": 249}",True
827,5,57,Deluxe Beauty Expert,BPC-42-00827,114.08,68.81,High quality deluxe beauty expert from GlowUp.,"{""brand"": ""GlowUp"", ""weight_g"": 672}",True
828,15,165,Eco Apparel Official,FXY-42-00828,41.1,18.42,High quality eco apparel official from DenimCo.,"{""brand"": ""DenimCo"", ""color"": ""Red"", ""size"": ""S"", ""material"": ""Leather""}",True
829,7,179,Classic Toys Light,TGX-42-00829,31.52,19.79,High quality classic toys light from PlayTime.,"{""brand"": ""PlayTime"", ""weight_g"": 1439}",True
830,26,26,Eco Toys Central,BGX-42-00830,51.42,38.25,High quality eco toys central from BrickBuilder.,"{""brand"": ""BrickBuilder"", ""weight_g"": 165}",True
831,4,99,Premium Sports Save,SOX-42-00831,487.21,225.52,High quality premium sports save from PeakGear.,"{""brand"": ""PeakGear"", ""material"": ""Plastic"", ""weight_kg"": 15.04}",True
832,5,140,Premium Beauty Notice,BPC-42-00832,109.77,53.32,High quality premium beauty notice from SilkSkin.,"{""brand"": ""SilkSkin"", ""weight_g"": 862}",True
833,16,85,Eco Apparel Cost,FXY-42-00833,140.72,103.3,High quality eco apparel cost from DenimCo.,"{""brand"": ""DenimCo"", ""color"": ""White"", ""size"": ""L"", ""material"": ""Wood""}",True
834,9,191,Premium Grocery Perhaps,GGF-42-00834,33.35,17.63,High quality premium grocery perhaps from OrganicWay.,"{""brand"": ""OrganicWay"", ""organic"": true, ""expiration_days"": 72}",True
835,16,165,Premium Apparel Picture,FXY-42-00835,137.07,79.28,High quality premium apparel picture from UrbanStyle.,"{""brand"": ""UrbanStyle"", ""color"": ""Navy"", ""size"": ""XL"", ""material"": ""Glass""}",True
836,9,13,Pro Grocery Loss,GGF-42-00836,40.13,18.6,High quality pro grocery loss from SweetTreats.,"{""brand"": ""SweetTreats"", ""organic"": false, ""expiration_days"": 302}",True
837,5,15,Deluxe Beauty Program,BPC-42-00837,52.16,33.89,High quality deluxe beauty program from SilkSkin.,"{""brand"": ""SilkSkin"", ""weight_g"": 880}",True
838,27,179,Smart Toys Smile,AFD-42-00838,12.17,7.24,High quality smart toys smile from KidZone.,"{""brand"": ""KidZone"", ""weight_g"": 180}",True
839,17,153,Eco Apparel Provide,FSX-42-00839,112.41,77.18,High quality eco apparel provide from ThreadWear.,"{""brand"": ""ThreadWear"", ""color"": ""Gray"", ""size"": ""XXL"", ""material"": ""Polyester""}",True
840,6,185,Pro Books Understand,BXY-42-00840,58.06,23.33,High quality pro books understand from OReilly.,"{""brand"": ""OReilly"", ""weight_g"": 301}",True
841,2,34,Premium Apparel Organization,AXY-42-00841,119.27,74.95,High quality premium apparel organization from UrbanStyle.,"{""brand"": ""UrbanStyle"", ""color"": ""Red"", ""size"": ""XS"", ""material"": ""Polyester""}",True
842,4,125,Ultra Sports Learn,SOX-42-00842,152.8,112.8,High quality ultra sports learn from AquaFlow.,"{""brand"": ""AquaFlow"", ""material"": ""Cotton"", ""weight_kg"": 6.58}",True
843,2,122,Smart Apparel Need,AXY-42-00843,181.88,91.43,High quality smart apparel need from DenimCo.,"{""brand"": ""DenimCo"", ""color"": ""Silver"", ""size"": ""XL"", ""material"": ""Glass""}",True
844,23,97,Classic Sports Push,CBX-42-00844,263.72,196.5,High quality classic sports push from TrailBlaze.,"{""brand"": ""TrailBlaze"", ""material"": ""Polyester"", ""weight_kg"": 16.73}",True
845,2,73,Deluxe Apparel Purpose,AXY-42-00845,16.98,7.63,High quality deluxe apparel purpose from Vogue.,"{""brand"": ""Vogue"", ""color"": ""Silver"", ""size"": ""XL"", ""material"": ""Leather""}",True
846,19,75,Pro Home None,FXY-42-00846,232.76,152.5,High quality pro home none from KitchenAid.,"{""brand"": ""KitchenAid"", ""material"": ""Metal"", ""weight_kg"": 6.89}",True
847,21,72,Classic Sports Force,FGX-42-00847,203.03,87.13,High quality classic sports force from AquaFlow.,"{""brand"": ""AquaFlow"", ""material"": ""Wool"", ""weight_kg"": 13.63}",True
848,3,146,Eco Home When,HKX-42-00848,590.15,441.65,High quality eco home when from DecoHome.,"{""brand"": ""DecoHome"", ""material"": ""Plastic"", ""weight_kg"": 14.31}",True
849,21,125,Ultra Sports Hand,FGX-42-00849,304.45,166.5,High quality ultra sports hand from FitPulse.,"{""brand"": ""FitPulse"", ""material"": ""Wood"", ""weight_kg"": 9.78}",True
850,20,48,Premium Home Meet,BBX-42-00850,75.86,33.65,High quality premium home meet from ChefChoice.,"{""brand"": ""ChefChoice"", ""material"": ""Polyester"", ""weight_kg"": 8.57}",True
851,3,75,Ultra Home Notice,HKX-42-00851,728.76,489.96,High quality ultra home notice from DecoHome.,"{""brand"": ""DecoHome"", ""material"": ""Metal"", ""weight_kg"": 0.74}",True
852,13,87,Premium Electronics Dream,AHX-42-00852,769.69,336.16,High quality premium electronics dream from Sonyx.,"{""brand"": ""Sonyx"", ""color"": ""Pink"", ""weight_kg"": 5.85, ""warranty_years"": 3}",True
853,19,195,Eco Home Support,FXY-42-00853,399.35,233.67,High quality eco home support from CozyLiving.,"{""brand"": ""CozyLiving"", ""material"": ""Metal"", ""weight_kg"": 15.38}",True
854,29,3,Pro Grocery Behind,BXY-42-00854,10.2,7.46,High quality pro grocery behind from TastyBites.,"{""brand"": ""TastyBites"", ""organic"": false, ""expiration_days"": 357}",True
855,26,154,Pro Toys Letter,BGX-42-00855,70.68,50.09,High quality pro toys letter from KidZone.,"{""brand"": ""KidZone"", ""weight_g"": 1263}",True
856,5,53,Ultra Beauty Foot,BPC-42-00856,6.38,3.7,High quality ultra beauty foot from SilkSkin.,"{""brand"": ""SilkSkin"", ""weight_g"": 342}",True
857,13,126,Eco Electronics History,AHX-42-00857,1476.14,617.77,High quality eco electronics history from AudioMax.,"{""brand"": ""AudioMax"", ""color"": ""Blue"", ""weight_kg"": 5.69, ""warranty_years"": 2}",True
858,22,161,Pro Sports Itself,ORX-42-00858,212.03,118.78,High quality pro sports itself from FitPulse.,"{""brand"": ""FitPulse"", ""material"": ""Glass"", ""weight_kg"": 12.8}",True
859,9,129,Deluxe Grocery Ever,GGF-42-00859,26.99,17.58,High quality deluxe grocery ever from TastyBites.,"{""brand"": ""TastyBites"", ""organic"": false, ""expiration_days"": 335}",True
860,28,35,Classic Automotive Clearly,CCX-42-00860,284.5,154.28,High quality classic automotive clearly from AutoPro.,"{""brand"": ""AutoPro"", ""weight_g"": 1349}",True
861,3,16,Ultra Home Floor,HKX-42-00861,588.01,429.66,High quality ultra home floor from KitchenAid.,"{""brand"": ""KitchenAid"", ""material"": ""Polyester"", ""weight_kg"": 18.71}",True
862,18,98,Pro Home Action,KAX-42-00862,649.55,262.25,High quality pro home action from DecoHome.,"{""brand"": ""DecoHome"", ""material"": ""Glass"", ""weight_kg"": 12.7}",True
863,22,170,Pro Sports A,ORX-42-00863,444.6,286.44,High quality pro sports a from PeakGear.,"{""brand"": ""PeakGear"", ""material"": ""Leather"", ""weight_kg"": 22.82}",True
864,24,7,Eco Beauty Necessary,MCX-42-00864,108.55,70.11,High quality eco beauty necessary from HerbEssentials.,"{""brand"": ""HerbEssentials"", ""weight_g"": 550}",True
865,24,140,Smart Beauty Teacher,MCX-42-00865,142.88,98.33,High quality smart beauty teacher from GlowUp.,"{""brand"": ""GlowUp"", ""weight_g"": 1293}",True
866,15,49,Smart Apparel Son,FXY-42-00866,138.16,97.91,High quality smart apparel son from Vogue.,"{""brand"": ""Vogue"", ""color"": ""Silver"", ""size"": ""XS"", ""material"": ""Plastic""}",True
867,27,26,Pro Toys Thus,AFD-42-00867,66.51,48.78,High quality pro toys thus from KidZone.,"{""brand"": ""KidZone"", ""weight_g"": 826}",True
868,6,103,Eco Books Century,BXY-42-00868,77.82,40.33,High quality eco books century from Harper.,"{""brand"": ""Harper"", ""weight_g"": 1154}",True
869,28,40,Classic Automotive Guy,CCX-42-00869,90.57,51.54,High quality classic automotive guy from DriveClean.,"{""brand"": ""DriveClean"", ""weight_g"": 54}",True
870,24,140,Classic Beauty Few,MCX-42-00870,87.48,41.65,High quality classic beauty few from GlowUp.,"{""brand"": ""GlowUp"", ""weight_g"": 998}",True
871,29,172,Premium Grocery Manager,BXY-42-00871,42.72,17.95,High quality premium grocery manager from SweetTreats.,"{""brand"": ""SweetTreats"", ""organic"": false, ""expiration_days"": 162}",True
872,12,56,Ultra Electronics Nor,LCX-42-00872,30.21,21.5,High quality ultra electronics nor from Quant.,"{""brand"": ""Quant"", ""color"": ""Blue"", ""weight_kg"": 0.17, ""warranty_years"": 5}",True
873,16,59,Ultra Apparel Across,FXY-42-00873,26.1,15.14,High quality ultra apparel across from DenimCo.,"{""brand"": ""DenimCo"", ""color"": ""White"", ""size"": ""L"", ""material"": ""Cotton""}",True
874,5,189,Pro Beauty Rise,BPC-42-00874,100.21,48.01,High quality pro beauty rise from HerbEssentials.,"{""brand"": ""HerbEssentials"", ""weight_g"": 662}",True
875,12,107,Classic Electronics Win,LCX-42-00875,1786.54,1050.04,High quality classic electronics win from TechCo.,"{""brand"": ""TechCo"", ""color"": ""Yellow"", ""weight_kg"": 5.28, ""warranty_years"": 5}",True
876,6,32,Classic Books Million,BXY-42-00876,33.47,18.47,High quality classic books million from Harper.,"{""brand"": ""Harper"", ""weight_g"": 276}",True
877,7,89,Eco Toys Your,TGX-42-00877,14.43,7.76,High quality eco toys your from BoardFun.,"{""brand"": ""BoardFun"", ""weight_g"": 114}",True
878,6,52,Classic Books Someone,BXY-42-00878,76.28,56.13,High quality classic books someone from Penguin.,"{""brand"": ""Penguin"", ""weight_g"": 912}",True
879,16,142,Ultra Apparel Me,FXY-42-00879,104.16,66.52,High quality ultra apparel me from ActiveFit.,"{""brand"": ""ActiveFit"", ""color"": ""Green"", ""size"": ""XL"", ""material"": ""Wood""}",True
880,5,15,Ultra Beauty Firm,BPC-42-00880,143.86,97.46,High quality ultra beauty firm from SilkSkin.,"{""brand"": ""SilkSkin"", ""weight_g"": 754}",True
881,17,9,Eco Apparel Act,FSX-42-00881,155.8,75.22,High quality eco apparel act from ActiveFit.,"{""brand"": ""ActiveFit"", ""color"": ""Green"", ""size"": ""XL"", ""material"": ""Cotton""}",True
882,14,108,Deluxe Electronics Space,SHD-42-00882,593.14,338.13,High quality deluxe electronics space from Quant.,"{""brand"": ""Quant"", ""color"": ""Gray"", ""weight_kg"": 4.98, ""warranty_years"": 2}",True
883,8,69,Eco Automotive Law,AXY-42-00883,231.18,162.39,High quality eco automotive law from DriveClean.,"{""brand"": ""DriveClean"", ""weight_g"": 1414}",True
884,27,112,Deluxe Toys Success,AFD-42-00884,31.83,20.6,High quality deluxe toys success from PlayTime.,"{""brand"": ""PlayTime"", ""weight_g"": 1485}",True
885,24,95,Deluxe Beauty Final,MCX-42-00885,93.61,43.63,High quality deluxe beauty final from SilkSkin.,"{""brand"": ""SilkSkin"", ""weight_g"": 519}",True
886,4,71,Ultra Sports Picture,SOX-42-00886,203.64,100.98,High quality ultra sports picture from TrailBlaze.,"{""brand"": ""TrailBlaze"", ""material"": ""Wood"", ""weight_kg"": 0.93}",True
887,7,24,Smart Toys During,TGX-42-00887,105.08,56.02,High quality smart toys during from BoardFun.,"{""brand"": ""BoardFun"", ""weight_g"": 1483}",True
888,21,78,Premium Sports Style,FGX-42-00888,114.78,63.03,High quality premium sports style from AquaFlow.,"{""brand"": ""AquaFlow"", ""material"": ""Cotton"", ""weight_kg"": 7.96}",True
889,9,86,Pro Grocery Account,GGF-42-00889,15.47,8.09,High quality pro grocery account from TastyBites.,"{""brand"": ""TastyBites"", ""organic"": false, ""expiration_days"": 34}",True
890,6,14,Classic Books Official,BXY-42-00890,8.04,5.07,High quality classic books official from Harper.,"{""brand"": ""Harper"", ""weight_g"": 634}",True
891,16,76,Ultra Apparel Hour,FXY-42-00891,182.61,79.48,High quality ultra apparel hour from ActiveFit.,"{""brand"": ""ActiveFit"", ""color"": ""Yellow"", ""size"": ""M"", ""material"": ""Plastic""}",True
892,10,18,Smart Office Products Current,OPX-42-00892,10.59,4.29,High quality smart office products current from OfficePro.,"{""brand"": ""OfficePro"", ""weight_g"": 728}",True
893,12,139,Smart Electronics Its,LCX-42-00893,1623.87,1071.8,High quality smart electronics its from LinkSys.,"{""brand"": ""LinkSys"", ""color"": ""Navy"", ""weight_kg"": 3.04, ""warranty_years"": 3}",True
894,7,169,Ultra Toys Us,TGX-42-00894,52.25,37.12,High quality ultra toys us from PlayTime.,"{""brand"": ""PlayTime"", ""weight_g"": 134}",True
895,19,146,Pro Home Option,FXY-42-00895,656.67,307.01,High quality pro home option from KitchenAid.,"{""brand"": ""KitchenAid"", ""material"": ""Polyester"", ""weight_kg"": 23.57}",True
896,20,61,Deluxe Home Leave,BBX-42-00896,251.66,142.43,High quality deluxe home leave from DecoHome.,"{""brand"": ""DecoHome"", ""material"": ""Wool"", ""weight_kg"": 1.57}",True
897,7,112,Deluxe Toys Indicate,TGX-42-00897,70.55,34.46,High quality deluxe toys indicate from BoardFun.,"{""brand"": ""BoardFun"", ""weight_g"": 799}",True
898,15,165,Premium Apparel Enjoy,FXY-42-00898,146.29,105.15,High quality premium apparel enjoy from DenimCo.,"{""brand"": ""DenimCo"", ""color"": ""Green"", ""size"": ""XL"", ""material"": ""Cotton""}",True
899,6,185,Classic Books Common,BXY-42-00899,27.74,20.49,High quality classic books common from Penguin.,"{""brand"": ""Penguin"", ""weight_g"": 1209}",True
900,2,177,Pro Apparel Senior,AXY-42-00900,46.14,31.61,High quality pro apparel senior from UrbanStyle.,"{""brand"": ""UrbanStyle"", ""color"": ""Pink"", ""size"": ""XS"", ""material"": ""Wool""}",True
901,15,122,Pro Apparel Since,FXY-42-00901,82.99,55.83,High quality pro apparel since from UrbanStyle.,"{""brand"": ""UrbanStyle"", ""color"": ""Red"", ""size"": ""S"", ""material"": ""Wool""}",True
902,1,84,Premium Electronics Race,EXY-42-00902,1152.36,699.76,High quality premium electronics race from LinkSys.,"{""brand"": ""LinkSys"", ""color"": ""Yellow"", ""weight_kg"": 4.08, ""warranty_years"": 3}",True
903,10,94,Premium Office Products In,OPX-42-00903,30.34,14.99,High quality premium office products in from OfficePro.,"{""brand"": ""OfficePro"", ""weight_g"": 508}",True
904,2,142,Ultra Apparel Them,AXY-42-00904,55.26,22.86,High quality ultra apparel them from ActiveFit.,"{""brand"": ""ActiveFit"", ""color"": ""Silver"", ""size"": ""M"", ""material"": ""Cotton""}",True
905,21,78,Premium Sports Human,FGX-42-00905,494.82,234.29,High quality premium sports human from PeakGear.,"{""brand"": ""PeakGear"", ""material"": ""Plastic"", ""weight_kg"": 16.0}",True
906,12,93,Smart Electronics Discussion,LCX-42-00906,184.83,119.57,High quality smart electronics discussion from Volt.,"{""brand"": ""Volt"", ""color"": ""Silver"", ""weight_kg"": 3.33, ""warranty_years"": 3}",True
907,11,8,Classic Electronics Everyone,SXY-42-00907,1259.39,508.34,High quality classic electronics everyone from Sonyx.,"{""brand"": ""Sonyx"", ""color"": ""Red"", ""weight_kg"": 1.5, ""warranty_years"": 1}",True
908,18,147,Deluxe Home Base,KAX-42-00908,783.33,526.68,High quality deluxe home base from KitchenAid.,"{""brand"": ""KitchenAid"", ""material"": ""Wood"", ""weight_kg"": 23.67}",True
909,9,191,Deluxe Grocery Knowledge,GGF-42-00909,32.45,19.24,High quality deluxe grocery knowledge from SweetTreats.,"{""brand"": ""SweetTreats"", ""organic"": true, ""expiration_days"": 176}",True
910,9,43,Deluxe Grocery Process,GGF-42-00910,29.92,20.43,High quality deluxe grocery process from SweetTreats.,"{""brand"": ""SweetTreats"", ""organic"": true, ""expiration_days"": 238}",True
911,8,145,Premium Automotive Education,AXY-42-00911,113.75,81.42,High quality premium automotive education from TireSafe.,"{""brand"": ""TireSafe"", ""weight_g"": 421}",True
912,15,49,Smart Apparel Nation,FXY-42-00912,164.96,76.15,High quality smart apparel nation from DenimCo.,"{""brand"": ""DenimCo"", ""color"": ""Silver"", ""size"": ""XXL"", ""material"": ""Metal""}",True
913,1,92,Pro Electronics South,EXY-42-00913,342.58,158.34,High quality pro electronics south from AudioMax.,"{""brand"": ""AudioMax"", ""color"": ""Navy"", ""weight_kg"": 1.58, ""warranty_years"": 2}",True
914,3,82,Pro Home Such,HKX-42-00914,207.52,149.04,High quality pro home such from KitchenAid.,"{""brand"": ""KitchenAid"", ""material"": ""Wool"", ""weight_kg"": 18.31}",True
915,26,21,Premium Toys Where,BGX-42-00915,76.36,40.64,High quality premium toys where from PlayTime.,"{""brand"": ""PlayTime"", ""weight_g"": 77}",True
916,25,199,Ultra Beauty Position,SCX-42-00916,98.45,40.89,High quality ultra beauty position from GlowUp.,"{""brand"": ""GlowUp"", ""weight_g"": 598}",True
917,5,140,Premium Beauty Surface,BPC-42-00917,91.95,62.28,High quality premium beauty surface from GlowUp.,"{""brand"": ""GlowUp"", ""weight_g"": 1160}",True
918,24,199,Ultra Beauty Rule,MCX-42-00918,54.07,35.02,High quality ultra beauty rule from SilkSkin.,"{""brand"": ""SilkSkin"", ""weight_g"": 1033}",True
919,25,127,Classic Beauty Reveal,SCX-42-00919,134.4,92.12,High quality classic beauty reveal from HerbEssentials.,"{""brand"": ""HerbEssentials"", ""weight_g"": 1030}",True
920,5,47,Eco Beauty Expert,BPC-42-00920,13.1,8.41,High quality eco beauty expert from GlowUp.,"{""brand"": ""GlowUp"", ""weight_g"": 93}",True
921,27,21,Smart Toys Feel,AFD-42-00921,21.31,10.74,High quality smart toys feel from KidZone.,"{""brand"": ""KidZone"", ""weight_g"": 340}",True
922,1,174,Pro Electronics Range,EXY-42-00922,464.14,222.48,High quality pro electronics range from Sonyx.,"{""brand"": ""Sonyx"", ""color"": ""Blue"", ""weight_kg"": 5.28, ""warranty_years"": 2}",True
923,30,197,Deluxe Grocery Situation,SSX-42-00923,20.47,14.52,High quality deluxe grocery situation from OrganicWay.,"{""brand"": ""OrganicWay"", ""organic"": false, ""expiration_days"": 96}",True
924,4,78,Classic Sports Night,SOX-42-00924,55.36,40.66,High quality classic sports night from PeakGear.,"{""brand"": ""PeakGear"", ""material"": ""Plastic"", ""weight_kg"": 3.4}",True
925,30,10,Ultra Grocery Table,SSX-42-00925,44.99,27.51,High quality ultra grocery table from SweetTreats.,"{""brand"": ""SweetTreats"", ""organic"": false, ""expiration_days"": 317}",True
926,6,133,Classic Books Exist,BXY-42-00926,18.82,11.92,High quality classic books exist from Springer.,"{""brand"": ""Springer"", ""weight_g"": 637}",True
927,12,174,Eco Electronics Itself,LCX-42-00927,225.77,162.71,High quality eco electronics itself from Volt.,"{""brand"": ""Volt"", ""color"": ""Red"", ""weight_kg"": 6.5, ""warranty_years"": 1}",True
928,26,21,Deluxe Toys Cup,BGX-42-00928,104.79,77.79,High quality deluxe toys cup from BrickBuilder.,"{""brand"": ""BrickBuilder"", ""weight_g"": 705}",True
929,5,80,Pro Beauty Tonight,BPC-42-00929,69.77,47.37,High quality pro beauty tonight from GlowUp.,"{""brand"": ""GlowUp"", ""weight_g"": 281}",True
930,19,82,Premium Home Authority,FXY-42-00930,768.27,382.19,High quality premium home authority from CozyLiving.,"{""brand"": ""CozyLiving"", ""material"": ""Wool"", ""weight_kg"": 4.96}",True
931,13,93,Eco Electronics Court,AHX-42-00931,652.25,357.66,High quality eco electronics court from Quant.,"{""brand"": ""Quant"", ""color"": ""Navy"", ""weight_kg"": 6.37, ""warranty_years"": 3}",True
932,5,189,Pro Beauty Century,BPC-42-00932,141.88,102.52,High quality pro beauty century from LuxeHair.,"{""brand"": ""LuxeHair"", ""weight_g"": 1175}",True
933,16,142,Deluxe Apparel Figure,FXY-42-00933,111.42,65.33,High quality deluxe apparel figure from Vogue.,"{""brand"": ""Vogue"", ""color"": ""Green"", ""size"": ""XS"", ""material"": ""Wood""}",True
934,17,153,Ultra Apparel Bring,FSX-42-00934,157.55,107.76,High quality ultra apparel bring from ThreadWear.,"{""brand"": ""ThreadWear"", ""color"": ""Gray"", ""size"": ""M"", ""material"": ""Cotton""}",True
935,7,21,Ultra Toys Public,TGX-42-00935,49.86,28.21,High quality ultra toys public from PlayTime.,"{""brand"": ""PlayTime"", ""weight_g"": 172}",True
936,30,86,Deluxe Grocery Lose,SSX-42-00936,19.32,13.47,High quality deluxe grocery lose from TastyBites.,"{""brand"": ""TastyBites"", ""organic"": false, ""expiration_days"": 245}",True
937,5,199,Pro Beauty Prepare,BPC-42-00937,128.73,95.28,High quality pro beauty prepare from SilkSkin.,"{""brand"": ""SilkSkin"", ""weight_g"": 481}",True
938,27,70,Eco Toys Local,AFD-42-00938,16.15,7.24,High quality eco toys local from BrickBuilder.,"{""brand"": ""BrickBuilder"", ""weight_g"": 823}",True
939,24,7,Premium Beauty Expert,MCX-42-00939,105.94,58.12,High quality premium beauty expert from GlowUp.,"{""brand"": ""GlowUp"", ""weight_g"": 1407}",True
940,19,16,Ultra Home School,FXY-42-00940,389.31,236.65,High quality ultra home school from KitchenAid.,"{""brand"": ""KitchenAid"", ""material"": ""Wool"", ""weight_kg"": 9.45}",True
941,3,48,Deluxe Home Prevent,HKX-42-00941,75.5,45.24,High quality deluxe home prevent from ChefChoice.,"{""brand"": ""ChefChoice"", ""material"": ""Wool"", ""weight_kg"": 19.25}",True
942,16,193,Classic Apparel Million,FXY-42-00942,36.62,21.41,High quality classic apparel million from DenimCo.,"{""brand"": ""DenimCo"", ""color"": ""Green"", ""size"": ""XXL"", ""material"": ""Plastic""}",True
943,15,165,Ultra Apparel Cup,FXY-42-00943,142.1,71.1,High quality ultra apparel cup from ThreadWear.,"{""brand"": ""ThreadWear"", ""color"": ""Black"", ""size"": ""XL"", ""material"": ""Wool""}",True
944,17,49,Eco Apparel Full,FSX-42-00944,12.06,8.34,High quality eco apparel full from DenimCo.,"{""brand"": ""DenimCo"", ""color"": ""Pink"", ""size"": ""XXL"", ""material"": ""Metal""}",True
945,30,171,Pro Grocery After,SSX-42-00945,26.09,16.91,High quality pro grocery after from TastyBites.,"{""brand"": ""TastyBites"", ""organic"": false, ""expiration_days"": 57}",True
946,17,111,Ultra Apparel Civil,FSX-42-00946,195.81,86.9,High quality ultra apparel civil from DenimCo.,"{""brand"": ""DenimCo"", ""color"": ""Navy"", ""size"": ""XS"", ""material"": ""Leather""}",True
947,13,84,Smart Electronics Appear,AHX-42-00947,1648.56,1222.56,High quality smart electronics appear from TechCo.,"{""brand"": ""TechCo"", ""color"": ""Yellow"", ""weight_kg"": 3.87, ""warranty_years"": 5}",True
948,27,112,Eco Toys Nor,AFD-42-00948,28.13,19.16,High quality eco toys nor from KidZone.,"{""brand"": ""KidZone"", ""weight_g"": 448}",True
949,9,13,Deluxe Grocery Age,GGF-42-00949,7.01,3.69,High quality deluxe grocery age from NatureDrop.,"{""brand"": ""NatureDrop"", ""organic"": true, ""expiration_days"": 132}",True
950,10,64,Smart Office Products Cultural,OPX-42-00950,54.62,23.1,High quality smart office products cultural from PaperMate.,"{""brand"": ""PaperMate"", ""weight_g"": 683}",True
951,7,154,Ultra Toys Blue,TGX-42-00951,32.19,23.34,High quality ultra toys blue from BoardFun.,"{""brand"": ""BoardFun"", ""weight_g"": 224}",True
952,19,124,Pro Home Father,FXY-42-00952,50.23,37.44,High quality pro home father from KitchenAid.,"{""brand"": ""KitchenAid"", ""material"": ""Cotton"", ""weight_kg"": 8.21}",True
953,10,5,Pro Office Products Exist,OPX-42-00953,98.07,65.03,High quality pro office products exist from OfficePro.,"{""brand"": ""OfficePro"", ""weight_g"": 694}",True
954,25,80,Eco Beauty Car,SCX-42-00954,110.22,81.66,High quality eco beauty car from GlowUp.,"{""brand"": ""GlowUp"", ""weight_g"": 728}",True
955,14,174,Deluxe Electronics Senior,SHD-42-00955,1488.07,647.83,High quality deluxe electronics senior from Sonyx.,"{""brand"": ""Sonyx"", ""color"": ""Black"", ""weight_kg"": 4.74, ""warranty_years"": 5}",True
956,16,153,Ultra Apparel Left,FXY-42-00956,175.07,72.32,High quality ultra apparel left from Vogue.,"{""brand"": ""Vogue"", ""color"": ""Yellow"", ""size"": ""XS"", ""material"": ""Polyester""}",True
957,23,78,Eco Sports Short,CBX-42-00957,442.78,302.25,High quality eco sports short from TrailBlaze.,"{""brand"": ""TrailBlaze"", ""material"": ""Wool"", ""weight_kg"": 24.84}",True
958,17,122,Smart Apparel Across,FSX-42-00958,198.53,121.71,High quality smart apparel across from ActiveFit.,"{""brand"": ""ActiveFit"", ""color"": ""Yellow"", ""size"": ""S"", ""material"": ""Plastic""}",True
959,10,131,Premium Office Products Early,OPX-42-00959,62.72,45.73,High quality premium office products early from DeskWork.,"{""brand"": ""DeskWork"", ""weight_g"": 539}",True
960,7,169,Smart Toys Believe,TGX-42-00960,76.76,56.44,High quality smart toys believe from KidZone.,"{""brand"": ""KidZone"", ""weight_g"": 249}",True
961,26,21,Smart Toys City,BGX-42-00961,25.69,18.1,High quality smart toys city from PlayTime.,"{""brand"": ""PlayTime"", ""weight_g"": 1071}",True
962,4,119,Ultra Sports Administration,SOX-42-00962,160.29,116.52,High quality ultra sports administration from PeakGear.,"{""brand"": ""PeakGear"", ""material"": ""Metal"", ""weight_kg"": 14.62}",True
963,12,56,Pro Electronics Minute,LCX-42-00963,160.85,104.35,High quality pro electronics minute from Volt.,"{""brand"": ""Volt"", ""color"": ""Yellow"", ""weight_kg"": 7.83, ""warranty_years"": 5}",True
964,21,71,Pro Sports Director,FGX-42-00964,470.22,348.0,High quality pro sports director from PeakGear.,"{""brand"": ""PeakGear"", ""material"": ""Plastic"", ""weight_kg"": 21.55}",True
965,13,107,Ultra Electronics Guess,AHX-42-00965,1716.86,1237.85,High quality ultra electronics guess from Quant.,"{""brand"": ""Quant"", ""color"": ""Blue"", ""weight_kg"": 4.15, ""warranty_years"": 3}",True
966,12,56,Classic Electronics Kitchen,LCX-42-00966,1370.76,791.04,High quality classic electronics kitchen from AudioMax.,"{""brand"": ""AudioMax"", ""color"": ""Black"", ""weight_kg"": 5.0, ""warranty_years"": 1}",True
967,24,189,Premium Beauty Forget,MCX-42-00967,40.5,27.84,High quality premium beauty forget from SilkSkin.,"{""brand"": ""SilkSkin"", ""weight_g"": 265}",True
968,10,132,Premium Office Products Stock,OPX-42-00968,16.66,8.99,High quality premium office products stock from OfficePro.,"{""brand"": ""OfficePro"", ""weight_g"": 845}",True
969,28,168,Pro Automotive Successful,CCX-42-00969,202.4,105.68,High quality pro automotive successful from TireSafe.,"{""brand"": ""TireSafe"", ""weight_g"": 273}",True
970,3,29,Pro Home Moment,HKX-42-00970,589.45,425.06,High quality pro home moment from ChefChoice.,"{""brand"": ""ChefChoice"", ""material"": ""Leather"", ""weight_kg"": 10.34}",True
971,3,61,Ultra Home Hot,HKX-42-00971,283.8,173.55,High quality ultra home hot from ChefChoice.,"{""brand"": ""ChefChoice"", ""material"": ""Polyester"", ""weight_kg"": 7.32}",True
972,2,142,Eco Apparel Major,AXY-42-00972,39.59,22.35,High quality eco apparel major from Vogue.,"{""brand"": ""Vogue"", ""color"": ""Blue"", ""size"": ""XL"", ""material"": ""Cotton""}",True
973,20,194,Classic Home Same,BBX-42-00973,313.52,228.17,High quality classic home same from ChefChoice.,"{""brand"": ""ChefChoice"", ""material"": ""Glass"", ""weight_kg"": 5.73}",True
974,7,21,Classic Toys Strong,TGX-42-00974,114.79,73.38,High quality classic toys strong from BoardFun.,"{""brand"": ""BoardFun"", ""weight_g"": 1351}",True
975,6,22,Premium Books Almost,BXY-42-00975,18.21,9.03,High quality premium books almost from OReilly.,"{""brand"": ""OReilly"", ""weight_g"": 974}",True
976,28,145,Classic Automotive Give,CCX-42-00976,159.81,101.38,High quality classic automotive give from DriveClean.,"{""brand"": ""DriveClean"", ""weight_g"": 160}",True
977,3,82,Ultra Home Be,HKX-42-00977,283.49,188.13,High quality ultra home be from DecoHome.,"{""brand"": ""DecoHome"", ""material"": ""Plastic"", ""weight_kg"": 23.58}",True
978,16,120,Eco Apparel Threat,FXY-42-00978,111.75,75.36,High quality eco apparel threat from DenimCo.,"{""brand"": ""DenimCo"", ""color"": ""Blue"", ""size"": ""XXL"", ""material"": ""Wood""}",True
979,27,21,Ultra Toys Social,AFD-42-00979,71.7,51.11,High quality ultra toys social from PlayTime.,"{""brand"": ""PlayTime"", ""weight_g"": 1417}",True
980,19,138,Deluxe Home Child,FXY-42-00980,128.52,81.28,High quality deluxe home child from CozyLiving.,"{""brand"": ""CozyLiving"", ""material"": ""Cotton"", ""weight_kg"": 4.19}",True
981,15,34,Deluxe Apparel Arrive,FXY-42-00981,104.89,53.57,High quality deluxe apparel arrive from DenimCo.,"{""brand"": ""DenimCo"", ""color"": ""Red"", ""size"": ""XL"", ""material"": ""Cotton""}",True
982,15,34,Smart Apparel Exactly,FXY-42-00982,130.52,81.39,High quality smart apparel exactly from ThreadWear.,"{""brand"": ""ThreadWear"", ""color"": ""Black"", ""size"": ""S"", ""material"": ""Leather""}",True
983,14,139,Pro Electronics Stand,SHD-42-00983,1101.25,504.52,High quality pro electronics stand from Sonyx.,"{""brand"": ""Sonyx"", ""color"": ""Blue"", ""weight_kg"": 1.76, ""warranty_years"": 2}",True
984,22,160,Classic Sports Including,ORX-42-00984,477.78,253.03,High quality classic sports including from PeakGear.,"{""brand"": ""PeakGear"", ""material"": ""Metal"", ""weight_kg"": 22.47}",True
985,17,27,Pro Apparel Away,FSX-42-00985,142.87,89.6,High quality pro apparel away from DenimCo.,"{""brand"": ""DenimCo"", ""color"": ""Green"", ""size"": ""M"", ""material"": ""Plastic""}",True
986,27,154,Classic Toys Of,AFD-42-00986,56.84,42.11,High quality classic toys of from PlayTime.,"{""brand"": ""PlayTime"", ""weight_g"": 410}",True
987,15,114,Ultra Apparel Many,FXY-42-00987,80.89,48.01,High quality ultra apparel many from UrbanStyle.,"{""brand"": ""UrbanStyle"", ""color"": ""Green"", ""size"": ""L"", ""material"": ""Metal""}",True
988,28,145,Deluxe Automotive Course,CCX-42-00988,192.06,124.02,High quality deluxe automotive course from AutoPro.,"{""brand"": ""AutoPro"", ""weight_g"": 229}",True
989,26,24,Pro Toys Dark,BGX-42-00989,19.86,8.06,High quality pro toys dark from PlayTime.,"{""brand"": ""PlayTime"", ""weight_g"": 1066}",True
990,24,189,Eco Beauty War,MCX-42-00990,95.45,56.38,High quality eco beauty war from LuxeHair.,"{""brand"": ""LuxeHair"", ""weight_g"": 1080}",True
991,19,195,Pro Home Thought,FXY-42-00991,40.62,20.37,High quality pro home thought from DecoHome.,"{""brand"": ""DecoHome"", ""material"": ""Leather"", ""weight_kg"": 19.53}",True
992,18,79,Premium Home Enough,KAX-42-00992,104.88,73.39,High quality premium home enough from CozyLiving.,"{""brand"": ""CozyLiving"", ""material"": ""Glass"", ""weight_kg"": 10.62}",True
993,27,173,Premium Toys Technology,AFD-42-00993,87.42,57.65,High quality premium toys technology from BoardFun.,"{""brand"": ""BoardFun"", ""weight_g"": 508}",True
994,17,85,Classic Apparel I,FSX-42-00994,60.85,38.37,High quality classic apparel i from DenimCo.,"{""brand"": ""DenimCo"", ""color"": ""Gray"", ""size"": ""XS"", ""material"": ""Wood""}",True
995,2,9,Deluxe Apparel Them,AXY-42-00995,14.99,10.14,High quality deluxe apparel them from UrbanStyle.,"{""brand"": ""UrbanStyle"", ""color"": ""Navy"", ""size"": ""M"", ""material"": ""Plastic""}",True
996,6,183,Pro Books Actually,BXY-42-00996,79.48,38.52,High quality pro books actually from Harper.,"{""brand"": ""Harper"", ""weight_g"": 1312}",True
997,21,100,Smart Sports Campaign,FGX-42-00997,415.13,282.48,High quality smart sports campaign from AquaFlow.,"{""brand"": ""AquaFlow"", ""material"": ""Wool"", ""weight_kg"": 23.52}",True
998,13,139,Smart Electronics Special,AHX-42-00998,363.96,260.76,High quality smart electronics special from Sonyx.,"{""brand"": ""Sonyx"", ""color"": ""Green"", ""weight_kg"": 1.92, ""warranty_years"": 2}",True
999,17,27,Deluxe Apparel Send,FSX-42-00999,129.97,87.66,High quality deluxe apparel send from ActiveFit.,"{""brand"": ""ActiveFit"", ""color"": ""Pink"", ""size"": ""S"", ""material"": ""Plastic""}",True
1000,7,24,Eco Toys Energy,TGX-42-01000,20.26,11.21,High quality eco toys energy from BrickBuilder.,"{""brand"": ""BrickBuilder"", ""weight_g"": 106}",True
1001,20,148,Smart Home Image,BBX-42-01001,441.78,327.07,High quality smart home image from ChefChoice.,"{""brand"": ""ChefChoice"", ""material"": ""Cotton"", ""weight_kg"": 18.69}",True
1002,5,81,Ultra Beauty Spend,BPC-42-01002,97.0,65.2,High quality ultra beauty spend from SilkSkin.,"{""brand"": ""SilkSkin"", ""weight_g"": 1386}",True
1003,29,45,Ultra Grocery Level,BXY-42-01003,16.25,9.55,High quality ultra grocery level from SweetTreats.,"{""brand"": ""SweetTreats"", ""organic"": false, ""expiration_days"": 347}",True
1004,2,76,Premium Apparel End,AXY-42-01004,25.76,11.6,High quality premium apparel end from UrbanStyle.,"{""brand"": ""UrbanStyle"", ""color"": ""White"", ""size"": ""XS"", ""material"": ""Glass""}",True
1005,30,172,Classic Grocery Sing,SSX-42-01005,7.89,3.55,High quality classic grocery sing from TastyBites.,"{""brand"": ""TastyBites"", ""organic"": true, ""expiration_days"": 49}",True
1006,16,110,Premium Apparel Along,FXY-42-01006,183.42,86.72,High quality premium apparel along from DenimCo.,"{""brand"": ""DenimCo"", ""color"": ""Black"", ""size"": ""L"", ""material"": ""Polyester""}",True
1007,16,165,Pro Apparel Decide,FXY-42-01007,24.5,15.69,High quality pro apparel decide from ActiveFit.,"{""brand"": ""ActiveFit"", ""color"": ""Yellow"", ""size"": ""S"", ""material"": ""Wool""}",True
1008,10,5,Eco Office Products Magazine,OPX-42-01008,90.46,57.07,High quality eco office products magazine from PaperMate.,"{""brand"": ""PaperMate"", ""weight_g"": 290}",True
1009,11,93,Smart Electronics Simple,SXY-42-01009,978.14,601.46,High quality smart electronics simple from TechCo.,"{""brand"": ""TechCo"", ""color"": ""Silver"", ""weight_kg"": 4.22, ""warranty_years"": 3}",True
1010,30,13,Premium Grocery Spend,SSX-42-01010,11.26,4.62,High quality premium grocery spend from TastyBites.,"{""brand"": ""TastyBites"", ""organic"": true, ""expiration_days"": 196}",True
1011,4,77,Premium Sports Between,SOX-42-01011,19.6,8.79,High quality premium sports between from TrailBlaze.,"{""brand"": ""TrailBlaze"", ""material"": ""Metal"", ""weight_kg"": 7.2}",True
1012,7,24,Classic Toys Near,TGX-42-01012,48.34,28.67,High quality classic toys near from KidZone.,"{""brand"": ""KidZone"", ""weight_g"": 1065}",True
1013,14,109,Classic Electronics Reduce,SHD-42-01013,1893.76,1368.85,High quality classic electronics reduce from Sonyx.,"{""brand"": ""Sonyx"", ""color"": ""Gray"", ""weight_kg"": 5.53, ""warranty_years"": 3}",True
1014,13,56,Classic Electronics Detail,AHX-42-01014,1175.62,785.62,High quality classic electronics detail from Sonyx.,"{""brand"": ""Sonyx"", ""color"": ""Gray"", ""weight_kg"": 7.63, ""warranty_years"": 5}",True
1015,14,174,Classic Electronics Material,SHD-42-01015,903.39,549.91,High quality classic electronics material from Volt.,"{""brand"": ""Volt"", ""color"": ""Navy"", ""weight_kg"": 0.95, ""warranty_years"": 5}",True
1016,14,87,Eco Electronics Improve,SHD-42-01016,1142.94,606.77,High quality eco electronics improve from TechCo.,"{""brand"": ""TechCo"", ""color"": ""Yellow"", ""weight_kg"": 1.42, ""warranty_years"": 1}",True
1017,17,76,Deluxe Apparel Responsibility,FSX-42-01017,121.51,61.08,High quality deluxe apparel responsibility from UrbanStyle.,"{""brand"": ""UrbanStyle"", ""color"": ""Blue"", ""size"": ""L"", ""material"": ""Cotton""}",True
1018,4,72,Ultra Sports Forget,SOX-42-01018,405.48,223.13,High quality ultra sports forget from FitPulse.,"{""brand"": ""FitPulse"", ""material"": ""Leather"", ""weight_kg"": 2.28}",True
1019,22,99,Premium Sports Would,ORX-42-01019,189.12,127.25,High quality premium sports would from PeakGear.,"{""brand"": ""PeakGear"", ""material"": ""Plastic"", ""weight_kg"": 17.36}",True
1020,23,97,Classic Sports Future,CBX-42-01020,110.82,66.34,High quality classic sports future from TrailBlaze.,"{""brand"": ""TrailBlaze"", ""material"": ""Polyester"", ""weight_kg"": 9.95}",True
1021,20,42,Classic Home Cold,BBX-42-01021,428.9,187.01,High quality classic home cold from KitchenAid.,"{""brand"": ""KitchenAid"", ""material"": ""Wood"", ""weight_kg"": 17.21}",True
1022,14,93,Premium Electronics Professional,SHD-42-01022,1630.52,765.29,High quality premium electronics professional from Quant.,"{""brand"": ""Quant"", ""color"": ""Yellow"", ""weight_kg"": 0.47, ""warranty_years"": 3}",True
1023,14,56,Classic Electronics Should,SHD-42-01023,265.7,122.2,High quality classic electronics should from LinkSys.,"{""brand"": ""LinkSys"", ""color"": ""Green"", ""weight_kg"": 1.97, ""warranty_years"": 1}",True
1024,10,5,Premium Office Products And,OPX-42-01024,64.72,45.28,High quality premium office products and from DeskWork.,"{""brand"": ""DeskWork"", ""weight_g"": 632}",True
1025,5,199,Smart Beauty Size,BPC-42-01025,145.19,59.96,High quality smart beauty size from GlowUp.,"{""brand"": ""GlowUp"", ""weight_g"": 740}",True
1026,21,37,Deluxe Sports Write,FGX-42-01026,39.38,17.06,High quality deluxe sports write from AquaFlow.,"{""brand"": ""AquaFlow"", ""material"": ""Metal"", ""weight_kg"": 7.23}",True
1027,25,57,Classic Beauty Often,SCX-42-01027,63.05,37.5,High quality classic beauty often from LuxeHair.,"{""brand"": ""LuxeHair"", ""weight_g"": 1304}",True
1028,2,111,Pro Apparel Near,AXY-42-01028,66.7,49.65,High quality pro apparel near from ThreadWear.,"{""brand"": ""ThreadWear"", ""color"": ""Blue"", ""size"": ""XL"", ""material"": ""Polyester""}",True
1029,1,87,Premium Electronics Can,EXY-42-01029,114.71,46.3,High quality premium electronics can from Volt.,"{""brand"": ""Volt"", ""color"": ""Green"", ""weight_kg"": 1.89, ""warranty_years"": 1}",True
1030,7,179,Smart Toys Environment,TGX-42-01030,109.25,57.81,High quality smart toys environment from PlayTime.,"{""brand"": ""PlayTime"", ""weight_g"": 1459}",True
1031,28,30,Premium Automotive Medical,CCX-42-01031,81.61,55.06,High quality premium automotive medical from AutoPro.,"{""brand"": ""AutoPro"", ""weight_g"": 673}",True
1032,3,51,Deluxe Home Pull,HKX-42-01032,273.52,168.07,High quality deluxe home pull from ChefChoice.,"{""brand"": ""ChefChoice"", ""material"": ""Metal"", ""weight_kg"": 17.62}",True
1033,30,31,Classic Grocery Fire,SSX-42-01033,30.01,13.26,High quality classic grocery fire from TastyBites.,"{""brand"": ""TastyBites"", ""organic"": false, ""expiration_days"": 336}",True
1034,15,175,Smart Apparel Decide,FXY-42-01034,33.25,19.44,High quality smart apparel decide from DenimCo.,"{""brand"": ""DenimCo"", ""color"": ""Yellow"", ""size"": ""M"", ""material"": ""Plastic""}",True
1035,25,159,Deluxe Beauty Herself,SCX-42-01035,74.99,32.41,High quality deluxe beauty herself from HerbEssentials.,"{""brand"": ""HerbEssentials"", ""weight_g"": 219}",True
1036,12,109,Eco Electronics Very,LCX-42-01036,1674.37,811.79,High quality eco electronics very from AudioMax.,"{""brand"": ""AudioMax"", ""color"": ""Gray"", ""weight_kg"": 5.59, ""warranty_years"": 1}",True
1037,16,12,Pro Apparel Area,FXY-42-01037,50.37,31.97,High quality pro apparel area from DenimCo.,"{""brand"": ""DenimCo"", ""color"": ""Gray"", ""size"": ""L"", ""material"": ""Polyester""}",True
1038,11,87,Smart Electronics Treat,SXY-42-01038,1631.71,1087.63,High quality smart electronics treat from Volt.,"{""brand"": ""Volt"", ""color"": ""Red"", ""weight_kg"": 5.7, ""warranty_years"": 2}",True
1039,28,178,Classic Automotive Reflect,CCX-42-01039,36.17,16.11,High quality classic automotive reflect from TireSafe.,"{""brand"": ""TireSafe"", ""weight_g"": 976}",True
1040,28,188,Ultra Automotive Discover,CCX-42-01040,156.47,105.31,High quality ultra automotive discover from AutoPro.,"{""brand"": ""AutoPro"", ""weight_g"": 619}",True
1041,14,84,Smart Electronics Budget,SHD-42-01041,1378.81,1010.7,High quality smart electronics budget from AudioMax.,"{""brand"": ""AudioMax"", ""color"": ""White"", ""weight_kg"": 1.26, ""warranty_years"": 1}",True
1042,24,15,Ultra Beauty Eat,MCX-42-01042,39.88,28.43,High quality ultra beauty eat from HerbEssentials.,"{""brand"": ""HerbEssentials"", ""weight_g"": 108}",True
1043,16,175,Premium Apparel Property,FXY-42-01043,110.87,58.01,High quality premium apparel property from UrbanStyle.,"{""brand"": ""UrbanStyle"", ""color"": ""White"", ""size"": ""M"", ""material"": ""Wood""}",True
1044,7,26,Classic Toys Leader,TGX-42-01044,53.66,29.56,High quality classic toys leader from PlayTime.,"{""brand"": ""PlayTime"", ""weight_g"": 953}",True
1045,9,86,Eco Grocery Garden,GGF-42-01045,6.7,4.2,High quality eco grocery garden from SweetTreats.,"{""brand"": ""SweetTreats"", ""organic"": true, ""expiration_days"": 160}",True
1046,7,112,Smart Toys Administration,TGX-42-01046,29.43,14.61,High quality smart toys administration from KidZone.,"{""brand"": ""KidZone"", ""weight_g"": 1112}",True
1047,14,56,Premium Electronics Computer,SHD-42-01047,1368.7,857.11,High quality premium electronics computer from Sonyx.,"{""brand"": ""Sonyx"", ""color"": ""White"", ""weight_kg"": 0.52, ""warranty_years"": 1}",True
1048,19,51,Classic Home Study,FXY-42-01048,202.43,118.67,High quality classic home study from DecoHome.,"{""brand"": ""DecoHome"", ""material"": ""Wood"", ""weight_kg"": 10.1}",True
1049,4,78,Classic Sports Fact,SOX-42-01049,368.29,260.69,High quality classic sports fact from AquaFlow.,"{""brand"": ""AquaFlow"", ""material"": ""Leather"", ""weight_kg"": 4.69}",True
1050,7,96,Classic Toys Pattern,TGX-42-01050,80.06,51.8,High quality classic toys pattern from PlayTime.,"{""brand"": ""PlayTime"", ""weight_g"": 243}",True
1051,6,157,Eco Books Call,BXY-42-01051,73.36,45.32,High quality eco books call from OReilly.,"{""brand"": ""OReilly"", ""weight_g"": 1458}",True
1052,8,44,Ultra Automotive Individual,AXY-42-01052,97.96,41.57,High quality ultra automotive individual from MotorMax.,"{""brand"": ""MotorMax"", ""weight_g"": 982}",True
1053,5,7,Premium Beauty Strategy,BPC-42-01053,101.57,55.84,High quality premium beauty strategy from SilkSkin.,"{""brand"": ""SilkSkin"", ""weight_g"": 590}",True
1054,29,10,Premium Grocery Eight,BXY-42-01054,10.19,6.79,High quality premium grocery eight from NatureDrop.,"{""brand"": ""NatureDrop"", ""organic"": false, ""expiration_days"": 308}",True
1055,1,108,Premium Electronics Act,EXY-42-01055,1748.97,988.87,High quality premium electronics act from TechCo.,"{""brand"": ""TechCo"", ""color"": ""Navy"", ""weight_kg"": 5.47, ""warranty_years"": 3}",True
1056,27,70,Ultra Toys And,AFD-42-01056,67.78,31.08,High quality ultra toys and from PlayTime.,"{""brand"": ""PlayTime"", ""weight_g"": 254}",True
1057,10,128,Smart Office Products Party,OPX-42-01057,45.81,30.11,High quality smart office products party from StapleMax.,"{""brand"": ""StapleMax"", ""weight_g"": 1408}",True
1058,16,76,Classic Apparel Step,FXY-42-01058,79.21,32.06,High quality classic apparel step from ActiveFit.,"{""brand"": ""ActiveFit"", ""color"": ""Blue"", ""size"": ""XL"", ""material"": ""Glass""}",True
1059,4,83,Premium Sports Rock,SOX-42-01059,344.46,225.58,High quality premium sports rock from TrailBlaze.,"{""brand"": ""TrailBlaze"", ""material"": ""Wood"", ""weight_kg"": 21.48}",True
1060,22,71,Smart Sports May,ORX-42-01060,181.81,74.69,High quality smart sports may from AquaFlow.,"{""brand"": ""AquaFlow"", ""material"": ""Plastic"", ""weight_kg"": 5.55}",True
1061,3,42,Premium Home Rise,HKX-42-01061,737.71,392.63,High quality premium home rise from CozyLiving.,"{""brand"": ""CozyLiving"", ""material"": ""Glass"", ""weight_kg"": 24.69}",True
1062,29,155,Classic Grocery Pick,BXY-42-01062,10.4,7.47,High quality classic grocery pick from NatureDrop.,"{""brand"": ""NatureDrop"", ""organic"": false, ""expiration_days"": 311}",True
1063,14,92,Smart Electronics Clear,SHD-42-01063,632.46,262.08,High quality smart electronics clear from AudioMax.,"{""brand"": ""AudioMax"", ""color"": ""Blue"", ""weight_kg"": 6.69, ""warranty_years"": 1}",True
1064,14,150,Deluxe Electronics Hot,SHD-42-01064,920.95,680.45,High quality deluxe electronics hot from Volt.,"{""brand"": ""Volt"", ""color"": ""Red"", ""weight_kg"": 0.97, ""warranty_years"": 1}",True
1065,16,175,Smart Apparel Spend,FXY-42-01065,37.95,24.22,High quality smart apparel spend from ActiveFit.,"{""brand"": ""ActiveFit"", ""color"": ""Navy"", ""size"": ""XL"", ""material"": ""Wool""}",True
1066,10,151,Premium Office Products Behind,OPX-42-01066,29.54,20.08,High quality premium office products behind from DeskWork.,"{""brand"": ""DeskWork"", ""weight_g"": 133}",True
1067,7,89,Pro Toys Energy,TGX-42-01067,100.8,44.67,High quality pro toys energy from BoardFun.,"{""brand"": ""BoardFun"", ""weight_g"": 60}",True
1068,14,93,Classic Electronics Coach,SHD-42-01068,1327.3,531.22,High quality classic electronics coach from Sonyx.,"{""brand"": ""Sonyx"", ""color"": ""Blue"", ""weight_kg"": 7.04, ""warranty_years"": 2}",True
1069,3,148,Ultra Home Money,HKX-42-01069,227.48,170.28,High quality ultra home money from ChefChoice.,"{""brand"": ""ChefChoice"", ""material"": ""Polyester"", ""weight_kg"": 7.62}",True
1070,2,120,Eco Apparel Benefit,AXY-42-01070,187.26,91.21,High quality eco apparel benefit from DenimCo.,"{""brand"": ""DenimCo"", ""color"": ""Green"", ""size"": ""L"", ""material"": ""Polyester""}",True
1071,29,46,Ultra Grocery Rich,BXY-42-01071,46.17,28.12,High quality ultra grocery rich from SweetTreats.,"{""brand"": ""SweetTreats"", ""organic"": false, ""expiration_days"": 306}",True
1072,5,140,Pro Beauty Present,BPC-42-01072,116.31,56.7,High quality pro beauty present from SilkSkin.,"{""brand"": ""SilkSkin"", ""weight_g"": 666}",True
1073,10,17,Pro Office Products Ground,OPX-42-01073,30.44,22.05,High quality pro office products ground from OfficePro.,"{""brand"": ""OfficePro"", ""weight_g"": 819}",True
1074,26,112,Eco Toys Word,BGX-42-01074,20.56,12.01,High quality eco toys word from BoardFun.,"{""brand"": ""BoardFun"", ""weight_g"": 1081}",True
1075,30,197,Pro Grocery Song,SSX-42-01075,36.2,20.41,High quality pro grocery song from SweetTreats.,"{""brand"": ""SweetTreats"", ""organic"": false, ""expiration_days"": 220}",True
1076,15,9,Deluxe Apparel Process,FXY-42-01076,183.39,75.05,High quality deluxe apparel process from DenimCo.,"{""brand"": ""DenimCo"", ""color"": ""White"", ""size"": ""S"", ""material"": ""Metal""}",True
1077,26,70,Smart Toys As,BGX-42-01077,73.84,39.18,High quality smart toys as from BoardFun.,"{""brand"": ""BoardFun"", ""weight_g"": 159}",True
1078,25,199,Premium Beauty As,SCX-42-01078,61.94,33.51,High quality premium beauty as from LuxeHair.,"{""brand"": ""LuxeHair"", ""weight_g"": 1110}",True
1079,15,12,Eco Apparel Heart,FXY-42-01079,26.09,12.9,High quality eco apparel heart from ThreadWear.,"{""brand"": ""ThreadWear"", ""color"": ""Blue"", ""size"": ""XL"", ""material"": ""Polyester""}",True
1080,27,89,Deluxe Toys Quite,AFD-42-01080,72.2,46.33,High quality deluxe toys quite from PlayTime.,"{""brand"": ""PlayTime"", ""weight_g"": 298}",True
1081,24,127,Premium Beauty Class,MCX-42-01081,102.79,67.72,High quality premium beauty class from SilkSkin.,"{""brand"": ""SilkSkin"", ""weight_g"": 1107}",True
1082,5,95,Ultra Beauty Science,BPC-42-01082,112.36,64.42,High quality ultra beauty science from SilkSkin.,"{""brand"": ""SilkSkin"", ""weight_g"": 666}",True
1083,21,91,Deluxe Sports Not,FGX-42-01083,360.98,262.72,High quality deluxe sports not from AquaFlow.,"{""brand"": ""AquaFlow"", ""material"": ""Leather"", ""weight_kg"": 3.31}",True
1084,1,84,Premium Electronics Strong,EXY-42-01084,1215.51,537.7,High quality premium electronics strong from Sonyx.,"{""brand"": ""Sonyx"", ""color"": ""Gray"", ""weight_kg"": 0.92, ""warranty_years"": 1}",True
1085,27,154,Premium Toys Both,AFD-42-01085,58.82,24.67,High quality premium toys both from BoardFun.,"{""brand"": ""BoardFun"", ""weight_g"": 878}",True
1086,16,49,Smart Apparel Car,FXY-42-01086,165.85,115.2,High quality smart apparel car from ActiveFit.,"{""brand"": ""ActiveFit"", ""color"": ""Navy"", ""size"": ""XXL"", ""material"": ""Glass""}",True
1087,28,188,Premium Automotive Method,CCX-42-01087,41.34,18.65,High quality premium automotive method from DriveClean.,"{""brand"": ""DriveClean"", ""weight_g"": 340}",True
1088,27,179,Eco Toys Early,AFD-42-01088,82.32,37.85,High quality eco toys early from BrickBuilder.,"{""brand"": ""BrickBuilder"", ""weight_g"": 1025}",True
1089,16,85,Smart Apparel Free,FXY-42-01089,65.0,28.28,High quality smart apparel free from DenimCo.,"{""brand"": ""DenimCo"", ""color"": ""Blue"", ""size"": ""XXL"", ""material"": ""Metal""}",True
1090,13,107,Pro Electronics Open,AHX-42-01090,1401.35,613.19,High quality pro electronics open from Quant.,"{""brand"": ""Quant"", ""color"": ""Silver"", ""weight_kg"": 0.32, ""warranty_years"": 5}",True
1091,4,160,Premium Sports Story,SOX-42-01091,197.77,119.29,High quality premium sports story from AquaFlow.,"{""brand"": ""AquaFlow"", ""material"": ""Cotton"", ""weight_kg"": 22.75}",True
1092,12,84,Classic Electronics Quite,LCX-42-01092,946.46,618.11,High quality classic electronics quite from TechCo.,"{""brand"": ""TechCo"", ""color"": ""Silver"", ""weight_kg"": 2.93, ""warranty_years"": 2}",True
1093,12,174,Premium Electronics Something,LCX-42-01093,1418.32,761.24,High quality premium electronics something from Sonyx.,"{""brand"": ""Sonyx"", ""color"": ""Silver"", ""weight_kg"": 2.88, ""warranty_years"": 3}",True
1094,15,177,Deluxe Apparel Hand,FXY-42-01094,173.15,77.75,High quality deluxe apparel hand from ActiveFit.,"{""brand"": ""ActiveFit"", ""color"": ""Green"", ""size"": ""XS"", ""material"": ""Glass""}",True
1095,13,108,Eco Electronics Support,AHX-42-01095,1219.57,564.82,High quality eco electronics support from LinkSys.,"{""brand"": ""LinkSys"", ""color"": ""Pink"", ""weight_kg"": 2.15, ""warranty_years"": 3}",True
1096,19,124,Pro Home Wait,FXY-42-01096,288.25,177.6,High quality pro home wait from KitchenAid.,"{""brand"": ""KitchenAid"", ""material"": ""Cotton"", ""weight_kg"": 1.22}",True
1097,24,33,Pro Beauty Leg,MCX-42-01097,38.6,24.43,High quality pro beauty leg from LuxeHair.,"{""brand"": ""LuxeHair"", ""weight_g"": 712}",True
1098,25,47,Eco Beauty Significant,SCX-42-01098,147.29,100.6,High quality eco beauty significant from SilkSkin.,"{""brand"": ""SilkSkin"", ""weight_g"": 265}",True
1099,29,36,Pro Grocery Data,BXY-42-01099,36.95,19.75,High quality pro grocery data from OrganicWay.,"{""brand"": ""OrganicWay"", ""organic"": true, ""expiration_days"": 323}",True
1100,9,13,Pro Grocery Against,GGF-42-01100,3.8,2.52,High quality pro grocery against from NatureDrop.,"{""brand"": ""NatureDrop"", ""organic"": true, ""expiration_days"": 99}",True
1101,11,56,Eco Electronics Risk,SXY-42-01101,1403.48,746.89,High quality eco electronics risk from LinkSys.,"{""brand"": ""LinkSys"", ""color"": ""Pink"", ""weight_kg"": 1.68, ""warranty_years"": 3}",True
1102,16,117,Eco Apparel Huge,FXY-42-01102,138.98,66.56,High quality eco apparel huge from Vogue.,"{""brand"": ""Vogue"", ""color"": ""Green"", ""size"": ""XL"", ""material"": ""Leather""}",True
1103,3,124,Premium Home Help,HKX-42-01103,34.03,25.04,High quality premium home help from DecoHome.,"{""brand"": ""DecoHome"", ""material"": ""Cotton"", ""weight_kg"": 20.35}",True
1104,29,2,Smart Grocery Shake,BXY-42-01104,19.26,10.45,High quality smart grocery shake from OrganicWay.,"{""brand"": ""OrganicWay"", ""organic"": false, ""expiration_days"": 104}",True
1105,22,184,Smart Sports Center,ORX-42-01105,479.08,313.75,High quality smart sports center from AquaFlow.,"{""brand"": ""AquaFlow"", ""material"": ""Leather"", ""weight_kg"": 20.89}",True
1106,19,98,Smart Home Enough,FXY-42-01106,408.17,214.2,High quality smart home enough from DecoHome.,"{""brand"": ""DecoHome"", ""material"": ""Polyester"", ""weight_kg"": 11.25}",True
1107,21,100,Ultra Sports Way,FGX-42-01107,437.62,262.22,High quality ultra sports way from FitPulse.,"{""brand"": ""FitPulse"", ""material"": ""Polyester"", ""weight_kg"": 3.39}",True
1108,8,30,Ultra Automotive Among,AXY-42-01108,182.44,94.11,High quality ultra automotive among from MotorMax.,"{""brand"": ""MotorMax"", ""weight_g"": 564}",True
1109,13,139,Ultra Electronics Memory,AHX-42-01109,728.65,513.96,High quality ultra electronics memory from Volt.,"{""brand"": ""Volt"", ""color"": ""White"", ""weight_kg"": 4.32, ""warranty_years"": 2}",True
1110,28,178,Pro Automotive Seat,CCX-42-01110,279.88,160.94,High quality pro automotive seat from AutoPro.,"{""brand"": ""AutoPro"", ""weight_g"": 1168}",True
1111,23,66,Classic Sports Left,CBX-42-01111,293.47,213.62,High quality classic sports left from PeakGear.,"{""brand"": ""PeakGear"", ""material"": ""Cotton"", ""weight_kg"": 8.78}",True
1112,9,43,Ultra Grocery Operation,GGF-42-01112,18.06,12.06,High quality ultra grocery operation from TastyBites.,"{""brand"": ""TastyBites"", ""organic"": false, ""expiration_days"": 349}",True
1113,30,3,Smart Grocery Financial,SSX-42-01113,13.31,5.66,High quality smart grocery financial from OrganicWay.,"{""brand"": ""OrganicWay"", ""organic"": false, ""expiration_days"": 46}",True
1114,14,126,Smart Electronics Occur,SHD-42-01114,1483.79,1076.16,High quality smart electronics occur from Quant.,"{""brand"": ""Quant"", ""color"": ""Silver"", ""weight_kg"": 2.24, ""warranty_years"": 1}",True
1115,4,39,Classic Sports Same,SOX-42-01115,250.82,120.1,High quality classic sports same from AquaFlow.,"{""brand"": ""AquaFlow"", ""material"": ""Glass"", ""weight_kg"": 7.93}",True
1116,28,67,Deluxe Automotive Might,CCX-42-01116,11.33,4.75,High quality deluxe automotive might from DriveClean.,"{""brand"": ""DriveClean"", ""weight_g"": 1144}",True
1117,20,79,Smart Home Customer,BBX-42-01117,550.32,362.26,High quality smart home customer from ChefChoice.,"{""brand"": ""ChefChoice"", ""material"": ""Cotton"", ""weight_kg"": 9.98}",True
1118,13,139,Smart Electronics Our,AHX-42-01118,267.97,172.97,High quality smart electronics our from Sonyx.,"{""brand"": ""Sonyx"", ""color"": ""White"", ""weight_kg"": 3.56, ""warranty_years"": 3}",True
1119,12,87,Ultra Electronics Culture,LCX-42-01119,699.39,504.49,High quality ultra electronics culture from Sonyx.,"{""brand"": ""Sonyx"", ""color"": ""White"", ""weight_kg"": 4.75, ""warranty_years"": 2}",True
1120,14,139,Smart Electronics Of,SHD-42-01120,1510.09,1030.95,High quality smart electronics of from LinkSys.,"{""brand"": ""LinkSys"", ""color"": ""Black"", ""weight_kg"": 7.93, ""warranty_years"": 1}",True
1121,28,67,Ultra Automotive Happen,CCX-42-01121,244.72,104.45,High quality ultra automotive happen from TireSafe.,"{""brand"": ""TireSafe"", ""weight_g"": 419}",True
1122,10,6,Ultra Office Products Game,OPX-42-01122,32.1,19.61,High quality ultra office products game from StapleMax.,"{""brand"": ""StapleMax"", ""weight_g"": 315}",True
1123,20,79,Premium Home Sign,BBX-42-01123,390.78,173.05,High quality premium home sign from KitchenAid.,"{""brand"": ""KitchenAid"", ""material"": ""Metal"", ""weight_kg"": 23.49}",True
1124,7,121,Deluxe Toys Management,TGX-42-01124,87.58,59.97,High quality deluxe toys management from BrickBuilder.,"{""brand"": ""BrickBuilder"", ""weight_g"": 958}",True
1125,23,91,Classic Sports Face,CBX-42-01125,471.01,317.02,High quality classic sports face from TrailBlaze.,"{""brand"": ""TrailBlaze"", ""material"": ""Metal"", ""weight_kg"": 8.31}",True
1126,18,106,Pro Home Trip,KAX-42-01126,96.94,50.54,High quality pro home trip from ChefChoice.,"{""brand"": ""ChefChoice"", ""material"": ""Metal"", ""weight_kg"": 2.42}",True
1127,30,31,Classic Grocery Theory,SSX-42-01127,42.39,24.69,High quality classic grocery theory from TastyBites.,"{""brand"": ""TastyBites"", ""organic"": true, ""expiration_days"": 200}",True
1128,24,199,Ultra Beauty Place,MCX-42-01128,119.25,49.2,High quality ultra beauty place from LuxeHair.,"{""brand"": ""LuxeHair"", ""weight_g"": 1381}",True
1129,25,81,Deluxe Beauty Who,SCX-42-01129,143.19,58.34,High quality deluxe beauty who from GlowUp.,"{""brand"": ""GlowUp"", ""weight_g"": 603}",True
1130,9,171,Premium Grocery Traditional,GGF-42-01130,20.44,14.09,High quality premium grocery traditional from OrganicWay.,"{""brand"": ""OrganicWay"", ""organic"": false, ""expiration_days"": 322}",True
1131,13,108,Pro Electronics Once,AHX-42-01131,57.32,30.6,High quality pro electronics once from TechCo.,"{""brand"": ""TechCo"", ""color"": ""Gray"", ""weight_kg"": 1.73, ""warranty_years"": 2}",True
1132,22,118,Premium Sports College,ORX-42-01132,268.58,169.51,High quality premium sports college from FitPulse.,"{""brand"": ""FitPulse"", ""material"": ""Cotton"", ""weight_kg"": 22.8}",True
1133,25,200,Classic Beauty Authority,SCX-42-01133,53.75,37.08,High quality classic beauty authority from SilkSkin.,"{""brand"": ""SilkSkin"", ""weight_g"": 106}",True
1134,11,139,Pro Electronics Nice,SXY-42-01134,1661.89,917.24,High quality pro electronics nice from AudioMax.,"{""brand"": ""AudioMax"", ""color"": ""Black"", ""weight_kg"": 6.48, ""warranty_years"": 5}",True
1135,24,200,Smart Beauty Clear,MCX-42-01135,103.31,72.37,High quality smart beauty clear from LuxeHair.,"{""brand"": ""LuxeHair"", ""weight_g"": 918}",True
1136,19,163,Ultra Home Listen,FXY-42-01136,461.12,268.2,High quality ultra home listen from ChefChoice.,"{""brand"": ""ChefChoice"", ""material"": ""Glass"", ""weight_kg"": 18.77}",True
1137,30,45,Deluxe Grocery Find,SSX-42-01137,8.33,3.38,High quality deluxe grocery find from NatureDrop.,"{""brand"": ""NatureDrop"", ""organic"": true, ""expiration_days"": 137}",True
1138,25,95,Premium Beauty Ten,SCX-42-01138,47.89,28.73,High quality premium beauty ten from HerbEssentials.,"{""brand"": ""HerbEssentials"", ""weight_g"": 790}",True
1139,9,197,Deluxe Grocery Everyone,GGF-42-01139,14.02,8.81,High quality deluxe grocery everyone from OrganicWay.,"{""brand"": ""OrganicWay"", ""organic"": true, ""expiration_days"": 167}",True
1140,19,147,Ultra Home Number,FXY-42-01140,266.98,131.51,High quality ultra home number from ChefChoice.,"{""brand"": ""ChefChoice"", ""material"": ""Glass"", ""weight_kg"": 0.92}",True
1141,1,108,Eco Electronics Hit,EXY-42-01141,93.27,49.02,High quality eco electronics hit from LinkSys.,"{""brand"": ""LinkSys"", ""color"": ""Gray"", ""weight_kg"": 3.33, ""warranty_years"": 1}",True
1142,9,172,Pro Grocery Long,GGF-42-01142,28.47,20.89,High quality pro grocery long from TastyBites.,"{""brand"": ""TastyBites"", ""organic"": false, ""expiration_days"": 151}",True
1143,9,152,Ultra Grocery A,GGF-42-01143,8.11,5.03,High quality ultra grocery a from OrganicWay.,"{""brand"": ""OrganicWay"", ""organic"": true, ""expiration_days"": 68}",True
1144,21,39,Pro Sports Stand,FGX-42-01144,96.21,55.55,High quality pro sports stand from FitPulse.,"{""brand"": ""FitPulse"", ""material"": ""Cotton"", ""weight_kg"": 14.06}",True
1145,8,30,Classic Automotive Pull,AXY-42-01145,285.75,213.51,High quality classic automotive pull from AutoPro.,"{""brand"": ""AutoPro"", ""weight_g"": 1439}",True
1146,28,135,Ultra Automotive Move,CCX-42-01146,164.43,68.35,High quality ultra automotive move from MotorMax.,"{""brand"": ""MotorMax"", ""weight_g"": 273}",True
1147,3,106,Ultra Home Hundred,HKX-42-01147,363.39,210.35,High quality ultra home hundred from DecoHome.,"{""brand"": ""DecoHome"", ""material"": ""Plastic"", ""weight_kg"": 14.47}",True
1148,27,173,Classic Toys Similar,AFD-42-01148,55.76,34.83,High quality classic toys similar from BrickBuilder.,"{""brand"": ""BrickBuilder"", ""weight_g"": 100}",True
1149,11,126,Pro Electronics Crime,SXY-42-01149,1580.57,817.54,High quality pro electronics crime from AudioMax.,"{""brand"": ""AudioMax"", ""color"": ""Blue"", ""weight_kg"": 3.82, ""warranty_years"": 3}",True
1150,20,1,Ultra Home Use,BBX-42-01150,140.85,58.54,High quality ultra home use from KitchenAid.,"{""brand"": ""KitchenAid"", ""material"": ""Polyester"", ""weight_kg"": 15.42}",True
1151,26,96,Smart Toys After,BGX-42-01151,66.19,44.57,High quality smart toys after from BoardFun.,"{""brand"": ""BoardFun"", ""weight_g"": 490}",True
1152,13,158,Ultra Electronics President,AHX-42-01152,1173.72,739.41,High quality ultra electronics president from Quant.,"{""brand"": ""Quant"", ""color"": ""White"", ""weight_kg"": 7.65, ""warranty_years"": 2}",True
1153,19,106,Eco Home Tough,FXY-42-01153,798.28,495.42,High quality eco home tough from ChefChoice.,"{""brand"": ""ChefChoice"", ""material"": ""Polyester"", ""weight_kg"": 21.27}",True
1154,17,12,Smart Apparel Himself,FSX-42-01154,125.35,79.06,High quality smart apparel himself from DenimCo.,"{""brand"": ""DenimCo"", ""color"": ""Blue"", ""size"": ""M"", ""material"": ""Leather""}",True
1155,27,169,Ultra Toys Stand,AFD-42-01155,42.24,20.5,High quality ultra toys stand from BoardFun.,"{""brand"": ""BoardFun"", ""weight_g"": 522}",True
1156,15,88,Ultra Apparel Pressure,FXY-42-01156,152.16,67.01,High quality ultra apparel pressure from DenimCo.,"{""brand"": ""DenimCo"", ""color"": ""Green"", ""size"": ""M"", ""material"": ""Polyester""}",True
1157,12,109,Eco Electronics Edge,LCX-42-01157,1021.17,735.37,High quality eco electronics edge from Quant.,"{""brand"": ""Quant"", ""color"": ""Navy"", ""weight_kg"": 1.92, ""warranty_years"": 5}",True
1158,8,187,Smart Automotive Full,AXY-42-01158,249.21,185.75,High quality smart automotive full from DriveClean.,"{""brand"": ""DriveClean"", ""weight_g"": 884}",True
1159,22,160,Deluxe Sports Set,ORX-42-01159,334.62,204.77,High quality deluxe sports set from FitPulse.,"{""brand"": ""FitPulse"", ""material"": ""Plastic"", ""weight_kg"": 8.19}",True
1160,3,82,Smart Home At,HKX-42-01160,345.5,257.1,High quality smart home at from ChefChoice.,"{""brand"": ""ChefChoice"", ""material"": ""Leather"", ""weight_kg"": 22.55}",True
1161,29,149,Classic Grocery Reason,BXY-42-01161,2.74,1.21,High quality classic grocery reason from SweetTreats.,"{""brand"": ""SweetTreats"", ""organic"": true, ""expiration_days"": 74}",True
1162,28,30,Ultra Automotive Nothing,CCX-42-01162,250.99,102.5,High quality ultra automotive nothing from AutoPro.,"{""brand"": ""AutoPro"", ""weight_g"": 321}",True
1163,17,122,Classic Apparel Tell,FSX-42-01163,184.54,132.22,High quality classic apparel tell from Vogue.,"{""brand"": ""Vogue"", ""color"": ""Green"", ""size"": ""XXL"", ""material"": ""Leather""}",True
1164,23,91,Classic Sports Impact,CBX-42-01164,63.92,45.65,High quality classic sports impact from PeakGear.,"{""brand"": ""PeakGear"", ""material"": ""Cotton"", ""weight_kg"": 2.31}",True
1165,30,86,Eco Grocery Customer,SSX-42-01165,47.6,34.21,High quality eco grocery customer from SweetTreats.,"{""brand"": ""SweetTreats"", ""organic"": false, ""expiration_days"": 158}",True
1166,25,81,Eco Beauty Need,SCX-42-01166,106.52,69.95,High quality eco beauty need from GlowUp.,"{""brand"": ""GlowUp"", ""weight_g"": 361}",True
1167,29,2,Eco Grocery Result,BXY-42-01167,30.49,16.14,High quality eco grocery result from SweetTreats.,"{""brand"": ""SweetTreats"", ""organic"": false, ""expiration_days"": 174}",True
1168,15,49,Deluxe Apparel Modern,FXY-42-01168,106.65,64.61,High quality deluxe apparel modern from ThreadWear.,"{""brand"": ""ThreadWear"", ""color"": ""Gray"", ""size"": ""M"", ""material"": ""Glass""}",True
1169,11,8,Smart Electronics Space,SXY-42-01169,1136.98,811.87,High quality smart electronics space from LinkSys.,"{""brand"": ""LinkSys"", ""color"": ""Green"", ""weight_kg"": 2.35, ""warranty_years"": 5}",True
1170,11,150,Deluxe Electronics Ok,SXY-42-01170,373.26,168.01,High quality deluxe electronics ok from AudioMax.,"{""brand"": ""AudioMax"", ""color"": ""Gray"", ""weight_kg"": 3.5, ""warranty_years"": 3}",True
1171,19,138,Ultra Home Class,FXY-42-01171,261.78,136.54,High quality ultra home class from KitchenAid.,"{""brand"": ""KitchenAid"", ""material"": ""Metal"", ""weight_kg"": 7.21}",True
1172,15,73,Classic Apparel Position,FXY-42-01172,178.22,89.28,High quality classic apparel position from UrbanStyle.,"{""brand"": ""UrbanStyle"", ""color"": ""White"", ""size"": ""S"", ""material"": ""Metal""}",True
1173,5,15,Deluxe Beauty Fear,BPC-42-01173,34.99,24.27,High quality deluxe beauty fear from SilkSkin.,"{""brand"": ""SilkSkin"", ""weight_g"": 106}",True
1174,20,4,Deluxe Home Future,BBX-42-01174,768.49,452.59,High quality deluxe home future from DecoHome.,"{""brand"": ""DecoHome"", ""material"": ""Cotton"", ""weight_kg"": 12.46}",True
1175,27,21,Smart Toys It,AFD-42-01175,50.65,25.26,High quality smart toys it from KidZone.,"{""brand"": ""KidZone"", ""weight_g"": 961}",True
1176,17,34,Premium Apparel Put,FSX-42-01176,167.9,84.49,High quality premium apparel put from ThreadWear.,"{""brand"": ""ThreadWear"", ""color"": ""Yellow"", ""size"": ""L"", ""material"": ""Glass""}",True
1177,9,10,Eco Grocery Fund,GGF-42-01177,43.5,32.52,High quality eco grocery fund from OrganicWay.,"{""brand"": ""OrganicWay"", ""organic"": false, ""expiration_days"": 50}",True
1178,24,189,Ultra Beauty Bring,MCX-42-01178,37.25,15.87,High quality ultra beauty bring from HerbEssentials.,"{""brand"": ""HerbEssentials"", ""weight_g"": 615}",True
1179,15,165,Premium Apparel Big,FXY-42-01179,149.75,95.13,High quality premium apparel big from ActiveFit.,"{""brand"": ""ActiveFit"", ""color"": ""Black"", ""size"": ""L"", ""material"": ""Polyester""}",True
1180,30,155,Eco Grocery Necessary,SSX-42-01180,17.24,11.97,High quality eco grocery necessary from OrganicWay.,"{""brand"": ""OrganicWay"", ""organic"": true, ""expiration_days"": 135}",True
1181,5,127,Eco Beauty Reason,BPC-42-01181,59.55,43.48,High quality eco beauty reason from SilkSkin.,"{""brand"": ""SilkSkin"", ""weight_g"": 593}",True
1182,16,34,Pro Apparel Audience,FXY-42-01182,102.06,47.51,High quality pro apparel audience from ActiveFit.,"{""brand"": ""ActiveFit"", ""color"": ""Silver"", ""size"": ""S"", ""material"": ""Polyester""}",True
1183,17,193,Premium Apparel Animal,FSX-42-01183,152.39,61.13,High quality premium apparel animal from DenimCo.,"{""brand"": ""DenimCo"", ""color"": ""Pink"", ""size"": ""XL"", ""material"": ""Leather""}",True
1184,23,72,Smart Sports Thing,CBX-42-01184,24.21,15.51,High quality smart sports thing from AquaFlow.,"{""brand"": ""AquaFlow"", ""material"": ""Leather"", ""weight_kg"": 16.12}",True
1185,16,122,Classic Apparel Writer,FXY-42-01185,134.82,62.42,High quality classic apparel writer from Vogue.,"{""brand"": ""Vogue"", ""color"": ""Red"", ""size"": ""XXL"", ""material"": ""Glass""}",True
1186,16,165,Pro Apparel Carry,FXY-42-01186,84.52,44.37,High quality pro apparel carry from ActiveFit.,"{""brand"": ""ActiveFit"", ""color"": ""White"", ""size"": ""S"", ""material"": ""Polyester""}",True
1187,29,50,Ultra Grocery Could,BXY-42-01187,22.14,12.32,High quality ultra grocery could from SweetTreats.,"{""brand"": ""SweetTreats"", ""organic"": true, ""expiration_days"": 100}",True
1188,15,88,Pro Apparel Tv,FXY-42-01188,135.52,70.69,High quality pro apparel tv from Vogue.,"{""brand"": ""Vogue"", ""color"": ""Yellow"", ""size"": ""L"", ""material"": ""Wood""}",True
1189,22,78,Ultra Sports Almost,ORX-42-01189,19.34,9.55,High quality ultra sports almost from AquaFlow.,"{""brand"": ""AquaFlow"", ""material"": ""Cotton"", ""weight_kg"": 14.28}",True
1190,11,92,Deluxe Electronics Defense,SXY-42-01190,1356.48,737.83,High quality deluxe electronics defense from Quant.,"{""brand"": ""Quant"", ""color"": ""Green"", ""weight_kg"": 3.25, ""warranty_years"": 1}",True
1191,9,152,Deluxe Grocery Both,GGF-42-01191,36.95,19.18,High quality deluxe grocery both from OrganicWay.,"{""brand"": ""OrganicWay"", ""organic"": false, ""expiration_days"": 239}",True
1192,14,87,Ultra Electronics Mention,SHD-42-01192,1153.56,528.66,High quality ultra electronics mention from AudioMax.,"{""brand"": ""AudioMax"", ""color"": ""White"", ""weight_kg"": 7.59, ""warranty_years"": 3}",True
1193,5,127,Premium Beauty Dark,BPC-42-01193,83.27,61.0,High quality premium beauty dark from LuxeHair.,"{""brand"": ""LuxeHair"", ""weight_g"": 234}",True
1194,25,159,Deluxe Beauty Bit,SCX-42-01194,53.33,27.92,High quality deluxe beauty bit from GlowUp.,"{""brand"": ""GlowUp"", ""weight_g"": 1391}",True
1195,2,122,Ultra Apparel Almost,AXY-42-01195,49.99,29.36,High quality ultra apparel almost from UrbanStyle.,"{""brand"": ""UrbanStyle"", ""color"": ""Green"", ""size"": ""XXL"", ""material"": ""Leather""}",True
1196,10,64,Ultra Office Products Own,OPX-42-01196,91.15,47.04,High quality ultra office products own from OfficePro.,"{""brand"": ""OfficePro"", ""weight_g"": 77}",True
1197,2,9,Smart Apparel Quality,AXY-42-01197,153.47,89.67,High quality smart apparel quality from DenimCo.,"{""brand"": ""DenimCo"", ""color"": ""Yellow"", ""size"": ""XS"", ""material"": ""Wool""}",True
1198,10,104,Eco Office Products Think,OPX-42-01198,3.4,2.11,High quality eco office products think from OfficePro.,"{""brand"": ""OfficePro"", ""weight_g"": 119}",True
1199,9,13,Pro Grocery Important,GGF-42-01199,41.02,21.83,High quality pro grocery important from TastyBites.,"{""brand"": ""TastyBites"", ""organic"": false, ""expiration_days"": 53}",True
1200,3,16,Eco Home Really,HKX-42-01200,411.04,265.62,High quality eco home really from ChefChoice.,"{""brand"": ""ChefChoice"", ""material"": ""Cotton"", ""weight_kg"": 0.86}",True
1201,27,154,Eco Toys Might,AFD-42-01201,76.54,34.68,High quality eco toys might from KidZone.,"{""brand"": ""KidZone"", ""weight_g"": 447}",True
1202,27,169,Pro Toys Never,AFD-42-01202,104.52,70.52,High quality pro toys never from PlayTime.,"{""brand"": ""PlayTime"", ""weight_g"": 668}",True
1203,9,149,Eco Grocery Price,GGF-42-01203,11.73,5.78,High quality eco grocery price from SweetTreats.,"{""brand"": ""SweetTreats"", ""organic"": false, ""expiration_days"": 159}",True
1204,14,56,Classic Electronics Science,SHD-42-01204,460.06,249.45,High quality classic electronics science from Quant.,"{""brand"": ""Quant"", ""color"": ""Red"", ""weight_kg"": 7.27, ""warranty_years"": 2}",True
1205,13,8,Classic Electronics Performance,AHX-42-01205,1986.44,1300.41,High quality classic electronics performance from LinkSys.,"{""brand"": ""LinkSys"", ""color"": ""White"", ""weight_kg"": 3.67, ""warranty_years"": 1}",True
1206,13,150,Smart Electronics Establish,AHX-42-01206,479.59,253.91,High quality smart electronics establish from TechCo.,"{""brand"": ""TechCo"", ""color"": ""Red"", ""weight_kg"": 2.73, ""warranty_years"": 1}",True
1207,4,136,Pro Sports Appear,SOX-42-01207,88.78,62.38,High quality pro sports appear from TrailBlaze.,"{""brand"": ""TrailBlaze"", ""material"": ""Polyester"", ""weight_kg"": 3.96}",True
1208,20,98,Deluxe Home Hit,BBX-42-01208,425.87,295.5,High quality deluxe home hit from DecoHome.,"{""brand"": ""DecoHome"", ""material"": ""Cotton"", ""weight_kg"": 19.3}",True
1209,9,129,Ultra Grocery Do,GGF-42-01209,16.95,8.78,High quality ultra grocery do from OrganicWay.,"{""brand"": ""OrganicWay"", ""organic"": false, ""expiration_days"": 362}",True
1210,19,138,Eco Home Police,FXY-42-01210,334.13,134.3,High quality eco home police from DecoHome.,"{""brand"": ""DecoHome"", ""material"": ""Glass"", ""weight_kg"": 13.87}",True
1211,11,137,Pro Electronics Serious,SXY-42-01211,486.76,273.31,High quality pro electronics serious from LinkSys.,"{""brand"": ""LinkSys"", ""color"": ""Pink"", ""weight_kg"": 6.88, ""warranty_years"": 1}",True
1212,30,13,Ultra Grocery Avoid,SSX-42-01212,22.43,9.58,High quality ultra grocery avoid from OrganicWay.,"{""brand"": ""OrganicWay"", ""organic"": true, ""expiration_days"": 276}",True
1213,24,15,Premium Beauty Add,MCX-42-01213,29.1,16.1,High quality premium beauty add from GlowUp.,"{""brand"": ""GlowUp"", ""weight_g"": 918}",True
1214,16,49,Ultra Apparel Wonder,FXY-42-01214,128.97,75.27,High quality ultra apparel wonder from UrbanStyle.,"{""brand"": ""UrbanStyle"", ""color"": ""Green"", ""size"": ""L"", ""material"": ""Cotton""}",True
1215,10,18,Eco Office Products Will,OPX-42-01215,44.11,22.19,High quality eco office products will from StapleMax.,"{""brand"": ""StapleMax"", ""weight_g"": 1120}",True
1216,11,126,Ultra Electronics Detail,SXY-42-01216,1781.3,1064.03,High quality ultra electronics detail from Sonyx.,"{""brand"": ""Sonyx"", ""color"": ""Red"", ""weight_kg"": 4.23, ""warranty_years"": 2}",True
1217,26,169,Smart Toys Reality,BGX-42-01217,114.72,60.79,High quality smart toys reality from BoardFun.,"{""brand"": ""BoardFun"", ""weight_g"": 1016}",True
1218,15,59,Eco Apparel Million,FXY-42-01218,187.88,136.11,High quality eco apparel million from Vogue.,"{""brand"": ""Vogue"", ""color"": ""Silver"", ""size"": ""XL"", ""material"": ""Glass""}",True
1219,1,93,Premium Electronics Without,EXY-42-01219,844.28,382.14,High quality premium electronics without from TechCo.,"{""brand"": ""TechCo"", ""color"": ""Red"", ""weight_kg"": 5.64, ""warranty_years"": 2}",True
1220,23,66,Premium Sports Voice,CBX-42-01220,271.18,139.89,High quality premium sports voice from AquaFlow.,"{""brand"": ""AquaFlow"", ""material"": ""Wool"", ""weight_kg"": 2.14}",True
1221,21,136,Premium Sports There,FGX-42-01221,442.25,230.3,High quality premium sports there from TrailBlaze.,"{""brand"": ""TrailBlaze"", ""material"": ""Metal"", ""weight_kg"": 7.46}",True
1222,30,129,Smart Grocery Base,SSX-42-01222,30.05,15.24,High quality smart grocery base from SweetTreats.,"{""brand"": ""SweetTreats"", ""organic"": false, ""expiration_days"": 297}",True
1223,18,146,Ultra Home Management,KAX-42-01223,532.6,227.48,High quality ultra home management from KitchenAid.,"{""brand"": ""KitchenAid"", ""material"": ""Leather"", ""weight_kg"": 7.36}",True
1224,9,171,Smart Grocery Suddenly,GGF-42-01224,6.91,4.69,High quality smart grocery suddenly from SweetTreats.,"{""brand"": ""SweetTreats"", ""organic"": false, ""expiration_days"": 304}",True
1225,25,199,Deluxe Beauty Purpose,SCX-42-01225,90.86,45.16,High quality deluxe beauty purpose from LuxeHair.,"{""brand"": ""LuxeHair"", ""weight_g"": 478}",True
1226,6,11,Premium Books Ask,BXY-42-01226,64.4,48.05,High quality premium books ask from Springer.,"{""brand"": ""Springer"", ""weight_g"": 350}",True
1227,5,33,Premium Beauty Herself,BPC-42-01227,73.94,29.58,High quality premium beauty herself from GlowUp.,"{""brand"": ""GlowUp"", ""weight_g"": 330}",True
1228,17,117,Classic Apparel Open,FSX-42-01228,90.83,51.33,High quality classic apparel open from UrbanStyle.,"{""brand"": ""UrbanStyle"", ""color"": ""White"", ""size"": ""S"", ""material"": ""Wood""}",True
1229,13,150,Classic Electronics Six,AHX-42-01229,783.35,443.43,High quality classic electronics six from LinkSys.,"{""brand"": ""LinkSys"", ""color"": ""Blue"", ""weight_kg"": 4.29, ""warranty_years"": 2}",True
1230,6,63,Smart Books Writer,BXY-42-01230,59.22,41.1,High quality smart books writer from Packt.,"{""brand"": ""Packt"", ""weight_g"": 1053}",True
1231,23,192,Pro Sports Voice,CBX-42-01231,129.02,57.04,High quality pro sports voice from FitPulse.,"{""brand"": ""FitPulse"", ""material"": ""Wool"", ""weight_kg"": 1.12}",True
1232,12,158,Eco Electronics Just,LCX-42-01232,942.83,598.24,High quality eco electronics just from Quant.,"{""brand"": ""Quant"", ""color"": ""Gray"", ""weight_kg"": 4.97, ""warranty_years"": 2}",True
1233,13,93,Premium Electronics Term,AHX-42-01233,374.43,247.75,High quality premium electronics term from Sonyx.,"{""brand"": ""Sonyx"", ""color"": ""Yellow"", ""weight_kg"": 2.95, ""warranty_years"": 2}",True
1234,1,126,Classic Electronics Home,EXY-42-01234,634.57,274.73,High quality classic electronics home from Volt.,"{""brand"": ""Volt"", ""color"": ""Pink"", ""weight_kg"": 7.38, ""warranty_years"": 3}",True
1235,2,165,Premium Apparel Study,AXY-42-01235,62.24,35.32,High quality premium apparel study from ActiveFit.,"{""brand"": ""ActiveFit"", ""color"": ""Red"", ""size"": ""XXL"", ""material"": ""Cotton""}",True
1236,19,1,Smart Home Section,FXY-42-01236,692.6,501.89,High quality smart home section from ChefChoice.,"{""brand"": ""ChefChoice"", ""material"": ""Glass"", ""weight_kg"": 4.76}",True
1237,24,199,Premium Beauty Article,MCX-42-01237,98.89,58.44,High quality premium beauty article from GlowUp.,"{""brand"": ""GlowUp"", ""weight_g"": 806}",True
1238,1,126,Eco Electronics Than,EXY-42-01238,1790.64,812.26,High quality eco electronics than from Sonyx.,"{""brand"": ""Sonyx"", ""color"": ""Silver"", ""weight_kg"": 0.75, ""warranty_years"": 1}",True
1239,2,117,Premium Apparel Practice,AXY-42-01239,131.12,55.31,High quality premium apparel practice from UrbanStyle.,"{""brand"": ""UrbanStyle"", ""color"": ""Red"", ""size"": ""S"", ""material"": ""Cotton""}",True
1240,11,158,Eco Electronics Exactly,SXY-42-01240,1350.54,965.48,High quality eco electronics exactly from Sonyx.,"{""brand"": ""Sonyx"", ""color"": ""Navy"", ""weight_kg"": 5.8, ""warranty_years"": 3}",True
1241,17,9,Deluxe Apparel Newspaper,FSX-42-01241,188.7,102.11,High quality deluxe apparel newspaper from ThreadWear.,"{""brand"": ""ThreadWear"", ""color"": ""White"", ""size"": ""S"", ""material"": ""Wool""}",True
1242,24,53,Classic Beauty Amount,MCX-42-01242,17.18,9.54,High quality classic beauty amount from SilkSkin.,"{""brand"": ""SilkSkin"", ""weight_g"": 1460}",True
1243,17,114,Deluxe Apparel Similar,FSX-42-01243,42.86,28.35,High quality deluxe apparel similar from ThreadWear.,"{""brand"": ""ThreadWear"", ""color"": ""Red"", ""size"": ""M"", ""material"": ""Plastic""}",True
1244,4,97,Premium Sports Avoid,SOX-42-01244,235.79,163.32,High quality premium sports avoid from AquaFlow.,"{""brand"": ""AquaFlow"", ""material"": ""Polyester"", ""weight_kg"": 3.35}",True
1245,3,29,Smart Home They,HKX-42-01245,587.7,273.27,High quality smart home they from KitchenAid.,"{""brand"": ""KitchenAid"", ""material"": ""Wool"", ""weight_kg"": 19.82}",True
1246,7,173,Eco Toys Fly,TGX-42-01246,51.2,21.94,High quality eco toys fly from BrickBuilder.,"{""brand"": ""BrickBuilder"", ""weight_g"": 680}",True
1247,27,173,Ultra Toys Bank,AFD-42-01247,80.65,57.71,High quality ultra toys bank from BrickBuilder.,"{""brand"": ""BrickBuilder"", ""weight_g"": 685}",True
1248,2,111,Ultra Apparel You,AXY-42-01248,144.12,66.63,High quality ultra apparel you from UrbanStyle.,"{""brand"": ""UrbanStyle"", ""color"": ""Blue"", ""size"": ""L"", ""material"": ""Leather""}",True
1249,27,70,Classic Toys Direction,AFD-42-01249,40.01,18.79,High quality classic toys direction from BoardFun.,"{""brand"": ""BoardFun"", ""weight_g"": 1478}",True
1250,15,76,Classic Apparel Natural,FXY-42-01250,27.56,14.45,High quality classic apparel natural from ActiveFit.,"{""brand"": ""ActiveFit"", ""color"": ""Pink"", ""size"": ""L"", ""material"": ""Wool""}",True
1251,2,153,Ultra Apparel Bill,AXY-42-01251,83.28,48.99,High quality ultra apparel bill from DenimCo.,"{""brand"": ""DenimCo"", ""color"": ""Blue"", ""size"": ""XXL"", ""material"": ""Metal""}",True
1252,7,96,Deluxe Toys Blood,TGX-42-01252,86.96,50.12,High quality deluxe toys blood from BoardFun.,"{""brand"": ""BoardFun"", ""weight_g"": 235}",True
1253,17,59,Premium Apparel Share,FSX-42-01253,59.06,33.29,High quality premium apparel share from ThreadWear.,"{""brand"": ""ThreadWear"", ""color"": ""Pink"", ""size"": ""XXL"", ""material"": ""Wool""}",True
1254,16,34,Smart Apparel During,FXY-42-01254,98.78,50.68,High quality smart apparel during from DenimCo.,"{""brand"": ""DenimCo"", ""color"": ""Navy"", ""size"": ""XS"", ""material"": ""Plastic""}",True
1255,23,66,Premium Sports Night,CBX-42-01255,316.59,222.96,High quality premium sports night from TrailBlaze.,"{""brand"": ""TrailBlaze"", ""material"": ""Wood"", ""weight_kg"": 12.15}",True
1256,11,137,Classic Electronics Image,SXY-42-01256,1807.9,841.56,High quality classic electronics image from Volt.,"{""brand"": ""Volt"", ""color"": ""Silver"", ""weight_kg"": 3.79, ""warranty_years"": 2}",True
1257,25,7,Smart Beauty Customer,SCX-42-01257,68.66,42.28,High quality smart beauty customer from LuxeHair.,"{""brand"": ""LuxeHair"", ""weight_g"": 867}",True
1258,16,73,Classic Apparel Data,FXY-42-01258,57.99,30.77,High quality classic apparel data from DenimCo.,"{""brand"": ""DenimCo"", ""color"": ""Green"", ""size"": ""M"", ""material"": ""Cotton""}",True
1259,30,45,Smart Grocery Never,SSX-42-01259,38.63,27.63,High quality smart grocery never from OrganicWay.,"{""brand"": ""OrganicWay"", ""organic"": false, ""expiration_days"": 228}",True
1260,25,53,Premium Beauty Realize,SCX-42-01260,143.33,77.44,High quality premium beauty realize from SilkSkin.,"{""brand"": ""SilkSkin"", ""weight_g"": 1098}",True
1261,6,74,Smart Books Energy,BXY-42-01261,71.83,53.0,High quality smart books energy from Harper.,"{""brand"": ""Harper"", ""weight_g"": 1213}",True
1262,25,33,Premium Beauty Over,SCX-42-01262,23.83,12.31,High quality premium beauty over from GlowUp.,"{""brand"": ""GlowUp"", ""weight_g"": 683}",True
1263,26,26,Ultra Toys Process,BGX-42-01263,98.16,55.02,High quality ultra toys process from KidZone.,"{""brand"": ""KidZone"", ""weight_g"": 51}",True
1264,22,71,Classic Sports Yourself,ORX-42-01264,104.2,47.96,High quality classic sports yourself from PeakGear.,"{""brand"": ""PeakGear"", ""material"": ""Wool"", ""weight_kg"": 6.29}",True
1265,7,112,Eco Toys Country,TGX-42-01265,19.92,9.67,High quality eco toys country from BoardFun.,"{""brand"": ""BoardFun"", ""weight_g"": 60}",True
1266,16,49,Eco Apparel Open,FXY-42-01266,75.5,42.64,High quality eco apparel open from DenimCo.,"{""brand"": ""DenimCo"", ""color"": ""Gray"", ""size"": ""L"", ""material"": ""Wood""}",True
1267,27,121,Premium Toys So,AFD-42-01267,87.68,58.49,High quality premium toys so from KidZone.,"{""brand"": ""KidZone"", ""weight_g"": 313}",True
1268,11,150,Classic Electronics Open,SXY-42-01268,1871.82,1010.71,High quality classic electronics open from Volt.,"{""brand"": ""Volt"", ""color"": ""Green"", ""weight_kg"": 4.82, ""warranty_years"": 1}",True
1269,12,108,Premium Electronics Just,LCX-42-01269,1346.36,995.74,High quality premium electronics just from Sonyx.,"{""brand"": ""Sonyx"", ""color"": ""Navy"", ""weight_kg"": 1.51, ""warranty_years"": 2}",True
1270,12,93,Smart Electronics Skin,LCX-42-01270,692.9,476.81,High quality smart electronics skin from LinkSys.,"{""brand"": ""LinkSys"", ""color"": ""Green"", ""weight_kg"": 7.33, ""warranty_years"": 2}",True
1271,5,81,Pro Beauty Born,BPC-42-01271,32.26,15.29,High quality pro beauty born from GlowUp.,"{""brand"": ""GlowUp"", ""weight_g"": 745}",True
1272,13,137,Classic Electronics Space,AHX-42-01272,376.15,170.31,High quality classic electronics space from Quant.,"{""brand"": ""Quant"", ""color"": ""Yellow"", ""weight_kg"": 0.38, ""warranty_years"": 5}",True
1273,6,38,Premium Books Pull,BXY-42-01273,36.67,21.31,High quality premium books pull from Packt.,"{""brand"": ""Packt"", ""weight_g"": 219}",True
1274,12,137,Pro Electronics Part,LCX-42-01274,1470.69,925.88,High quality pro electronics part from TechCo.,"{""brand"": ""TechCo"", ""color"": ""Silver"", ""weight_kg"": 2.62, ""warranty_years"": 5}",True
1275,22,119,Eco Sports Help,ORX-42-01275,10.74,6.75,High quality eco sports help from AquaFlow.,"{""brand"": ""AquaFlow"", ""material"": ""Wood"", ""weight_kg"": 19.4}",True
1276,10,134,Smart Office Products Represent,OPX-42-01276,26.61,16.55,High quality smart office products represent from DeskWork.,"{""brand"": ""DeskWork"", ""weight_g"": 1078}",True
1277,12,150,Smart Electronics Low,LCX-42-01277,957.62,495.35,High quality smart electronics low from Volt.,"{""brand"": ""Volt"", ""color"": ""White"", ""weight_kg"": 6.31, ""warranty_years"": 5}",True
1278,18,194,Ultra Home Scientist,KAX-42-01278,316.03,201.04,High quality ultra home scientist from KitchenAid.,"{""brand"": ""KitchenAid"", ""material"": ""Plastic"", ""weight_kg"": 23.73}",True
1279,23,160,Smart Sports Reduce,CBX-42-01279,132.63,76.95,High quality smart sports reduce from AquaFlow.,"{""brand"": ""AquaFlow"", ""material"": ""Wood"", ""weight_kg"": 1.69}",True
1280,10,6,Classic Office Products Late,OPX-42-01280,13.03,7.44,High quality classic office products late from PaperMate.,"{""brand"": ""PaperMate"", ""weight_g"": 1277}",True
1281,22,99,Classic Sports Use,ORX-42-01281,129.9,67.3,High quality classic sports use from PeakGear.,"{""brand"": ""PeakGear"", ""material"": ""Metal"", ""weight_kg"": 4.88}",True
1282,12,107,Eco Electronics Body,LCX-42-01282,54.69,28.09,High quality eco electronics body from TechCo.,"{""brand"": ""TechCo"", ""color"": ""Navy"", ""weight_kg"": 0.98, ""warranty_years"": 1}",True
1283,18,163,Smart Home Compare,KAX-42-01283,326.03,150.41,High quality smart home compare from KitchenAid.,"{""brand"": ""KitchenAid"", ""material"": ""Wool"", ""weight_kg"": 18.31}",True
1284,21,123,Pro Sports Structure,FGX-42-01284,218.39,108.35,High quality pro sports structure from TrailBlaze.,"{""brand"": ""TrailBlaze"", ""material"": ""Glass"", ""weight_kg"": 1.5}",True
1285,11,93,Eco Electronics Couple,SXY-42-01285,95.81,58.76,High quality eco electronics couple from AudioMax.,"{""brand"": ""AudioMax"", ""color"": ""White"", ""weight_kg"": 3.12, ""warranty_years"": 1}",True
1286,11,174,Pro Electronics Oil,SXY-42-01286,1280.75,647.67,High quality pro electronics oil from TechCo.,"{""brand"": ""TechCo"", ""color"": ""Silver"", ""weight_kg"": 7.61, ""warranty_years"": 3}",True
1287,24,140,Pro Beauty Interest,MCX-42-01287,112.69,48.2,High quality pro beauty interest from GlowUp.,"{""brand"": ""GlowUp"", ""weight_g"": 442}",True
1288,19,51,Smart Home Mother,FXY-42-01288,796.01,489.91,High quality smart home mother from DecoHome.,"{""brand"": ""DecoHome"", ""material"": ""Cotton"", ""weight_kg"": 9.67}",True
1289,16,59,Eco Apparel Green,FXY-42-01289,154.54,85.45,High quality eco apparel green from Vogue.,"{""brand"": ""Vogue"", ""color"": ""Red"", ""size"": ""XL"", ""material"": ""Cotton""}",True
1290,20,79,Classic Home Really,BBX-42-01290,729.15,464.74,High quality classic home really from KitchenAid.,"{""brand"": ""KitchenAid"", ""material"": ""Wood"", ""weight_kg"": 5.57}",True
1291,26,112,Pro Toys Coach,BGX-42-01291,82.29,40.83,High quality pro toys coach from BoardFun.,"{""brand"": ""BoardFun"", ""weight_g"": 248}",True
1292,8,67,Premium Automotive None,AXY-42-01292,10.33,5.31,High quality premium automotive none from MotorMax.,"{""brand"": ""MotorMax"", ""weight_g"": 1297}",True
1293,27,121,Classic Toys Plan,AFD-42-01293,74.67,46.46,High quality classic toys plan from KidZone.,"{""brand"": ""KidZone"", ""weight_g"": 1024}",True
1294,30,167,Classic Grocery Level,SSX-42-01294,2.6,1.35,High quality classic grocery level from SweetTreats.,"{""brand"": ""SweetTreats"", ""organic"": true, ""expiration_days"": 246}",True
1295,28,176,Eco Automotive Worker,CCX-42-01295,67.14,43.25,High quality eco automotive worker from TireSafe.,"{""brand"": ""TireSafe"", ""weight_g"": 573}",True
1296,13,8,Premium Electronics He,AHX-42-01296,1328.18,796.85,High quality premium electronics he from AudioMax.,"{""brand"": ""AudioMax"", ""color"": ""Yellow"", ""weight_kg"": 4.53, ""warranty_years"": 3}",True
1297,3,42,Classic Home Weight,HKX-42-01297,602.19,352.5,High quality classic home weight from CozyLiving.,"{""brand"": ""CozyLiving"", ""material"": ""Plastic"", ""weight_kg"": 11.56}",True
1298,15,9,Smart Apparel Forward,FXY-42-01298,39.62,23.96,High quality smart apparel forward from ActiveFit.,"{""brand"": ""ActiveFit"", ""color"": ""Navy"", ""size"": ""L"", ""material"": ""Wood""}",True
1299,25,7,Eco Beauty Oil,SCX-42-01299,113.95,56.9,High quality eco beauty oil from LuxeHair.,"{""brand"": ""LuxeHair"", ""weight_g"": 530}",True
1300,13,174,Deluxe Electronics Garden,AHX-42-01300,1084.43,577.4,High quality deluxe electronics garden from TechCo.,"{""brand"": ""TechCo"", ""color"": ""White"", ""weight_kg"": 3.23, ""warranty_years"": 2}",True
1301,4,160,Deluxe Sports Through,SOX-42-01301,148.23,104.16,High quality deluxe sports through from AquaFlow.,"{""brand"": ""AquaFlow"", ""material"": ""Wood"", ""weight_kg"": 9.12}",True
1302,7,112,Deluxe Toys Hot,TGX-42-01302,109.05,54.26,High quality deluxe toys hot from BoardFun.,"{""brand"": ""BoardFun"", ""weight_g"": 1340}",True
1303,4,170,Deluxe Sports Itself,SOX-42-01303,442.96,326.06,High quality deluxe sports itself from FitPulse.,"{""brand"": ""FitPulse"", ""material"": ""Wood"", ""weight_kg"": 6.01}",True
1304,13,108,Pro Electronics South,AHX-42-01304,1518.52,759.56,High quality pro electronics south from Sonyx.,"{""brand"": ""Sonyx"", ""color"": ""Silver"", ""weight_kg"": 3.26, ""warranty_years"": 1}",True
1305,18,61,Eco Home Property,KAX-42-01305,613.9,386.55,High quality eco home property from KitchenAid.,"{""brand"": ""KitchenAid"", ""material"": ""Wood"", ""weight_kg"": 14.71}",True
1306,14,107,Smart Electronics Law,SHD-42-01306,832.38,518.36,High quality smart electronics law from Sonyx.,"{""brand"": ""Sonyx"", ""color"": ""Silver"", ""weight_kg"": 4.92, ""warranty_years"": 1}",True
1307,20,124,Classic Home That,BBX-42-01307,589.74,431.05,High quality classic home that from DecoHome.,"{""brand"": ""DecoHome"", ""material"": ""Wool"", ""weight_kg"": 14.45}",True
1308,16,175,Eco Apparel She,FXY-42-01308,27.28,14.45,High quality eco apparel she from UrbanStyle.,"{""brand"": ""UrbanStyle"", ""color"": ""Green"", ""size"": ""XL"", ""material"": ""Leather""}",True
1309,28,44,Ultra Automotive Game,CCX-42-01309,140.04,91.46,High quality ultra automotive game from DriveClean.,"{""brand"": ""DriveClean"", ""weight_g"": 1017}",True
1310,30,43,Premium Grocery Politics,SSX-42-01310,17.49,8.79,High quality premium grocery politics from TastyBites.,"{""brand"": ""TastyBites"", ""organic"": false, ""expiration_days"": 245}",True
1311,8,188,Ultra Automotive Effect,AXY-42-01311,135.88,65.86,High quality ultra automotive effect from TireSafe.,"{""brand"": ""TireSafe"", ""weight_g"": 1074}",True
1312,21,66,Deluxe Sports Order,FGX-42-01312,402.83,279.26,High quality deluxe sports order from TrailBlaze.,"{""brand"": ""TrailBlaze"", ""material"": ""Leather"", ""weight_kg"": 11.82}",True
1313,3,1,Pro Home Offer,HKX-42-01313,602.66,384.92,High quality pro home offer from ChefChoice.,"{""brand"": ""ChefChoice"", ""material"": ""Wood"", ""weight_kg"": 2.22}",True
1314,14,92,Eco Electronics Difficult,SHD-42-01314,1769.05,1040.32,High quality eco electronics difficult from LinkSys.,"{""brand"": ""LinkSys"", ""color"": ""Pink"", ""weight_kg"": 5.75, ""warranty_years"": 5}",True
1315,16,193,Deluxe Apparel How,FXY-42-01315,21.36,14.61,High quality deluxe apparel how from ThreadWear.,"{""brand"": ""ThreadWear"", ""color"": ""Blue"", ""size"": ""L"", ""material"": ""Glass""}",True
1316,14,150,Classic Electronics Space,SHD-42-01316,265.63,119.82,High quality classic electronics space from LinkSys.,"{""brand"": ""LinkSys"", ""color"": ""White"", ""weight_kg"": 5.8, ""warranty_years"": 3}",True
1317,14,137,Deluxe Electronics Oil,SHD-42-01317,692.87,498.55,High quality deluxe electronics oil from Quant.,"{""brand"": ""Quant"", ""color"": ""Gray"", ""weight_kg"": 2.19, ""warranty_years"": 3}",True
1318,21,180,Pro Sports With,FGX-42-01318,41.66,29.78,High quality pro sports with from TrailBlaze.,"{""brand"": ""TrailBlaze"", ""material"": ""Metal"", ""weight_kg"": 8.89}",True
1319,23,119,Classic Sports Size,CBX-42-01319,168.68,94.06,High quality classic sports size from FitPulse.,"{""brand"": ""FitPulse"", ""material"": ""Cotton"", ""weight_kg"": 19.15}",True
1320,5,95,Classic Beauty Environmental,BPC-42-01320,46.82,22.35,High quality classic beauty environmental from HerbEssentials.,"{""brand"": ""HerbEssentials"", ""weight_g"": 646}",True
1321,10,64,Eco Office Products Here,OPX-42-01321,57.2,28.98,High quality eco office products here from DeskWork.,"{""brand"": ""DeskWork"", ""weight_g"": 1428}",True
1322,10,62,Ultra Office Products Local,OPX-42-01322,74.63,48.01,High quality ultra office products local from StapleMax.,"{""brand"": ""StapleMax"", ""weight_g"": 836}",True
1323,9,191,Smart Grocery Line,GGF-42-01323,12.94,9.03,High quality smart grocery line from NatureDrop.,"{""brand"": ""NatureDrop"", ""organic"": true, ""expiration_days"": 309}",True
1324,1,92,Deluxe Electronics Industry,EXY-42-01324,741.04,428.33,High quality deluxe electronics industry from LinkSys.,"{""brand"": ""LinkSys"", ""color"": ""Green"", ""weight_kg"": 3.87, ""warranty_years"": 2}",True
1325,12,137,Classic Electronics A,LCX-42-01325,328.64,229.53,High quality classic electronics a from LinkSys.,"{""brand"": ""LinkSys"", ""color"": ""Blue"", ""weight_kg"": 3.09, ""warranty_years"": 5}",True
1326,21,72,Pro Sports She,FGX-42-01326,436.04,247.98,High quality pro sports she from AquaFlow.,"{""brand"": ""AquaFlow"", ""material"": ""Cotton"", ""weight_kg"": 16.88}",True
1327,3,61,Ultra Home Already,HKX-42-01327,191.49,90.43,High quality ultra home already from CozyLiving.,"{""brand"": ""CozyLiving"", ""material"": ""Polyester"", ""weight_kg"": 16.42}",True
1328,12,108,Premium Electronics Feel,LCX-42-01328,929.46,668.7,High quality premium electronics feel from AudioMax.,"{""brand"": ""AudioMax"", ""color"": ""Pink"", ""weight_kg"": 7.2, ""warranty_years"": 2}",True
1329,12,137,Classic Electronics Pick,LCX-42-01329,85.02,52.65,High quality classic electronics pick from LinkSys.,"{""brand"": ""LinkSys"", ""color"": ""White"", ""weight_kg"": 2.24, ""warranty_years"": 1}",True
1330,26,21,Ultra Toys Admit,BGX-42-01330,59.13,34.47,High quality ultra toys admit from BoardFun.,"{""brand"": ""BoardFun"", ""weight_g"": 424}",True
1331,23,166,Eco Sports National,CBX-42-01331,429.47,206.11,High quality eco sports national from AquaFlow.,"{""brand"": ""AquaFlow"", ""material"": ""Wool"", ""weight_kg"": 1.49}",True
1332,20,51,Ultra Home Central,BBX-42-01332,448.3,193.65,High quality ultra home central from KitchenAid.,"{""brand"": ""KitchenAid"", ""material"": ""Wool"", ""weight_kg"": 13.3}",True
1333,2,59,Smart Apparel Voice,AXY-42-01333,53.24,32.21,High quality smart apparel voice from DenimCo.,"{""brand"": ""DenimCo"", ""color"": ""Yellow"", ""size"": ""XS"", ""material"": ""Cotton""}",True
1334,11,150,Premium Electronics Five,SXY-42-01334,1275.13,597.72,High quality premium electronics five from Quant.,"{""brand"": ""Quant"", ""color"": ""White"", ""weight_kg"": 3.86, ""warranty_years"": 1}",True
1335,18,124,Smart Home According,KAX-42-01335,183.77,104.85,High quality smart home according from KitchenAid.,"{""brand"": ""KitchenAid"", ""material"": ""Wood"", ""weight_kg"": 21.6}",True
1336,4,184,Ultra Sports First,SOX-42-01336,443.83,298.29,High quality ultra sports first from AquaFlow.,"{""brand"": ""AquaFlow"", ""material"": ""Cotton"", ""weight_kg"": 6.67}",True
1337,14,126,Classic Electronics Doctor,SHD-42-01337,556.07,345.26,High quality classic electronics doctor from LinkSys.,"{""brand"": ""LinkSys"", ""color"": ""Yellow"", ""weight_kg"": 4.16, ""warranty_years"": 3}",True
1338,9,167,Smart Grocery Difficult,GGF-42-01338,13.95,6.92,High quality smart grocery difficult from NatureDrop.,"{""brand"": ""NatureDrop"", ""organic"": false, ""expiration_days"": 67}",True
1339,25,33,Smart Beauty Total,SCX-42-01339,75.7,38.74,High quality smart beauty total from LuxeHair.,"{""brand"": ""LuxeHair"", ""weight_g"": 1065}",True
1340,6,38,Classic Books Forward,BXY-42-01340,12.72,7.01,High quality classic books forward from Penguin.,"{""brand"": ""Penguin"", ""weight_g"": 957}",True
1341,11,137,Ultra Electronics Age,SXY-42-01341,1380.18,949.42,High quality ultra electronics age from TechCo.,"{""brand"": ""TechCo"", ""color"": ""Gray"", ""weight_kg"": 1.78, ""warranty_years"": 3}",True
1342,11,150,Classic Electronics Sport,SXY-42-01342,1070.19,466.63,High quality classic electronics sport from LinkSys.,"{""brand"": ""LinkSys"", ""color"": ""Gray"", ""weight_kg"": 4.61, ""warranty_years"": 2}",True
1343,11,84,Ultra Electronics Term,SXY-42-01343,399.97,215.46,High quality ultra electronics term from Sonyx.,"{""brand"": ""Sonyx"", ""color"": ""Navy"", ""weight_kg"": 5.33, ""warranty_years"": 3}",True
1344,17,120,Deluxe Apparel Yes,FSX-42-01344,134.16,90.7,High quality deluxe apparel yes from ActiveFit.,"{""brand"": ""ActiveFit"", ""color"": ""Gray"", ""size"": ""M"", ""material"": ""Glass""}",True
1345,30,50,Eco Grocery Road,SSX-42-01345,19.8,10.04,High quality eco grocery road from NatureDrop.,"{""brand"": ""NatureDrop"", ""organic"": false, ""expiration_days"": 240}",True
1346,10,134,Premium Office Products Test,OPX-42-01346,56.77,37.86,High quality premium office products test from DeskWork.,"{""brand"": ""DeskWork"", ""weight_g"": 163}",True
1347,14,93,Pro Electronics Fact,SHD-42-01347,1298.67,583.07,High quality pro electronics fact from Volt.,"{""brand"": ""Volt"", ""color"": ""Black"", ""weight_kg"": 6.57, ""warranty_years"": 2}",True
1348,7,173,Classic Toys Wide,TGX-42-01348,88.83,44.7,High quality classic toys wide from PlayTime.,"{""brand"": ""PlayTime"", ""weight_g"": 709}",True
1349,14,150,Eco Electronics On,SHD-42-01349,777.16,462.66,High quality eco electronics on from Sonyx.,"{""brand"": ""Sonyx"", ""color"": ""Gray"", ""weight_kg"": 4.98, ""warranty_years"": 5}",True
1350,28,69,Classic Automotive Much,CCX-42-01350,36.52,17.72,High quality classic automotive much from TireSafe.,"{""brand"": ""TireSafe"", ""weight_g"": 1264}",True
1351,16,12,Eco Apparel Only,FXY-42-01351,158.43,85.0,High quality eco apparel only from DenimCo.,"{""brand"": ""DenimCo"", ""color"": ""Gray"", ""size"": ""M"", ""material"": ""Wood""}",True
1352,2,27,Smart Apparel Own,AXY-42-01352,20.66,10.74,High quality smart apparel own from ActiveFit.,"{""brand"": ""ActiveFit"", ""color"": ""Yellow"", ""size"": ""M"", ""material"": ""Polyester""}",True
1353,16,34,Deluxe Apparel With,FXY-42-01353,177.36,75.54,High quality deluxe apparel with from DenimCo.,"{""brand"": ""DenimCo"", ""color"": ""Silver"", ""size"": ""S"", ""material"": ""Metal""}",True
1354,19,42,Classic Home Owner,FXY-42-01354,456.04,252.37,High quality classic home owner from CozyLiving.,"{""brand"": ""CozyLiving"", ""material"": ""Metal"", ""weight_kg"": 17.39}",True
1355,5,189,Eco Beauty Clear,BPC-42-01355,116.64,82.2,High quality eco beauty clear from HerbEssentials.,"{""brand"": ""HerbEssentials"", ""weight_g"": 789}",True
1356,29,149,Classic Grocery Between,BXY-42-01356,37.87,18.0,High quality classic grocery between from SweetTreats.,"{""brand"": ""SweetTreats"", ""organic"": true, ""expiration_days"": 245}",True
1357,12,93,Classic Electronics Always,LCX-42-01357,413.99,306.35,High quality classic electronics always from Volt.,"{""brand"": ""Volt"", ""color"": ""Navy"", ""weight_kg"": 6.01, ""warranty_years"": 1}",True
1358,5,15,Deluxe Beauty Magazine,BPC-42-01358,98.12,53.92,High quality deluxe beauty magazine from LuxeHair.,"{""brand"": ""LuxeHair"", ""weight_g"": 148}",True
1359,27,154,Classic Toys Heart,AFD-42-01359,16.63,12.41,High quality classic toys heart from PlayTime.,"{""brand"": ""PlayTime"", ""weight_g"": 1208}",True
1360,14,8,Classic Electronics Clearly,SHD-42-01360,1920.38,1354.98,High quality classic electronics clearly from LinkSys.,"{""brand"": ""LinkSys"", ""color"": ""Yellow"", ""weight_kg"": 2.33, ""warranty_years"": 3}",True
1361,21,65,Smart Sports Certainly,FGX-42-01361,368.54,220.33,High quality smart sports certainly from PeakGear.,"{""brand"": ""PeakGear"", ""material"": ""Wool"", ""weight_kg"": 20.07}",True
1362,28,35,Eco Automotive Evidence,CCX-42-01362,174.31,98.3,High quality eco automotive evidence from DriveClean.,"{""brand"": ""DriveClean"", ""weight_g"": 199}",True
1363,25,140,Pro Beauty Hit,SCX-42-01363,67.49,33.54,High quality pro beauty hit from SilkSkin.,"{""brand"": ""SilkSkin"", ""weight_g"": 1382}",True
1364,11,56,Pro Electronics Visit,SXY-42-01364,379.71,228.33,High quality pro electronics visit from LinkSys.,"{""brand"": ""LinkSys"", ""color"": ""Green"", ""weight_kg"": 7.13, ""warranty_years"": 5}",True
1365,19,54,Premium Home Pass,FXY-42-01365,19.99,13.79,High quality premium home pass from KitchenAid.,"{""brand"": ""KitchenAid"", ""material"": ""Leather"", ""weight_kg"": 8.4}",True
1366,5,53,Deluxe Beauty Enjoy,BPC-42-01366,129.06,78.02,High quality deluxe beauty enjoy from HerbEssentials.,"{""brand"": ""HerbEssentials"", ""weight_g"": 1140}",True
1367,15,165,Smart Apparel Early,FXY-42-01367,136.43,91.34,High quality smart apparel early from ActiveFit.,"{""brand"": ""ActiveFit"", ""color"": ""Navy"", ""size"": ""S"", ""material"": ""Leather""}",True
1368,25,33,Premium Beauty Establish,SCX-42-01368,34.89,16.17,High quality premium beauty establish from GlowUp.,"{""brand"": ""GlowUp"", ""weight_g"": 310}",True
1369,18,75,Classic Home Talk,KAX-42-01369,764.41,393.37,High quality classic home talk from DecoHome.,"{""brand"": ""DecoHome"", ""material"": ""Leather"", ""weight_kg"": 5.44}",True
1370,6,133,Ultra Books First,BXY-42-01370,79.35,38.21,High quality ultra books first from OReilly.,"{""brand"": ""OReilly"", ""weight_g"": 105}",True
1371,5,200,Deluxe Beauty Best,BPC-42-01371,135.34,74.96,High quality deluxe beauty best from LuxeHair.,"{""brand"": ""LuxeHair"", ""weight_g"": 102}",True
1372,15,193,Premium Apparel Own,FXY-42-01372,172.3,81.5,High quality premium apparel own from DenimCo.,"{""brand"": ""DenimCo"", ""color"": ""Yellow"", ""size"": ""L"", ""material"": ""Leather""}",True
1373,7,112,Ultra Toys Instead,TGX-42-01373,74.92,33.24,High quality ultra toys instead from PlayTime.,"{""brand"": ""PlayTime"", ""weight_g"": 383}",True
1374,25,47,Smart Beauty Outside,SCX-42-01374,22.45,12.82,High quality smart beauty outside from HerbEssentials.,"{""brand"": ""HerbEssentials"", ""weight_g"": 698}",True
1375,14,87,Smart Electronics Whose,SHD-42-01375,436.45,188.45,High quality smart electronics whose from Volt.,"{""brand"": ""Volt"", ""color"": ""Yellow"", ""weight_kg"": 2.12, ""warranty_years"": 1}",True
1376,15,9,Pro Apparel Director,FXY-42-01376,11.38,7.75,High quality pro apparel director from ThreadWear.,"{""brand"": ""ThreadWear"", ""color"": ""Blue"", ""size"": ""M"", ""material"": ""Metal""}",True
1377,27,24,Classic Toys Similar,AFD-42-01377,57.76,40.24,High quality classic toys similar from BrickBuilder.,"{""brand"": ""BrickBuilder"", ""weight_g"": 1486}",True
1378,3,146,Pro Home Bank,HKX-42-01378,520.21,279.04,High quality pro home bank from KitchenAid.,"{""brand"": ""KitchenAid"", ""material"": ""Metal"", ""weight_kg"": 18.38}",True
1379,29,60,Ultra Grocery Several,BXY-42-01379,4.18,2.91,High quality ultra grocery several from OrganicWay.,"{""brand"": ""OrganicWay"", ""organic"": true, ""expiration_days"": 275}",True
1380,5,33,Premium Beauty Garden,BPC-42-01380,105.79,70.54,High quality premium beauty garden from SilkSkin.,"{""brand"": ""SilkSkin"", ""weight_g"": 1403}",True
1381,10,131,Pro Office Products Structure,OPX-42-01381,62.14,42.76,High quality pro office products structure from OfficePro.,"{""brand"": ""OfficePro"", ""weight_g"": 407}",True
1382,30,155,Deluxe Grocery Meeting,SSX-42-01382,48.33,31.88,High quality deluxe grocery meeting from TastyBites.,"{""brand"": ""TastyBites"", ""organic"": false, ""expiration_days"": 66}",True
1383,26,26,Pro Toys Consumer,BGX-42-01383,13.3,6.27,High quality pro toys consumer from BoardFun.,"{""brand"": ""BoardFun"", ""weight_g"": 593}",True
1384,20,61,Premium Home Method,BBX-42-01384,37.36,15.28,High quality premium home method from ChefChoice.,"{""brand"": ""ChefChoice"", ""material"": ""Cotton"", ""weight_kg"": 18.51}",True
1385,5,200,Deluxe Beauty That,BPC-42-01385,64.11,37.75,High quality deluxe beauty that from SilkSkin.,"{""brand"": ""SilkSkin"", ""weight_g"": 373}",True
1386,4,37,Pro Sports Way,SOX-42-01386,177.59,84.88,High quality pro sports way from PeakGear.,"{""brand"": ""PeakGear"", ""material"": ""Polyester"", ""weight_kg"": 24.23}",True
1387,15,114,Ultra Apparel Road,FXY-42-01387,172.67,101.5,High quality ultra apparel road from UrbanStyle.,"{""brand"": ""UrbanStyle"", ""color"": ""Black"", ""size"": ""M"", ""material"": ""Glass""}",True
1388,16,76,Classic Apparel Scientist,FXY-42-01388,34.36,21.64,High quality classic apparel scientist from UrbanStyle.,"{""brand"": ""UrbanStyle"", ""color"": ""White"", ""size"": ""L"", ""material"": ""Glass""}",True
1389,24,199,Ultra Beauty Part,MCX-42-01389,128.54,60.25,High quality ultra beauty part from SilkSkin.,"{""brand"": ""SilkSkin"", ""weight_g"": 342}",True
1390,8,35,Classic Automotive Ten,AXY-42-01390,224.24,145.99,High quality classic automotive ten from AutoPro.,"{""brand"": ""AutoPro"", ""weight_g"": 561}",True
1391,8,69,Classic Automotive Whatever,AXY-42-01391,59.46,37.51,High quality classic automotive whatever from TireSafe.,"{""brand"": ""TireSafe"", ""weight_g"": 1418}",True
1392,19,106,Classic Home Beyond,FXY-42-01392,420.77,313.76,High quality classic home beyond from DecoHome.,"{""brand"": ""DecoHome"", ""material"": ""Plastic"", ""weight_kg"": 10.84}",True
1393,22,71,Premium Sports Physical,ORX-42-01393,291.79,212.17,High quality premium sports physical from AquaFlow.,"{""brand"": ""AquaFlow"", ""material"": ""Cotton"", ""weight_kg"": 19.96}",True
1394,6,11,Deluxe Books Quality,BXY-42-01394,18.29,7.53,High quality deluxe books quality from Harper.,"{""brand"": ""Harper"", ""weight_g"": 381}",True
1395,13,93,Deluxe Electronics First,AHX-42-01395,43.19,24.54,High quality deluxe electronics first from Volt.,"{""brand"": ""Volt"", ""color"": ""Gray"", ""weight_kg"": 5.07, ""warranty_years"": 5}",True
1396,15,59,Pro Apparel Always,FXY-42-01396,96.11,47.28,High quality pro apparel always from ThreadWear.,"{""brand"": ""ThreadWear"", ""color"": ""Red"", ""size"": ""XXL"", ""material"": ""Plastic""}",True
1397,11,174,Deluxe Electronics Side,SXY-42-01397,388.91,201.98,High quality deluxe electronics side from Quant.,"{""brand"": ""Quant"", ""color"": ""Pink"", ""weight_kg"": 3.7, ""warranty_years"": 1}",True
1398,22,97,Deluxe Sports System,ORX-42-01398,382.82,188.35,High quality deluxe sports system from FitPulse.,"{""brand"": ""FitPulse"", ""material"": ""Wood"", ""weight_kg"": 16.24}",True
1399,18,20,Deluxe Home Part,KAX-42-01399,89.25,66.16,High quality deluxe home part from KitchenAid.,"{""brand"": ""KitchenAid"", ""material"": ""Polyester"", ""weight_kg"": 13.99}",True
1400,10,62,Pro Office Products I,OPX-42-01400,87.46,44.38,High quality pro office products i from PaperMate.,"{""brand"": ""PaperMate"", ""weight_g"": 1083}",True
1401,6,113,Smart Books Bar,BXY-42-01401,67.04,47.6,High quality smart books bar from Harper.,"{""brand"": ""Harper"", ""weight_g"": 340}",True
1402,27,173,Eco Toys State,AFD-42-01402,34.4,13.96,High quality eco toys state from BoardFun.,"{""brand"": ""BoardFun"", ""weight_g"": 1126}",True
1403,20,194,Smart Home Arrive,BBX-42-01403,134.14,94.03,High quality smart home arrive from KitchenAid.,"{""brand"": ""KitchenAid"", ""material"": ""Plastic"", ""weight_kg"": 13.72}",True
1404,23,125,Eco Sports Will,CBX-42-01404,87.54,39.88,High quality eco sports will from TrailBlaze.,"{""brand"": ""TrailBlaze"", ""material"": ""Leather"", ""weight_kg"": 21.16}",True
1405,25,159,Smart Beauty Spend,SCX-42-01405,27.05,19.74,High quality smart beauty spend from LuxeHair.,"{""brand"": ""LuxeHair"", ""weight_g"": 464}",True
1406,9,3,Classic Grocery Good,GGF-42-01406,48.03,35.16,High quality classic grocery good from SweetTreats.,"{""brand"": ""SweetTreats"", ""organic"": false, ""expiration_days"": 253}",True
1407,15,88,Premium Apparel Happen,FXY-42-01407,35.86,26.12,High quality premium apparel happen from ThreadWear.,"{""brand"": ""ThreadWear"", ""color"": ""Red"", ""size"": ""XXL"", ""material"": ""Metal""}",True
1408,7,179,Premium Toys Until,TGX-42-01408,77.44,56.98,High quality premium toys until from KidZone.,"{""brand"": ""KidZone"", ""weight_g"": 337}",True
1409,5,81,Deluxe Beauty Technology,BPC-42-01409,124.25,82.95,High quality deluxe beauty technology from SilkSkin.,"{""brand"": ""SilkSkin"", ""weight_g"": 851}",True
1410,26,26,Ultra Toys Leader,BGX-42-01410,81.07,43.52,High quality ultra toys leader from BrickBuilder.,"{""brand"": ""BrickBuilder"", ""weight_g"": 767}",True
1411,3,48,Pro Home Keep,HKX-42-01411,771.24,383.06,High quality pro home keep from KitchenAid.,"{""brand"": ""KitchenAid"", ""material"": ""Wool"", ""weight_kg"": 5.54}",True
1412,5,140,Eco Beauty Wonder,BPC-42-01412,44.94,23.13,High quality eco beauty wonder from GlowUp.,"{""brand"": ""GlowUp"", ""weight_g"": 1116}",True
1413,10,182,Pro Office Products Trip,OPX-42-01413,11.16,6.92,High quality pro office products trip from OfficePro.,"{""brand"": ""OfficePro"", ""weight_g"": 1402}",True
1414,15,85,Smart Apparel Camera,FXY-42-01414,166.23,97.98,High quality smart apparel camera from DenimCo.,"{""brand"": ""DenimCo"", ""color"": ""Silver"", ""size"": ""XS"", ""material"": ""Plastic""}",True
1415,29,46,Deluxe Grocery True,BXY-42-01415,47.58,19.71,High quality deluxe grocery true from NatureDrop.,"{""brand"": ""NatureDrop"", ""organic"": true, ""expiration_days"": 330}",True
1416,15,114,Eco Apparel Speech,FXY-42-01416,121.15,85.61,High quality eco apparel speech from DenimCo.,"{""brand"": ""DenimCo"", ""color"": ""Red"", ""size"": ""S"", ""material"": ""Polyester""}",True
1417,3,163,Classic Home Dream,HKX-42-01417,488.6,297.88,High quality classic home dream from DecoHome.,"{""brand"": ""DecoHome"", ""material"": ""Glass"", ""weight_kg"": 21.0}",True
1418,14,107,Deluxe Electronics Small,SHD-42-01418,132.17,57.73,High quality deluxe electronics small from Volt.,"{""brand"": ""Volt"", ""color"": ""Red"", ""weight_kg"": 7.25, ""warranty_years"": 3}",True
1419,14,137,Premium Electronics Read,SHD-42-01419,1675.87,1246.98,High quality premium electronics read from TechCo.,"{""brand"": ""TechCo"", ""color"": ""White"", ""weight_kg"": 5.73, ""warranty_years"": 5}",True
1420,8,187,Eco Automotive Time,AXY-42-01420,151.02,91.65,High quality eco automotive time from MotorMax.,"{""brand"": ""MotorMax"", ""weight_g"": 262}",True
1421,25,199,Deluxe Beauty Play,SCX-42-01421,107.74,64.24,High quality deluxe beauty play from LuxeHair.,"{""brand"": ""LuxeHair"", ""weight_g"": 1292}",True
1422,17,175,Smart Apparel Without,FSX-42-01422,82.69,50.49,High quality smart apparel without from ThreadWear.,"{""brand"": ""ThreadWear"", ""color"": ""Navy"", ""size"": ""XS"", ""material"": ""Polyester""}",True
1423,25,47,Smart Beauty Activity,SCX-42-01423,57.3,36.41,High quality smart beauty activity from LuxeHair.,"{""brand"": ""LuxeHair"", ""weight_g"": 856}",True
1424,23,184,Pro Sports Protect,CBX-42-01424,24.73,15.49,High quality pro sports protect from AquaFlow.,"{""brand"": ""AquaFlow"", ""material"": ""Cotton"", ""weight_kg"": 23.53}",True
1425,27,173,Premium Toys Star,AFD-42-01425,91.88,50.64,High quality premium toys star from BrickBuilder.,"{""brand"": ""BrickBuilder"", ""weight_g"": 1211}",True
1426,6,11,Classic Books Project,BXY-42-01426,53.4,27.51,High quality classic books project from Packt.,"{""brand"": ""Packt"", ""weight_g"": 108}",True
1427,24,81,Deluxe Beauty Idea,MCX-42-01427,128.17,62.64,High quality deluxe beauty idea from HerbEssentials.,"{""brand"": ""HerbEssentials"", ""weight_g"": 771}",True
1428,8,69,Pro Automotive Arm,AXY-42-01428,136.57,56.91,High quality pro automotive arm from MotorMax.,"{""brand"": ""MotorMax"", ""weight_g"": 378}",True
1429,7,154,Classic Toys Focus,TGX-42-01429,94.79,56.07,High quality classic toys focus from KidZone.,"{""brand"": ""KidZone"", ""weight_g"": 763}",True
1430,25,199,Premium Beauty Need,SCX-42-01430,29.95,17.22,High quality premium beauty need from HerbEssentials.,"{""brand"": ""HerbEssentials"", ""weight_g"": 770}",True
1431,20,115,Ultra Home Analysis,BBX-42-01431,595.79,412.69,High quality ultra home analysis from CozyLiving.,"{""brand"": ""CozyLiving"", ""material"": ""Metal"", ""weight_kg"": 2.98}",True
1432,24,15,Pro Beauty From,MCX-42-01432,97.72,49.79,High quality pro beauty from from SilkSkin.,"{""brand"": ""SilkSkin"", ""weight_g"": 833}",True
1433,7,89,Classic Toys Notice,TGX-42-01433,104.16,59.36,High quality classic toys notice from KidZone.,"{""brand"": ""KidZone"", ""weight_g"": 790}",True
1434,25,33,Premium Beauty Other,SCX-42-01434,144.1,73.92,High quality premium beauty other from SilkSkin.,"{""brand"": ""SilkSkin"", ""weight_g"": 1241}",True
1435,10,182,Deluxe Office Products Citizen,OPX-42-01435,70.32,41.92,High quality deluxe office products citizen from OfficePro.,"{""brand"": ""OfficePro"", ""weight_g"": 865}",True
1436,20,148,Eco Home General,BBX-42-01436,74.61,32.28,High quality eco home general from ChefChoice.,"{""brand"": ""ChefChoice"", ""material"": ""Metal"", ""weight_kg"": 4.07}",True
1437,11,109,Pro Electronics Morning,SXY-42-01437,720.52,321.76,High quality pro electronics morning from TechCo.,"{""brand"": ""TechCo"", ""color"": ""Red"", ""weight_kg"": 4.95, ""warranty_years"": 1}",True
1438,11,87,Smart Electronics Save,SXY-42-01438,896.22,371.28,High quality smart electronics save from Sonyx.,"{""brand"": ""Sonyx"", ""color"": ""Red"", ""weight_kg"": 0.31, ""warranty_years"": 2}",True
1439,27,179,Ultra Toys Do,AFD-42-01439,118.16,57.41,High quality ultra toys do from KidZone.,"{""brand"": ""KidZone"", ""weight_g"": 1376}",True
1440,26,70,Premium Toys Claim,BGX-42-01440,25.99,13.1,High quality premium toys claim from KidZone.,"{""brand"": ""KidZone"", ""weight_g"": 948}",True
1441,14,109,Pro Electronics Apply,SHD-42-01441,1111.43,665.56,High quality pro electronics apply from Sonyx.,"{""brand"": ""Sonyx"", ""color"": ""Pink"", ""weight_kg"": 4.69, ""warranty_years"": 5}",True
1442,24,53,Deluxe Beauty Report,MCX-42-01442,107.48,79.93,High quality deluxe beauty report from HerbEssentials.,"{""brand"": ""HerbEssentials"", ""weight_g"": 933}",True
1443,12,93,Classic Electronics Sign,LCX-42-01443,1802.1,1311.79,High quality classic electronics sign from LinkSys.,"{""brand"": ""LinkSys"", ""color"": ""Blue"", ""weight_kg"": 0.71, ""warranty_years"": 2}",True
1444,11,158,Deluxe Electronics Increase,SXY-42-01444,1658.35,1071.05,High quality deluxe electronics increase from LinkSys.,"{""brand"": ""LinkSys"", ""color"": ""Navy"", ""weight_kg"": 1.12, ""warranty_years"": 5}",True
1445,18,61,Ultra Home Like,KAX-42-01445,97.27,67.04,High quality ultra home like from CozyLiving.,"{""brand"": ""CozyLiving"", ""material"": ""Leather"", ""weight_kg"": 11.9}",True
1446,19,4,Smart Home Soldier,FXY-42-01446,376.29,208.18,High quality smart home soldier from ChefChoice.,"{""brand"": ""ChefChoice"", ""material"": ""Polyester"", ""weight_kg"": 23.85}",True
1447,6,11,Premium Books Physical,BXY-42-01447,48.32,28.78,High quality premium books physical from OReilly.,"{""brand"": ""OReilly"", ""weight_g"": 1026}",True
1448,28,41,Eco Automotive Parent,CCX-42-01448,23.81,12.48,High quality eco automotive parent from MotorMax.,"{""brand"": ""MotorMax"", ""weight_g"": 1216}",True
1449,9,2,Eco Grocery Mother,GGF-42-01449,36.25,20.73,High quality eco grocery mother from TastyBites.,"{""brand"": ""TastyBites"", ""organic"": false, ""expiration_days"": 120}",True
1450,22,119,Classic Sports Believe,ORX-42-01450,158.36,101.99,High quality classic sports believe from FitPulse.,"{""brand"": ""FitPulse"", ""material"": ""Leather"", ""weight_kg"": 14.46}",True
1451,29,155,Smart Grocery Doctor,BXY-42-01451,47.42,21.36,High quality smart grocery doctor from NatureDrop.,"{""brand"": ""NatureDrop"", ""organic"": true, ""expiration_days"": 322}",True
1452,2,177,Deluxe Apparel Lay,AXY-42-01452,153.35,92.87,High quality deluxe apparel lay from ThreadWear.,"{""brand"": ""ThreadWear"", ""color"": ""Navy"", ""size"": ""XS"", ""material"": ""Wood""}",True
1453,24,33,Smart Beauty Figure,MCX-42-01453,111.22,54.17,High quality smart beauty figure from SilkSkin.,"{""brand"": ""SilkSkin"", ""weight_g"": 421}",True
1454,1,137,Classic Electronics Stop,EXY-42-01454,1859.08,1217.76,High quality classic electronics stop from TechCo.,"{""brand"": ""TechCo"", ""color"": ""White"", ""weight_kg"": 7.57, ""warranty_years"": 5}",True
1455,26,112,Deluxe Toys Indeed,BGX-42-01455,51.94,29.4,High quality deluxe toys indeed from BoardFun.,"{""brand"": ""BoardFun"", ""weight_g"": 424}",True
1456,4,91,Classic Sports Choose,SOX-42-01456,180.8,117.08,High quality classic sports choose from AquaFlow.,"{""brand"": ""AquaFlow"", ""material"": ""Polyester"", ""weight_kg"": 5.02}",True
1457,13,87,Eco Electronics Cause,AHX-42-01457,468.75,349.21,High quality eco electronics cause from TechCo.,"{""brand"": ""TechCo"", ""color"": ""Blue"", ""weight_kg"": 3.67, ""warranty_years"": 1}",True
1458,17,76,Smart Apparel Great,FSX-42-01458,13.88,8.5,High quality smart apparel great from ThreadWear.,"{""brand"": ""ThreadWear"", ""color"": ""Blue"", ""size"": ""XS"", ""material"": ""Wool""}",True
1459,1,109,Classic Electronics Beautiful,EXY-42-01459,44.91,23.1,High quality classic electronics beautiful from TechCo.,"{""brand"": ""TechCo"", ""color"": ""Navy"", ""weight_kg"": 4.55, ""warranty_years"": 1}",True
1460,6,52,Smart Books Maybe,BXY-42-01460,53.83,30.92,High quality smart books maybe from Harper.,"{""brand"": ""Harper"", ""weight_g"": 757}",True
1461,4,170,Smart Sports Owner,SOX-42-01461,456.74,278.57,High quality smart sports owner from TrailBlaze.,"{""brand"": ""TrailBlaze"", ""material"": ""Glass"", ""weight_kg"": 17.81}",True
1462,29,36,Pro Grocery Skill,BXY-42-01462,26.35,18.05,High quality pro grocery skill from OrganicWay.,"{""brand"": ""OrganicWay"", ""organic"": true, ""expiration_days"": 285}",True
1463,29,13,Classic Grocery Appear,BXY-42-01463,40.75,20.75,High quality classic grocery appear from OrganicWay.,"{""brand"": ""OrganicWay"", ""organic"": false, ""expiration_days"": 359}",True
1464,6,183,Pro Books Official,BXY-42-01464,45.33,32.41,High quality pro books official from Harper.,"{""brand"": ""Harper"", ""weight_g"": 1285}",True
1465,5,127,Eco Beauty Inside,BPC-42-01465,138.4,100.79,High quality eco beauty inside from LuxeHair.,"{""brand"": ""LuxeHair"", ""weight_g"": 967}",True
1466,4,170,Classic Sports Everybody,SOX-42-01466,279.46,144.88,High quality classic sports everybody from TrailBlaze.,"{""brand"": ""TrailBlaze"", ""material"": ""Leather"", ""weight_kg"": 24.03}",True
1467,16,59,Premium Apparel Bed,FXY-42-01467,160.87,66.69,High quality premium apparel bed from DenimCo.,"{""brand"": ""DenimCo"", ""color"": ""Navy"", ""size"": ""XS"", ""material"": ""Polyester""}",True
1468,22,166,Smart Sports Inside,ORX-42-01468,163.67,95.68,High quality smart sports inside from AquaFlow.,"{""brand"": ""AquaFlow"", ""material"": ""Leather"", ""weight_kg"": 7.42}",True
1469,5,81,Eco Beauty More,BPC-42-01469,115.71,58.15,High quality eco beauty more from LuxeHair.,"{""brand"": ""LuxeHair"", ""weight_g"": 877}",True
1470,14,107,Premium Electronics Leader,SHD-42-01470,183.13,74.78,High quality premium electronics leader from Volt.,"{""brand"": ""Volt"", ""color"": ""Pink"", ""weight_kg"": 3.92, ""warranty_years"": 5}",True
1471,10,151,Deluxe Office Products Staff,OPX-42-01471,99.24,66.47,High quality deluxe office products staff from PaperMate.,"{""brand"": ""PaperMate"", ""weight_g"": 1130}",True
1472,27,21,Smart Toys Save,AFD-42-01472,30.69,13.23,High quality smart toys save from BrickBuilder.,"{""brand"": ""BrickBuilder"", ""weight_g"": 1362}",True
1473,11,139,Classic Electronics Case,SXY-42-01473,114.95,47.11,High quality classic electronics case from Quant.,"{""brand"": ""Quant"", ""color"": ""Gray"", ""weight_kg"": 2.88, ""warranty_years"": 1}",True
1474,27,173,Smart Toys Sound,AFD-42-01474,106.11,69.87,High quality smart toys sound from BrickBuilder.,"{""brand"": ""BrickBuilder"", ""weight_g"": 1091}",True
1475,12,137,Premium Electronics Central,LCX-42-01475,1404.38,1009.37,High quality premium electronics central from Quant.,"{""brand"": ""Quant"", ""color"": ""Silver"", ""weight_kg"": 7.15, ""warranty_years"": 3}",True
1476,3,148,Eco Home Medical,HKX-42-01476,174.83,82.58,High quality eco home medical from KitchenAid.,"{""brand"": ""KitchenAid"", ""material"": ""Cotton"", ""weight_kg"": 23.09}",True
1477,7,179,Ultra Toys Operation,TGX-42-01477,22.8,11.44,High quality ultra toys operation from BoardFun.,"{""brand"": ""BoardFun"", ""weight_g"": 412}",True
1478,13,158,Pro Electronics Decade,AHX-42-01478,472.18,340.51,High quality pro electronics decade from TechCo.,"{""brand"": ""TechCo"", ""color"": ""Silver"", ""weight_kg"": 1.22, ""warranty_years"": 2}",True
1479,20,147,Eco Home Method,BBX-42-01479,217.68,157.33,High quality eco home method from CozyLiving.,"{""brand"": ""CozyLiving"", ""material"": ""Leather"", ""weight_kg"": 23.54}",True
1480,21,184,Premium Sports Indicate,FGX-42-01480,457.3,248.42,High quality premium sports indicate from AquaFlow.,"{""brand"": ""AquaFlow"", ""material"": ""Wood"", ""weight_kg"": 9.74}",True
1481,27,70,Smart Toys Reach,AFD-42-01481,99.84,57.0,High quality smart toys reach from PlayTime.,"{""brand"": ""PlayTime"", ""weight_g"": 1333}",True
1482,23,100,Ultra Sports Owner,CBX-42-01482,25.69,17.17,High quality ultra sports owner from TrailBlaze.,"{""brand"": ""TrailBlaze"", ""material"": ""Polyester"", ""weight_kg"": 16.12}",True
1483,4,72,Ultra Sports Deal,SOX-42-01483,451.6,257.86,High quality ultra sports deal from FitPulse.,"{""brand"": ""FitPulse"", ""material"": ""Wool"", ""weight_kg"": 23.62}",True
1484,9,197,Classic Grocery Option,GGF-42-01484,36.32,23.36,High quality classic grocery option from NatureDrop.,"{""brand"": ""NatureDrop"", ""organic"": false, ""expiration_days"": 301}",True
1485,9,13,Ultra Grocery Power,GGF-42-01485,38.53,20.74,High quality ultra grocery power from OrganicWay.,"{""brand"": ""OrganicWay"", ""organic"": false, ""expiration_days"": 112}",True
1486,5,95,Premium Beauty Simply,BPC-42-01486,149.36,84.26,High quality premium beauty simply from GlowUp.,"{""brand"": ""GlowUp"", ""weight_g"": 518}",True
1487,2,111,Deluxe Apparel Need,AXY-42-01487,45.05,30.04,High quality deluxe apparel need from ThreadWear.,"{""brand"": ""ThreadWear"", ""color"": ""Gray"", ""size"": ""L"", ""material"": ""Plastic""}",True
1488,15,193,Premium Apparel Employee,FXY-42-01488,37.12,22.6,High quality premium apparel employee from UrbanStyle.,"{""brand"": ""UrbanStyle"", ""color"": ""Gray"", ""size"": ""S"", ""material"": ""Plastic""}",True
1489,2,153,Deluxe Apparel Eight,AXY-42-01489,12.7,5.76,High quality deluxe apparel eight from ActiveFit.,"{""brand"": ""ActiveFit"", ""color"": ""Silver"", ""size"": ""M"", ""material"": ""Glass""}",True
1490,7,173,Classic Toys Away,TGX-42-01490,16.21,8.64,High quality classic toys away from PlayTime.,"{""brand"": ""PlayTime"", ""weight_g"": 511}",True
1491,6,52,Premium Books Exactly,BXY-42-01491,32.18,20.99,High quality premium books exactly from Packt.,"{""brand"": ""Packt"", ""weight_g"": 192}",True
1492,27,70,Ultra Toys Standard,AFD-42-01492,76.18,38.15,High quality ultra toys standard from BrickBuilder.,"{""brand"": ""BrickBuilder"", ""weight_g"": 1170}",True
1493,11,8,Smart Electronics Law,SXY-42-01493,240.5,101.68,High quality smart electronics law from LinkSys.,"{""brand"": ""LinkSys"", ""color"": ""Black"", ""weight_kg"": 4.99, ""warranty_years"": 2}",True
1494,24,200,Premium Beauty Game,MCX-42-01494,51.64,21.35,High quality premium beauty game from SilkSkin.,"{""brand"": ""SilkSkin"", ""weight_g"": 62}",True
1495,13,8,Deluxe Electronics Reveal,AHX-42-01495,1134.17,776.68,High quality deluxe electronics reveal from LinkSys.,"{""brand"": ""LinkSys"", ""color"": ""White"", ""weight_kg"": 6.87, ""warranty_years"": 1}",True
1496,19,115,Pro Home Window,FXY-42-01496,73.03,45.8,High quality pro home window from ChefChoice.,"{""brand"": ""ChefChoice"", ""material"": ""Metal"", ""weight_kg"": 17.3}",True
1497,13,108,Pro Electronics Parent,AHX-42-01497,1822.28,880.5,High quality pro electronics parent from LinkSys.,"{""brand"": ""LinkSys"", ""color"": ""Red"", ""weight_kg"": 2.83, ""warranty_years"": 5}",True
1498,16,34,Ultra Apparel Behind,FXY-42-01498,96.3,68.16,High quality ultra apparel behind from Vogue.,"{""brand"": ""Vogue"", ""color"": ""Red"", ""size"": ""XXL"", ""material"": ""Wool""}",True
1499,13,92,Premium Electronics Budget,AHX-42-01499,1766.24,934.04,High quality premium electronics budget from Quant.,"{""brand"": ""Quant"", ""color"": ""Red"", ""weight_kg"": 1.24, ""warranty_years"": 5}",True
1500,14,139,Pro Electronics Remain,SHD-42-01500,1762.01,1230.04,High quality pro electronics remain from Sonyx.,"{""brand"": ""Sonyx"", ""color"": ""Blue"", ""weight_kg"": 1.74, ""warranty_years"": 5}",True
1501,14,174,Pro Electronics Job,SHD-42-01501,847.1,556.3,High quality pro electronics job from Quant.,"{""brand"": ""Quant"", ""color"": ""Yellow"", ""weight_kg"": 2.97, ""warranty_years"": 3}",True
1502,22,100,Ultra Sports Land,ORX-42-01502,70.89,41.5,High quality ultra sports land from TrailBlaze.,"{""brand"": ""TrailBlaze"", ""material"": ""Leather"", ""weight_kg"": 14.43}",True
1503,28,188,Deluxe Automotive History,CCX-42-01503,112.21,63.08,High quality deluxe automotive history from TireSafe.,"{""brand"": ""TireSafe"", ""weight_g"": 817}",True
1504,21,91,Premium Sports Happen,FGX-42-01504,110.69,49.75,High quality premium sports happen from AquaFlow.,"{""brand"": ""AquaFlow"", ""material"": ""Metal"", ""weight_kg"": 22.66}",True
1505,25,199,Ultra Beauty Cut,SCX-42-01505,95.42,39.87,High quality ultra beauty cut from HerbEssentials.,"{""brand"": ""HerbEssentials"", ""weight_g"": 1179}",True
1506,29,36,Pro Grocery Full,BXY-42-01506,33.66,24.5,High quality pro grocery full from TastyBites.,"{""brand"": ""TastyBites"", ""organic"": false, ""expiration_days"": 22}",True
1507,23,77,Classic Sports Guy,CBX-42-01507,196.06,124.19,High quality classic sports guy from TrailBlaze.,"{""brand"": ""TrailBlaze"", ""material"": ""Wood"", ""weight_kg"": 14.59}",True
1508,26,70,Ultra Toys Phone,BGX-42-01508,26.58,13.58,High quality ultra toys phone from BrickBuilder.,"{""brand"": ""BrickBuilder"", ""weight_g"": 1046}",True
1509,11,126,Eco Electronics Reality,SXY-42-01509,1867.38,1147.16,High quality eco electronics reality from AudioMax.,"{""brand"": ""AudioMax"", ""color"": ""Black"", ""weight_kg"": 5.44, ""warranty_years"": 1}",True
1510,3,1,Premium Home Agent,HKX-42-01510,21.8,15.3,High quality premium home agent from CozyLiving.,"{""brand"": ""CozyLiving"", ""material"": ""Polyester"", ""weight_kg"": 8.18}",True
1511,29,86,Ultra Grocery Speech,BXY-42-01511,11.74,5.31,High quality ultra grocery speech from NatureDrop.,"{""brand"": ""NatureDrop"", ""organic"": true, ""expiration_days"": 195}",True
1512,20,61,Pro Home Focus,BBX-42-01512,473.01,326.32,High quality pro home focus from CozyLiving.,"{""brand"": ""CozyLiving"", ""material"": ""Wool"", ""weight_kg"": 7.6}",True
1513,4,192,Ultra Sports Condition,SOX-42-01513,283.13,202.52,High quality ultra sports condition from TrailBlaze.,"{""brand"": ""TrailBlaze"", ""material"": ""Wood"", ""weight_kg"": 3.4}",True
1514,30,172,Eco Grocery Hard,SSX-42-01514,21.66,12.92,High quality eco grocery hard from SweetTreats.,"{""brand"": ""SweetTreats"", ""organic"": false, ""expiration_days"": 363}",True
1515,28,67,Ultra Automotive Practice,CCX-42-01515,292.96,185.25,High quality ultra automotive practice from TireSafe.,"{""brand"": ""TireSafe"", ""weight_g"": 248}",True
1516,25,7,Pro Beauty Term,SCX-42-01516,24.66,13.15,High quality pro beauty term from LuxeHair.,"{""brand"": ""LuxeHair"", ""weight_g"": 399}",True
1517,25,7,Classic Beauty Suggest,SCX-42-01517,90.0,67.11,High quality classic beauty suggest from LuxeHair.,"{""brand"": ""LuxeHair"", ""weight_g"": 1247}",True
1518,19,29,Pro Home Letter,FXY-42-01518,366.16,149.01,High quality pro home letter from CozyLiving.,"{""brand"": ""CozyLiving"", ""material"": ""Plastic"", ""weight_kg"": 24.7}",True
1519,29,86,Classic Grocery Price,BXY-42-01519,5.31,2.37,High quality classic grocery price from SweetTreats.,"{""brand"": ""SweetTreats"", ""organic"": true, ""expiration_days"": 66}",True
1520,30,197,Classic Grocery Child,SSX-42-01520,11.46,7.13,High quality classic grocery child from OrganicWay.,"{""brand"": ""OrganicWay"", ""organic"": false, ""expiration_days"": 318}",True
1521,26,121,Pro Toys Let,BGX-42-01521,11.76,8.37,High quality pro toys let from BrickBuilder.,"{""brand"": ""BrickBuilder"", ""weight_g"": 797}",True
1522,28,69,Smart Automotive Another,CCX-42-01522,61.65,30.71,High quality smart automotive another from AutoPro.,"{""brand"": ""AutoPro"", ""weight_g"": 1052}",True
1523,11,174,Eco Electronics Window,SXY-42-01523,350.43,219.82,High quality eco electronics window from Volt.,"{""brand"": ""Volt"", ""color"": ""Red"", ""weight_kg"": 3.65, ""warranty_years"": 5}",True
1524,11,8,Eco Electronics Television,SXY-42-01524,560.22,419.2,High quality eco electronics television from Quant.,"{""brand"": ""Quant"", ""color"": ""White"", ""weight_kg"": 2.73, ""warranty_years"": 1}",True
1525,5,199,Eco Beauty East,BPC-42-01525,146.85,90.82,High quality eco beauty east from GlowUp.,"{""brand"": ""GlowUp"", ""weight_g"": 669}",True
1526,13,87,Premium Electronics Decision,AHX-42-01526,1810.98,965.26,High quality premium electronics decision from AudioMax.,"{""brand"": ""AudioMax"", ""color"": ""Red"", ""weight_kg"": 5.61, ""warranty_years"": 3}",True
1527,12,150,Pro Electronics Reveal,LCX-42-01527,1034.92,773.89,High quality pro electronics reveal from Quant.,"{""brand"": ""Quant"", ""color"": ""Blue"", ""weight_kg"": 1.15, ""warranty_years"": 3}",True
1528,24,53,Classic Beauty Hour,MCX-42-01528,85.1,48.6,High quality classic beauty hour from GlowUp.,"{""brand"": ""GlowUp"", ""weight_g"": 971}",True
1529,30,197,Classic Grocery Clearly,SSX-42-01529,6.07,3.84,High quality classic grocery clearly from OrganicWay.,"{""brand"": ""OrganicWay"", ""organic"": true, ""expiration_days"": 75}",True
1530,26,24,Premium Toys Sometimes,BGX-42-01530,36.73,16.97,High quality premium toys sometimes from BrickBuilder.,"{""brand"": ""BrickBuilder"", ""weight_g"": 1221}",True
1531,26,70,Premium Toys Should,BGX-42-01531,95.68,67.2,High quality premium toys should from PlayTime.,"{""brand"": ""PlayTime"", ""weight_g"": 748}",True
1532,28,188,Deluxe Automotive Tonight,CCX-42-01532,25.76,15.56,High quality deluxe automotive tonight from TireSafe.,"{""brand"": ""TireSafe"", ""weight_g"": 1342}",True
1533,28,130,Premium Automotive Bed,CCX-42-01533,236.91,103.54,High quality premium automotive bed from AutoPro.,"{""brand"": ""AutoPro"", ""weight_g"": 1492}",True
1534,5,47,Ultra Beauty Budget,BPC-42-01534,138.11,100.03,High quality ultra beauty budget from GlowUp.,"{""brand"": ""GlowUp"", ""weight_g"": 237}",True
1535,1,107,Premium Electronics Sister,EXY-42-01535,1587.35,764.43,High quality premium electronics sister from AudioMax.,"{""brand"": ""AudioMax"", ""color"": ""White"", ""weight_kg"": 3.16, ""warranty_years"": 2}",True
1536,16,59,Eco Apparel Arm,FXY-42-01536,144.57,82.89,High quality eco apparel arm from Vogue.,"{""brand"": ""Vogue"", ""color"": ""Yellow"", ""size"": ""M"", ""material"": ""Cotton""}",True
1537,15,49,Ultra Apparel Eight,FXY-42-01537,106.44,45.54,High quality ultra apparel eight from ActiveFit.,"{""brand"": ""ActiveFit"", ""color"": ""Silver"", ""size"": ""XL"", ""material"": ""Leather""}",True
1538,23,66,Ultra Sports Pressure,CBX-42-01538,352.92,150.53,High quality ultra sports pressure from FitPulse.,"{""brand"": ""FitPulse"", ""material"": ""Leather"", ""weight_kg"": 4.48}",True
1539,21,160,Eco Sports With,FGX-42-01539,151.88,82.67,High quality eco sports with from FitPulse.,"{""brand"": ""FitPulse"", ""material"": ""Leather"", ""weight_kg"": 10.95}",True
1540,27,96,Eco Toys Choose,AFD-42-01540,90.9,53.24,High quality eco toys choose from BoardFun.,"{""brand"": ""BoardFun"", ""weight_g"": 626}",True
1541,25,33,Classic Beauty Trouble,SCX-42-01541,14.37,6.06,High quality classic beauty trouble from GlowUp.,"{""brand"": ""GlowUp"", ""weight_g"": 1319}",True
1542,25,199,Eco Beauty There,SCX-42-01542,67.36,42.84,High quality eco beauty there from LuxeHair.,"{""brand"": ""LuxeHair"", ""weight_g"": 74}",True
1543,24,140,Classic Beauty Ten,MCX-42-01543,17.79,10.78,High quality classic beauty ten from GlowUp.,"{""brand"": ""GlowUp"", ""weight_g"": 1215}",True
1544,9,60,Pro Grocery Field,GGF-42-01544,23.64,15.6,High quality pro grocery field from NatureDrop.,"{""brand"": ""NatureDrop"", ""organic"": false, ""expiration_days"": 163}",True
1545,25,81,Ultra Beauty Address,SCX-42-01545,50.45,37.82,High quality ultra beauty address from SilkSkin.,"{""brand"": ""SilkSkin"", ""weight_g"": 1252}",True
1546,6,14,Pro Books Gun,BXY-42-01546,57.74,31.38,High quality pro books gun from OReilly.,"{""brand"": ""OReilly"", ""weight_g"": 875}",True
1547,15,117,Deluxe Apparel Rule,FXY-42-01547,95.91,43.13,High quality deluxe apparel rule from DenimCo.,"{""brand"": ""DenimCo"", ""color"": ""Green"", ""size"": ""XS"", ""material"": ""Wool""}",True
1548,26,96,Ultra Toys Summer,BGX-42-01548,51.96,36.61,High quality ultra toys summer from KidZone.,"{""brand"": ""KidZone"", ""weight_g"": 798}",True
1549,1,107,Ultra Electronics Bring,EXY-42-01549,1586.92,1002.33,High quality ultra electronics bring from Sonyx.,"{""brand"": ""Sonyx"", ""color"": ""Navy"", ""weight_kg"": 7.57, ""warranty_years"": 2}",True
1550,4,37,Classic Sports Focus,SOX-42-01550,198.69,89.9,High quality classic sports focus from TrailBlaze.,"{""brand"": ""TrailBlaze"", ""material"": ""Cotton"", ""weight_kg"": 12.68}",True
1551,6,74,Classic Books Listen,BXY-42-01551,67.74,47.34,High quality classic books listen from Harper.,"{""brand"": ""Harper"", ""weight_g"": 439}",True
1552,16,162,Deluxe Apparel Market,FXY-42-01552,147.51,81.35,High quality deluxe apparel market from Vogue.,"{""brand"": ""Vogue"", ""color"": ""Yellow"", ""size"": ""XXL"", ""material"": ""Cotton""}",True
1553,12,56,Pro Electronics Agency,LCX-42-01553,152.47,78.24,High quality pro electronics agency from LinkSys.,"{""brand"": ""LinkSys"", ""color"": ""Red"", ""weight_kg"": 1.22, ""warranty_years"": 5}",True
1554,26,70,Classic Toys Glass,BGX-42-01554,55.8,22.57,High quality classic toys glass from BrickBuilder.,"{""brand"": ""BrickBuilder"", ""weight_g"": 743}",True
1555,21,91,Premium Sports Determine,FGX-42-01555,343.61,189.04,High quality premium sports determine from TrailBlaze.,"{""brand"": ""TrailBlaze"", ""material"": ""Metal"", ""weight_kg"": 8.86}",True
1556,12,150,Smart Electronics Sister,LCX-42-01556,1383.26,615.34,High quality smart electronics sister from Quant.,"{""brand"": ""Quant"", ""color"": ""White"", ""weight_kg"": 0.24, ""warranty_years"": 3}",True
1557,14,87,Ultra Electronics Note,SHD-42-01557,434.72,223.52,High quality ultra electronics note from Volt.,"{""brand"": ""Volt"", ""color"": ""Yellow"", ""weight_kg"": 6.32, ""warranty_years"": 3}",True
1558,19,195,Ultra Home Development,FXY-42-01558,274.88,128.65,High quality ultra home development from CozyLiving.,"{""brand"": ""CozyLiving"", ""material"": ""Leather"", ""weight_kg"": 17.85}",True
1559,20,48,Smart Home Democrat,BBX-42-01559,653.46,318.36,High quality smart home democrat from ChefChoice.,"{""brand"": ""ChefChoice"", ""material"": ""Cotton"", ""weight_kg"": 8.18}",True
1560,29,13,Classic Grocery Office,BXY-42-01560,20.44,9.24,High quality classic grocery office from OrganicWay.,"{""brand"": ""OrganicWay"", ""organic"": false, ""expiration_days"": 246}",True
1561,20,163,Deluxe Home Necessary,BBX-42-01561,223.82,124.74,High quality deluxe home necessary from DecoHome.,"{""brand"": ""DecoHome"", ""material"": ""Metal"", ""weight_kg"": 17.94}",True
1562,12,158,Ultra Electronics Social,LCX-42-01562,1559.96,882.64,High quality ultra electronics social from AudioMax.,"{""brand"": ""AudioMax"", ""color"": ""Black"", ""weight_kg"": 2.68, ""warranty_years"": 5}",True
1563,18,20,Pro Home Evening,KAX-42-01563,630.19,463.08,High quality pro home evening from CozyLiving.,"{""brand"": ""CozyLiving"", ""material"": ""Leather"", ""weight_kg"": 20.69}",True
1564,21,77,Premium Sports Official,FGX-42-01564,479.07,291.83,High quality premium sports official from FitPulse.,"{""brand"": ""FitPulse"", ""material"": ""Cotton"", ""weight_kg"": 18.52}",True
1565,7,154,Deluxe Toys Meeting,TGX-42-01565,97.87,48.82,High quality deluxe toys meeting from KidZone.,"{""brand"": ""KidZone"", ""weight_g"": 916}",True
1566,23,37,Classic Sports Prevent,CBX-42-01566,152.6,71.95,High quality classic sports prevent from PeakGear.,"{""brand"": ""PeakGear"", ""material"": ""Cotton"", ""weight_kg"": 16.47}",True
1567,25,80,Ultra Beauty Show,SCX-42-01567,16.41,9.23,High quality ultra beauty show from LuxeHair.,"{""brand"": ""LuxeHair"", ""weight_g"": 1331}",True
1568,13,109,Classic Electronics Chance,AHX-42-01568,330.82,183.75,High quality classic electronics chance from TechCo.,"{""brand"": ""TechCo"", ""color"": ""Red"", ""weight_kg"": 3.7, ""warranty_years"": 2}",True
1569,23,161,Ultra Sports Run,CBX-42-01569,229.4,104.84,High quality ultra sports run from FitPulse.,"{""brand"": ""FitPulse"", ""material"": ""Cotton"", ""weight_kg"": 3.54}",True
1570,28,130,Classic Automotive Say,CCX-42-01570,168.01,88.89,High quality classic automotive say from TireSafe.,"{""brand"": ""TireSafe"", ""weight_g"": 1176}",True
1571,1,137,Ultra Electronics Relate,EXY-42-01571,879.83,451.67,High quality ultra electronics relate from Volt.,"{""brand"": ""Volt"", ""color"": ""Navy"", ""weight_kg"": 6.7, ""warranty_years"": 1}",True
1572,21,91,Premium Sports Affect,FGX-42-01572,165.39,109.95,High quality premium sports affect from PeakGear.,"{""brand"": ""PeakGear"", ""material"": ""Wool"", ""weight_kg"": 12.67}",True
1573,30,10,Ultra Grocery However,SSX-42-01573,8.72,3.8,High quality ultra grocery however from TastyBites.,"{""brand"": ""TastyBites"", ""organic"": true, ""expiration_days"": 194}",True
1574,12,93,Premium Electronics Pass,LCX-42-01574,180.69,94.0,High quality premium electronics pass from Quant.,"{""brand"": ""Quant"", ""color"": ""Green"", ""weight_kg"": 4.41, ""warranty_years"": 5}",True
1575,21,192,Deluxe Sports Western,FGX-42-01575,201.02,91.31,High quality deluxe sports western from PeakGear.,"{""brand"": ""PeakGear"", ""material"": ""Leather"", ""weight_kg"": 11.49}",True
1576,4,190,Ultra Sports Record,SOX-42-01576,456.16,224.1,High quality ultra sports record from PeakGear.,"{""brand"": ""PeakGear"", ""material"": ""Cotton"", ""weight_kg"": 1.79}",True
1577,27,179,Ultra Toys New,AFD-42-01577,34.81,14.44,High quality ultra toys new from BrickBuilder.,"{""brand"": ""BrickBuilder"", ""weight_g"": 362}",True
1578,28,41,Deluxe Automotive Animal,CCX-42-01578,152.67,78.32,High quality deluxe automotive animal from TireSafe.,"{""brand"": ""TireSafe"", ""weight_g"": 89}",True
1579,17,85,Eco Apparel Especially,FSX-42-01579,103.52,65.67,High quality eco apparel especially from DenimCo.,"{""brand"": ""DenimCo"", ""color"": ""Pink"", ""size"": ""XS"", ""material"": ""Cotton""}",True
1580,7,169,Pro Toys Conference,TGX-42-01580,13.96,6.71,High quality pro toys conference from PlayTime.,"{""brand"": ""PlayTime"", ""weight_g"": 765}",True
1581,23,65,Deluxe Sports As,CBX-42-01581,292.88,154.89,High quality deluxe sports as from TrailBlaze.,"{""brand"": ""TrailBlaze"", ""material"": ""Wood"", ""weight_kg"": 5.71}",True
1582,18,1,Classic Home Federal,KAX-42-01582,733.43,484.42,High quality classic home federal from CozyLiving.,"{""brand"": ""CozyLiving"", ""material"": ""Plastic"", ""weight_kg"": 13.02}",True
1583,6,52,Ultra Books Deep,BXY-42-01583,62.3,30.51,High quality ultra books deep from OReilly.,"{""brand"": ""OReilly"", ""weight_g"": 583}",True
1584,13,56,Pro Electronics Strategy,AHX-42-01584,1307.92,729.92,High quality pro electronics strategy from LinkSys.,"{""brand"": ""LinkSys"", ""color"": ""Pink"", ""weight_kg"": 6.18, ""warranty_years"": 2}",True
1585,6,28,Eco Books Same,BXY-42-01585,11.0,7.5,High quality eco books same from Harper.,"{""brand"": ""Harper"", ""weight_g"": 459}",True
1586,25,127,Eco Beauty Prepare,SCX-42-01586,111.68,56.34,High quality eco beauty prepare from SilkSkin.,"{""brand"": ""SilkSkin"", ""weight_g"": 1264}",True
1587,27,89,Eco Toys Experience,AFD-42-01587,49.7,20.83,High quality eco toys experience from BrickBuilder.,"{""brand"": ""BrickBuilder"", ""weight_g"": 1210}",True
1588,29,46,Premium Grocery Argue,BXY-42-01588,12.41,5.07,High quality premium grocery argue from TastyBites.,"{""brand"": ""TastyBites"", ""organic"": true, ""expiration_days"": 180}",True
1589,7,121,Classic Toys Make,TGX-42-01589,114.15,61.18,High quality classic toys make from KidZone.,"{""brand"": ""KidZone"", ""weight_g"": 850}",True
1590,20,194,Smart Home Real,BBX-42-01590,144.73,82.8,High quality smart home real from CozyLiving.,"{""brand"": ""CozyLiving"", ""material"": ""Leather"", ""weight_kg"": 2.4}",True
1591,4,37,Deluxe Sports You,SOX-42-01591,427.08,263.4,High quality deluxe sports you from PeakGear.,"{""brand"": ""PeakGear"", ""material"": ""Metal"", ""weight_kg"": 23.29}",True
1592,10,144,Ultra Office Products Across,OPX-42-01592,38.76,23.21,High quality ultra office products across from PaperMate.,"{""brand"": ""PaperMate"", ""weight_g"": 159}",True
1593,12,87,Eco Electronics Audience,LCX-42-01593,1298.63,960.76,High quality eco electronics audience from Volt.,"{""brand"": ""Volt"", ""color"": ""White"", ""weight_kg"": 2.31, ""warranty_years"": 1}",True
1594,10,6,Classic Office Products Important,OPX-42-01594,89.95,45.49,High quality classic office products important from DeskWork.,"{""brand"": ""DeskWork"", ""weight_g"": 469}",True
1595,4,166,Premium Sports Recent,SOX-42-01595,373.41,238.47,High quality premium sports recent from AquaFlow.,"{""brand"": ""AquaFlow"", ""material"": ""Wool"", ""weight_kg"": 0.85}",True
1596,3,163,Smart Home Experience,HKX-42-01596,199.32,140.41,High quality smart home experience from CozyLiving.,"{""brand"": ""CozyLiving"", ""material"": ""Metal"", ""weight_kg"": 1.05}",True
1597,19,98,Ultra Home Recognize,FXY-42-01597,64.68,41.53,High quality ultra home recognize from KitchenAid.,"{""brand"": ""KitchenAid"", ""material"": ""Wood"", ""weight_kg"": 17.11}",True
1598,1,8,Pro Electronics Together,EXY-42-01598,1004.9,694.04,High quality pro electronics together from Sonyx.,"{""brand"": ""Sonyx"", ""color"": ""Black"", ""weight_kg"": 4.66, ""warranty_years"": 1}",True
1599,22,65,Eco Sports While,ORX-42-01599,479.92,339.17,High quality eco sports while from FitPulse.,"{""brand"": ""FitPulse"", ""material"": ""Glass"", ""weight_kg"": 5.47}",True
1600,9,2,Ultra Grocery Receive,GGF-42-01600,34.22,25.22,High quality ultra grocery receive from TastyBites.,"{""brand"": ""TastyBites"", ""organic"": false, ""expiration_days"": 10}",True
1601,21,39,Pro Sports Here,FGX-42-01601,437.39,302.84,High quality pro sports here from AquaFlow.,"{""brand"": ""AquaFlow"", ""material"": ""Leather"", ""weight_kg"": 18.03}",True
1602,24,7,Classic Beauty Treatment,MCX-42-01602,46.54,20.06,High quality classic beauty treatment from LuxeHair.,"{""brand"": ""LuxeHair"", ""weight_g"": 1017}",True
1603,18,29,Eco Home Box,KAX-42-01603,308.01,220.42,High quality eco home box from DecoHome.,"{""brand"": ""DecoHome"", ""material"": ""Plastic"", ""weight_kg"": 18.51}",True
1604,12,107,Pro Electronics After,LCX-42-01604,364.45,197.03,High quality pro electronics after from Volt.,"{""brand"": ""Volt"", ""color"": ""Red"", ""weight_kg"": 1.27, ""warranty_years"": 5}",True
1605,22,136,Premium Sports Final,ORX-42-01605,206.87,152.36,High quality premium sports final from FitPulse.,"{""brand"": ""FitPulse"", ""material"": ""Wool"", ""weight_kg"": 8.65}",True
1606,12,137,Deluxe Electronics Trip,LCX-42-01606,943.78,626.48,High quality deluxe electronics trip from AudioMax.,"{""brand"": ""AudioMax"", ""color"": ""Silver"", ""weight_kg"": 7.13, ""warranty_years"": 3}",True
1607,17,165,Eco Apparel Use,FSX-42-01607,37.56,19.52,High quality eco apparel use from Vogue.,"{""brand"": ""Vogue"", ""color"": ""Navy"", ""size"": ""S"", ""material"": ""Leather""}",True
1608,27,179,Premium Toys Range,AFD-42-01608,53.6,36.89,High quality premium toys range from PlayTime.,"{""brand"": ""PlayTime"", ""weight_g"": 1114}",True
1609,4,160,Eco Sports Imagine,SOX-42-01609,7.0,5.09,High quality eco sports imagine from TrailBlaze.,"{""brand"": ""TrailBlaze"", ""material"": ""Leather"", ""weight_kg"": 17.26}",True
1610,26,96,Deluxe Toys During,BGX-42-01610,63.81,32.79,High quality deluxe toys during from BoardFun.,"{""brand"": ""BoardFun"", ""weight_g"": 1173}",True
1611,30,116,Ultra Grocery Husband,SSX-42-01611,27.11,18.62,High quality ultra grocery husband from NatureDrop.,"{""brand"": ""NatureDrop"", ""organic"": false, ""expiration_days"": 362}",True
1612,25,15,Ultra Beauty Movie,SCX-42-01612,37.74,23.6,High quality ultra beauty movie from SilkSkin.,"{""brand"": ""SilkSkin"", ""weight_g"": 51}",True
1613,29,155,Premium Grocery Security,BXY-42-01613,40.4,23.16,High quality premium grocery security from NatureDrop.,"{""brand"": ""NatureDrop"", ""organic"": true, ""expiration_days"": 217}",True
1614,10,68,Deluxe Office Products Bit,OPX-42-01614,54.65,23.71,High quality deluxe office products bit from OfficePro.,"{""brand"": ""OfficePro"", ""weight_g"": 98}",True
1615,1,8,Deluxe Electronics Well,EXY-42-01615,605.65,286.16,High quality deluxe electronics well from AudioMax.,"{""brand"": ""AudioMax"", ""color"": ""White"", ""weight_kg"": 0.63, ""warranty_years"": 5}",True
1616,4,118,Premium Sports Four,SOX-42-01616,472.71,298.54,High quality premium sports four from FitPulse.,"{""brand"": ""FitPulse"", ""material"": ""Plastic"", ""weight_kg"": 10.0}",True
1617,7,89,Pro Toys Memory,TGX-42-01617,57.14,34.65,High quality pro toys memory from PlayTime.,"{""brand"": ""PlayTime"", ""weight_g"": 1440}",True
1618,16,12,Classic Apparel Trial,FXY-42-01618,105.0,54.92,High quality classic apparel trial from DenimCo.,"{""brand"": ""DenimCo"", ""color"": ""Green"", ""size"": ""XL"", ""material"": ""Polyester""}",True
1619,14,139,Eco Electronics Picture,SHD-42-01619,1182.51,837.48,High quality eco electronics picture from Quant.,"{""brand"": ""Quant"", ""color"": ""Black"", ""weight_kg"": 3.1, ""warranty_years"": 5}",True
1620,25,200,Premium Beauty Night,SCX-42-01620,17.59,8.59,High quality premium beauty night from GlowUp.,"{""brand"": ""GlowUp"", ""weight_g"": 552}",True
1621,24,199,Pro Beauty Behavior,MCX-42-01621,108.76,78.61,High quality pro beauty behavior from LuxeHair.,"{""brand"": ""LuxeHair"", ""weight_g"": 740}",True
1622,8,188,Classic Automotive Cultural,AXY-42-01622,295.28,121.66,High quality classic automotive cultural from TireSafe.,"{""brand"": ""TireSafe"", ""weight_g"": 493}",True
1623,20,82,Smart Home Decide,BBX-42-01623,89.54,57.25,High quality smart home decide from KitchenAid.,"{""brand"": ""KitchenAid"", ""material"": ""Glass"", ""weight_kg"": 2.19}",True
1624,6,143,Deluxe Books Month,BXY-42-01624,27.78,16.61,High quality deluxe books month from Springer.,"{""brand"": ""Springer"", ""weight_g"": 1388}",True
1625,24,7,Smart Beauty Lot,MCX-42-01625,41.71,18.4,High quality smart beauty lot from LuxeHair.,"{""brand"": ""LuxeHair"", ""weight_g"": 406}",True
1626,29,149,Classic Grocery Option,BXY-42-01626,16.08,7.35,High quality classic grocery option from NatureDrop.,"{""brand"": ""NatureDrop"", ""organic"": false, ""expiration_days"": 66}",True
1627,22,71,Pro Sports With,ORX-42-01627,484.44,206.8,High quality pro sports with from AquaFlow.,"{""brand"": ""AquaFlow"", ""material"": ""Leather"", ""weight_kg"": 0.64}",True
1628,25,159,Deluxe Beauty Seem,SCX-42-01628,121.99,87.45,High quality deluxe beauty seem from LuxeHair.,"{""brand"": ""LuxeHair"", ""weight_g"": 139}",True
1629,10,64,Smart Office Products Age,OPX-42-01629,23.12,16.25,High quality smart office products age from DeskWork.,"{""brand"": ""DeskWork"", ""weight_g"": 518}",True
1630,23,119,Premium Sports Among,CBX-42-01630,405.17,296.51,High quality premium sports among from PeakGear.,"{""brand"": ""PeakGear"", ""material"": ""Wool"", ""weight_kg"": 3.91}",True
1631,24,127,Classic Beauty End,MCX-42-01631,86.6,47.92,High quality classic beauty end from LuxeHair.,"{""brand"": ""LuxeHair"", ""weight_g"": 92}",True
1632,23,125,Smart Sports Win,CBX-42-01632,449.36,237.67,High quality smart sports win from PeakGear.,"{""brand"": ""PeakGear"", ""material"": ""Wood"", ""weight_kg"": 12.1}",True
1633,9,129,Premium Grocery Next,GGF-42-01633,28.75,15.75,High quality premium grocery next from OrganicWay.,"{""brand"": ""OrganicWay"", ""organic"": false, ""expiration_days"": 350}",True
1634,12,108,Ultra Electronics Focus,LCX-42-01634,814.63,587.96,High quality ultra electronics focus from TechCo.,"{""brand"": ""TechCo"", ""color"": ""Black"", ""weight_kg"": 1.38, ""warranty_years"": 2}",True
1635,22,77,Classic Sports Goal,ORX-42-01635,225.82,169.09,High quality classic sports goal from FitPulse.,"{""brand"": ""FitPulse"", ""material"": ""Glass"", ""weight_kg"": 2.14}",True
1636,26,173,Smart Toys Might,BGX-42-01636,30.41,16.56,High quality smart toys might from PlayTime.,"{""brand"": ""PlayTime"", ""weight_g"": 525}",True
1637,7,26,Pro Toys Increase,TGX-42-01637,43.04,28.46,High quality pro toys increase from PlayTime.,"{""brand"": ""PlayTime"", ""weight_g"": 811}",True
1638,2,122,Eco Apparel Size,AXY-42-01638,159.74,70.2,High quality eco apparel size from ActiveFit.,"{""brand"": ""ActiveFit"", ""color"": ""Navy"", ""size"": ""XL"", ""material"": ""Cotton""}",True
1639,10,62,Pro Office Products Close,OPX-42-01639,32.63,15.83,High quality pro office products close from OfficePro.,"{""brand"": ""OfficePro"", ""weight_g"": 436}",True
1640,22,123,Ultra Sports Affect,ORX-42-01640,241.75,114.82,High quality ultra sports affect from AquaFlow.,"{""brand"": ""AquaFlow"", ""material"": ""Polyester"", ""weight_kg"": 4.08}",True
1641,5,199,Premium Beauty Hand,BPC-42-01641,78.93,55.36,High quality premium beauty hand from LuxeHair.,"{""brand"": ""LuxeHair"", ""weight_g"": 1101}",True
1642,3,124,Pro Home Return,HKX-42-01642,144.32,89.4,High quality pro home return from CozyLiving.,"{""brand"": ""CozyLiving"", ""material"": ""Leather"", ""weight_kg"": 20.79}",True
1643,14,8,Classic Electronics He,SHD-42-01643,1509.69,626.55,High quality classic electronics he from Quant.,"{""brand"": ""Quant"", ""color"": ""Black"", ""weight_kg"": 1.62, ""warranty_years"": 3}",True
1644,13,108,Eco Electronics Hear,AHX-42-01644,1220.74,858.7,High quality eco electronics hear from Sonyx.,"{""brand"": ""Sonyx"", ""color"": ""Yellow"", ""weight_kg"": 4.96, ""warranty_years"": 5}",True
1645,21,190,Smart Sports Process,FGX-42-01645,319.5,154.79,High quality smart sports process from FitPulse.,"{""brand"": ""FitPulse"", ""material"": ""Glass"", ""weight_kg"": 19.44}",True
1646,14,126,Premium Electronics Five,SHD-42-01646,81.21,34.37,High quality premium electronics five from AudioMax.,"{""brand"": ""AudioMax"", ""color"": ""Silver"", ""weight_kg"": 6.21, ""warranty_years"": 1}",True
1647,12,92,Deluxe Electronics Eat,LCX-42-01647,798.67,449.31,High quality deluxe electronics eat from Volt.,"{""brand"": ""Volt"", ""color"": ""Red"", ""weight_kg"": 6.71, ""warranty_years"": 3}",True
1648,30,50,Pro Grocery More,SSX-42-01648,43.06,24.31,High quality pro grocery more from SweetTreats.,"{""brand"": ""SweetTreats"", ""organic"": true, ""expiration_days"": 250}",True
1649,11,56,Smart Electronics Fact,SXY-42-01649,1389.02,1029.72,High quality smart electronics fact from LinkSys.,"{""brand"": ""LinkSys"", ""color"": ""Navy"", ""weight_kg"": 5.09, ""warranty_years"": 3}",True
1650,21,83,Smart Sports Task,FGX-42-01650,467.41,330.07,High quality smart sports task from TrailBlaze.,"{""brand"": ""TrailBlaze"", ""material"": ""Plastic"", ""weight_kg"": 23.21}",True
1651,11,174,Classic Electronics Assume,SXY-42-01651,494.04,230.69,High quality classic electronics assume from Sonyx.,"{""brand"": ""Sonyx"", ""color"": ""Blue"", ""weight_kg"": 4.19, ""warranty_years"": 5}",True
1652,9,46,Ultra Grocery Process,GGF-42-01652,30.69,19.47,High quality ultra grocery process from TastyBites.,"{""brand"": ""TastyBites"", ""organic"": false, ""expiration_days"": 107}",True
1653,22,170,Classic Sports Even,ORX-42-01653,183.94,108.52,High quality classic sports even from TrailBlaze.,"{""brand"": ""TrailBlaze"", ""material"": ""Glass"", ""weight_kg"": 14.75}",True
1654,6,28,Eco Books Unit,BXY-42-01654,60.17,42.52,High quality eco books unit from Harper.,"{""brand"": ""Harper"", ""weight_g"": 471}",True
1655,20,195,Eco Home Impact,BBX-42-01655,512.25,265.39,High quality eco home impact from ChefChoice.,"{""brand"": ""ChefChoice"", ""material"": ""Plastic"", ""weight_kg"": 6.52}",True
1656,16,177,Smart Apparel Voice,FXY-42-01656,61.44,36.79,High quality smart apparel voice from ActiveFit.,"{""brand"": ""ActiveFit"", ""color"": ""Silver"", ""size"": ""M"", ""material"": ""Polyester""}",True
1657,9,13,Pro Grocery Teacher,GGF-42-01657,48.39,33.13,High quality pro grocery teacher from OrganicWay.,"{""brand"": ""OrganicWay"", ""organic"": true, ""expiration_days"": 106}",True
1658,26,89,Smart Toys All,BGX-42-01658,112.06,62.66,High quality smart toys all from BoardFun.,"{""brand"": ""BoardFun"", ""weight_g"": 1096}",True
1659,19,82,Pro Home Yet,FXY-42-01659,171.36,71.6,High quality pro home yet from ChefChoice.,"{""brand"": ""ChefChoice"", ""material"": ""Polyester"", ""weight_kg"": 12.17}",True
1660,13,93,Classic Electronics One,AHX-42-01660,256.5,118.86,High quality classic electronics one from TechCo.,"{""brand"": ""TechCo"", ""color"": ""Black"", ""weight_kg"": 6.79, ""warranty_years"": 3}",True
1661,4,136,Premium Sports Far,SOX-42-01661,269.94,120.01,High quality premium sports far from AquaFlow.,"{""brand"": ""AquaFlow"", ""material"": ""Leather"", ""weight_kg"": 1.48}",True
1662,22,160,Smart Sports Down,ORX-42-01662,34.64,15.21,High quality smart sports down from FitPulse.,"{""brand"": ""FitPulse"", ""material"": ""Metal"", ""weight_kg"": 11.03}",True
1663,8,67,Classic Automotive Civil,AXY-42-01663,187.4,112.39,High quality classic automotive civil from MotorMax.,"{""brand"": ""MotorMax"", ""weight_g"": 534}",True
1664,5,7,Ultra Beauty Growth,BPC-42-01664,85.29,43.57,High quality ultra beauty growth from SilkSkin.,"{""brand"": ""SilkSkin"", ""weight_g"": 834}",True
1665,7,154,Premium Toys Watch,TGX-42-01665,77.79,57.1,High quality premium toys watch from BoardFun.,"{""brand"": ""BoardFun"", ""weight_g"": 1045}",True
1666,4,66,Ultra Sports Increase,SOX-42-01666,126.87,68.79,High quality ultra sports increase from AquaFlow.,"{""brand"": ""AquaFlow"", ""material"": ""Wool"", ""weight_kg"": 22.35}",True
1667,30,45,Eco Grocery Realize,SSX-42-01667,15.41,6.18,High quality eco grocery realize from NatureDrop.,"{""brand"": ""NatureDrop"", ""organic"": false, ""expiration_days"": 306}",True
1668,28,188,Ultra Automotive Certain,CCX-42-01668,255.63,142.17,High quality ultra automotive certain from AutoPro.,"{""brand"": ""AutoPro"", ""weight_g"": 217}",True
1669,14,139,Pro Electronics Begin,SHD-42-01669,899.38,407.09,High quality pro electronics begin from LinkSys.,"{""brand"": ""LinkSys"", ""color"": ""Green"", ""weight_kg"": 0.28, ""warranty_years"": 3}",True
1670,7,173,Smart Toys Show,TGX-42-01670,64.07,43.33,High quality smart toys show from BoardFun.,"{""brand"": ""BoardFun"", ""weight_g"": 709}",True
1671,1,108,Pro Electronics Idea,EXY-42-01671,1024.97,549.14,High quality pro electronics idea from LinkSys.,"{""brand"": ""LinkSys"", ""color"": ""Gray"", ""weight_kg"": 3.05, ""warranty_years"": 1}",True
1672,20,148,Pro Home Near,BBX-42-01672,551.37,253.04,High quality pro home near from DecoHome.,"{""brand"": ""DecoHome"", ""material"": ""Leather"", ""weight_kg"": 8.2}",True
1673,13,92,Ultra Electronics Resource,AHX-42-01673,512.56,257.17,High quality ultra electronics resource from Quant.,"{""brand"": ""Quant"", ""color"": ""Navy"", ""weight_kg"": 7.03, ""warranty_years"": 1}",True
1674,22,160,Pro Sports Position,ORX-42-01674,125.82,81.05,High quality pro sports position from PeakGear.,"{""brand"": ""PeakGear"", ""material"": ""Wood"", ""weight_kg"": 14.51}",True
1675,12,107,Pro Electronics Turn,LCX-42-01675,60.58,33.48,High quality pro electronics turn from Quant.,"{""brand"": ""Quant"", ""color"": ""White"", ""weight_kg"": 3.56, ""warranty_years"": 3}",True
1676,8,69,Pro Automotive Process,AXY-42-01676,113.15,84.75,High quality pro automotive process from DriveClean.,"{""brand"": ""DriveClean"", ""weight_g"": 395}",True
1677,8,187,Deluxe Automotive Rich,AXY-42-01677,195.28,119.06,High quality deluxe automotive rich from DriveClean.,"{""brand"": ""DriveClean"", ""weight_g"": 124}",True
1678,13,93,Eco Electronics Dream,AHX-42-01678,115.0,55.2,High quality eco electronics dream from Sonyx.,"{""brand"": ""Sonyx"", ""color"": ""White"", ""weight_kg"": 4.96, ""warranty_years"": 1}",True
1679,9,10,Ultra Grocery Key,GGF-42-01679,27.21,13.31,High quality ultra grocery key from NatureDrop.,"{""brand"": ""NatureDrop"", ""organic"": true, ""expiration_days"": 233}",True
1680,9,36,Smart Grocery Effect,GGF-42-01680,13.0,6.62,High quality smart grocery effect from OrganicWay.,"{""brand"": ""OrganicWay"", ""organic"": true, ""expiration_days"": 57}",True
1681,20,4,Deluxe Home Page,BBX-42-01681,464.5,313.11,High quality deluxe home page from DecoHome.,"{""brand"": ""DecoHome"", ""material"": ""Metal"", ""weight_kg"": 13.92}",True
1682,14,174,Ultra Electronics Claim,SHD-42-01682,352.49,143.12,High quality ultra electronics claim from LinkSys.,"{""brand"": ""LinkSys"", ""color"": ""White"", ""weight_kg"": 0.63, ""warranty_years"": 1}",True
1683,9,36,Smart Grocery Last,GGF-42-01683,27.63,18.59,High quality smart grocery last from NatureDrop.,"{""brand"": ""NatureDrop"", ""organic"": true, ""expiration_days"": 88}",True
1684,18,29,Deluxe Home Forget,KAX-42-01684,207.83,83.77,High quality deluxe home forget from DecoHome.,"{""brand"": ""DecoHome"", ""material"": ""Metal"", ""weight_kg"": 13.07}",True
1685,1,109,Ultra Electronics Where,EXY-42-01685,1018.93,427.85,High quality ultra electronics where from Sonyx.,"{""brand"": ""Sonyx"", ""color"": ""Black"", ""weight_kg"": 3.81, ""warranty_years"": 2}",True
1686,8,188,Classic Automotive Point,AXY-42-01686,251.11,150.88,High quality classic automotive point from TireSafe.,"{""brand"": ""TireSafe"", ""weight_g"": 553}",True
1687,15,49,Ultra Apparel Girl,FXY-42-01687,144.94,94.17,High quality ultra apparel girl from UrbanStyle.,"{""brand"": ""UrbanStyle"", ""color"": ""Black"", ""size"": ""XS"", ""material"": ""Wood""}",True
1688,5,7,Pro Beauty List,BPC-42-01688,46.64,27.29,High quality pro beauty list from LuxeHair.,"{""brand"": ""LuxeHair"", ""weight_g"": 1177}",True
1689,18,163,Eco Home Occur,KAX-42-01689,332.06,193.85,High quality eco home occur from CozyLiving.,"{""brand"": ""CozyLiving"", ""material"": ""Wood"", ""weight_kg"": 18.91}",True
1690,17,114,Ultra Apparel Catch,FSX-42-01690,41.71,29.21,High quality ultra apparel catch from ThreadWear.,"{""brand"": ""ThreadWear"", ""color"": ""Gray"", ""size"": ""XS"", ""material"": ""Plastic""}",True
1691,27,89,Pro Toys Design,AFD-42-01691,22.71,16.27,High quality pro toys design from KidZone.,"{""brand"": ""KidZone"", ""weight_g"": 663}",True
1692,12,8,Premium Electronics Read,LCX-42-01692,642.8,301.82,High quality premium electronics read from Sonyx.,"{""brand"": ""Sonyx"", ""color"": ""Green"", ""weight_kg"": 6.22, ""warranty_years"": 2}",True
1693,15,153,Eco Apparel Certainly,FXY-42-01693,160.2,106.09,High quality eco apparel certainly from ActiveFit.,"{""brand"": ""ActiveFit"", ""color"": ""Green"", ""size"": ""S"", ""material"": ""Wool""}",True
1694,1,174,Pro Electronics Partner,EXY-42-01694,469.6,260.0,High quality pro electronics partner from Quant.,"{""brand"": ""Quant"", ""color"": ""Yellow"", ""weight_kg"": 5.73, ""warranty_years"": 3}",True
1695,29,43,Premium Grocery Number,BXY-42-01695,24.24,13.22,High quality premium grocery number from TastyBites.,"{""brand"": ""TastyBites"", ""organic"": true, ""expiration_days"": 337}",True
1696,30,13,Pro Grocery Return,SSX-42-01696,16.18,6.77,High quality pro grocery return from SweetTreats.,"{""brand"": ""SweetTreats"", ""organic"": false, ""expiration_days"": 49}",True
1697,20,54,Pro Home Such,BBX-42-01697,293.5,170.05,High quality pro home such from KitchenAid.,"{""brand"": ""KitchenAid"", ""material"": ""Glass"", ""weight_kg"": 2.16}",True
1698,11,87,Premium Electronics Degree,SXY-42-01698,634.48,366.32,High quality premium electronics degree from TechCo.,"{""brand"": ""TechCo"", ""color"": ""Silver"", ""weight_kg"": 5.98, ""warranty_years"": 3}",True
1699,2,9,Classic Apparel Travel,AXY-42-01699,106.81,66.3,High quality classic apparel travel from ThreadWear.,"{""brand"": ""ThreadWear"", ""color"": ""Yellow"", ""size"": ""L"", ""material"": ""Plastic""}",True
1700,26,169,Classic Toys Certainly,BGX-42-01700,60.63,37.45,High quality classic toys certainly from BoardFun.,"{""brand"": ""BoardFun"", ""weight_g"": 154}",True
1701,26,154,Deluxe Toys For,BGX-42-01701,74.42,52.78,High quality deluxe toys for from KidZone.,"{""brand"": ""KidZone"", ""weight_g"": 937}",True
1702,25,95,Eco Beauty Risk,SCX-42-01702,10.24,6.89,High quality eco beauty risk from GlowUp.,"{""brand"": ""GlowUp"", ""weight_g"": 364}",True
1703,30,116,Eco Grocery Season,SSX-42-01703,17.85,11.6,High quality eco grocery season from NatureDrop.,"{""brand"": ""NatureDrop"", ""organic"": true, ""expiration_days"": 82}",True
1704,25,200,Classic Beauty Way,SCX-42-01704,33.47,20.61,High quality classic beauty way from LuxeHair.,"{""brand"": ""LuxeHair"", ""weight_g"": 501}",True
1705,2,12,Ultra Apparel Need,AXY-42-01705,67.55,49.56,High quality ultra apparel need from DenimCo.,"{""brand"": ""DenimCo"", ""color"": ""Navy"", ""size"": ""S"", ""material"": ""Wood""}",True
1706,26,26,Ultra Toys Where,BGX-42-01706,56.96,34.11,High quality ultra toys where from PlayTime.,"{""brand"": ""PlayTime"", ""weight_g"": 185}",True
1707,6,14,Premium Books Central,BXY-42-01707,27.12,15.43,High quality premium books central from Harper.,"{""brand"": ""Harper"", ""weight_g"": 1009}",True
1708,30,36,Premium Grocery Law,SSX-42-01708,46.39,26.57,High quality premium grocery law from SweetTreats.,"{""brand"": ""SweetTreats"", ""organic"": false, ""expiration_days"": 325}",True
1709,24,57,Classic Beauty When,MCX-42-01709,128.34,94.26,High quality classic beauty when from HerbEssentials.,"{""brand"": ""HerbEssentials"", ""weight_g"": 1343}",True
1710,22,97,Deluxe Sports Speech,ORX-42-01710,265.72,168.39,High quality deluxe sports speech from FitPulse.,"{""brand"": ""FitPulse"", ""material"": ""Leather"", ""weight_kg"": 6.04}",True
1711,1,107,Smart Electronics Check,EXY-42-01711,977.12,503.07,High quality smart electronics check from Volt.,"{""brand"": ""Volt"", ""color"": ""Yellow"", ""weight_kg"": 7.78, ""warranty_years"": 5}",True
1712,2,153,Premium Apparel Reality,AXY-42-01712,67.07,47.09,High quality premium apparel reality from Vogue.,"{""brand"": ""Vogue"", ""color"": ""Pink"", ""size"": ""S"", ""material"": ""Leather""}",True
1713,29,45,Premium Grocery Worker,BXY-42-01713,24.29,11.02,High quality premium grocery worker from NatureDrop.,"{""brand"": ""NatureDrop"", ""organic"": false, ""expiration_days"": 214}",True
1714,14,126,Ultra Electronics Other,SHD-42-01714,675.8,289.51,High quality ultra electronics other from LinkSys.,"{""brand"": ""LinkSys"", ""color"": ""Yellow"", ""weight_kg"": 7.59, ""warranty_years"": 1}",True
1715,25,57,Pro Beauty Whose,SCX-42-01715,139.29,58.49,High quality pro beauty whose from LuxeHair.,"{""brand"": ""LuxeHair"", ""weight_g"": 365}",True
1716,14,108,Classic Electronics Coach,SHD-42-01716,1957.15,1011.5,High quality classic electronics coach from TechCo.,"{""brand"": ""TechCo"", ""color"": ""Red"", ""weight_kg"": 1.96, ""warranty_years"": 5}",True
1717,30,116,Deluxe Grocery Friend,SSX-42-01717,30.24,16.39,High quality deluxe grocery friend from TastyBites.,"{""brand"": ""TastyBites"", ""organic"": false, ""expiration_days"": 134}",True
1718,20,195,Classic Home Author,BBX-42-01718,144.44,65.82,High quality classic home author from ChefChoice.,"{""brand"": ""ChefChoice"", ""material"": ""Polyester"", ""weight_kg"": 2.97}",True
1719,3,195,Pro Home Onto,HKX-42-01719,593.88,268.74,High quality pro home onto from ChefChoice.,"{""brand"": ""ChefChoice"", ""material"": ""Polyester"", ""weight_kg"": 23.39}",True
1720,26,179,Premium Toys No,BGX-42-01720,81.28,60.73,High quality premium toys no from KidZone.,"{""brand"": ""KidZone"", ""weight_g"": 413}",True
1721,2,34,Eco Apparel Serve,AXY-42-01721,65.37,45.45,High quality eco apparel serve from ActiveFit.,"{""brand"": ""ActiveFit"", ""color"": ""Navy"", ""size"": ""XS"", ""material"": ""Cotton""}",True
1722,6,74,Smart Books By,BXY-42-01722,31.77,13.14,High quality smart books by from Penguin.,"{""brand"": ""Penguin"", ""weight_g"": 130}",True
1723,20,1,Ultra Home Create,BBX-42-01723,659.82,308.33,High quality ultra home create from ChefChoice.,"{""brand"": ""ChefChoice"", ""material"": ""Glass"", ""weight_kg"": 3.13}",True
1724,19,54,Deluxe Home Friend,FXY-42-01724,498.12,290.97,High quality deluxe home friend from CozyLiving.,"{""brand"": ""CozyLiving"", ""material"": ""Wool"", ""weight_kg"": 2.09}",True
1725,20,51,Smart Home Those,BBX-42-01725,138.55,93.05,High quality smart home those from KitchenAid.,"{""brand"": ""KitchenAid"", ""material"": ""Glass"", ""weight_kg"": 15.36}",True
1726,23,91,Eco Sports Until,CBX-42-01726,20.86,14.57,High quality eco sports until from TrailBlaze.,"{""brand"": ""TrailBlaze"", ""material"": ""Glass"", ""weight_kg"": 20.35}",True
1727,12,109,Deluxe Electronics Child,LCX-42-01727,626.67,394.0,High quality deluxe electronics child from Quant.,"{""brand"": ""Quant"", ""color"": ""Green"", ""weight_kg"": 6.48, ""warranty_years"": 2}",True
1728,26,89,Pro Toys Short,BGX-42-01728,83.29,39.45,High quality pro toys short from BrickBuilder.,"{""brand"": ""BrickBuilder"", ""weight_g"": 1490}",True
1729,5,7,Premium Beauty All,BPC-42-01729,16.52,10.01,High quality premium beauty all from SilkSkin.,"{""brand"": ""SilkSkin"", ""weight_g"": 270}",True
1730,15,34,Deluxe Apparel Southern,FXY-42-01730,38.37,16.33,High quality deluxe apparel southern from ActiveFit.,"{""brand"": ""ActiveFit"", ""color"": ""Blue"", ""size"": ""XL"", ""material"": ""Leather""}",True
1731,23,123,Eco Sports From,CBX-42-01731,220.49,97.66,High quality eco sports from from FitPulse.,"{""brand"": ""FitPulse"", ""material"": ""Leather"", ""weight_kg"": 22.44}",True
1732,21,39,Classic Sports Up,FGX-42-01732,185.28,99.45,High quality classic sports up from PeakGear.,"{""brand"": ""PeakGear"", ""material"": ""Cotton"", ""weight_kg"": 1.27}",True
1733,28,69,Pro Automotive Job,CCX-42-01733,119.92,82.07,High quality pro automotive job from TireSafe.,"{""brand"": ""TireSafe"", ""weight_g"": 712}",True
1734,15,34,Eco Apparel Its,FXY-42-01734,165.0,109.04,High quality eco apparel its from DenimCo.,"{""brand"": ""DenimCo"", ""color"": ""Blue"", ""size"": ""XL"", ""material"": ""Wool""}",True
1735,1,158,Pro Electronics Floor,EXY-42-01735,1570.75,1152.93,High quality pro electronics floor from TechCo.,"{""brand"": ""TechCo"", ""color"": ""Yellow"", ""weight_kg"": 7.02, ""warranty_years"": 3}",True
1736,5,7,Smart Beauty Level,BPC-42-01736,133.21,64.47,High quality smart beauty level from LuxeHair.,"{""brand"": ""LuxeHair"", ""weight_g"": 619}",True
1737,30,43,Deluxe Grocery Skill,SSX-42-01737,36.6,19.99,High quality deluxe grocery skill from OrganicWay.,"{""brand"": ""OrganicWay"", ""organic"": false, ""expiration_days"": 185}",True
1738,26,169,Pro Toys World,BGX-42-01738,51.03,20.46,High quality pro toys world from BrickBuilder.,"{""brand"": ""BrickBuilder"", ""weight_g"": 482}",True
1739,5,57,Eco Beauty Term,BPC-42-01739,103.65,72.58,High quality eco beauty term from HerbEssentials.,"{""brand"": ""HerbEssentials"", ""weight_g"": 1137}",True
1740,13,174,Smart Electronics Wall,AHX-42-01740,1066.9,647.26,High quality smart electronics wall from Sonyx.,"{""brand"": ""Sonyx"", ""color"": ""Green"", ""weight_kg"": 6.18, ""warranty_years"": 1}",True
1741,15,193,Deluxe Apparel Public,FXY-42-01741,122.29,61.34,High quality deluxe apparel public from DenimCo.,"{""brand"": ""DenimCo"", ""color"": ""Black"", ""size"": ""M"", ""material"": ""Plastic""}",True
1742,1,107,Premium Electronics Worker,EXY-42-01742,1186.85,875.63,High quality premium electronics worker from Quant.,"{""brand"": ""Quant"", ""color"": ""Green"", ""weight_kg"": 7.44, ""warranty_years"": 2}",True
1743,30,60,Classic Grocery Single,SSX-42-01743,42.07,20.11,High quality classic grocery single from NatureDrop.,"{""brand"": ""NatureDrop"", ""organic"": true, ""expiration_days"": 127}",True
1744,22,160,Smart Sports Eye,ORX-42-01744,130.8,64.47,High quality smart sports eye from TrailBlaze.,"{""brand"": ""TrailBlaze"", ""material"": ""Cotton"", ""weight_kg"": 5.93}",True
1745,27,121,Premium Toys Civil,AFD-42-01745,36.29,14.54,High quality premium toys civil from PlayTime.,"{""brand"": ""PlayTime"", ""weight_g"": 610}",True
1746,18,115,Deluxe Home Start,KAX-42-01746,752.83,305.44,High quality deluxe home start from CozyLiving.,"{""brand"": ""CozyLiving"", ""material"": ""Cotton"", ""weight_kg"": 12.67}",True
1747,19,42,Deluxe Home Cup,FXY-42-01747,434.26,257.66,High quality deluxe home cup from KitchenAid.,"{""brand"": ""KitchenAid"", ""material"": ""Leather"", ""weight_kg"": 23.18}",True
1748,13,109,Eco Electronics Both,AHX-42-01748,1456.93,673.15,High quality eco electronics both from Sonyx.,"{""brand"": ""Sonyx"", ""color"": ""Black"", ""weight_kg"": 5.51, ""warranty_years"": 1}",True
1749,11,137,Premium Electronics Catch,SXY-42-01749,506.28,287.54,High quality premium electronics catch from Sonyx.,"{""brand"": ""Sonyx"", ""color"": ""Red"", ""weight_kg"": 1.44, ""warranty_years"": 3}",True
1750,22,83,Ultra Sports Crime,ORX-42-01750,210.71,151.1,High quality ultra sports crime from TrailBlaze.,"{""brand"": ""TrailBlaze"", ""material"": ""Plastic"", ""weight_kg"": 2.89}",True
1751,30,50,Smart Grocery Agree,SSX-42-01751,16.86,9.94,High quality smart grocery agree from OrganicWay.,"{""brand"": ""OrganicWay"", ""organic"": true, ""expiration_days"": 89}",True
1752,28,40,Ultra Automotive Sound,CCX-42-01752,256.64,102.95,High quality ultra automotive sound from AutoPro.,"{""brand"": ""AutoPro"", ""weight_g"": 603}",True
1753,6,28,Smart Books Population,BXY-42-01753,63.07,32.68,High quality smart books population from Springer.,"{""brand"": ""Springer"", ""weight_g"": 1002}",True
1754,17,27,Deluxe Apparel Practice,FSX-42-01754,101.44,62.39,High quality deluxe apparel practice from ThreadWear.,"{""brand"": ""ThreadWear"", ""color"": ""Blue"", ""size"": ""XS"", ""material"": ""Plastic""}",True
1755,6,113,Classic Books Example,BXY-42-01755,66.08,39.04,High quality classic books example from Penguin.,"{""brand"": ""Penguin"", ""weight_g"": 1320}",True
1756,26,24,Classic Toys Police,BGX-42-01756,119.13,54.42,High quality classic toys police from BrickBuilder.,"{""brand"": ""BrickBuilder"", ""weight_g"": 1119}",True
1757,27,179,Deluxe Toys Our,AFD-42-01757,68.83,39.06,High quality deluxe toys our from BoardFun.,"{""brand"": ""BoardFun"", ""weight_g"": 111}",True
1758,11,158,Premium Electronics Position,SXY-42-01758,790.77,525.76,High quality premium electronics position from LinkSys.,"{""brand"": ""LinkSys"", ""color"": ""Green"", ""weight_kg"": 1.78, ""warranty_years"": 2}",True
1759,20,146,Eco Home During,BBX-42-01759,394.49,238.75,High quality eco home during from KitchenAid.,"{""brand"": ""KitchenAid"", ""material"": ""Leather"", ""weight_kg"": 20.95}",True
1760,30,152,Classic Grocery Pick,SSX-42-01760,28.76,16.11,High quality classic grocery pick from NatureDrop.,"{""brand"": ""NatureDrop"", ""organic"": true, ""expiration_days"": 31}",True
1761,2,117,Premium Apparel Each,AXY-42-01761,45.74,27.44,High quality premium apparel each from ActiveFit.,"{""brand"": ""ActiveFit"", ""color"": ""Blue"", ""size"": ""L"", ""material"": ""Cotton""}",True
1762,11,158,Premium Electronics During,SXY-42-01762,937.69,419.08,High quality premium electronics during from LinkSys.,"{""brand"": ""LinkSys"", ""color"": ""Pink"", ""weight_kg"": 4.54, ""warranty_years"": 1}",True
1763,19,20,Smart Home Right,FXY-42-01763,386.64,229.57,High quality smart home right from CozyLiving.,"{""brand"": ""CozyLiving"", ""material"": ""Polyester"", ""weight_kg"": 15.81}",True
1764,2,165,Deluxe Apparel Agree,AXY-42-01764,70.24,35.77,High quality deluxe apparel agree from DenimCo.,"{""brand"": ""DenimCo"", ""color"": ""Red"", ""size"": ""XS"", ""material"": ""Polyester""}",True
1765,2,85,Eco Apparel Her,AXY-42-01765,136.32,102.16,High quality eco apparel her from ActiveFit.,"{""brand"": ""ActiveFit"", ""color"": ""Green"", ""size"": ""S"", ""material"": ""Metal""}",True
1766,11,158,Smart Electronics Base,SXY-42-01766,835.82,356.09,High quality smart electronics base from Volt.,"{""brand"": ""Volt"", ""color"": ""White"", ""weight_kg"": 4.04, ""warranty_years"": 3}",True
1767,14,8,Ultra Electronics Rise,SHD-42-01767,71.77,35.87,High quality ultra electronics rise from AudioMax.,"{""brand"": ""AudioMax"", ""color"": ""White"", ""weight_kg"": 6.97, ""warranty_years"": 1}",True
1768,12,56,Classic Electronics State,LCX-42-01768,208.41,102.64,High quality classic electronics state from Volt.,"{""brand"": ""Volt"", ""color"": ""White"", ""weight_kg"": 1.54, ""warranty_years"": 2}",True
1769,19,195,Classic Home Me,FXY-42-01769,76.89,32.08,High quality classic home me from KitchenAid.,"{""brand"": ""KitchenAid"", ""material"": ""Metal"", ""weight_kg"": 22.7}",True
1770,22,91,Premium Sports Center,ORX-42-01770,54.72,29.62,High quality premium sports center from FitPulse.,"{""brand"": ""FitPulse"", ""material"": ""Wood"", ""weight_kg"": 2.78}",True
1771,11,92,Premium Electronics Morning,SXY-42-01771,1487.37,666.21,High quality premium electronics morning from LinkSys.,"{""brand"": ""LinkSys"", ""color"": ""Black"", ""weight_kg"": 0.94, ""warranty_years"": 5}",True
1772,2,120,Premium Apparel Throughout,AXY-42-01772,163.81,88.8,High quality premium apparel throughout from ActiveFit.,"{""brand"": ""ActiveFit"", ""color"": ""Silver"", ""size"": ""XL"", ""material"": ""Leather""}",True
1773,3,61,Smart Home Point,HKX-42-01773,147.18,92.28,High quality smart home point from KitchenAid.,"{""brand"": ""KitchenAid"", ""material"": ""Cotton"", ""weight_kg"": 12.02}",True
1774,24,159,Deluxe Beauty Manager,MCX-42-01774,23.37,15.38,High quality deluxe beauty manager from SilkSkin.,"{""brand"": ""SilkSkin"", ""weight_g"": 885}",True
1775,1,137,Deluxe Electronics Seem,EXY-42-01775,1055.49,523.16,High quality deluxe electronics seem from AudioMax.,"{""brand"": ""AudioMax"", ""color"": ""Gray"", ""weight_kg"": 3.99, ""warranty_years"": 2}",True
1776,2,114,Ultra Apparel Rate,AXY-42-01776,50.09,31.73,High quality ultra apparel rate from UrbanStyle.,"{""brand"": ""UrbanStyle"", ""color"": ""Red"", ""size"": ""M"", ""material"": ""Wool""}",True
1777,13,126,Classic Electronics Hour,AHX-42-01777,834.86,502.93,High quality classic electronics hour from Sonyx.,"{""brand"": ""Sonyx"", ""color"": ""Navy"", ""weight_kg"": 6.86, ""warranty_years"": 1}",True
1778,23,118,Premium Sports Create,CBX-42-01778,131.22,80.29,High quality premium sports create from PeakGear.,"{""brand"": ""PeakGear"", ""material"": ""Wood"", ""weight_kg"": 14.97}",True
1779,24,53,Deluxe Beauty Together,MCX-42-01779,105.24,63.34,High quality deluxe beauty together from GlowUp.,"{""brand"": ""GlowUp"", ""weight_g"": 1424}",True
1780,8,41,Ultra Automotive Impact,AXY-42-01780,214.77,103.26,High quality ultra automotive impact from AutoPro.,"{""brand"": ""AutoPro"", ""weight_g"": 197}",True
1781,22,100,Premium Sports Million,ORX-42-01781,70.82,33.73,High quality premium sports million from PeakGear.,"{""brand"": ""PeakGear"", ""material"": ""Leather"", ""weight_kg"": 18.07}",True
1782,27,179,Ultra Toys Matter,AFD-42-01782,11.51,5.03,High quality ultra toys matter from KidZone.,"{""brand"": ""KidZone"", ""weight_g"": 345}",True
1783,5,159,Classic Beauty Certain,BPC-42-01783,98.95,43.85,High quality classic beauty certain from HerbEssentials.,"{""brand"": ""HerbEssentials"", ""weight_g"": 891}",True
1784,13,137,Eco Electronics Common,AHX-42-01784,1047.35,519.77,High quality eco electronics common from Sonyx.,"{""brand"": ""Sonyx"", ""color"": ""Silver"", ""weight_kg"": 1.73, ""warranty_years"": 3}",True
1785,7,173,Pro Toys Data,TGX-42-01785,104.39,65.95,High quality pro toys data from KidZone.,"{""brand"": ""KidZone"", ""weight_g"": 610}",True
1786,14,8,Ultra Electronics Draw,SHD-42-01786,519.18,286.41,High quality ultra electronics draw from TechCo.,"{""brand"": ""TechCo"", ""color"": ""Black"", ""weight_kg"": 6.01, ""warranty_years"": 3}",True
1787,7,112,Classic Toys Alone,TGX-42-01787,22.15,11.09,High quality classic toys alone from BoardFun.,"{""brand"": ""BoardFun"", ""weight_g"": 412}",True
1788,14,150,Smart Electronics Issue,SHD-42-01788,47.26,31.9,High quality smart electronics issue from TechCo.,"{""brand"": ""TechCo"", ""color"": ""Navy"", ""weight_kg"": 3.69, ""warranty_years"": 3}",True
1789,21,78,Classic Sports South,FGX-42-01789,227.42,145.77,High quality classic sports south from AquaFlow.,"{""brand"": ""AquaFlow"", ""material"": ""Wood"", ""weight_kg"": 7.11}",True
1790,16,73,Deluxe Apparel Administration,FXY-42-01790,93.24,41.65,High quality deluxe apparel administration from Vogue.,"{""brand"": ""Vogue"", ""color"": ""Yellow"", ""size"": ""L"", ""material"": ""Leather""}",True
1791,18,106,Classic Home Wish,KAX-42-01791,518.88,233.83,High quality classic home wish from CozyLiving.,"{""brand"": ""CozyLiving"", ""material"": ""Metal"", ""weight_kg"": 17.4}",True
1792,9,197,Pro Grocery Expect,GGF-42-01792,26.79,13.62,High quality pro grocery expect from OrganicWay.,"{""brand"": ""OrganicWay"", ""organic"": true, ""expiration_days"": 300}",True
1793,29,13,Deluxe Grocery Itself,BXY-42-01793,13.58,6.78,High quality deluxe grocery itself from TastyBites.,"{""brand"": ""TastyBites"", ""organic"": true, ""expiration_days"": 331}",True
1794,16,122,Classic Apparel Doctor,FXY-42-01794,10.64,7.83,High quality classic apparel doctor from UrbanStyle.,"{""brand"": ""UrbanStyle"", ""color"": ""Green"", ""size"": ""XL"", ""material"": ""Plastic""}",True
1795,1,108,Classic Electronics Situation,EXY-42-01795,402.97,176.49,High quality classic electronics situation from AudioMax.,"{""brand"": ""AudioMax"", ""color"": ""Green"", ""weight_kg"": 2.08, ""warranty_years"": 3}",True
1796,19,42,Smart Home Remain,FXY-42-01796,508.64,322.7,High quality smart home remain from CozyLiving.,"{""brand"": ""CozyLiving"", ""material"": ""Polyester"", ""weight_kg"": 9.81}",True
1797,20,42,Deluxe Home Degree,BBX-42-01797,713.85,366.67,High quality deluxe home degree from CozyLiving.,"{""brand"": ""CozyLiving"", ""material"": ""Plastic"", ""weight_kg"": 12.05}",True
1798,8,181,Smart Automotive Sometimes,AXY-42-01798,103.36,49.58,High quality smart automotive sometimes from AutoPro.,"{""brand"": ""AutoPro"", ""weight_g"": 1462}",True
1799,3,19,Pro Home Democratic,HKX-42-01799,458.65,205.45,High quality pro home democratic from KitchenAid.,"{""brand"": ""KitchenAid"", ""material"": ""Leather"", ""weight_kg"": 11.94}",True
1800,18,163,Smart Home Attorney,KAX-42-01800,71.99,45.95,High quality smart home attorney from ChefChoice.,"{""brand"": ""ChefChoice"", ""material"": ""Wool"", ""weight_kg"": 5.91}",True
1801,7,70,Premium Toys Cost,TGX-42-01801,50.8,20.97,High quality premium toys cost from KidZone.,"{""brand"": ""KidZone"", ""weight_g"": 296}",True
1802,9,191,Ultra Grocery Within,GGF-42-01802,30.25,16.86,High quality ultra grocery within from OrganicWay.,"{""brand"": ""OrganicWay"", ""organic"": false, ""expiration_days"": 131}",True
1803,20,19,Smart Home Leg,BBX-42-01803,88.41,43.11,High quality smart home leg from DecoHome.,"{""brand"": ""DecoHome"", ""material"": ""Cotton"", ""weight_kg"": 12.16}",True
1804,9,167,Eco Grocery Trial,GGF-42-01804,10.02,6.66,High quality eco grocery trial from OrganicWay.,"{""brand"": ""OrganicWay"", ""organic"": false, ""expiration_days"": 120}",True
1805,26,112,Smart Toys Practice,BGX-42-01805,107.62,46.82,High quality smart toys practice from BrickBuilder.,"{""brand"": ""BrickBuilder"", ""weight_g"": 1228}",True
1806,9,2,Classic Grocery Might,GGF-42-01806,22.5,11.75,High quality classic grocery might from SweetTreats.,"{""brand"": ""SweetTreats"", ""organic"": true, ""expiration_days"": 23}",True
1807,24,15,Eco Beauty Rise,MCX-42-01807,147.2,88.33,High quality eco beauty rise from HerbEssentials.,"{""brand"": ""HerbEssentials"", ""weight_g"": 444}",True
1808,6,38,Ultra Books Garden,BXY-42-01808,24.86,10.34,High quality ultra books garden from Harper.,"{""brand"": ""Harper"", ""weight_g"": 478}",True
1809,7,26,Pro Toys Trial,TGX-42-01809,42.45,17.89,High quality pro toys trial from BrickBuilder.,"{""brand"": ""BrickBuilder"", ""weight_g"": 1316}",True
1810,5,7,Ultra Beauty Lot,BPC-42-01810,22.09,15.89,High quality ultra beauty lot from HerbEssentials.,"{""brand"": ""HerbEssentials"", ""weight_g"": 1334}",True
1811,25,200,Pro Beauty Very,SCX-42-01811,115.36,79.85,High quality pro beauty very from SilkSkin.,"{""brand"": ""SilkSkin"", ""weight_g"": 1458}",True
1812,3,29,Classic Home Employee,HKX-42-01812,386.88,155.78,High quality classic home employee from KitchenAid.,"{""brand"": ""KitchenAid"", ""material"": ""Wool"", ""weight_kg"": 17.27}",True
1813,29,129,Ultra Grocery Late,BXY-42-01813,7.21,4.81,High quality ultra grocery late from OrganicWay.,"{""brand"": ""OrganicWay"", ""organic"": true, ""expiration_days"": 222}",True
1814,4,118,Classic Sports Interview,SOX-42-01814,118.48,81.09,High quality classic sports interview from FitPulse.,"{""brand"": ""FitPulse"", ""material"": ""Glass"", ""weight_kg"": 4.36}",True
1815,20,115,Pro Home Stand,BBX-42-01815,533.51,253.66,High quality pro home stand from ChefChoice.,"{""brand"": ""ChefChoice"", ""material"": ""Wool"", ""weight_kg"": 15.47}",True
1816,26,121,Ultra Toys Analysis,BGX-42-01816,40.71,19.99,High quality ultra toys analysis from PlayTime.,"{""brand"": ""PlayTime"", ""weight_g"": 451}",True
1817,13,92,Premium Electronics Political,AHX-42-01817,763.54,448.51,High quality premium electronics political from LinkSys.,"{""brand"": ""LinkSys"", ""color"": ""White"", ""weight_kg"": 6.39, ""warranty_years"": 2}",True
1818,29,3,Deluxe Grocery Simple,BXY-42-01818,13.03,8.41,High quality deluxe grocery simple from OrganicWay.,"{""brand"": ""OrganicWay"", ""organic"": false, ""expiration_days"": 212}",True
1819,30,191,Ultra Grocery Thank,SSX-42-01819,29.87,19.66,High quality ultra grocery thank from OrganicWay.,"{""brand"": ""OrganicWay"", ""organic"": true, ""expiration_days"": 285}",True
1820,29,45,Premium Grocery Husband,BXY-42-01820,40.35,19.54,High quality premium grocery husband from OrganicWay.,"{""brand"": ""OrganicWay"", ""organic"": true, ""expiration_days"": 285}",True
1821,18,16,Classic Home Service,KAX-42-01821,281.2,165.39,High quality classic home service from CozyLiving.,"{""brand"": ""CozyLiving"", ""material"": ""Plastic"", ""weight_kg"": 13.95}",True
1822,27,26,Deluxe Toys Form,AFD-42-01822,14.84,8.48,High quality deluxe toys form from BrickBuilder.,"{""brand"": ""BrickBuilder"", ""weight_g"": 336}",True
1823,26,70,Ultra Toys Indeed,BGX-42-01823,86.87,37.47,High quality ultra toys indeed from KidZone.,"{""brand"": ""KidZone"", ""weight_g"": 196}",True
1824,14,139,Deluxe Electronics Population,SHD-42-01824,1275.03,545.78,High quality deluxe electronics population from Volt.,"{""brand"": ""Volt"", ""color"": ""Yellow"", ""weight_kg"": 1.4, ""warranty_years"": 3}",True
1825,28,130,Deluxe Automotive Wrong,CCX-42-01825,13.84,9.24,High quality deluxe automotive wrong from AutoPro.,"{""brand"": ""AutoPro"", ""weight_g"": 1411}",True
1826,23,37,Premium Sports Situation,CBX-42-01826,432.13,282.22,High quality premium sports situation from FitPulse.,"{""brand"": ""FitPulse"", ""material"": ""Wool"", ""weight_kg"": 19.06}",True
1827,26,173,Ultra Toys Owner,BGX-42-01827,74.44,31.93,High quality ultra toys owner from KidZone.,"{""brand"": ""KidZone"", ""weight_g"": 251}",True
1828,15,142,Eco Apparel Phone,FXY-42-01828,133.03,55.88,High quality eco apparel phone from UrbanStyle.,"{""brand"": ""UrbanStyle"", ""color"": ""Black"", ""size"": ""XXL"", ""material"": ""Wool""}",True
1829,12,93,Smart Electronics Not,LCX-42-01829,770.51,339.26,High quality smart electronics not from AudioMax.,"{""brand"": ""AudioMax"", ""color"": ""Red"", ""weight_kg"": 6.04, ""warranty_years"": 3}",True
1830,6,22,Eco Books Network,BXY-42-01830,47.3,21.37,High quality eco books network from Springer.,"{""brand"": ""Springer"", ""weight_g"": 1155}",True
1831,16,85,Premium Apparel Put,FXY-42-01831,103.32,74.24,High quality premium apparel put from Vogue.,"{""brand"": ""Vogue"", ""color"": ""Silver"", ""size"": ""M"", ""material"": ""Cotton""}",True
1832,11,107,Pro Electronics Type,SXY-42-01832,948.37,547.68,High quality pro electronics type from TechCo.,"{""brand"": ""TechCo"", ""color"": ""Black"", ""weight_kg"": 4.83, ""warranty_years"": 1}",True
1833,22,83,Eco Sports Sea,ORX-42-01833,443.47,236.04,High quality eco sports sea from FitPulse.,"{""brand"": ""FitPulse"", ""material"": ""Polyester"", ""weight_kg"": 9.36}",True
1834,17,76,Smart Apparel Stop,FSX-42-01834,110.71,59.98,High quality smart apparel stop from ThreadWear.,"{""brand"": ""ThreadWear"", ""color"": ""Gray"", ""size"": ""L"", ""material"": ""Wool""}",True
1835,26,89,Classic Toys American,BGX-42-01835,66.29,49.5,High quality classic toys american from PlayTime.,"{""brand"": ""PlayTime"", ""weight_g"": 799}",True
1836,10,64,Premium Office Products Near,OPX-42-01836,78.73,41.83,High quality premium office products near from PaperMate.,"{""brand"": ""PaperMate"", ""weight_g"": 1330}",True
1837,16,12,Smart Apparel Boy,FXY-42-01837,87.28,42.26,High quality smart apparel boy from UrbanStyle.,"{""brand"": ""UrbanStyle"", ""color"": ""Pink"", ""size"": ""L"", ""material"": ""Plastic""}",True
1838,26,21,Deluxe Toys Live,BGX-42-01838,94.96,63.86,High quality deluxe toys live from BrickBuilder.,"{""brand"": ""BrickBuilder"", ""weight_g"": 307}",True
1839,3,4,Premium Home Loss,HKX-42-01839,225.23,93.8,High quality premium home loss from ChefChoice.,"{""brand"": ""ChefChoice"", ""material"": ""Metal"", ""weight_kg"": 20.96}",True
1840,4,136,Classic Sports The,SOX-42-01840,458.04,301.61,High quality classic sports the from FitPulse.,"{""brand"": ""FitPulse"", ""material"": ""Wool"", ""weight_kg"": 13.91}",True
1841,16,120,Ultra Apparel Understand,FXY-42-01841,177.29,86.37,High quality ultra apparel understand from DenimCo.,"{""brand"": ""DenimCo"", ""color"": ""Gray"", ""size"": ""XL"", ""material"": ""Polyester""}",True
1842,13,92,Ultra Electronics And,AHX-42-01842,499.61,317.53,High quality ultra electronics and from AudioMax.,"{""brand"": ""AudioMax"", ""color"": ""Green"", ""weight_kg"": 4.99, ""warranty_years"": 3}",True
1843,24,33,Eco Beauty Understand,MCX-42-01843,80.65,50.47,High quality eco beauty understand from HerbEssentials.,"{""brand"": ""HerbEssentials"", ""weight_g"": 884}",True
1844,10,64,Deluxe Office Products Else,OPX-42-01844,3.05,2.16,High quality deluxe office products else from OfficePro.,"{""brand"": ""OfficePro"", ""weight_g"": 804}",True
1845,24,159,Premium Beauty Natural,MCX-42-01845,127.53,70.24,High quality premium beauty natural from HerbEssentials.,"{""brand"": ""HerbEssentials"", ""weight_g"": 565}",True
1846,3,90,Classic Home Note,HKX-42-01846,700.65,481.85,High quality classic home note from ChefChoice.,"{""brand"": ""ChefChoice"", ""material"": ""Wool"", ""weight_kg"": 9.19}",True
1847,25,57,Premium Beauty Individual,SCX-42-01847,114.86,80.77,High quality premium beauty individual from SilkSkin.,"{""brand"": ""SilkSkin"", ""weight_g"": 875}",True
1848,26,70,Smart Toys Simple,BGX-42-01848,89.32,47.27,High quality smart toys simple from BrickBuilder.,"{""brand"": ""BrickBuilder"", ""weight_g"": 651}",True
1849,7,179,Pro Toys Among,TGX-42-01849,12.56,5.4,High quality pro toys among from BoardFun.,"{""brand"": ""BoardFun"", ""weight_g"": 892}",True
1850,26,89,Deluxe Toys Open,BGX-42-01850,104.94,60.82,High quality deluxe toys open from PlayTime.,"{""brand"": ""PlayTime"", ""weight_g"": 512}",True
1851,24,15,Smart Beauty Impact,MCX-42-01851,58.41,34.73,High quality smart beauty impact from SilkSkin.,"{""brand"": ""SilkSkin"", ""weight_g"": 614}",True
1852,11,139,Deluxe Electronics Name,SXY-42-01852,1945.5,1095.29,High quality deluxe electronics name from AudioMax.,"{""brand"": ""AudioMax"", ""color"": ""Black"", ""weight_kg"": 5.42, ""warranty_years"": 3}",True
1853,2,85,Deluxe Apparel Southern,AXY-42-01853,140.5,59.03,High quality deluxe apparel southern from ActiveFit.,"{""brand"": ""ActiveFit"", ""color"": ""Gray"", ""size"": ""S"", ""material"": ""Leather""}",True
1854,7,96,Smart Toys Professor,TGX-42-01854,31.38,18.33,High quality smart toys professor from BoardFun.,"{""brand"": ""BoardFun"", ""weight_g"": 300}",True
1855,13,139,Premium Electronics Appear,AHX-42-01855,459.32,206.46,High quality premium electronics appear from TechCo.,"{""brand"": ""TechCo"", ""color"": ""White"", ""weight_kg"": 5.72, ""warranty_years"": 5}",True
1856,17,117,Smart Apparel Customer,FSX-42-01856,147.04,99.34,High quality smart apparel customer from ThreadWear.,"{""brand"": ""ThreadWear"", ""color"": ""Navy"", ""size"": ""S"", ""material"": ""Leather""}",True
1857,19,16,Ultra Home Film,FXY-42-01857,510.24,239.45,High quality ultra home film from DecoHome.,"{""brand"": ""DecoHome"", ""material"": ""Wood"", ""weight_kg"": 16.28}",True
1858,8,30,Eco Automotive Less,AXY-42-01858,265.3,185.49,High quality eco automotive less from AutoPro.,"{""brand"": ""AutoPro"", ""weight_g"": 221}",True
1859,30,172,Classic Grocery Information,SSX-42-01859,38.54,22.12,High quality classic grocery information from SweetTreats.,"{""brand"": ""SweetTreats"", ""organic"": true, ""expiration_days"": 246}",True
1860,17,114,Smart Apparel Usually,FSX-42-01860,157.99,103.03,High quality smart apparel usually from ThreadWear.,"{""brand"": ""ThreadWear"", ""color"": ""Black"", ""size"": ""S"", ""material"": ""Leather""}",True
1861,27,21,Premium Toys Fly,AFD-42-01861,119.7,49.11,High quality premium toys fly from BoardFun.,"{""brand"": ""BoardFun"", ""weight_g"": 899}",True
1862,4,136,Premium Sports Staff,SOX-42-01862,68.31,41.6,High quality premium sports staff from TrailBlaze.,"{""brand"": ""TrailBlaze"", ""material"": ""Wood"", ""weight_kg"": 8.68}",True
1863,21,180,Deluxe Sports Their,FGX-42-01863,251.19,164.59,High quality deluxe sports their from PeakGear.,"{""brand"": ""PeakGear"", ""material"": ""Wood"", ""weight_kg"": 22.96}",True
1864,29,172,Smart Grocery Feeling,BXY-42-01864,34.65,18.61,High quality smart grocery feeling from NatureDrop.,"{""brand"": ""NatureDrop"", ""organic"": true, ""expiration_days"": 39}",True
1865,3,54,Deluxe Home Main,HKX-42-01865,488.9,333.91,High quality deluxe home main from CozyLiving.,"{""brand"": ""CozyLiving"", ""material"": ""Polyester"", ""weight_kg"": 13.71}",True
1866,8,67,Deluxe Automotive Compare,AXY-42-01866,122.12,69.25,High quality deluxe automotive compare from AutoPro.,"{""brand"": ""AutoPro"", ""weight_g"": 1251}",True
1867,5,189,Deluxe Beauty Knowledge,BPC-42-01867,149.56,70.02,High quality deluxe beauty knowledge from SilkSkin.,"{""brand"": ""SilkSkin"", ""weight_g"": 491}",True
1868,20,138,Pro Home Financial,BBX-42-01868,412.09,175.44,High quality pro home financial from CozyLiving.,"{""brand"": ""CozyLiving"", ""material"": ""Plastic"", ""weight_kg"": 8.77}",True
1869,3,16,Eco Home Position,HKX-42-01869,215.29,88.87,High quality eco home position from CozyLiving.,"{""brand"": ""CozyLiving"", ""material"": ""Wool"", ""weight_kg"": 13.23}",True
1870,14,139,Premium Electronics Wide,SHD-42-01870,104.85,55.4,High quality premium electronics wide from Volt.,"{""brand"": ""Volt"", ""color"": ""Gray"", ""weight_kg"": 3.99, ""warranty_years"": 5}",True
1871,14,107,Smart Electronics Arm,SHD-42-01871,1933.25,1276.55,High quality smart electronics arm from AudioMax.,"{""brand"": ""AudioMax"", ""color"": ""White"", ""weight_kg"": 1.02, ""warranty_years"": 2}",True
1872,14,150,Ultra Electronics Road,SHD-42-01872,1696.14,1235.8,High quality ultra electronics road from TechCo.,"{""brand"": ""TechCo"", ""color"": ""Pink"", ""weight_kg"": 7.09, ""warranty_years"": 3}",True
1873,13,107,Deluxe Electronics Nation,AHX-42-01873,1771.39,763.35,High quality deluxe electronics nation from TechCo.,"{""brand"": ""TechCo"", ""color"": ""Green"", ""weight_kg"": 1.32, ""warranty_years"": 5}",True
1874,3,61,Ultra Home Well,HKX-42-01874,753.14,357.36,High quality ultra home well from DecoHome.,"{""brand"": ""DecoHome"", ""material"": ""Metal"", ""weight_kg"": 22.49}",True
1875,12,8,Ultra Electronics Change,LCX-42-01875,1638.45,947.31,High quality ultra electronics change from Quant.,"{""brand"": ""Quant"", ""color"": ""Navy"", ""weight_kg"": 0.96, ""warranty_years"": 5}",True
1876,14,150,Smart Electronics Major,SHD-42-01876,1131.51,809.99,High quality smart electronics major from Sonyx.,"{""brand"": ""Sonyx"", ""color"": ""Pink"", ""weight_kg"": 6.67, ""warranty_years"": 3}",True
1877,24,7,Smart Beauty Themselves,MCX-42-01877,21.8,11.04,High quality smart beauty themselves from GlowUp.,"{""brand"": ""GlowUp"", ""weight_g"": 1130}",True
1878,15,59,Deluxe Apparel Race,FXY-42-01878,75.1,36.28,High quality deluxe apparel race from UrbanStyle.,"{""brand"": ""UrbanStyle"", ""color"": ""Pink"", ""size"": ""S"", ""material"": ""Wood""}",True
1879,2,59,Eco Apparel Live,AXY-42-01879,54.41,28.89,High quality eco apparel live from ThreadWear.,"{""brand"": ""ThreadWear"", ""color"": ""Black"", ""size"": ""XS"", ""material"": ""Plastic""}",True
1880,15,177,Premium Apparel Believe,FXY-42-01880,141.85,86.81,High quality premium apparel believe from UrbanStyle.,"{""brand"": ""UrbanStyle"", ""color"": ""Blue"", ""size"": ""XL"", ""material"": ""Polyester""}",True
1881,26,89,Premium Toys Seven,BGX-42-01881,41.43,19.21,High quality premium toys seven from KidZone.,"{""brand"": ""KidZone"", ""weight_g"": 572}",True
1882,19,195,Eco Home Month,FXY-42-01882,145.0,96.38,High quality eco home month from ChefChoice.,"{""brand"": ""ChefChoice"", ""material"": ""Wood"", ""weight_kg"": 21.8}",True
1883,22,91,Deluxe Sports Budget,ORX-42-01883,415.99,259.83,High quality deluxe sports budget from AquaFlow.,"{""brand"": ""AquaFlow"", ""material"": ""Polyester"", ""weight_kg"": 22.28}",True
1884,10,62,Pro Office Products Couple,OPX-42-01884,53.99,28.52,High quality pro office products couple from OfficePro.,"{""brand"": ""OfficePro"", ""weight_g"": 350}",True
1885,11,126,Smart Electronics Start,SXY-42-01885,223.83,91.2,High quality smart electronics start from Volt.,"{""brand"": ""Volt"", ""color"": ""Navy"", ""weight_kg"": 4.99, ""warranty_years"": 2}",True
1886,6,52,Deluxe Books Pay,BXY-42-01886,15.8,10.96,High quality deluxe books pay from Harper.,"{""brand"": ""Harper"", ""weight_g"": 652}",True
1887,25,33,Smart Beauty Writer,SCX-42-01887,117.56,64.71,High quality smart beauty writer from GlowUp.,"{""brand"": ""GlowUp"", ""weight_g"": 885}",True
1888,20,148,Ultra Home Wall,BBX-42-01888,33.02,19.66,High quality ultra home wall from ChefChoice.,"{""brand"": ""ChefChoice"", ""material"": ""Polyester"", ""weight_kg"": 11.7}",True
1889,14,174,Eco Electronics Safe,SHD-42-01889,80.43,44.61,High quality eco electronics safe from Sonyx.,"{""brand"": ""Sonyx"", ""color"": ""Red"", ""weight_kg"": 4.54, ""warranty_years"": 2}",True
1890,17,162,Smart Apparel Office,FSX-42-01890,51.88,32.92,High quality smart apparel office from ActiveFit.,"{""brand"": ""ActiveFit"", ""color"": ""Gray"", ""size"": ""XL"", ""material"": ""Wool""}",True
1891,22,136,Classic Sports Central,ORX-42-01891,379.72,262.99,High quality classic sports central from PeakGear.,"{""brand"": ""PeakGear"", ""material"": ""Plastic"", ""weight_kg"": 24.02}",True
1892,29,197,Eco Grocery Increase,BXY-42-01892,7.65,3.44,High quality eco grocery increase from SweetTreats.,"{""brand"": ""SweetTreats"", ""organic"": false, ""expiration_days"": 25}",True
1893,18,195,Smart Home Job,KAX-42-01893,681.44,307.69,High quality smart home job from CozyLiving.,"{""brand"": ""CozyLiving"", ""material"": ""Wool"", ""weight_kg"": 11.14}",True
1894,9,10,Pro Grocery Game,GGF-42-01894,39.61,21.15,High quality pro grocery game from NatureDrop.,"{""brand"": ""NatureDrop"", ""organic"": false, ""expiration_days"": 332}",True
1895,3,42,Pro Home Little,HKX-42-01895,26.72,15.2,High quality pro home little from KitchenAid.,"{""brand"": ""KitchenAid"", ""material"": ""Wool"", ""weight_kg"": 19.28}",True
1896,26,154,Deluxe Toys Ago,BGX-42-01896,44.51,23.05,High quality deluxe toys ago from PlayTime.,"{""brand"": ""PlayTime"", ""weight_g"": 565}",True
1897,27,70,Ultra Toys Country,AFD-42-01897,95.49,51.52,High quality ultra toys country from BrickBuilder.,"{""brand"": ""BrickBuilder"", ""weight_g"": 1253}",True
1898,26,89,Premium Toys Long,BGX-42-01898,103.47,51.23,High quality premium toys long from PlayTime.,"{""brand"": ""PlayTime"", ""weight_g"": 386}",True
1899,16,73,Smart Apparel Performance,FXY-42-01899,10.19,6.46,High quality smart apparel performance from DenimCo.,"{""brand"": ""DenimCo"", ""color"": ""Navy"", ""size"": ""L"", ""material"": ""Wood""}",True
1900,3,4,Pro Home Watch,HKX-42-01900,106.68,79.25,High quality pro home watch from DecoHome.,"{""brand"": ""DecoHome"", ""material"": ""Polyester"", ""weight_kg"": 2.49}",True
1901,7,169,Deluxe Toys Seem,TGX-42-01901,46.83,34.62,High quality deluxe toys seem from PlayTime.,"{""brand"": ""PlayTime"", ""weight_g"": 148}",True
1902,3,79,Classic Home War,HKX-42-01902,429.33,263.7,High quality classic home war from KitchenAid.,"{""brand"": ""KitchenAid"", ""material"": ""Metal"", ""weight_kg"": 15.93}",True
1903,3,163,Deluxe Home Defense,HKX-42-01903,267.29,149.31,High quality deluxe home defense from DecoHome.,"{""brand"": ""DecoHome"", ""material"": ""Leather"", ""weight_kg"": 21.86}",True
1904,15,165,Eco Apparel Us,FXY-42-01904,88.12,39.68,High quality eco apparel us from ActiveFit.,"{""brand"": ""ActiveFit"", ""color"": ""Gray"", ""size"": ""XXL"", ""material"": ""Metal""}",True
1905,9,2,Smart Grocery Look,GGF-42-01905,44.99,24.93,High quality smart grocery look from NatureDrop.,"{""brand"": ""NatureDrop"", ""organic"": false, ""expiration_days"": 93}",True
1906,2,177,Eco Apparel Believe,AXY-42-01906,189.16,134.29,High quality eco apparel believe from DenimCo.,"{""brand"": ""DenimCo"", ""color"": ""Green"", ""size"": ""XXL"", ""material"": ""Wool""}",True
1907,20,20,Premium Home Enough,BBX-42-01907,285.47,169.69,High quality premium home enough from ChefChoice.,"{""brand"": ""ChefChoice"", ""material"": ""Glass"", ""weight_kg"": 23.11}",True
1908,30,3,Smart Grocery Game,SSX-42-01908,49.14,29.38,High quality smart grocery game from OrganicWay.,"{""brand"": ""OrganicWay"", ""organic"": false, ""expiration_days"": 21}",True
1909,13,174,Premium Electronics Role,AHX-42-01909,1057.48,620.46,High quality premium electronics role from Sonyx.,"{""brand"": ""Sonyx"", ""color"": ""Gray"", ""weight_kg"": 1.7, ""warranty_years"": 2}",True
1910,3,20,Eco Home Range,HKX-42-01910,764.04,389.64,High quality eco home range from DecoHome.,"{""brand"": ""DecoHome"", ""material"": ""Leather"", ""weight_kg"": 8.95}",True
1911,13,56,Pro Electronics What,AHX-42-01911,945.04,684.69,High quality pro electronics what from TechCo.,"{""brand"": ""TechCo"", ""color"": ""Gray"", ""weight_kg"": 6.81, ""warranty_years"": 2}",True
1912,22,66,Pro Sports Seek,ORX-42-01912,43.9,20.07,High quality pro sports seek from PeakGear.,"{""brand"": ""PeakGear"", ""material"": ""Leather"", ""weight_kg"": 18.88}",True
1913,8,178,Pro Automotive Style,AXY-42-01913,293.97,150.28,High quality pro automotive style from TireSafe.,"{""brand"": ""TireSafe"", ""weight_g"": 1168}",True
1914,19,75,Pro Home Common,FXY-42-01914,310.15,144.73,High quality pro home common from KitchenAid.,"{""brand"": ""KitchenAid"", ""material"": ""Metal"", ""weight_kg"": 8.02}",True
1915,19,4,Smart Home Serious,FXY-42-01915,584.9,268.49,High quality smart home serious from CozyLiving.,"{""brand"": ""CozyLiving"", ""material"": ""Cotton"", ""weight_kg"": 3.95}",True
1916,13,92,Premium Electronics Significant,AHX-42-01916,1030.33,763.04,High quality premium electronics significant from Quant.,"{""brand"": ""Quant"", ""color"": ""Red"", ""weight_kg"": 2.35, ""warranty_years"": 1}",True
1917,8,168,Premium Automotive Candidate,AXY-42-01917,65.44,31.9,High quality premium automotive candidate from TireSafe.,"{""brand"": ""TireSafe"", ""weight_g"": 1013}",True
1918,18,19,Eco Home Benefit,KAX-42-01918,743.23,532.72,High quality eco home benefit from ChefChoice.,"{""brand"": ""ChefChoice"", ""material"": ""Wool"", ""weight_kg"": 22.92}",True
1919,3,1,Pro Home Build,HKX-42-01919,669.66,417.65,High quality pro home build from DecoHome.,"{""brand"": ""DecoHome"", ""material"": ""Polyester"", ""weight_kg"": 15.89}",True
1920,9,155,Smart Grocery Seat,GGF-42-01920,46.67,25.53,High quality smart grocery seat from NatureDrop.,"{""brand"": ""NatureDrop"", ""organic"": false, ""expiration_days"": 361}",True
1921,20,90,Deluxe Home Listen,BBX-42-01921,198.58,109.04,High quality deluxe home listen from DecoHome.,"{""brand"": ""DecoHome"", ""material"": ""Leather"", ""weight_kg"": 21.98}",True
1922,28,178,Classic Automotive Protect,CCX-42-01922,57.28,36.58,High quality classic automotive protect from TireSafe.,"{""brand"": ""TireSafe"", ""weight_g"": 109}",True
1923,11,87,Eco Electronics Him,SXY-42-01923,1153.4,642.88,High quality eco electronics him from TechCo.,"{""brand"": ""TechCo"", ""color"": ""Yellow"", ""weight_kg"": 6.31, ""warranty_years"": 5}",True
1924,13,137,Pro Electronics Bed,AHX-42-01924,1855.67,819.55,High quality pro electronics bed from AudioMax.,"{""brand"": ""AudioMax"", ""color"": ""Black"", ""weight_kg"": 3.28, ""warranty_years"": 5}",True
1925,8,141,Deluxe Automotive Need,AXY-42-01925,157.89,107.79,High quality deluxe automotive need from AutoPro.,"{""brand"": ""AutoPro"", ""weight_g"": 797}",True
1926,25,7,Eco Beauty Second,SCX-42-01926,59.54,26.81,High quality eco beauty second from SilkSkin.,"{""brand"": ""SilkSkin"", ""weight_g"": 419}",True
1927,8,196,Premium Automotive If,AXY-42-01927,108.04,68.7,High quality premium automotive if from TireSafe.,"{""brand"": ""TireSafe"", ""weight_g"": 1440}",True
1928,28,135,Pro Automotive Short,CCX-42-01928,9.38,4.85,High quality pro automotive short from AutoPro.,"{""brand"": ""AutoPro"", ""weight_g"": 1456}",True
1929,9,116,Smart Grocery Strong,GGF-42-01929,29.33,19.25,High quality smart grocery strong from TastyBites.,"{""brand"": ""TastyBites"", ""organic"": true, ""expiration_days"": 302}",True
1930,5,57,Deluxe Beauty Much,BPC-42-01930,87.34,64.55,High quality deluxe beauty much from GlowUp.,"{""brand"": ""GlowUp"", ""weight_g"": 1191}",True
1931,19,115,Pro Home Population,FXY-42-01931,621.47,306.99,High quality pro home population from CozyLiving.,"{""brand"": ""CozyLiving"", ""material"": ""Cotton"", ""weight_kg"": 23.85}",True
1932,5,200,Deluxe Beauty Collection,BPC-42-01932,138.19,96.43,High quality deluxe beauty collection from GlowUp.,"{""brand"": ""GlowUp"", ""weight_g"": 1289}",True
1933,23,184,Pro Sports Human,CBX-42-01933,118.75,82.49,High quality pro sports human from FitPulse.,"{""brand"": ""FitPulse"", ""material"": ""Metal"", ""weight_kg"": 16.39}",True
1934,10,128,Smart Office Products Oil,OPX-42-01934,84.77,52.0,High quality smart office products oil from PaperMate.,"{""brand"": ""PaperMate"", ""weight_g"": 1375}",True
1935,3,54,Smart Home Husband,HKX-42-01935,287.22,177.82,High quality smart home husband from ChefChoice.,"{""brand"": ""ChefChoice"", ""material"": ""Cotton"", ""weight_kg"": 17.53}",True
1936,15,25,Smart Apparel Animal,FXY-42-01936,77.82,36.0,High quality smart apparel animal from DenimCo.,"{""brand"": ""DenimCo"", ""color"": ""Yellow"", ""size"": ""L"", ""material"": ""Glass""}",True
1937,7,154,Premium Toys Special,TGX-42-01937,94.6,59.58,High quality premium toys special from KidZone.,"{""brand"": ""KidZone"", ""weight_g"": 612}",True
1938,13,150,Eco Electronics Conference,AHX-42-01938,174.42,107.25,High quality eco electronics conference from AudioMax.,"{""brand"": ""AudioMax"", ""color"": ""Yellow"", ""weight_kg"": 4.01, ""warranty_years"": 5}",True
1939,13,109,Pro Electronics While,AHX-42-01939,316.84,195.89,High quality pro electronics while from LinkSys.,"{""brand"": ""LinkSys"", ""color"": ""Yellow"", ""weight_kg"": 5.78, ""warranty_years"": 2}",True
1940,27,26,Pro Toys Government,AFD-42-01940,45.21,27.21,High quality pro toys government from PlayTime.,"{""brand"": ""PlayTime"", ""weight_g"": 1367}",True
1941,18,61,Eco Home Others,KAX-42-01941,550.03,220.14,High quality eco home others from DecoHome.,"{""brand"": ""DecoHome"", ""material"": ""Leather"", ""weight_kg"": 9.53}",True
1942,23,83,Deluxe Sports Try,CBX-42-01942,442.1,279.52,High quality deluxe sports try from FitPulse.,"{""brand"": ""FitPulse"", ""material"": ""Wood"", ""weight_kg"": 9.83}",True
1943,20,61,Premium Home Receive,BBX-42-01943,553.21,331.49,High quality premium home receive from KitchenAid.,"{""brand"": ""KitchenAid"", ""material"": ""Wool"", ""weight_kg"": 7.35}",True
1944,18,29,Classic Home Travel,KAX-42-01944,626.03,325.49,High quality classic home travel from CozyLiving.,"{""brand"": ""CozyLiving"", ""material"": ""Metal"", ""weight_kg"": 4.97}",True
1945,17,111,Ultra Apparel Citizen,FSX-42-01945,97.53,52.46,High quality ultra apparel citizen from ActiveFit.,"{""brand"": ""ActiveFit"", ""color"": ""Navy"", ""size"": ""M"", ""material"": ""Wool""}",True
1946,21,78,Smart Sports Commercial,FGX-42-01946,318.8,142.37,High quality smart sports commercial from FitPulse.,"{""brand"": ""FitPulse"", ""material"": ""Wood"", ""weight_kg"": 20.84}",True
1947,8,55,Smart Automotive Trouble,AXY-42-01947,166.12,118.86,High quality smart automotive trouble from AutoPro.,"{""brand"": ""AutoPro"", ""weight_g"": 746}",True
1948,13,84,Classic Electronics Check,AHX-42-01948,536.24,342.96,High quality classic electronics check from Sonyx.,"{""brand"": ""Sonyx"", ""color"": ""Pink"", ""weight_kg"": 6.12, ""warranty_years"": 5}",True
1949,6,102,Ultra Books Country,BXY-42-01949,36.01,26.61,High quality ultra books country from Packt.,"{""brand"": ""Packt"", ""weight_g"": 1256}",True
1950,8,67,Eco Automotive Specific,AXY-42-01950,106.28,65.13,High quality eco automotive specific from MotorMax.,"{""brand"": ""MotorMax"", ""weight_g"": 259}",True
1951,8,178,Classic Automotive Seem,AXY-42-01951,36.33,23.57,High quality classic automotive seem from MotorMax.,"{""brand"": ""MotorMax"", ""weight_g"": 102}",True
1952,21,123,Deluxe Sports Approach,FGX-42-01952,261.87,192.39,High quality deluxe sports approach from FitPulse.,"{""brand"": ""FitPulse"", ""material"": ""Cotton"", ""weight_kg"": 15.44}",True
1953,25,81,Classic Beauty Kind,SCX-42-01953,117.09,58.61,High quality classic beauty kind from SilkSkin.,"{""brand"": ""SilkSkin"", ""weight_g"": 65}",True
1954,7,89,Eco Toys Foot,TGX-42-01954,79.09,34.96,High quality eco toys foot from PlayTime.,"{""brand"": ""PlayTime"", ""weight_g"": 281}",True
1955,30,152,Ultra Grocery For,SSX-42-01955,30.75,14.07,High quality ultra grocery for from NatureDrop.,"{""brand"": ""NatureDrop"", ""organic"": true, ""expiration_days"": 147}",True
1956,26,21,Pro Toys Show,BGX-42-01956,19.46,10.26,High quality pro toys show from BoardFun.,"{""brand"": ""BoardFun"", ""weight_g"": 230}",True
1957,11,92,Classic Electronics Specific,SXY-42-01957,918.28,472.33,High quality classic electronics specific from Sonyx.,"{""brand"": ""Sonyx"", ""color"": ""White"", ""weight_kg"": 1.81, ""warranty_years"": 2}",True
1958,12,126,Pro Electronics Like,LCX-42-01958,1774.48,1217.54,High quality pro electronics like from AudioMax.,"{""brand"": ""AudioMax"", ""color"": ""Pink"", ""weight_kg"": 0.87, ""warranty_years"": 5}",True
1959,15,88,Classic Apparel Fight,FXY-42-01959,18.7,13.76,High quality classic apparel fight from Vogue.,"{""brand"": ""Vogue"", ""color"": ""White"", ""size"": ""M"", ""material"": ""Polyester""}",True
1960,2,110,Smart Apparel Produce,AXY-42-01960,43.69,23.33,High quality smart apparel produce from ThreadWear.,"{""brand"": ""ThreadWear"", ""color"": ""Navy"", ""size"": ""XL"", ""material"": ""Glass""}",True
1961,18,4,Deluxe Home Course,KAX-42-01961,489.98,339.17,High quality deluxe home course from ChefChoice.,"{""brand"": ""ChefChoice"", ""material"": ""Cotton"", ""weight_kg"": 7.16}",True
1962,5,47,Deluxe Beauty Buy,BPC-42-01962,127.48,74.5,High quality deluxe beauty buy from HerbEssentials.,"{""brand"": ""HerbEssentials"", ""weight_g"": 873}",True
1963,6,32,Deluxe Books Way,BXY-42-01963,75.33,44.83,High quality deluxe books way from Packt.,"{""brand"": ""Packt"", ""weight_g"": 902}",True
1964,2,88,Pro Apparel Catch,AXY-42-01964,174.17,105.24,High quality pro apparel catch from DenimCo.,"{""brand"": ""DenimCo"", ""color"": ""Pink"", ""size"": ""L"", ""material"": ""Metal""}",True
1965,10,64,Smart Office Products Degree,OPX-42-01965,14.68,9.5,High quality smart office products degree from StapleMax.,"{""brand"": ""StapleMax"", ""weight_g"": 1420}",True
1966,9,167,Pro Grocery About,GGF-42-01966,32.34,21.23,High quality pro grocery about from NatureDrop.,"{""brand"": ""NatureDrop"", ""organic"": false, ""expiration_days"": 324}",True
1967,10,64,Smart Office Products Prevent,OPX-42-01967,50.7,25.68,High quality smart office products prevent from PaperMate.,"{""brand"": ""PaperMate"", ""weight_g"": 219}",True
1968,26,179,Ultra Toys Southern,BGX-42-01968,57.09,29.48,High quality ultra toys southern from PlayTime.,"{""brand"": ""PlayTime"", ""weight_g"": 130}",True
1969,2,34,Ultra Apparel Environment,AXY-42-01969,162.31,86.09,High quality ultra apparel environment from UrbanStyle.,"{""brand"": ""UrbanStyle"", ""color"": ""Gray"", ""size"": ""XS"", ""material"": ""Leather""}",True
1970,5,140,Deluxe Beauty Actually,BPC-42-01970,132.22,93.75,High quality deluxe beauty actually from GlowUp.,"{""brand"": ""GlowUp"", ""weight_g"": 717}",True
1971,28,130,Classic Automotive Low,CCX-42-01971,25.43,10.22,High quality classic automotive low from TireSafe.,"{""brand"": ""TireSafe"", ""weight_g"": 119}",True
1972,17,59,Eco Apparel Modern,FSX-42-01972,130.35,71.56,High quality eco apparel modern from Vogue.,"{""brand"": ""Vogue"", ""color"": ""White"", ""size"": ""M"", ""material"": ""Metal""}",True
1973,10,182,Smart Office Products Top,OPX-42-01973,52.95,28.28,High quality smart office products top from DeskWork.,"{""brand"": ""DeskWork"", ""weight_g"": 345}",True
1974,16,177,Pro Apparel Moment,FXY-42-01974,198.19,94.68,High quality pro apparel moment from DenimCo.,"{""brand"": ""DenimCo"", ""color"": ""Red"", ""size"": ""XXL"", ""material"": ""Wood""}",True
1975,5,159,Smart Beauty Of,BPC-42-01975,5.92,3.13,High quality smart beauty of from SilkSkin.,"{""brand"": ""SilkSkin"", ""weight_g"": 805}",True
1976,10,68,Ultra Office Products Surface,OPX-42-01976,95.02,40.32,High quality ultra office products surface from OfficePro.,"{""brand"": ""OfficePro"", ""weight_g"": 1499}",True
1977,18,195,Ultra Home Accept,KAX-42-01977,655.84,431.52,High quality ultra home accept from KitchenAid.,"{""brand"": ""KitchenAid"", ""material"": ""Wool"", ""weight_kg"": 5.4}",True
1978,5,200,Classic Beauty Political,BPC-42-01978,126.97,51.1,High quality classic beauty political from GlowUp.,"{""brand"": ""GlowUp"", ""weight_g"": 170}",True
1979,13,139,Ultra Electronics Us,AHX-42-01979,36.07,15.56,High quality ultra electronics us from Quant.,"{""brand"": ""Quant"", ""color"": ""Red"", ""weight_kg"": 3.97, ""warranty_years"": 2}",True
1980,23,136,Ultra Sports Minute,CBX-42-01980,234.28,95.7,High quality ultra sports minute from AquaFlow.,"{""brand"": ""AquaFlow"", ""material"": ""Wood"", ""weight_kg"": 13.21}",True
1981,3,147,Classic Home Economy,HKX-42-01981,372.98,251.92,High quality classic home economy from ChefChoice.,"{""brand"": ""ChefChoice"", ""material"": ""Glass"", ""weight_kg"": 8.36}",True
1982,24,57,Ultra Beauty Director,MCX-42-01982,86.5,42.64,High quality ultra beauty director from LuxeHair.,"{""brand"": ""LuxeHair"", ""weight_g"": 366}",True
1983,28,187,Smart Automotive Per,CCX-42-01983,282.93,145.4,High quality smart automotive per from AutoPro.,"{""brand"": ""AutoPro"", ""weight_g"": 1096}",True
1984,27,173,Eco Toys Receive,AFD-42-01984,91.61,48.91,High quality eco toys receive from BrickBuilder.,"{""brand"": ""BrickBuilder"", ""weight_g"": 259}",True
1985,13,8,Pro Electronics Maybe,AHX-42-01985,1107.76,513.53,High quality pro electronics maybe from TechCo.,"{""brand"": ""TechCo"", ""color"": ""Yellow"", ""weight_kg"": 1.49, ""warranty_years"": 5}",True
1986,22,77,Eco Sports Long,ORX-42-01986,103.17,69.69,High quality eco sports long from TrailBlaze.,"{""brand"": ""TrailBlaze"", ""material"": ""Wool"", ""weight_kg"": 23.94}",True
1987,30,2,Smart Grocery It,SSX-42-01987,17.64,8.12,High quality smart grocery it from TastyBites.,"{""brand"": ""TastyBites"", ""organic"": false, ""expiration_days"": 97}",True
1988,4,184,Deluxe Sports Letter,SOX-42-01988,216.41,111.33,High quality deluxe sports letter from PeakGear.,"{""brand"": ""PeakGear"", ""material"": ""Metal"", ""weight_kg"": 6.29}",True
1989,18,20,Eco Home Base,KAX-42-01989,200.62,91.94,High quality eco home base from CozyLiving.,"{""brand"": ""CozyLiving"", ""material"": ""Leather"", ""weight_kg"": 19.84}",True
1990,28,181,Classic Automotive Plant,CCX-42-01990,64.94,38.61,High quality classic automotive plant from MotorMax.,"{""brand"": ""MotorMax"", ""weight_g"": 905}",True
1991,4,123,Eco Sports Plan,SOX-42-01991,363.77,204.46,High quality eco sports plan from AquaFlow.,"{""brand"": ""AquaFlow"", ""material"": ""Leather"", ""weight_kg"": 4.46}",True
1992,13,92,Classic Electronics According,AHX-42-01992,509.33,207.22,High quality classic electronics according from Volt.,"{""brand"": ""Volt"", ""color"": ""Red"", ""weight_kg"": 4.66, ""warranty_years"": 5}",True
1993,20,148,Pro Home Election,BBX-42-01993,584.15,270.56,High quality pro home election from ChefChoice.,"{""brand"": ""ChefChoice"", ""material"": ""Cotton"", ""weight_kg"": 5.08}",True
1994,6,143,Ultra Books Us,BXY-42-01994,13.03,5.46,High quality ultra books us from Springer.,"{""brand"": ""Springer"", ""weight_g"": 1009}",True
1995,25,95,Ultra Beauty Officer,SCX-42-01995,137.05,89.3,High quality ultra beauty officer from LuxeHair.,"{""brand"": ""LuxeHair"", ""weight_g"": 1499}",True
1996,29,60,Smart Grocery Fall,BXY-42-01996,8.64,6.33,High quality smart grocery fall from TastyBites.,"{""brand"": ""TastyBites"", ""organic"": true, ""expiration_days"": 86}",True
1997,1,150,Ultra Electronics President,EXY-42-01997,1356.94,1004.45,High quality ultra electronics president from Volt.,"{""brand"": ""Volt"", ""color"": ""Green"", ""weight_kg"": 5.86, ""warranty_years"": 1}",True
1998,18,42,Classic Home Production,KAX-42-01998,151.01,107.09,High quality classic home production from ChefChoice.,"{""brand"": ""ChefChoice"", ""material"": ""Glass"", ""weight_kg"": 13.21}",True
1999,17,153,Eco Apparel Onto,FSX-42-01999,93.29,59.64,High quality eco apparel onto from ActiveFit.,"{""brand"": ""ActiveFit"", ""color"": ""Pink"", ""size"": ""M"", ""material"": ""Wool""}",True
2000,8,196,Deluxe Automotive Ten,AXY-42-02000,162.82,117.8,High quality deluxe automotive ten from AutoPro.,"{""brand"": ""AutoPro"", ""weight_g"": 463}",True
2001,1,92,Pro Electronics That,EXY-42-02001,1956.42,944.37,High quality pro electronics that from AudioMax.,"{""brand"": ""AudioMax"", ""color"": ""White"", ""weight_kg"": 6.54, ""warranty_years"": 3}",True
2002,4,119,Ultra Sports Despite,SOX-42-02002,37.87,26.22,High quality ultra sports despite from TrailBlaze.,"{""brand"": ""TrailBlaze"", ""material"": ""Polyester"", ""weight_kg"": 1.06}",True
2003,5,140,Eco Beauty Appear,BPC-42-02003,88.69,59.66,High quality eco beauty appear from HerbEssentials.,"{""brand"": ""HerbEssentials"", ""weight_g"": 1409}",True
2004,1,56,Eco Electronics Crime,EXY-42-02004,619.53,351.45,High quality eco electronics crime from AudioMax.,"{""brand"": ""AudioMax"", ""color"": ""Pink"", ""weight_kg"": 1.62, ""warranty_years"": 2}",True
2005,30,2,Premium Grocery Choose,SSX-42-02005,29.67,22.17,High quality premium grocery choose from TastyBites.,"{""brand"": ""TastyBites"", ""organic"": false, ""expiration_days"": 57}",True
2006,20,19,Ultra Home Around,BBX-42-02006,128.97,53.77,High quality ultra home around from DecoHome.,"{""brand"": ""DecoHome"", ""material"": ""Polyester"", ""weight_kg"": 5.58}",True
2007,4,170,Pro Sports Read,SOX-42-02007,462.37,340.32,High quality pro sports read from AquaFlow.,"{""brand"": ""AquaFlow"", ""material"": ""Wool"", ""weight_kg"": 1.81}",True
2008,20,194,Premium Home Happy,BBX-42-02008,600.63,259.01,High quality premium home happy from ChefChoice.,"{""brand"": ""ChefChoice"", ""material"": ""Wood"", ""weight_kg"": 3.06}",True
2009,30,36,Premium Grocery Although,SSX-42-02009,4.01,2.47,High quality premium grocery although from SweetTreats.,"{""brand"": ""SweetTreats"", ""organic"": true, ""expiration_days"": 185}",True
2010,22,184,Ultra Sports Check,ORX-42-02010,463.14,308.44,High quality ultra sports check from TrailBlaze.,"{""brand"": ""TrailBlaze"", ""material"": ""Leather"", ""weight_kg"": 1.41}",True
2011,19,42,Smart Home Too,FXY-42-02011,353.69,183.23,High quality smart home too from KitchenAid.,"{""brand"": ""KitchenAid"", ""material"": ""Wool"", ""weight_kg"": 11.66}",True
2012,29,197,Premium Grocery Alone,BXY-42-02012,40.94,27.5,High quality premium grocery alone from TastyBites.,"{""brand"": ""TastyBites"", ""organic"": false, ""expiration_days"": 100}",True
2013,4,65,Eco Sports Region,SOX-42-02013,145.8,98.63,High quality eco sports region from AquaFlow.,"{""brand"": ""AquaFlow"", ""material"": ""Wool"", ""weight_kg"": 23.09}",True
2014,28,23,Ultra Automotive Participant,CCX-42-02014,175.05,90.03,High quality ultra automotive participant from DriveClean.,"{""brand"": ""DriveClean"", ""weight_g"": 1271}",True
2015,10,132,Smart Office Products This,OPX-42-02015,13.75,9.54,High quality smart office products this from OfficePro.,"{""brand"": ""OfficePro"", ""weight_g"": 1484}",True
2016,28,135,Pro Automotive Player,CCX-42-02016,298.4,155.91,High quality pro automotive player from AutoPro.,"{""brand"": ""AutoPro"", ""weight_g"": 1391}",True
2017,1,150,Smart Electronics Fire,EXY-42-02017,1862.79,1211.72,High quality smart electronics fire from LinkSys.,"{""brand"": ""LinkSys"", ""color"": ""Blue"", ""weight_kg"": 1.11, ""warranty_years"": 5}",True
2018,27,21,Pro Toys Glass,AFD-42-02018,95.4,45.8,High quality pro toys glass from PlayTime.,"{""brand"": ""PlayTime"", ""weight_g"": 340}",True
2019,9,43,Classic Grocery Wife,GGF-42-02019,22.35,11.75,High quality classic grocery wife from NatureDrop.,"{""brand"": ""NatureDrop"", ""organic"": false, ""expiration_days"": 167}",True
2020,25,200,Classic Beauty Begin,SCX-42-02020,23.9,16.64,High quality classic beauty begin from GlowUp.,"{""brand"": ""GlowUp"", ""weight_g"": 369}",True
2021,1,84,Pro Electronics Appear,EXY-42-02021,1980.4,1436.91,High quality pro electronics appear from TechCo.,"{""brand"": ""TechCo"", ""color"": ""Blue"", ""weight_kg"": 4.95, ""warranty_years"": 5}",True
2022,8,181,Smart Automotive Boy,AXY-42-02022,150.98,63.58,High quality smart automotive boy from AutoPro.,"{""brand"": ""AutoPro"", ""weight_g"": 957}",True
2023,24,159,Deluxe Beauty Keep,MCX-42-02023,144.78,79.76,High quality deluxe beauty keep from GlowUp.,"{""brand"": ""GlowUp"", ""weight_g"": 894}",True
2024,8,41,Eco Automotive Could,AXY-42-02024,42.31,21.09,High quality eco automotive could from AutoPro.,"{""brand"": ""AutoPro"", ""weight_g"": 751}",True
2025,11,92,Eco Electronics Color,SXY-42-02025,1906.77,868.55,High quality eco electronics color from AudioMax.,"{""brand"": ""AudioMax"", ""color"": ""Black"", ""weight_kg"": 1.85, ""warranty_years"": 3}",True
2026,2,73,Classic Apparel Remember,AXY-42-02026,21.14,8.58,High quality classic apparel remember from DenimCo.,"{""brand"": ""DenimCo"", ""color"": ""Yellow"", ""size"": ""XL"", ""material"": ""Glass""}",True
2027,12,107,Premium Electronics Feel,LCX-42-02027,1788.22,908.22,High quality premium electronics feel from Volt.,"{""brand"": ""Volt"", ""color"": ""Yellow"", ""weight_kg"": 4.76, ""warranty_years"": 3}",True
2028,12,92,Ultra Electronics Popular,LCX-42-02028,861.84,396.76,High quality ultra electronics popular from Volt.,"{""brand"": ""Volt"", ""color"": ""Yellow"", ""weight_kg"": 6.75, ""warranty_years"": 2}",True
2029,27,89,Premium Toys Recent,AFD-42-02029,60.79,24.37,High quality premium toys recent from PlayTime.,"{""brand"": ""PlayTime"", ""weight_g"": 292}",True
2030,26,154,Deluxe Toys Role,BGX-42-02030,23.49,11.1,High quality deluxe toys role from KidZone.,"{""brand"": ""KidZone"", ""weight_g"": 1184}",True
2031,8,40,Premium Automotive Scene,AXY-42-02031,137.55,68.32,High quality premium automotive scene from TireSafe.,"{""brand"": ""TireSafe"", ""weight_g"": 381}",True
2032,14,109,Premium Electronics Physical,SHD-42-02032,104.39,42.24,High quality premium electronics physical from AudioMax.,"{""brand"": ""AudioMax"", ""color"": ""Blue"", ""weight_kg"": 3.64, ""warranty_years"": 2}",True
2033,19,1,Classic Home Page,FXY-42-02033,696.72,305.07,High quality classic home page from KitchenAid.,"{""brand"": ""KitchenAid"", ""material"": ""Glass"", ""weight_kg"": 2.57}",True
2034,17,12,Premium Apparel Store,FSX-42-02034,87.63,38.17,High quality premium apparel store from DenimCo.,"{""brand"": ""DenimCo"", ""color"": ""Gray"", ""size"": ""M"", ""material"": ""Polyester""}",True
2035,2,85,Classic Apparel Or,AXY-42-02035,78.61,46.05,High quality classic apparel or from DenimCo.,"{""brand"": ""DenimCo"", ""color"": ""Red"", ""size"": ""S"", ""material"": ""Wood""}",True
2036,6,28,Smart Books Cost,BXY-42-02036,58.69,23.99,High quality smart books cost from Packt.,"{""brand"": ""Packt"", ""weight_g"": 422}",True
2037,12,109,Pro Electronics Lose,LCX-42-02037,1721.62,1096.2,High quality pro electronics lose from Quant.,"{""brand"": ""Quant"", ""color"": ""Green"", ""weight_kg"": 4.81, ""warranty_years"": 5}",True
2038,1,87,Ultra Electronics So,EXY-42-02038,258.58,103.93,High quality ultra electronics so from AudioMax.,"{""brand"": ""AudioMax"", ""color"": ""Gray"", ""weight_kg"": 4.9, ""warranty_years"": 2}",True
2039,27,121,Pro Toys Particular,AFD-42-02039,111.42,77.26,High quality pro toys particular from KidZone.,"{""brand"": ""KidZone"", ""weight_g"": 354}",True
2040,3,75,Deluxe Home Here,HKX-42-02040,474.34,276.83,High quality deluxe home here from DecoHome.,"{""brand"": ""DecoHome"", ""material"": ""Glass"", ""weight_kg"": 0.97}",True
2041,2,76,Classic Apparel Word,AXY-42-02041,86.57,47.52,High quality classic apparel word from ActiveFit.,"{""brand"": ""ActiveFit"", ""color"": ""Navy"", ""size"": ""XS"", ""material"": ""Polyester""}",True
2042,26,24,Eco Toys Also,BGX-42-02042,15.56,9.43,High quality eco toys also from KidZone.,"{""brand"": ""KidZone"", ""weight_g"": 304}",True
2043,30,46,Classic Grocery Better,SSX-42-02043,3.79,2.51,High quality classic grocery better from TastyBites.,"{""brand"": ""TastyBites"", ""organic"": true, ""expiration_days"": 298}",True
2044,25,159,Classic Beauty Special,SCX-42-02044,129.4,80.34,High quality classic beauty special from GlowUp.,"{""brand"": ""GlowUp"", ""weight_g"": 695}",True
2045,8,35,Classic Automotive Firm,AXY-42-02045,98.42,45.3,High quality classic automotive firm from AutoPro.,"{""brand"": ""AutoPro"", ""weight_g"": 1257}",True
2046,10,151,Smart Office Products Future,OPX-42-02046,93.0,50.06,High quality smart office products future from DeskWork.,"{""brand"": ""DeskWork"", ""weight_g"": 1358}",True
2047,8,196,Pro Automotive Home,AXY-42-02047,24.21,13.61,High quality pro automotive home from AutoPro.,"{""brand"": ""AutoPro"", ""weight_g"": 899}",True
2048,13,126,Pro Electronics Water,AHX-42-02048,1121.95,563.69,High quality pro electronics water from Quant.,"{""brand"": ""Quant"", ""color"": ""White"", ""weight_kg"": 1.27, ""warranty_years"": 5}",True
2049,10,6,Ultra Office Products Hundred,OPX-42-02049,49.02,29.4,High quality ultra office products hundred from OfficePro.,"{""brand"": ""OfficePro"", ""weight_g"": 406}",True
2050,25,57,Eco Beauty Ten,SCX-42-02050,68.35,32.39,High quality eco beauty ten from HerbEssentials.,"{""brand"": ""HerbEssentials"", ""weight_g"": 1243}",True
2051,19,19,Premium Home Author,FXY-42-02051,796.6,443.01,High quality premium home author from KitchenAid.,"{""brand"": ""KitchenAid"", ""material"": ""Metal"", ""weight_kg"": 4.55}",True
2052,14,158,Premium Electronics Son,SHD-42-02052,1976.33,1247.29,High quality premium electronics son from Sonyx.,"{""brand"": ""Sonyx"", ""color"": ""Yellow"", ""weight_kg"": 0.5, ""warranty_years"": 5}",True
2053,27,154,Pro Toys Late,AFD-42-02053,102.87,44.95,High quality pro toys late from PlayTime.,"{""brand"": ""PlayTime"", ""weight_g"": 374}",True
2054,22,170,Eco Sports Threat,ORX-42-02054,331.34,205.69,High quality eco sports threat from FitPulse.,"{""brand"": ""FitPulse"", ""material"": ""Polyester"", ""weight_kg"": 21.32}",True
2055,29,167,Ultra Grocery Oil,BXY-42-02055,47.3,32.15,High quality ultra grocery oil from NatureDrop.,"{""brand"": ""NatureDrop"", ""organic"": false, ""expiration_days"": 85}",True
2056,29,13,Premium Grocery Attention,BXY-42-02056,6.01,3.34,High quality premium grocery attention from NatureDrop.,"{""brand"": ""NatureDrop"", ""organic"": true, ""expiration_days"": 46}",True
2057,18,79,Ultra Home Final,KAX-42-02057,716.92,363.08,High quality ultra home final from DecoHome.,"{""brand"": ""DecoHome"", ""material"": ""Polyester"", ""weight_kg"": 11.56}",True
2058,29,86,Ultra Grocery Market,BXY-42-02058,27.05,17.8,High quality ultra grocery market from SweetTreats.,"{""brand"": ""SweetTreats"", ""organic"": false, ""expiration_days"": 234}",True
2059,30,2,Premium Grocery Center,SSX-42-02059,27.88,11.75,High quality premium grocery center from NatureDrop.,"{""brand"": ""NatureDrop"", ""organic"": true, ""expiration_days"": 224}",True
2060,16,88,Deluxe Apparel Campaign,FXY-42-02060,99.92,43.24,High quality deluxe apparel campaign from Vogue.,"{""brand"": ""Vogue"", ""color"": ""Gray"", ""size"": ""L"", ""material"": ""Polyester""}",True
2061,10,132,Premium Office Products Run,OPX-42-02061,10.06,6.31,High quality premium office products run from OfficePro.,"{""brand"": ""OfficePro"", ""weight_g"": 1096}",True
2062,29,152,Deluxe Grocery Trade,BXY-42-02062,34.37,20.85,High quality deluxe grocery trade from TastyBites.,"{""brand"": ""TastyBites"", ""organic"": false, ""expiration_days"": 296}",True
2063,29,155,Pro Grocery Face,BXY-42-02063,9.22,6.03,High quality pro grocery face from SweetTreats.,"{""brand"": ""SweetTreats"", ""organic"": true, ""expiration_days"": 146}",True
2064,2,153,Classic Apparel Girl,AXY-42-02064,77.38,50.27,High quality classic apparel girl from ThreadWear.,"{""brand"": ""ThreadWear"", ""color"": ""Navy"", ""size"": ""L"", ""material"": ""Polyester""}",True
2065,12,107,Eco Electronics New,LCX-42-02065,107.16,76.6,High quality eco electronics new from Sonyx.,"{""brand"": ""Sonyx"", ""color"": ""Silver"", ""weight_kg"": 3.95, ""warranty_years"": 2}",True
2066,11,139,Pro Electronics Job,SXY-42-02066,767.23,335.63,High quality pro electronics job from LinkSys.,"{""brand"": ""LinkSys"", ""color"": ""Green"", ""weight_kg"": 1.54, ""warranty_years"": 1}",True
2067,29,172,Classic Grocery Network,BXY-42-02067,46.46,30.0,High quality classic grocery network from SweetTreats.,"{""brand"": ""SweetTreats"", ""organic"": false, ""expiration_days"": 289}",True
2068,8,69,Classic Automotive Determine,AXY-42-02068,280.99,154.62,High quality classic automotive determine from TireSafe.,"{""brand"": ""TireSafe"", ""weight_g"": 1097}",True
2069,10,62,Smart Office Products Safe,OPX-42-02069,7.41,2.99,High quality smart office products safe from StapleMax.,"{""brand"": ""StapleMax"", ""weight_g"": 259}",True
2070,13,84,Smart Electronics Determine,AHX-42-02070,336.42,244.48,High quality smart electronics determine from Sonyx.,"{""brand"": ""Sonyx"", ""color"": ""Green"", ""weight_kg"": 2.27, ""warranty_years"": 2}",True
2071,1,109,Deluxe Electronics Population,EXY-42-02071,1935.97,1424.98,High quality deluxe electronics population from Sonyx.,"{""brand"": ""Sonyx"", ""color"": ""Red"", ""weight_kg"": 4.32, ""warranty_years"": 2}",True
2072,20,4,Classic Home Article,BBX-42-02072,706.06,316.39,High quality classic home article from ChefChoice.,"{""brand"": ""ChefChoice"", ""material"": ""Glass"", ""weight_kg"": 4.21}",True
2073,25,95,Pro Beauty Boy,SCX-42-02073,69.55,41.84,High quality pro beauty boy from GlowUp.,"{""brand"": ""GlowUp"", ""weight_g"": 1326}",True
2074,27,24,Deluxe Toys Owner,AFD-42-02074,19.81,8.44,High quality deluxe toys owner from PlayTime.,"{""brand"": ""PlayTime"", ""weight_g"": 1251}",True
2075,29,45,Smart Grocery Show,BXY-42-02075,19.17,12.74,High quality smart grocery show from TastyBites.,"{""brand"": ""TastyBites"", ""organic"": true, ""expiration_days"": 218}",True
2076,4,78,Premium Sports Professional,SOX-42-02076,110.61,72.11,High quality premium sports professional from FitPulse.,"{""brand"": ""FitPulse"", ""material"": ""Wool"", ""weight_kg"": 24.53}",True
2077,2,76,Pro Apparel Newspaper,AXY-42-02077,71.03,41.12,High quality pro apparel newspaper from ActiveFit.,"{""brand"": ""ActiveFit"", ""color"": ""Black"", ""size"": ""S"", ""material"": ""Plastic""}",True
2078,30,46,Classic Grocery Begin,SSX-42-02078,38.02,21.8,High quality classic grocery begin from OrganicWay.,"{""brand"": ""OrganicWay"", ""organic"": true, ""expiration_days"": 229}",True
2079,11,137,Classic Electronics Member,SXY-42-02079,82.5,38.58,High quality classic electronics member from Volt.,"{""brand"": ""Volt"", ""color"": ""Black"", ""weight_kg"": 6.32, ""warranty_years"": 5}",True
2080,13,158,Pro Electronics Shake,AHX-42-02080,145.1,96.41,High quality pro electronics shake from AudioMax.,"{""brand"": ""AudioMax"", ""color"": ""White"", ""weight_kg"": 6.2, ""warranty_years"": 2}",True
2081,23,83,Smart Sports Risk,CBX-42-02081,299.3,179.77,High quality smart sports risk from PeakGear.,"{""brand"": ""PeakGear"", ""material"": ""Cotton"", ""weight_kg"": 21.72}",True
2082,15,142,Pro Apparel Point,FXY-42-02082,37.64,18.63,High quality pro apparel point from ActiveFit.,"{""brand"": ""ActiveFit"", ""color"": ""Green"", ""size"": ""XL"", ""material"": ""Polyester""}",True
2083,26,70,Pro Toys World,BGX-42-02083,102.37,63.25,High quality pro toys world from KidZone.,"{""brand"": ""KidZone"", ""weight_g"": 592}",True
2084,18,82,Deluxe Home Story,KAX-42-02084,498.93,293.59,High quality deluxe home story from DecoHome.,"{""brand"": ""DecoHome"", ""material"": ""Wood"", ""weight_kg"": 17.56}",True
2085,18,90,Smart Home Seat,KAX-42-02085,259.62,149.89,High quality smart home seat from CozyLiving.,"{""brand"": ""CozyLiving"", ""material"": ""Polyester"", ""weight_kg"": 8.52}",True
2086,19,51,Premium Home Field,FXY-42-02086,783.43,533.71,High quality premium home field from KitchenAid.,"{""brand"": ""KitchenAid"", ""material"": ""Polyester"", ""weight_kg"": 15.54}",True
2087,24,127,Eco Beauty Late,MCX-42-02087,103.53,43.53,High quality eco beauty late from LuxeHair.,"{""brand"": ""LuxeHair"", ""weight_g"": 789}",True
2088,8,141,Premium Automotive Politics,AXY-42-02088,267.3,111.08,High quality premium automotive politics from AutoPro.,"{""brand"": ""AutoPro"", ""weight_g"": 1021}",True
2089,3,82,Deluxe Home Thus,HKX-42-02089,550.97,232.32,High quality deluxe home thus from ChefChoice.,"{""brand"": ""ChefChoice"", ""material"": ""Leather"", ""weight_kg"": 10.82}",True
2090,8,145,Premium Automotive Free,AXY-42-02090,292.88,183.54,High quality premium automotive free from MotorMax.,"{""brand"": ""MotorMax"", ""weight_g"": 721}",True
2091,12,126,Premium Electronics Event,LCX-42-02091,130.51,74.38,High quality premium electronics event from TechCo.,"{""brand"": ""TechCo"", ""color"": ""Navy"", ""weight_kg"": 5.28, ""warranty_years"": 3}",True
2092,26,26,Classic Toys Never,BGX-42-02092,42.86,31.71,High quality classic toys never from BrickBuilder.,"{""brand"": ""BrickBuilder"", ""weight_g"": 146}",True
2093,10,132,Classic Office Products Paper,OPX-42-02093,99.87,63.8,High quality classic office products paper from DeskWork.,"{""brand"": ""DeskWork"", ""weight_g"": 933}",True
2094,16,114,Classic Apparel Price,FXY-42-02094,19.5,13.19,High quality classic apparel price from Vogue.,"{""brand"": ""Vogue"", ""color"": ""Black"", ""size"": ""M"", ""material"": ""Plastic""}",True
2095,14,158,Classic Electronics Health,SHD-42-02095,741.09,492.6,High quality classic electronics health from LinkSys.,"{""brand"": ""LinkSys"", ""color"": ""Black"", ""weight_kg"": 4.61, ""warranty_years"": 3}",True
2096,25,57,Smart Beauty Within,SCX-42-02096,144.89,67.71,High quality smart beauty within from GlowUp.,"{""brand"": ""GlowUp"", ""weight_g"": 920}",True
2097,5,47,Deluxe Beauty Carry,BPC-42-02097,129.27,68.43,High quality deluxe beauty carry from LuxeHair.,"{""brand"": ""LuxeHair"", ""weight_g"": 830}",True
2098,26,26,Pro Toys Possible,BGX-42-02098,103.97,48.3,High quality pro toys possible from BoardFun.,"{""brand"": ""BoardFun"", ""weight_g"": 1484}",True
2099,10,6,Smart Office Products Order,OPX-42-02099,11.73,7.29,High quality smart office products order from StapleMax.,"{""brand"": ""StapleMax"", ""weight_g"": 518}",True
2100,30,3,Pro Grocery Model,SSX-42-02100,2.44,1.77,High quality pro grocery model from TastyBites.,"{""brand"": ""TastyBites"", ""organic"": true, ""expiration_days"": 70}",True
2101,6,32,Deluxe Books Nature,BXY-42-02101,29.18,21.51,High quality deluxe books nature from Packt.,"{""brand"": ""Packt"", ""weight_g"": 926}",True
2102,29,152,Pro Grocery Shoulder,BXY-42-02102,35.31,19.98,High quality pro grocery shoulder from TastyBites.,"{""brand"": ""TastyBites"", ""organic"": false, ""expiration_days"": 323}",True
2103,3,79,Classic Home Project,HKX-42-02103,36.78,15.73,High quality classic home project from KitchenAid.,"{""brand"": ""KitchenAid"", ""material"": ""Polyester"", ""weight_kg"": 9.63}",True
2104,28,178,Deluxe Automotive Modern,CCX-42-02104,245.51,119.79,High quality deluxe automotive modern from TireSafe.,"{""brand"": ""TireSafe"", ""weight_g"": 172}",True
2105,1,150,Premium Electronics Mind,EXY-42-02105,1810.79,1064.56,High quality premium electronics mind from Quant.,"{""brand"": ""Quant"", ""color"": ""Navy"", ""weight_kg"": 4.18, ""warranty_years"": 5}",True
2106,16,177,Ultra Apparel System,FXY-42-02106,103.96,61.92,High quality ultra apparel system from ThreadWear.,"{""brand"": ""ThreadWear"", ""color"": ""Silver"", ""size"": ""XL"", ""material"": ""Plastic""}",True
2107,15,9,Ultra Apparel Couple,FXY-42-02107,186.89,92.63,High quality ultra apparel couple from DenimCo.,"{""brand"": ""DenimCo"", ""color"": ""Red"", ""size"": ""S"", ""material"": ""Wood""}",True
2108,3,20,Premium Home Use,HKX-42-02108,588.4,424.73,High quality premium home use from DecoHome.,"{""brand"": ""DecoHome"", ""material"": ""Metal"", ""weight_kg"": 6.11}",True
2109,25,200,Classic Beauty Poor,SCX-42-02109,74.41,35.7,High quality classic beauty poor from LuxeHair.,"{""brand"": ""LuxeHair"", ""weight_g"": 1140}",True
2110,2,117,Eco Apparel Early,AXY-42-02110,115.28,85.4,High quality eco apparel early from Vogue.,"{""brand"": ""Vogue"", ""color"": ""Blue"", ""size"": ""M"", ""material"": ""Wool""}",True
2111,10,62,Deluxe Office Products Section,OPX-42-02111,13.22,7.87,High quality deluxe office products section from OfficePro.,"{""brand"": ""OfficePro"", ""weight_g"": 1081}",True
2112,11,174,Classic Electronics Fill,SXY-42-02112,521.37,353.97,High quality classic electronics fill from TechCo.,"{""brand"": ""TechCo"", ""color"": ""Black"", ""weight_kg"": 5.44, ""warranty_years"": 5}",True
2113,9,50,Pro Grocery Daughter,GGF-42-02113,33.34,16.66,High quality pro grocery daughter from NatureDrop.,"{""brand"": ""NatureDrop"", ""organic"": true, ""expiration_days"": 110}",True
2114,28,35,Ultra Automotive Ability,CCX-42-02114,37.86,27.66,High quality ultra automotive ability from TireSafe.,"{""brand"": ""TireSafe"", ""weight_g"": 634}",True
2115,25,95,Pro Beauty By,SCX-42-02115,94.14,61.92,High quality pro beauty by from GlowUp.,"{""brand"": ""GlowUp"", ""weight_g"": 973}",True
2116,15,111,Classic Apparel Agent,FXY-42-02116,155.19,75.27,High quality classic apparel agent from Vogue.,"{""brand"": ""Vogue"", ""color"": ""Yellow"", ""size"": ""S"", ""material"": ""Cotton""}",True
2117,7,154,Deluxe Toys Make,TGX-42-02117,69.28,44.32,High quality deluxe toys make from PlayTime.,"{""brand"": ""PlayTime"", ""weight_g"": 1022}",True
2118,12,139,Deluxe Electronics Process,LCX-42-02118,44.98,26.54,High quality deluxe electronics process from TechCo.,"{""brand"": ""TechCo"", ""color"": ""Navy"", ""weight_kg"": 6.29, ""warranty_years"": 2}",True
2119,27,21,Ultra Toys Style,AFD-42-02119,38.04,24.73,High quality ultra toys style from PlayTime.,"{""brand"": ""PlayTime"", ""weight_g"": 841}",True
2120,20,195,Smart Home Buy,BBX-42-02120,783.41,402.48,High quality smart home buy from DecoHome.,"{""brand"": ""DecoHome"", ""material"": ""Metal"", ""weight_kg"": 15.79}",True
2121,8,130,Premium Automotive Sing,AXY-42-02121,255.09,180.7,High quality premium automotive sing from AutoPro.,"{""brand"": ""AutoPro"", ""weight_g"": 1483}",True
2122,26,173,Eco Toys Thus,BGX-42-02122,91.43,53.04,High quality eco toys thus from KidZone.,"{""brand"": ""KidZone"", ""weight_g"": 952}",True
2123,16,122,Deluxe Apparel Despite,FXY-42-02123,64.46,46.2,High quality deluxe apparel despite from DenimCo.,"{""brand"": ""DenimCo"", ""color"": ""Blue"", ""size"": ""S"", ""material"": ""Metal""}",True
2124,9,46,Classic Grocery Successful,GGF-42-02124,46.01,33.79,High quality classic grocery successful from NatureDrop.,"{""brand"": ""NatureDrop"", ""organic"": false, ""expiration_days"": 37}",True
2125,27,154,Classic Toys Power,AFD-42-02125,33.13,19.46,High quality classic toys power from PlayTime.,"{""brand"": ""PlayTime"", ""weight_g"": 1023}",True
2126,20,138,Smart Home Join,BBX-42-02126,185.69,120.07,High quality smart home join from KitchenAid.,"{""brand"": ""KitchenAid"", ""material"": ""Cotton"", ""weight_kg"": 16.22}",True
2127,21,190,Classic Sports Job,FGX-42-02127,455.62,298.03,High quality classic sports job from TrailBlaze.,"{""brand"": ""TrailBlaze"", ""material"": ""Polyester"", ""weight_kg"": 4.1}",True
2128,15,122,Smart Apparel Answer,FXY-42-02128,107.37,52.55,High quality smart apparel answer from DenimCo.,"{""brand"": ""DenimCo"", ""color"": ""Navy"", ""size"": ""XL"", ""material"": ""Wood""}",True
2129,19,106,Deluxe Home Goal,FXY-42-02129,418.88,190.28,High quality deluxe home goal from KitchenAid.,"{""brand"": ""KitchenAid"", ""material"": ""Metal"", ""weight_kg"": 24.83}",True
2130,11,108,Pro Electronics Hard,SXY-42-02130,1165.97,520.6,High quality pro electronics hard from TechCo.,"{""brand"": ""TechCo"", ""color"": ""Red"", ""weight_kg"": 6.73, ""warranty_years"": 2}",True
2131,9,116,Deluxe Grocery Opportunity,GGF-42-02131,13.16,9.0,High quality deluxe grocery opportunity from SweetTreats.,"{""brand"": ""SweetTreats"", ""organic"": false, ""expiration_days"": 99}",True
2132,9,31,Eco Grocery Sure,GGF-42-02132,45.42,31.39,High quality eco grocery sure from TastyBites.,"{""brand"": ""TastyBites"", ""organic"": false, ""expiration_days"": 93}",True
2133,17,73,Ultra Apparel Public,FSX-42-02133,55.27,37.44,High quality ultra apparel public from ThreadWear.,"{""brand"": ""ThreadWear"", ""color"": ""Pink"", ""size"": ""L"", ""material"": ""Cotton""}",True
2134,13,174,Smart Electronics Difference,AHX-42-02134,1637.48,1195.84,High quality smart electronics difference from Sonyx.,"{""brand"": ""Sonyx"", ""color"": ""Silver"", ""weight_kg"": 4.18, ""warranty_years"": 1}",True
2135,23,160,Ultra Sports Activity,CBX-42-02135,280.74,133.14,High quality ultra sports activity from PeakGear.,"{""brand"": ""PeakGear"", ""material"": ""Cotton"", ""weight_kg"": 20.5}",True
2136,1,84,Premium Electronics Push,EXY-42-02136,475.44,338.1,High quality premium electronics push from TechCo.,"{""brand"": ""TechCo"", ""color"": ""Pink"", ""weight_kg"": 3.15, ""warranty_years"": 5}",True
2137,13,56,Deluxe Electronics Defense,AHX-42-02137,109.71,45.03,High quality deluxe electronics defense from AudioMax.,"{""brand"": ""AudioMax"", ""color"": ""Navy"", ""weight_kg"": 5.4, ""warranty_years"": 5}",True
2138,23,100,Deluxe Sports Road,CBX-42-02138,65.24,38.6,High quality deluxe sports road from FitPulse.,"{""brand"": ""FitPulse"", ""material"": ""Leather"", ""weight_kg"": 9.63}",True
2139,26,24,Ultra Toys Father,BGX-42-02139,41.76,30.11,High quality ultra toys father from BoardFun.,"{""brand"": ""BoardFun"", ""weight_g"": 703}",True
2140,21,78,Smart Sports Environmental,FGX-42-02140,322.37,138.54,High quality smart sports environmental from PeakGear.,"{""brand"": ""PeakGear"", ""material"": ""Glass"", ""weight_kg"": 7.27}",True
2141,26,154,Classic Toys Street,BGX-42-02141,80.57,37.73,High quality classic toys street from KidZone.,"{""brand"": ""KidZone"", ""weight_g"": 1255}",True
2142,11,158,Premium Electronics Author,SXY-42-02142,1359.04,590.07,High quality premium electronics author from Sonyx.,"{""brand"": ""Sonyx"", ""color"": ""Black"", ""weight_kg"": 3.71, ""warranty_years"": 5}",True
2143,30,36,Classic Grocery Foot,SSX-42-02143,2.17,1.49,High quality classic grocery foot from NatureDrop.,"{""brand"": ""NatureDrop"", ""organic"": false, ""expiration_days"": 234}",True
2144,27,24,Premium Toys First,AFD-42-02144,46.45,33.26,High quality premium toys first from KidZone.,"{""brand"": ""KidZone"", ""weight_g"": 936}",True
2145,29,197,Premium Grocery Move,BXY-42-02145,20.72,10.24,High quality premium grocery move from OrganicWay.,"{""brand"": ""OrganicWay"", ""organic"": false, ""expiration_days"": 199}",True
2146,10,17,Ultra Office Products Oil,OPX-42-02146,71.19,46.02,High quality ultra office products oil from StapleMax.,"{""brand"": ""StapleMax"", ""weight_g"": 53}",True
2147,26,121,Smart Toys Game,BGX-42-02147,69.58,30.28,High quality smart toys game from BoardFun.,"{""brand"": ""BoardFun"", ""weight_g"": 1316}",True
2148,16,12,Deluxe Apparel Speak,FXY-42-02148,109.33,44.31,High quality deluxe apparel speak from UrbanStyle.,"{""brand"": ""UrbanStyle"", ""color"": ""Gray"", ""size"": ""L"", ""material"": ""Wood""}",True
2149,18,42,Smart Home According,KAX-42-02149,245.95,110.5,High quality smart home according from ChefChoice.,"{""brand"": ""ChefChoice"", ""material"": ""Wool"", ""weight_kg"": 10.02}",True
2150,15,9,Smart Apparel Build,FXY-42-02150,110.31,64.97,High quality smart apparel build from UrbanStyle.,"{""brand"": ""UrbanStyle"", ""color"": ""Pink"", ""size"": ""XXL"", ""material"": ""Polyester""}",True
2151,16,122,Pro Apparel Rich,FXY-42-02151,199.05,125.63,High quality pro apparel rich from UrbanStyle.,"{""brand"": ""UrbanStyle"", ""color"": ""White"", ""size"": ""M"", ""material"": ""Cotton""}",True
2152,12,150,Pro Electronics Goal,LCX-42-02152,1190.9,551.64,High quality pro electronics goal from TechCo.,"{""brand"": ""TechCo"", ""color"": ""Navy"", ""weight_kg"": 3.69, ""warranty_years"": 5}",True
2153,1,139,Premium Electronics Growth,EXY-42-02153,1197.51,532.03,High quality premium electronics growth from Sonyx.,"{""brand"": ""Sonyx"", ""color"": ""Green"", ""weight_kg"": 7.06, ""warranty_years"": 3}",True
2154,15,165,Deluxe Apparel Individual,FXY-42-02154,109.18,65.04,High quality deluxe apparel individual from Vogue.,"{""brand"": ""Vogue"", ""color"": ""Green"", ""size"": ""XS"", ""material"": ""Metal""}",True
2155,3,115,Smart Home Shake,HKX-42-02155,686.0,457.13,High quality smart home shake from CozyLiving.,"{""brand"": ""CozyLiving"", ""material"": ""Wool"", ""weight_kg"": 23.55}",True
2156,26,121,Premium Toys Outside,BGX-42-02156,49.73,28.78,High quality premium toys outside from KidZone.,"{""brand"": ""KidZone"", ""weight_g"": 1046}",True
2157,15,85,Ultra Apparel Power,FXY-42-02157,144.15,91.51,High quality ultra apparel power from DenimCo.,"{""brand"": ""DenimCo"", ""color"": ""Red"", ""size"": ""L"", ""material"": ""Wool""}",True
2158,26,24,Deluxe Toys Air,BGX-42-02158,20.62,13.1,High quality deluxe toys air from BrickBuilder.,"{""brand"": ""BrickBuilder"", ""weight_g"": 624}",True
2159,3,138,Ultra Home There,HKX-42-02159,574.52,310.81,High quality ultra home there from ChefChoice.,"{""brand"": ""ChefChoice"", ""material"": ""Metal"", ""weight_kg"": 4.84}",True
2160,5,127,Smart Beauty Continue,BPC-42-02160,141.74,73.28,High quality smart beauty continue from GlowUp.,"{""brand"": ""GlowUp"", ""weight_g"": 970}",True
2161,2,177,Classic Apparel Daughter,AXY-42-02161,177.51,127.75,High quality classic apparel daughter from ActiveFit.,"{""brand"": ""ActiveFit"", ""color"": ""Red"", ""size"": ""S"", ""material"": ""Polyester""}",True
2162,27,154,Pro Toys Give,AFD-42-02162,48.13,24.2,High quality pro toys give from PlayTime.,"{""brand"": ""PlayTime"", ""weight_g"": 703}",True
2163,14,150,Smart Electronics These,SHD-42-02163,1021.48,409.62,High quality smart electronics these from Sonyx.,"{""brand"": ""Sonyx"", ""color"": ""Silver"", ""weight_kg"": 6.77, ""warranty_years"": 3}",True
2164,16,9,Eco Apparel Ground,FXY-42-02164,144.96,58.9,High quality eco apparel ground from ThreadWear.,"{""brand"": ""ThreadWear"", ""color"": ""White"", ""size"": ""XXL"", ""material"": ""Wood""}",True
2165,8,130,Pro Automotive Win,AXY-42-02165,125.95,92.29,High quality pro automotive win from DriveClean.,"{""brand"": ""DriveClean"", ""weight_g"": 482}",True
2166,27,26,Ultra Toys Remember,AFD-42-02166,40.63,28.55,High quality ultra toys remember from BrickBuilder.,"{""brand"": ""BrickBuilder"", ""weight_g"": 1196}",True
2167,20,61,Classic Home Measure,BBX-42-02167,711.63,505.2,High quality classic home measure from KitchenAid.,"{""brand"": ""KitchenAid"", ""material"": ""Cotton"", ""weight_kg"": 2.68}",True
2168,17,165,Ultra Apparel Whom,FSX-42-02168,189.61,130.05,High quality ultra apparel whom from Vogue.,"{""brand"": ""Vogue"", ""color"": ""Red"", ""size"": ""XXL"", ""material"": ""Glass""}",True
2169,8,35,Pro Automotive Matter,AXY-42-02169,45.19,24.71,High quality pro automotive matter from MotorMax.,"{""brand"": ""MotorMax"", ""weight_g"": 62}",True
2170,16,25,Smart Apparel Subject,FXY-42-02170,21.19,11.08,High quality smart apparel subject from ThreadWear.,"{""brand"": ""ThreadWear"", ""color"": ""White"", ""size"": ""XS"", ""material"": ""Plastic""}",True
2171,1,126,Deluxe Electronics Also,EXY-42-02171,372.44,209.44,High quality deluxe electronics also from TechCo.,"{""brand"": ""TechCo"", ""color"": ""White"", ""weight_kg"": 2.59, ""warranty_years"": 5}",True
2172,3,163,Ultra Home Race,HKX-42-02172,705.89,466.14,High quality ultra home race from ChefChoice.,"{""brand"": ""ChefChoice"", ""material"": ""Cotton"", ""weight_kg"": 20.61}",True
2173,5,47,Deluxe Beauty Century,BPC-42-02173,11.36,6.38,High quality deluxe beauty century from LuxeHair.,"{""brand"": ""LuxeHair"", ""weight_g"": 1265}",True
2174,11,137,Classic Electronics Meet,SXY-42-02174,49.12,36.1,High quality classic electronics meet from AudioMax.,"{""brand"": ""AudioMax"", ""color"": ""White"", ""weight_kg"": 7.03, ""warranty_years"": 3}",True
2175,18,148,Deluxe Home Clearly,KAX-42-02175,271.87,136.63,High quality deluxe home clearly from DecoHome.,"{""brand"": ""DecoHome"", ""material"": ""Glass"", ""weight_kg"": 10.62}",True
2176,18,124,Classic Home Product,KAX-42-02176,182.47,127.75,High quality classic home product from DecoHome.,"{""brand"": ""DecoHome"", ""material"": ""Metal"", ""weight_kg"": 7.34}",True
2177,16,27,Smart Apparel Magazine,FXY-42-02177,88.55,58.13,High quality smart apparel magazine from UrbanStyle.,"{""brand"": ""UrbanStyle"", ""color"": ""Silver"", ""size"": ""L"", ""material"": ""Leather""}",True
2178,26,89,Deluxe Toys Wait,BGX-42-02178,99.2,42.55,High quality deluxe toys wait from PlayTime.,"{""brand"": ""PlayTime"", ""weight_g"": 122}",True
2179,9,60,Smart Grocery Treatment,GGF-42-02179,4.18,2.19,High quality smart grocery treatment from SweetTreats.,"{""brand"": ""SweetTreats"", ""organic"": true, ""expiration_days"": 360}",True
2180,6,22,Deluxe Books Not,BXY-42-02180,41.72,21.02,High quality deluxe books not from OReilly.,"{""brand"": ""OReilly"", ""weight_g"": 946}",True
2181,9,155,Classic Grocery War,GGF-42-02181,38.67,26.62,High quality classic grocery war from TastyBites.,"{""brand"": ""TastyBites"", ""organic"": false, ""expiration_days"": 281}",True
2182,2,111,Pro Apparel Government,AXY-42-02182,173.79,129.07,High quality pro apparel government from ThreadWear.,"{""brand"": ""ThreadWear"", ""color"": ""Green"", ""size"": ""L"", ""material"": ""Leather""}",True
2183,19,115,Classic Home Maintain,FXY-42-02183,186.94,121.74,High quality classic home maintain from CozyLiving.,"{""brand"": ""CozyLiving"", ""material"": ""Leather"", ""weight_kg"": 13.91}",True
2184,6,102,Deluxe Books Step,BXY-42-02184,65.61,35.03,High quality deluxe books step from OReilly.,"{""brand"": ""OReilly"", ""weight_g"": 881}",True
2185,30,31,Premium Grocery Teach,SSX-42-02185,27.93,14.41,High quality premium grocery teach from SweetTreats.,"{""brand"": ""SweetTreats"", ""organic"": false, ""expiration_days"": 151}",True
2186,23,39,Classic Sports Job,CBX-42-02186,199.77,111.3,High quality classic sports job from FitPulse.,"{""brand"": ""FitPulse"", ""material"": ""Polyester"", ""weight_kg"": 9.42}",True
2187,13,84,Deluxe Electronics Without,AHX-42-02187,427.86,198.51,High quality deluxe electronics without from TechCo.,"{""brand"": ""TechCo"", ""color"": ""Navy"", ""weight_kg"": 0.37, ""warranty_years"": 3}",True
2188,29,60,Eco Grocery Situation,BXY-42-02188,7.14,4.09,High quality eco grocery situation from NatureDrop.,"{""brand"": ""NatureDrop"", ""organic"": true, ""expiration_days"": 351}",True
2189,20,19,Premium Home Arrive,BBX-42-02189,713.24,310.19,High quality premium home arrive from KitchenAid.,"{""brand"": ""KitchenAid"", ""material"": ""Glass"", ""weight_kg"": 19.58}",True
2190,13,56,Ultra Electronics Thing,AHX-42-02190,1210.03,774.83,High quality ultra electronics thing from Volt.,"{""brand"": ""Volt"", ""color"": ""Red"", ""weight_kg"": 5.66, ""warranty_years"": 5}",True
2191,22,100,Ultra Sports Near,ORX-42-02191,31.72,20.49,High quality ultra sports near from PeakGear.,"{""brand"": ""PeakGear"", ""material"": ""Wood"", ""weight_kg"": 18.07}",True
2192,12,174,Classic Electronics Firm,LCX-42-02192,482.94,331.37,High quality classic electronics firm from AudioMax.,"{""brand"": ""AudioMax"", ""color"": ""White"", ""weight_kg"": 5.49, ""warranty_years"": 1}",True
2193,29,10,Classic Grocery Other,BXY-42-02193,34.01,15.77,High quality classic grocery other from NatureDrop.,"{""brand"": ""NatureDrop"", ""organic"": true, ""expiration_days"": 15}",True
2194,6,133,Premium Books Share,BXY-42-02194,62.69,40.43,High quality premium books share from Penguin.,"{""brand"": ""Penguin"", ""weight_g"": 704}",True
2195,4,97,Ultra Sports Resource,SOX-42-02195,111.23,72.5,High quality ultra sports resource from FitPulse.,"{""brand"": ""FitPulse"", ""material"": ""Metal"", ""weight_kg"": 11.28}",True
2196,29,172,Premium Grocery Four,BXY-42-02196,18.31,10.13,High quality premium grocery four from SweetTreats.,"{""brand"": ""SweetTreats"", ""organic"": true, ""expiration_days"": 236}",True
2197,23,77,Smart Sports One,CBX-42-02197,423.04,237.87,High quality smart sports one from PeakGear.,"{""brand"": ""PeakGear"", ""material"": ""Plastic"", ""weight_kg"": 17.85}",True
2198,19,147,Ultra Home North,FXY-42-02198,302.43,123.94,High quality ultra home north from KitchenAid.,"{""brand"": ""KitchenAid"", ""material"": ""Cotton"", ""weight_kg"": 0.74}",True
2199,13,92,Classic Electronics After,AHX-42-02199,1915.64,1183.32,High quality classic electronics after from AudioMax.,"{""brand"": ""AudioMax"", ""color"": ""Black"", ""weight_kg"": 1.71, ""warranty_years"": 1}",True
2200,1,92,Ultra Electronics Detail,EXY-42-02200,709.46,516.62,High quality ultra electronics detail from Quant.,"{""brand"": ""Quant"", ""color"": ""Black"", ""weight_kg"": 4.1, ""warranty_years"": 3}",True
2201,3,16,Premium Home Participant,HKX-42-02201,441.07,273.2,High quality premium home participant from DecoHome.,"{""brand"": ""DecoHome"", ""material"": ""Plastic"", ""weight_kg"": 22.07}",True
2202,20,29,Deluxe Home Reveal,BBX-42-02202,768.48,404.0,High quality deluxe home reveal from DecoHome.,"{""brand"": ""DecoHome"", ""material"": ""Plastic"", ""weight_kg"": 17.31}",True
2203,11,84,Premium Electronics Glass,SXY-42-02203,110.5,59.2,High quality premium electronics glass from TechCo.,"{""brand"": ""TechCo"", ""color"": ""Green"", ""weight_kg"": 7.71, ""warranty_years"": 1}",True
2204,21,37,Deluxe Sports Successful,FGX-42-02204,201.9,111.04,High quality deluxe sports successful from PeakGear.,"{""brand"": ""PeakGear"", ""material"": ""Polyester"", ""weight_kg"": 13.9}",True
2205,23,119,Eco Sports Whom,CBX-42-02205,241.36,100.27,High quality eco sports whom from TrailBlaze.,"{""brand"": ""TrailBlaze"", ""material"": ""Glass"", ""weight_kg"": 12.77}",True
2206,23,170,Ultra Sports View,CBX-42-02206,67.03,47.69,High quality ultra sports view from TrailBlaze.,"{""brand"": ""TrailBlaze"", ""material"": ""Metal"", ""weight_kg"": 8.02}",True
2207,23,99,Pro Sports Stuff,CBX-42-02207,431.63,175.75,High quality pro sports stuff from AquaFlow.,"{""brand"": ""AquaFlow"", ""material"": ""Glass"", ""weight_kg"": 9.74}",True
2208,28,44,Ultra Automotive Health,CCX-42-02208,103.58,41.72,High quality ultra automotive health from MotorMax.,"{""brand"": ""MotorMax"", ""weight_g"": 72}",True
2209,3,98,Classic Home Attorney,HKX-42-02209,181.83,96.88,High quality classic home attorney from DecoHome.,"{""brand"": ""DecoHome"", ""material"": ""Wood"", ""weight_kg"": 5.0}",True
2210,4,119,Premium Sports Church,SOX-42-02210,270.93,125.8,High quality premium sports church from TrailBlaze.,"{""brand"": ""TrailBlaze"", ""material"": ""Wool"", ""weight_kg"": 5.86}",True
2211,8,105,Premium Automotive Fast,AXY-42-02211,102.65,44.48,High quality premium automotive fast from AutoPro.,"{""brand"": ""AutoPro"", ""weight_g"": 1220}",True
2212,2,165,Eco Apparel Though,AXY-42-02212,180.06,98.6,High quality eco apparel though from ThreadWear.,"{""brand"": ""ThreadWear"", ""color"": ""Blue"", ""size"": ""S"", ""material"": ""Cotton""}",True
2213,21,190,Pro Sports Allow,FGX-42-02213,479.74,285.22,High quality pro sports allow from FitPulse.,"{""brand"": ""FitPulse"", ""material"": ""Leather"", ""weight_kg"": 0.84}",True
2214,29,13,Ultra Grocery Group,BXY-42-02214,6.24,3.35,High quality ultra grocery group from TastyBites.,"{""brand"": ""TastyBites"", ""organic"": true, ""expiration_days"": 154}",True
2215,29,197,Pro Grocery How,BXY-42-02215,18.06,13.39,High quality pro grocery how from NatureDrop.,"{""brand"": ""NatureDrop"", ""organic"": false, ""expiration_days"": 175}",True
2216,28,187,Smart Automotive Produce,CCX-42-02216,258.91,111.51,High quality smart automotive produce from TireSafe.,"{""brand"": ""TireSafe"", ""weight_g"": 688}",True
2217,6,113,Ultra Books Nor,BXY-42-02217,11.34,8.32,High quality ultra books nor from Packt.,"{""brand"": ""Packt"", ""weight_g"": 1424}",True
2218,26,26,Ultra Toys Thousand,BGX-42-02218,97.71,69.34,High quality ultra toys thousand from KidZone.,"{""brand"": ""KidZone"", ""weight_g"": 807}",True
2219,12,109,Pro Electronics Company,LCX-42-02219,389.35,190.6,High quality pro electronics company from TechCo.,"{""brand"": ""TechCo"", ""color"": ""Navy"", ""weight_kg"": 1.1, ""warranty_years"": 5}",True
2220,4,65,Ultra Sports Own,SOX-42-02220,401.57,278.95,High quality ultra sports own from PeakGear.,"{""brand"": ""PeakGear"", ""material"": ""Wool"", ""weight_kg"": 5.13}",True
2221,23,72,Eco Sports Police,CBX-42-02221,53.99,36.62,High quality eco sports police from TrailBlaze.,"{""brand"": ""TrailBlaze"", ""material"": ""Polyester"", ""weight_kg"": 9.14}",True
2222,30,155,Pro Grocery Improve,SSX-42-02222,39.71,23.14,High quality pro grocery improve from OrganicWay.,"{""brand"": ""OrganicWay"", ""organic"": false, ""expiration_days"": 299}",True
2223,4,118,Pro Sports Culture,SOX-42-02223,57.68,25.33,High quality pro sports culture from TrailBlaze.,"{""brand"": ""TrailBlaze"", ""material"": ""Plastic"", ""weight_kg"": 8.64}",True
2224,18,16,Smart Home Physical,KAX-42-02224,588.31,416.67,High quality smart home physical from ChefChoice.,"{""brand"": ""ChefChoice"", ""material"": ""Glass"", ""weight_kg"": 4.6}",True
2225,23,66,Eco Sports But,CBX-42-02225,193.95,112.66,High quality eco sports but from PeakGear.,"{""brand"": ""PeakGear"", ""material"": ""Plastic"", ""weight_kg"": 22.97}",True
2226,16,142,Deluxe Apparel Treatment,FXY-42-02226,155.46,100.24,High quality deluxe apparel treatment from Vogue.,"{""brand"": ""Vogue"", ""color"": ""White"", ""size"": ""XL"", ""material"": ""Wood""}",True
2227,20,20,Ultra Home Stay,BBX-42-02227,414.19,250.03,High quality ultra home stay from CozyLiving.,"{""brand"": ""CozyLiving"", ""material"": ""Plastic"", ""weight_kg"": 24.06}",True
2228,10,6,Ultra Office Products Society,OPX-42-02228,66.08,49.45,High quality ultra office products society from OfficePro.,"{""brand"": ""OfficePro"", ""weight_g"": 1026}",True
2229,6,11,Smart Books Foot,BXY-42-02229,11.89,7.05,High quality smart books foot from OReilly.,"{""brand"": ""OReilly"", ""weight_g"": 1149}",True
2230,5,140,Ultra Beauty Season,BPC-42-02230,139.36,103.51,High quality ultra beauty season from SilkSkin.,"{""brand"": ""SilkSkin"", ""weight_g"": 171}",True
2231,9,10,Classic Grocery Toward,GGF-42-02231,15.32,8.74,High quality classic grocery toward from TastyBites.,"{""brand"": ""TastyBites"", ""organic"": true, ""expiration_days"": 278}",True
2232,24,15,Classic Beauty Forward,MCX-42-02232,14.58,10.8,High quality classic beauty forward from SilkSkin.,"{""brand"": ""SilkSkin"", ""weight_g"": 1485}",True
2233,1,137,Premium Electronics Security,EXY-42-02233,270.54,167.61,High quality premium electronics security from Sonyx.,"{""brand"": ""Sonyx"", ""color"": ""Black"", ""weight_kg"": 5.11, ""warranty_years"": 1}",True
2234,9,31,Eco Grocery Almost,GGF-42-02234,12.51,5.58,High quality eco grocery almost from SweetTreats.,"{""brand"": ""SweetTreats"", ""organic"": false, ""expiration_days"": 193}",True
2235,28,41,Classic Automotive Expert,CCX-42-02235,210.16,91.66,High quality classic automotive expert from DriveClean.,"{""brand"": ""DriveClean"", ""weight_g"": 134}",True
2236,29,31,Premium Grocery Job,BXY-42-02236,26.16,14.29,High quality premium grocery job from SweetTreats.,"{""brand"": ""SweetTreats"", ""organic"": false, ""expiration_days"": 212}",True
2237,7,21,Classic Toys Before,TGX-42-02237,85.04,58.57,High quality classic toys before from BrickBuilder.,"{""brand"": ""BrickBuilder"", ""weight_g"": 951}",True
2238,15,117,Premium Apparel Model,FXY-42-02238,77.61,55.58,High quality premium apparel model from UrbanStyle.,"{""brand"": ""UrbanStyle"", ""color"": ""Pink"", ""size"": ""S"", ""material"": ""Wool""}",True
2239,25,15,Smart Beauty Understand,SCX-42-02239,104.15,65.42,High quality smart beauty understand from GlowUp.,"{""brand"": ""GlowUp"", ""weight_g"": 901}",True
2240,22,170,Classic Sports Economy,ORX-42-02240,489.25,208.38,High quality classic sports economy from AquaFlow.,"{""brand"": ""AquaFlow"", ""material"": ""Cotton"", ""weight_kg"": 21.58}",True
2241,6,183,Premium Books Hot,BXY-42-02241,61.93,36.28,High quality premium books hot from Penguin.,"{""brand"": ""Penguin"", ""weight_g"": 589}",True
2242,8,181,Pro Automotive Live,AXY-42-02242,247.25,104.69,High quality pro automotive live from TireSafe.,"{""brand"": ""TireSafe"", ""weight_g"": 382}",True
2243,5,127,Premium Beauty Themselves,BPC-42-02243,16.77,11.81,High quality premium beauty themselves from LuxeHair.,"{""brand"": ""LuxeHair"", ""weight_g"": 1047}",True
2244,1,109,Classic Electronics Five,EXY-42-02244,130.64,70.81,High quality classic electronics five from Quant.,"{""brand"": ""Quant"", ""color"": ""Green"", ""weight_kg"": 3.74, ""warranty_years"": 1}",True
2245,13,87,Premium Electronics Direction,AHX-42-02245,1406.84,1020.59,High quality premium electronics direction from LinkSys.,"{""brand"": ""LinkSys"", ""color"": ""Pink"", ""weight_kg"": 6.45, ""warranty_years"": 3}",True
2246,12,8,Deluxe Electronics Network,LCX-42-02246,620.33,310.43,High quality deluxe electronics network from Volt.,"{""brand"": ""Volt"", ""color"": ""Red"", ""weight_kg"": 5.28, ""warranty_years"": 5}",True
2247,14,107,Smart Electronics Five,SHD-42-02247,1959.8,1253.68,High quality smart electronics five from Sonyx.,"{""brand"": ""Sonyx"", ""color"": ""Gray"", ""weight_kg"": 4.58, ""warranty_years"": 3}",True
2248,1,92,Pro Electronics Continue,EXY-42-02248,1301.5,692.3,High quality pro electronics continue from Sonyx.,"{""brand"": ""Sonyx"", ""color"": ""Silver"", ""weight_kg"": 6.79, ""warranty_years"": 5}",True
2249,5,80,Classic Beauty Brother,BPC-42-02249,132.9,58.62,High quality classic beauty brother from SilkSkin.,"{""brand"": ""SilkSkin"", ""weight_g"": 573}",True
2250,7,112,Eco Toys House,TGX-42-02250,83.2,60.06,High quality eco toys house from BoardFun.,"{""brand"": ""BoardFun"", ""weight_g"": 1390}",True
2251,18,148,Premium Home Still,KAX-42-02251,266.64,169.51,High quality premium home still from KitchenAid.,"{""brand"": ""KitchenAid"", ""material"": ""Glass"", ""weight_kg"": 23.75}",True
2252,20,147,Pro Home Always,BBX-42-02252,499.89,329.41,High quality pro home always from DecoHome.,"{""brand"": ""DecoHome"", ""material"": ""Leather"", ""weight_kg"": 18.25}",True
2253,30,10,Pro Grocery Star,SSX-42-02253,33.58,20.14,High quality pro grocery star from NatureDrop.,"{""brand"": ""NatureDrop"", ""organic"": true, ""expiration_days"": 112}",True
2254,18,61,Eco Home Defense,KAX-42-02254,646.92,459.69,High quality eco home defense from CozyLiving.,"{""brand"": ""CozyLiving"", ""material"": ""Glass"", ""weight_kg"": 24.37}",True
2255,6,103,Ultra Books White,BXY-42-02255,56.0,29.55,High quality ultra books white from Harper.,"{""brand"": ""Harper"", ""weight_g"": 552}",True
2256,9,43,Eco Grocery Best,GGF-42-02256,47.57,19.61,High quality eco grocery best from TastyBites.,"{""brand"": ""TastyBites"", ""organic"": true, ""expiration_days"": 50}",True
2257,23,99,Pro Sports Life,CBX-42-02257,424.93,248.65,High quality pro sports life from PeakGear.,"{""brand"": ""PeakGear"", ""material"": ""Plastic"", ""weight_kg"": 24.51}",True
2258,9,86,Pro Grocery Move,GGF-42-02258,43.45,29.22,High quality pro grocery move from NatureDrop.,"{""brand"": ""NatureDrop"", ""organic"": false, ""expiration_days"": 179}",True
2259,26,121,Eco Toys Ago,BGX-42-02259,54.15,35.16,High quality eco toys ago from BoardFun.,"{""brand"": ""BoardFun"", ""weight_g"": 1351}",True
2260,11,87,Classic Electronics Successful,SXY-42-02260,733.78,355.13,High quality classic electronics successful from LinkSys.,"{""brand"": ""LinkSys"", ""color"": ""Yellow"", ""weight_kg"": 7.93, ""warranty_years"": 3}",True
2261,13,107,Smart Electronics Meeting,AHX-42-02261,1863.76,1133.4,High quality smart electronics meeting from Quant.,"{""brand"": ""Quant"", ""color"": ""White"", ""weight_kg"": 3.5, ""warranty_years"": 3}",True
2262,5,15,Premium Beauty West,BPC-42-02262,30.68,15.34,High quality premium beauty west from GlowUp.,"{""brand"": ""GlowUp"", ""weight_g"": 1222}",True
2263,11,174,Classic Electronics Month,SXY-42-02263,1680.77,1036.05,High quality classic electronics month from LinkSys.,"{""brand"": ""LinkSys"", ""color"": ""White"", ""weight_kg"": 6.54, ""warranty_years"": 2}",True
2264,25,80,Classic Beauty Class,SCX-42-02264,91.41,46.9,High quality classic beauty class from LuxeHair.,"{""brand"": ""LuxeHair"", ""weight_g"": 863}",True
2265,10,144,Ultra Office Products Customer,OPX-42-02265,18.99,13.27,High quality ultra office products customer from PaperMate.,"{""brand"": ""PaperMate"", ""weight_g"": 978}",True
2266,28,69,Eco Automotive Grow,CCX-42-02266,45.33,23.97,High quality eco automotive grow from AutoPro.,"{""brand"": ""AutoPro"", ""weight_g"": 594}",True
2267,6,113,Premium Books Wind,BXY-42-02267,16.82,11.52,High quality premium books wind from OReilly.,"{""brand"": ""OReilly"", ""weight_g"": 1382}",True
2268,18,124,Ultra Home Member,KAX-42-02268,168.4,114.08,High quality ultra home member from ChefChoice.,"{""brand"": ""ChefChoice"", ""material"": ""Polyester"", ""weight_kg"": 7.87}",True
2269,11,174,Premium Electronics Significant,SXY-42-02269,631.71,411.52,High quality premium electronics significant from Quant.,"{""brand"": ""Quant"", ""color"": ""Navy"", ""weight_kg"": 3.36, ""warranty_years"": 5}",True
2270,8,40,Premium Automotive Tv,AXY-42-02270,288.51,184.14,High quality premium automotive tv from AutoPro.,"{""brand"": ""AutoPro"", ""weight_g"": 1143}",True
2271,21,170,Smart Sports Need,FGX-42-02271,366.78,210.34,High quality smart sports need from FitPulse.,"{""brand"": ""FitPulse"", ""material"": ""Wool"", ""weight_kg"": 3.98}",True
2272,4,65,Premium Sports Force,SOX-42-02272,187.34,110.93,High quality premium sports force from FitPulse.,"{""brand"": ""FitPulse"", ""material"": ""Plastic"", ""weight_kg"": 4.33}",True
2273,12,158,Ultra Electronics Stand,LCX-42-02273,1939.53,965.45,High quality ultra electronics stand from Quant.,"{""brand"": ""Quant"", ""color"": ""Pink"", ""weight_kg"": 6.4, ""warranty_years"": 3}",True
2274,9,197,Premium Grocery Generation,GGF-42-02274,33.22,21.18,High quality premium grocery generation from OrganicWay.,"{""brand"": ""OrganicWay"", ""organic"": false, ""expiration_days"": 109}",True
2275,21,72,Eco Sports Character,FGX-42-02275,435.5,316.53,High quality eco sports character from PeakGear.,"{""brand"": ""PeakGear"", ""material"": ""Wood"", ""weight_kg"": 20.02}",True
2276,29,31,Pro Grocery Specific,BXY-42-02276,12.68,7.05,High quality pro grocery specific from TastyBites.,"{""brand"": ""TastyBites"", ""organic"": false, ""expiration_days"": 214}",True
2277,22,97,Premium Sports Try,ORX-42-02277,206.34,96.62,High quality premium sports try from PeakGear.,"{""brand"": ""PeakGear"", ""material"": ""Metal"", ""weight_kg"": 22.82}",True
2278,21,39,Classic Sports Billion,FGX-42-02278,462.88,287.1,High quality classic sports billion from TrailBlaze.,"{""brand"": ""TrailBlaze"", ""material"": ""Glass"", ""weight_kg"": 23.34}",True
2279,3,1,Eco Home Term,HKX-42-02279,743.14,392.84,High quality eco home term from KitchenAid.,"{""brand"": ""KitchenAid"", ""material"": ""Cotton"", ""weight_kg"": 1.12}",True
2280,5,81,Ultra Beauty Writer,BPC-42-02280,129.17,59.72,High quality ultra beauty writer from GlowUp.,"{""brand"": ""GlowUp"", ""weight_g"": 683}",True
2281,6,102,Ultra Books Name,BXY-42-02281,41.34,28.79,High quality ultra books name from Penguin.,"{""brand"": ""Penguin"", ""weight_g"": 921}",True
2282,1,126,Eco Electronics Require,EXY-42-02282,616.23,455.2,High quality eco electronics require from TechCo.,"{""brand"": ""TechCo"", ""color"": ""Gray"", ""weight_kg"": 6.13, ""warranty_years"": 1}",True
2283,16,49,Ultra Apparel Cause,FXY-42-02283,182.6,85.72,High quality ultra apparel cause from DenimCo.,"{""brand"": ""DenimCo"", ""color"": ""Navy"", ""size"": ""M"", ""material"": ""Plastic""}",True
2284,23,71,Eco Sports Describe,CBX-42-02284,261.46,140.34,High quality eco sports describe from PeakGear.,"{""brand"": ""PeakGear"", ""material"": ""Wool"", ""weight_kg"": 14.6}",True
2285,21,123,Eco Sports Shake,FGX-42-02285,393.13,204.58,High quality eco sports shake from FitPulse.,"{""brand"": ""FitPulse"", ""material"": ""Plastic"", ""weight_kg"": 20.77}",True
2286,28,55,Ultra Automotive Although,CCX-42-02286,273.32,123.52,High quality ultra automotive although from TireSafe.,"{""brand"": ""TireSafe"", ""weight_g"": 514}",True
2287,23,161,Smart Sports Machine,CBX-42-02287,99.1,57.75,High quality smart sports machine from TrailBlaze.,"{""brand"": ""TrailBlaze"", ""material"": ""Cotton"", ""weight_kg"": 7.54}",True
2288,28,176,Deluxe Automotive Impact,CCX-42-02288,208.9,144.12,High quality deluxe automotive impact from DriveClean.,"{""brand"": ""DriveClean"", ""weight_g"": 775}",True
2289,8,41,Smart Automotive Sell,AXY-42-02289,71.86,39.48,High quality smart automotive sell from MotorMax.,"{""brand"": ""MotorMax"", ""weight_g"": 121}",True
2290,16,111,Pro Apparel Treatment,FXY-42-02290,27.41,11.43,High quality pro apparel treatment from ThreadWear.,"{""brand"": ""ThreadWear"", ""color"": ""Pink"", ""size"": ""S"", ""material"": ""Wood""}",True
2291,20,98,Smart Home Nearly,BBX-42-02291,633.51,280.19,High quality smart home nearly from DecoHome.,"{""brand"": ""DecoHome"", ""material"": ""Leather"", ""weight_kg"": 9.84}",True
2292,4,37,Premium Sports Business,SOX-42-02292,248.24,112.85,High quality premium sports business from FitPulse.,"{""brand"": ""FitPulse"", ""material"": ""Leather"", ""weight_kg"": 22.38}",True
2293,18,147,Eco Home Above,KAX-42-02293,454.77,335.01,High quality eco home above from KitchenAid.,"{""brand"": ""KitchenAid"", ""material"": ""Glass"", ""weight_kg"": 16.82}",True
2294,27,173,Classic Toys Foreign,AFD-42-02294,57.82,37.44,High quality classic toys foreign from BoardFun.,"{""brand"": ""BoardFun"", ""weight_g"": 874}",True
2295,16,59,Ultra Apparel Work,FXY-42-02295,71.62,47.54,High quality ultra apparel work from Vogue.,"{""brand"": ""Vogue"", ""color"": ""Gray"", ""size"": ""S"", ""material"": ""Wool""}",True
2296,5,33,Eco Beauty Another,BPC-42-02296,138.35,79.96,High quality eco beauty another from GlowUp.,"{""brand"": ""GlowUp"", ""weight_g"": 1294}",True
2297,10,101,Eco Office Products Right,OPX-42-02297,99.72,51.97,High quality eco office products right from OfficePro.,"{""brand"": ""OfficePro"", ""weight_g"": 1411}",True
2298,22,166,Classic Sports Thus,ORX-42-02298,430.82,199.26,High quality classic sports thus from AquaFlow.,"{""brand"": ""AquaFlow"", ""material"": ""Cotton"", ""weight_kg"": 9.74}",True
2299,27,169,Classic Toys Phone,AFD-42-02299,119.22,61.77,High quality classic toys phone from PlayTime.,"{""brand"": ""PlayTime"", ""weight_g"": 847}",True
2300,8,196,Deluxe Automotive Try,AXY-42-02300,238.15,135.17,High quality deluxe automotive try from DriveClean.,"{""brand"": ""DriveClean"", ""weight_g"": 186}",True
2301,28,196,Pro Automotive Begin,CCX-42-02301,38.85,16.29,High quality pro automotive begin from TireSafe.,"{""brand"": ""TireSafe"", ""weight_g"": 614}",True
2302,4,78,Ultra Sports Goal,SOX-42-02302,8.12,5.15,High quality ultra sports goal from FitPulse.,"{""brand"": ""FitPulse"", ""material"": ""Polyester"", ""weight_kg"": 16.5}",True
2303,11,84,Ultra Electronics Manage,SXY-42-02303,46.83,29.55,High quality ultra electronics manage from Quant.,"{""brand"": ""Quant"", ""color"": ""Silver"", ""weight_kg"": 3.27, ""warranty_years"": 1}",True
2304,17,85,Deluxe Apparel Visit,FSX-42-02304,136.15,65.38,High quality deluxe apparel visit from DenimCo.,"{""brand"": ""DenimCo"", ""color"": ""Blue"", ""size"": ""L"", ""material"": ""Polyester""}",True
2305,11,139,Classic Electronics Any,SXY-42-02305,568.16,321.95,High quality classic electronics any from Volt.,"{""brand"": ""Volt"", ""color"": ""Red"", ""weight_kg"": 4.59, ""warranty_years"": 2}",True
2306,30,191,Pro Grocery Board,SSX-42-02306,33.67,17.81,High quality pro grocery board from NatureDrop.,"{""brand"": ""NatureDrop"", ""organic"": true, ""expiration_days"": 49}",True
2307,19,194,Pro Home Near,FXY-42-02307,735.87,382.49,High quality pro home near from CozyLiving.,"{""brand"": ""CozyLiving"", ""material"": ""Cotton"", ""weight_kg"": 14.45}",True
2308,22,65,Ultra Sports Space,ORX-42-02308,290.23,154.28,High quality ultra sports space from FitPulse.,"{""brand"": ""FitPulse"", ""material"": ""Glass"", ""weight_kg"": 13.9}",True
2309,12,150,Premium Electronics Reason,LCX-42-02309,386.03,218.88,High quality premium electronics reason from Sonyx.,"{""brand"": ""Sonyx"", ""color"": ""Black"", ""weight_kg"": 2.1, ""warranty_years"": 5}",True
2310,6,11,Pro Books Skill,BXY-42-02310,13.12,9.23,High quality pro books skill from Penguin.,"{""brand"": ""Penguin"", ""weight_g"": 328}",True
2311,24,140,Ultra Beauty Forget,MCX-42-02311,18.02,9.15,High quality ultra beauty forget from SilkSkin.,"{""brand"": ""SilkSkin"", ""weight_g"": 930}",True
2312,29,172,Eco Grocery Agency,BXY-42-02312,21.37,12.53,High quality eco grocery agency from SweetTreats.,"{""brand"": ""SweetTreats"", ""organic"": false, ""expiration_days"": 28}",True
2313,19,106,Pro Home Participant,FXY-42-02313,387.53,165.08,High quality pro home participant from ChefChoice.,"{""brand"": ""ChefChoice"", ""material"": ""Glass"", ""weight_kg"": 6.17}",True
2314,26,169,Pro Toys Son,BGX-42-02314,118.36,55.02,High quality pro toys son from KidZone.,"{""brand"": ""KidZone"", ""weight_g"": 1432}",True
2315,25,7,Smart Beauty Forget,SCX-42-02315,71.76,37.22,High quality smart beauty forget from LuxeHair.,"{""brand"": ""LuxeHair"", ""weight_g"": 1378}",True
2316,18,82,Ultra Home Purpose,KAX-42-02316,291.65,202.47,High quality ultra home purpose from CozyLiving.,"{""brand"": ""CozyLiving"", ""material"": ""Leather"", ""weight_kg"": 3.32}",True
2317,3,146,Ultra Home Wait,HKX-42-02317,619.42,319.05,High quality ultra home wait from KitchenAid.,"{""brand"": ""KitchenAid"", ""material"": ""Plastic"", ""weight_kg"": 4.95}",True
2318,4,71,Premium Sports Determine,SOX-42-02318,27.61,12.21,High quality premium sports determine from FitPulse.,"{""brand"": ""FitPulse"", ""material"": ""Cotton"", ""weight_kg"": 19.48}",True
2319,16,111,Eco Apparel Full,FXY-42-02319,61.73,30.8,High quality eco apparel full from DenimCo.,"{""brand"": ""DenimCo"", ""color"": ""Red"", ""size"": ""L"", ""material"": ""Cotton""}",True
2320,23,39,Smart Sports Deep,CBX-42-02320,5.59,3.06,High quality smart sports deep from AquaFlow.,"{""brand"": ""AquaFlow"", ""material"": ""Wood"", ""weight_kg"": 8.0}",True
2321,18,147,Classic Home Data,KAX-42-02321,613.57,352.03,High quality classic home data from ChefChoice.,"{""brand"": ""ChefChoice"", ""material"": ""Glass"", ""weight_kg"": 23.12}",True
2322,29,10,Classic Grocery Few,BXY-42-02322,22.15,10.42,High quality classic grocery few from SweetTreats.,"{""brand"": ""SweetTreats"", ""organic"": true, ""expiration_days"": 141}",True
2323,28,130,Classic Automotive Factor,CCX-42-02323,14.74,7.99,High quality classic automotive factor from MotorMax.,"{""brand"": ""MotorMax"", ""weight_g"": 1481}",True
2324,8,176,Pro Automotive No,AXY-42-02324,63.76,38.65,High quality pro automotive no from MotorMax.,"{""brand"": ""MotorMax"", ""weight_g"": 1207}",True
2325,14,126,Premium Electronics From,SHD-42-02325,389.21,218.95,High quality premium electronics from from TechCo.,"{""brand"": ""TechCo"", ""color"": ""Navy"", ""weight_kg"": 5.24, ""warranty_years"": 2}",True
2326,19,148,Premium Home Spring,FXY-42-02326,313.42,160.59,High quality premium home spring from CozyLiving.,"{""brand"": ""CozyLiving"", ""material"": ""Glass"", ""weight_kg"": 18.12}",True
2327,6,103,Ultra Books Let,BXY-42-02327,33.18,15.15,High quality ultra books let from Packt.,"{""brand"": ""Packt"", ""weight_g"": 896}",True
2328,22,77,Premium Sports Remain,ORX-42-02328,216.15,104.22,High quality premium sports remain from FitPulse.,"{""brand"": ""FitPulse"", ""material"": ""Metal"", ""weight_kg"": 22.95}",True
2329,20,115,Smart Home Buy,BBX-42-02329,674.79,450.23,High quality smart home buy from ChefChoice.,"{""brand"": ""ChefChoice"", ""material"": ""Plastic"", ""weight_kg"": 23.1}",True
2330,14,137,Classic Electronics Explain,SHD-42-02330,880.56,444.23,High quality classic electronics explain from Volt.,"{""brand"": ""Volt"", ""color"": ""Red"", ""weight_kg"": 5.99, ""warranty_years"": 3}",True
2331,23,83,Classic Sports Church,CBX-42-02331,393.85,266.67,High quality classic sports church from PeakGear.,"{""brand"": ""PeakGear"", ""material"": ""Wood"", ""weight_kg"": 14.45}",True
2332,20,124,Deluxe Home Coach,BBX-42-02332,207.0,126.81,High quality deluxe home coach from CozyLiving.,"{""brand"": ""CozyLiving"", ""material"": ""Metal"", ""weight_kg"": 14.67}",True
2333,10,94,Pro Office Products Eye,OPX-42-02333,57.92,28.63,High quality pro office products eye from StapleMax.,"{""brand"": ""StapleMax"", ""weight_g"": 85}",True
2334,17,175,Ultra Apparel Building,FSX-42-02334,168.99,108.98,High quality ultra apparel building from Vogue.,"{""brand"": ""Vogue"", ""color"": ""Gray"", ""size"": ""XS"", ""material"": ""Plastic""}",True
2335,17,114,Eco Apparel Administration,FSX-42-02335,34.38,22.45,High quality eco apparel administration from Vogue.,"{""brand"": ""Vogue"", ""color"": ""Navy"", ""size"": ""XXL"", ""material"": ""Metal""}",True
2336,4,78,Deluxe Sports Prevent,SOX-42-02336,83.06,61.35,High quality deluxe sports prevent from AquaFlow.,"{""brand"": ""AquaFlow"", ""material"": ""Wool"", ""weight_kg"": 2.0}",True
2337,6,28,Pro Books Opportunity,BXY-42-02337,69.95,46.63,High quality pro books opportunity from OReilly.,"{""brand"": ""OReilly"", ""weight_g"": 667}",True
2338,29,155,Eco Grocery My,BXY-42-02338,18.69,9.35,High quality eco grocery my from SweetTreats.,"{""brand"": ""SweetTreats"", ""organic"": false, ""expiration_days"": 182}",True
2339,16,153,Premium Apparel Blue,FXY-42-02339,35.06,23.57,High quality premium apparel blue from Vogue.,"{""brand"": ""Vogue"", ""color"": ""Black"", ""size"": ""XS"", ""material"": ""Metal""}",True
2340,9,171,Premium Grocery Design,GGF-42-02340,22.78,11.54,High quality premium grocery design from TastyBites.,"{""brand"": ""TastyBites"", ""organic"": true, ""expiration_days"": 300}",True
2341,2,9,Classic Apparel Occur,AXY-42-02341,36.87,24.26,High quality classic apparel occur from ThreadWear.,"{""brand"": ""ThreadWear"", ""color"": ""Silver"", ""size"": ""XS"", ""material"": ""Leather""}",True
2342,24,199,Deluxe Beauty Hard,MCX-42-02342,71.91,50.37,High quality deluxe beauty hard from HerbEssentials.,"{""brand"": ""HerbEssentials"", ""weight_g"": 1132}",True
2343,23,161,Classic Sports Often,CBX-42-02343,198.85,102.56,High quality classic sports often from AquaFlow.,"{""brand"": ""AquaFlow"", ""material"": ""Cotton"", ""weight_kg"": 14.11}",True
2344,14,150,Ultra Electronics From,SHD-42-02344,176.18,105.85,High quality ultra electronics from from TechCo.,"{""brand"": ""TechCo"", ""color"": ""Red"", ""weight_kg"": 5.68, ""warranty_years"": 3}",True
2345,7,89,Ultra Toys Experience,TGX-42-02345,86.53,46.62,High quality ultra toys experience from PlayTime.,"{""brand"": ""PlayTime"", ""weight_g"": 198}",True
2346,8,181,Ultra Automotive Chance,AXY-42-02346,167.47,69.8,High quality ultra automotive chance from MotorMax.,"{""brand"": ""MotorMax"", ""weight_g"": 425}",True
2347,7,112,Ultra Toys Yes,TGX-42-02347,27.33,17.35,High quality ultra toys yes from PlayTime.,"{""brand"": ""PlayTime"", ""weight_g"": 559}",True
2348,7,89,Pro Toys Sea,TGX-42-02348,60.33,28.0,High quality pro toys sea from BrickBuilder.,"{""brand"": ""BrickBuilder"", ""weight_g"": 1393}",True
2349,4,37,Eco Sports Summer,SOX-42-02349,154.12,97.43,High quality eco sports summer from AquaFlow.,"{""brand"": ""AquaFlow"", ""material"": ""Wood"", ""weight_kg"": 19.65}",True
2350,18,1,Eco Home Federal,KAX-42-02350,40.65,27.52,High quality eco home federal from CozyLiving.,"{""brand"": ""CozyLiving"", ""material"": ""Wool"", ""weight_kg"": 14.44}",True
2351,9,116,Ultra Grocery Painting,GGF-42-02351,38.16,28.08,High quality ultra grocery painting from OrganicWay.,"{""brand"": ""OrganicWay"", ""organic"": false, ""expiration_days"": 234}",True
2352,29,50,Premium Grocery Election,BXY-42-02352,5.09,2.51,High quality premium grocery election from NatureDrop.,"{""brand"": ""NatureDrop"", ""organic"": true, ""expiration_days"": 173}",True
2353,2,34,Deluxe Apparel Congress,AXY-42-02353,53.39,36.19,High quality deluxe apparel congress from ActiveFit.,"{""brand"": ""ActiveFit"", ""color"": ""Black"", ""size"": ""S"", ""material"": ""Wool""}",True
2354,27,154,Pro Toys Avoid,AFD-42-02354,77.05,38.38,High quality pro toys avoid from BoardFun.,"{""brand"": ""BoardFun"", ""weight_g"": 421}",True
2355,15,88,Deluxe Apparel Foreign,FXY-42-02355,148.67,98.7,High quality deluxe apparel foreign from Vogue.,"{""brand"": ""Vogue"", ""color"": ""Gray"", ""size"": ""S"", ""material"": ""Wool""}",True
2356,17,34,Ultra Apparel Position,FSX-42-02356,128.49,61.91,High quality ultra apparel position from ThreadWear.,"{""brand"": ""ThreadWear"", ""color"": ""Silver"", ""size"": ""M"", ""material"": ""Wood""}",True
2357,19,19,Ultra Home Wait,FXY-42-02357,184.19,130.27,High quality ultra home wait from KitchenAid.,"{""brand"": ""KitchenAid"", ""material"": ""Leather"", ""weight_kg"": 5.33}",True
2358,14,108,Premium Electronics Ground,SHD-42-02358,893.13,586.72,High quality premium electronics ground from AudioMax.,"{""brand"": ""AudioMax"", ""color"": ""Green"", ""weight_kg"": 6.29, ""warranty_years"": 3}",True
2359,30,2,Deluxe Grocery Now,SSX-42-02359,23.0,12.64,High quality deluxe grocery now from SweetTreats.,"{""brand"": ""SweetTreats"", ""organic"": false, ""expiration_days"": 171}",True
2360,8,30,Ultra Automotive Life,AXY-42-02360,56.2,35.1,High quality ultra automotive life from AutoPro.,"{""brand"": ""AutoPro"", ""weight_g"": 210}",True
2361,29,36,Smart Grocery Apply,BXY-42-02361,45.69,30.03,High quality smart grocery apply from NatureDrop.,"{""brand"": ""NatureDrop"", ""organic"": false, ""expiration_days"": 97}",True
2362,8,23,Deluxe Automotive Case,AXY-42-02362,68.95,44.88,High quality deluxe automotive case from DriveClean.,"{""brand"": ""DriveClean"", ""weight_g"": 145}",True
2363,5,95,Deluxe Beauty Air,BPC-42-02363,47.92,20.31,High quality deluxe beauty air from GlowUp.,"{""brand"": ""GlowUp"", ""weight_g"": 236}",True
2364,15,177,Deluxe Apparel Market,FXY-42-02364,40.98,18.74,High quality deluxe apparel market from Vogue.,"{""brand"": ""Vogue"", ""color"": ""Red"", ""size"": ""XS"", ""material"": ""Plastic""}",True
2365,2,117,Deluxe Apparel Weight,AXY-42-02365,164.72,107.52,High quality deluxe apparel weight from ActiveFit.,"{""brand"": ""ActiveFit"", ""color"": ""Pink"", ""size"": ""L"", ""material"": ""Polyester""}",True
2366,27,121,Classic Toys Republican,AFD-42-02366,80.64,51.76,High quality classic toys republican from BoardFun.,"{""brand"": ""BoardFun"", ""weight_g"": 897}",True
2367,4,161,Deluxe Sports Apply,SOX-42-02367,394.4,240.68,High quality deluxe sports apply from TrailBlaze.,"{""brand"": ""TrailBlaze"", ""material"": ""Metal"", ""weight_kg"": 1.73}",True
2368,12,137,Pro Electronics Born,LCX-42-02368,1092.42,642.22,High quality pro electronics born from Sonyx.,"{""brand"": ""Sonyx"", ""color"": ""Yellow"", ""weight_kg"": 5.07, ""warranty_years"": 3}",True
2369,17,25,Premium Apparel Identify,FSX-42-02369,44.18,22.57,High quality premium apparel identify from UrbanStyle.,"{""brand"": ""UrbanStyle"", ""color"": ""Blue"", ""size"": ""L"", ""material"": ""Wood""}",True
2370,25,95,Smart Beauty Arm,SCX-42-02370,45.85,22.43,High quality smart beauty arm from SilkSkin.,"{""brand"": ""SilkSkin"", ""weight_g"": 556}",True
2371,16,73,Deluxe Apparel Before,FXY-42-02371,129.17,72.07,High quality deluxe apparel before from ThreadWear.,"{""brand"": ""ThreadWear"", ""color"": ""Silver"", ""size"": ""XS"", ""material"": ""Wool""}",True
2372,3,16,Pro Home Last,HKX-42-02372,783.77,346.21,High quality pro home last from KitchenAid.,"{""brand"": ""KitchenAid"", ""material"": ""Leather"", ""weight_kg"": 17.57}",True
2373,23,136,Smart Sports Including,CBX-42-02373,210.88,152.12,High quality smart sports including from PeakGear.,"{""brand"": ""PeakGear"", ""material"": ""Polyester"", ""weight_kg"": 11.63}",True
2374,2,120,Eco Apparel Country,AXY-42-02374,65.36,26.97,High quality eco apparel country from Vogue.,"{""brand"": ""Vogue"", ""color"": ""Navy"", ""size"": ""S"", ""material"": ""Plastic""}",True
2375,4,160,Eco Sports Sea,SOX-42-02375,485.95,299.36,High quality eco sports sea from FitPulse.,"{""brand"": ""FitPulse"", ""material"": ""Wool"", ""weight_kg"": 15.16}",True
2376,24,200,Premium Beauty Pick,MCX-42-02376,135.12,59.22,High quality premium beauty pick from SilkSkin.,"{""brand"": ""SilkSkin"", ""weight_g"": 409}",True
2377,5,200,Classic Beauty Vote,BPC-42-02377,76.37,40.91,High quality classic beauty vote from SilkSkin.,"{""brand"": ""SilkSkin"", ""weight_g"": 501}",True
2378,18,90,Deluxe Home Person,KAX-42-02378,157.7,64.26,High quality deluxe home person from CozyLiving.,"{""brand"": ""CozyLiving"", ""material"": ""Wool"", ""weight_kg"": 4.04}",True
2379,13,84,Deluxe Electronics Professional,AHX-42-02379,766.23,392.44,High quality deluxe electronics professional from Volt.,"{""brand"": ""Volt"", ""color"": ""Navy"", ""weight_kg"": 7.04, ""warranty_years"": 5}",True
2380,28,55,Premium Automotive Think,CCX-42-02380,273.09,179.97,High quality premium automotive think from DriveClean.,"{""brand"": ""DriveClean"", ""weight_g"": 464}",True
2381,10,104,Deluxe Office Products Road,OPX-42-02381,30.9,21.85,High quality deluxe office products road from PaperMate.,"{""brand"": ""PaperMate"", ""weight_g"": 674}",True
2382,17,122,Classic Apparel Scene,FSX-42-02382,104.83,63.92,High quality classic apparel scene from ThreadWear.,"{""brand"": ""ThreadWear"", ""color"": ""Red"", ""size"": ""L"", ""material"": ""Cotton""}",True
2383,26,26,Eco Toys Like,BGX-42-02383,11.14,5.91,High quality eco toys like from KidZone.,"{""brand"": ""KidZone"", ""weight_g"": 1089}",True
2384,22,99,Classic Sports Practice,ORX-42-02384,40.33,26.95,High quality classic sports practice from TrailBlaze.,"{""brand"": ""TrailBlaze"", ""material"": ""Glass"", ""weight_kg"": 12.67}",True
2385,20,148,Eco Home Heart,BBX-42-02385,724.46,390.51,High quality eco home heart from DecoHome.,"{""brand"": ""DecoHome"", ""material"": ""Wool"", ""weight_kg"": 23.72}",True
2386,20,163,Ultra Home Forget,BBX-42-02386,263.48,126.89,High quality ultra home forget from ChefChoice.,"{""brand"": ""ChefChoice"", ""material"": ""Glass"", ""weight_kg"": 12.12}",True
2387,26,26,Ultra Toys Go,BGX-42-02387,27.6,14.5,High quality ultra toys go from PlayTime.,"{""brand"": ""PlayTime"", ""weight_g"": 906}",True
2388,3,79,Deluxe Home Television,HKX-42-02388,289.19,124.15,High quality deluxe home television from DecoHome.,"{""brand"": ""DecoHome"", ""material"": ""Cotton"", ""weight_kg"": 16.53}",True
2389,19,163,Classic Home Decade,FXY-42-02389,743.05,336.47,High quality classic home decade from KitchenAid.,"{""brand"": ""KitchenAid"", ""material"": ""Polyester"", ""weight_kg"": 8.4}",True
2390,28,145,Classic Automotive Sell,CCX-42-02390,69.42,31.45,High quality classic automotive sell from MotorMax.,"{""brand"": ""MotorMax"", ""weight_g"": 1411}",True
2391,23,160,Pro Sports Son,CBX-42-02391,204.1,112.78,High quality pro sports son from TrailBlaze.,"{""brand"": ""TrailBlaze"", ""material"": ""Wood"", ""weight_kg"": 4.72}",True
2392,20,163,Ultra Home Religious,BBX-42-02392,247.88,165.43,High quality ultra home religious from KitchenAid.,"{""brand"": ""KitchenAid"", ""material"": ""Wood"", ""weight_kg"": 9.74}",True
2393,11,137,Eco Electronics Table,SXY-42-02393,533.23,309.29,High quality eco electronics table from AudioMax.,"{""brand"": ""AudioMax"", ""color"": ""Pink"", ""weight_kg"": 2.78, ""warranty_years"": 2}",True
2394,7,179,Deluxe Toys None,TGX-42-02394,21.77,13.7,High quality deluxe toys none from PlayTime.,"{""brand"": ""PlayTime"", ""weight_g"": 139}",True
2395,9,171,Eco Grocery Bar,GGF-42-02395,27.65,19.3,High quality eco grocery bar from TastyBites.,"{""brand"": ""TastyBites"", ""organic"": true, ""expiration_days"": 338}",True
2396,3,29,Deluxe Home Win,HKX-42-02396,682.65,295.61,High quality deluxe home win from DecoHome.,"{""brand"": ""DecoHome"", ""material"": ""Polyester"", ""weight_kg"": 9.62}",True
2397,10,182,Eco Office Products Someone,OPX-42-02397,66.61,47.24,High quality eco office products someone from StapleMax.,"{""brand"": ""StapleMax"", ""weight_g"": 1152}",True
2398,5,199,Pro Beauty South,BPC-42-02398,68.14,37.2,High quality pro beauty south from LuxeHair.,"{""brand"": ""LuxeHair"", ""weight_g"": 660}",True
2399,29,2,Smart Grocery Make,BXY-42-02399,6.99,4.22,High quality smart grocery make from NatureDrop.,"{""brand"": ""NatureDrop"", ""organic"": false, ""expiration_days"": 294}",True
2400,18,4,Deluxe Home Out,KAX-42-02400,320.73,239.29,High quality deluxe home out from DecoHome.,"{""brand"": ""DecoHome"", ""material"": ""Cotton"", ""weight_kg"": 1.54}",True
2401,13,84,Pro Electronics Catch,AHX-42-02401,1148.63,661.46,High quality pro electronics catch from Quant.,"{""brand"": ""Quant"", ""color"": ""Pink"", ""weight_kg"": 3.9, ""warranty_years"": 3}",True
2402,17,88,Eco Apparel Better,FSX-42-02402,157.43,115.86,High quality eco apparel better from DenimCo.,"{""brand"": ""DenimCo"", ""color"": ""Red"", ""size"": ""L"", ""material"": ""Metal""}",True
2403,25,159,Ultra Beauty Tax,SCX-42-02403,22.22,12.27,High quality ultra beauty tax from SilkSkin.,"{""brand"": ""SilkSkin"", ""weight_g"": 656}",True
2404,22,72,Pro Sports Suffer,ORX-42-02404,60.34,27.11,High quality pro sports suffer from TrailBlaze.,"{""brand"": ""TrailBlaze"", ""material"": ""Wool"", ""weight_kg"": 2.34}",True
2405,6,11,Classic Books Wide,BXY-42-02405,30.01,12.68,High quality classic books wide from Harper.,"{""brand"": ""Harper"", ""weight_g"": 1302}",True
2406,9,167,Classic Grocery Say,GGF-42-02406,12.41,9.19,High quality classic grocery say from SweetTreats.,"{""brand"": ""SweetTreats"", ""organic"": true, ""expiration_days"": 56}",True
2407,16,162,Pro Apparel Management,FXY-42-02407,94.84,65.33,High quality pro apparel management from UrbanStyle.,"{""brand"": ""UrbanStyle"", ""color"": ""Navy"", ""size"": ""XL"", ""material"": ""Metal""}",True
2408,19,148,Smart Home Bill,FXY-42-02408,428.57,269.18,High quality smart home bill from DecoHome.,"{""brand"": ""DecoHome"", ""material"": ""Polyester"", ""weight_kg"": 18.52}",True
2409,1,8,Pro Electronics Lose,EXY-42-02409,454.29,250.4,High quality pro electronics lose from TechCo.,"{""brand"": ""TechCo"", ""color"": ""Silver"", ""weight_kg"": 5.68, ""warranty_years"": 1}",True
2410,1,93,Smart Electronics Force,EXY-42-02410,1873.77,1240.06,High quality smart electronics force from Volt.,"{""brand"": ""Volt"", ""color"": ""Gray"", ""weight_kg"": 4.4, ""warranty_years"": 2}",True
2411,28,40,Classic Automotive Return,CCX-42-02411,6.14,3.81,High quality classic automotive return from DriveClean.,"{""brand"": ""DriveClean"", ""weight_g"": 603}",True
2412,8,178,Premium Automotive Quickly,AXY-42-02412,270.25,160.11,High quality premium automotive quickly from MotorMax.,"{""brand"": ""MotorMax"", ""weight_g"": 1182}",True
2413,23,72,Smart Sports See,CBX-42-02413,462.83,321.6,High quality smart sports see from TrailBlaze.,"{""brand"": ""TrailBlaze"", ""material"": ""Cotton"", ""weight_kg"": 1.96}",True
2414,13,109,Pro Electronics Space,AHX-42-02414,1401.06,640.85,High quality pro electronics space from Quant.,"{""brand"": ""Quant"", ""color"": ""Gray"", ""weight_kg"": 6.88, ""warranty_years"": 2}",True
2415,28,181,Deluxe Automotive Make,CCX-42-02415,297.92,140.73,High quality deluxe automotive make from TireSafe.,"{""brand"": ""TireSafe"", ""weight_g"": 1428}",True
2416,26,70,Eco Toys Many,BGX-42-02416,33.59,19.12,High quality eco toys many from PlayTime.,"{""brand"": ""PlayTime"", ""weight_g"": 1085}",True
2417,11,137,Smart Electronics Each,SXY-42-02417,245.81,152.62,High quality smart electronics each from Quant.,"{""brand"": ""Quant"", ""color"": ""Silver"", ""weight_kg"": 3.24, ""warranty_years"": 1}",True
2418,8,145,Premium Automotive Yourself,AXY-42-02418,167.88,123.86,High quality premium automotive yourself from AutoPro.,"{""brand"": ""AutoPro"", ""weight_g"": 202}",True
2419,7,26,Ultra Toys Door,TGX-42-02419,83.02,56.2,High quality ultra toys door from BrickBuilder.,"{""brand"": ""BrickBuilder"", ""weight_g"": 1296}",True
2420,5,15,Eco Beauty Charge,BPC-42-02420,102.59,71.53,High quality eco beauty charge from SilkSkin.,"{""brand"": ""SilkSkin"", ""weight_g"": 765}",True
2421,29,36,Deluxe Grocery Traditional,BXY-42-02421,24.13,14.72,High quality deluxe grocery traditional from OrganicWay.,"{""brand"": ""OrganicWay"", ""organic"": false, ""expiration_days"": 176}",True
2422,23,190,Pro Sports War,CBX-42-02422,369.46,238.34,High quality pro sports war from AquaFlow.,"{""brand"": ""AquaFlow"", ""material"": ""Glass"", ""weight_kg"": 9.95}",True
2423,21,39,Classic Sports Practice,FGX-42-02423,214.13,132.8,High quality classic sports practice from TrailBlaze.,"{""brand"": ""TrailBlaze"", ""material"": ""Cotton"", ""weight_kg"": 16.05}",True
2424,30,167,Deluxe Grocery Evening,SSX-42-02424,27.09,18.96,High quality deluxe grocery evening from NatureDrop.,"{""brand"": ""NatureDrop"", ""organic"": true, ""expiration_days"": 48}",True
2425,20,20,Pro Home While,BBX-42-02425,381.66,212.05,High quality pro home while from KitchenAid.,"{""brand"": ""KitchenAid"", ""material"": ""Glass"", ""weight_kg"": 23.0}",True
2426,23,66,Smart Sports Himself,CBX-42-02426,179.41,109.03,High quality smart sports himself from TrailBlaze.,"{""brand"": ""TrailBlaze"", ""material"": ""Metal"", ""weight_kg"": 9.07}",True
2427,16,49,Eco Apparel Including,FXY-42-02427,149.54,60.69,High quality eco apparel including from Vogue.,"{""brand"": ""Vogue"", ""color"": ""Green"", ""size"": ""L"", ""material"": ""Plastic""}",True
2428,23,100,Smart Sports Cover,CBX-42-02428,269.26,179.68,High quality smart sports cover from FitPulse.,"{""brand"": ""FitPulse"", ""material"": ""Polyester"", ""weight_kg"": 3.89}",True
2429,15,59,Smart Apparel Scene,FXY-42-02429,68.53,39.58,High quality smart apparel scene from Vogue.,"{""brand"": ""Vogue"", ""color"": ""Blue"", ""size"": ""M"", ""material"": ""Leather""}",True
2430,20,51,Premium Home Whose,BBX-42-02430,541.86,335.9,High quality premium home whose from ChefChoice.,"{""brand"": ""ChefChoice"", ""material"": ""Metal"", ""weight_kg"": 22.22}",True
2431,19,138,Pro Home Reduce,FXY-42-02431,32.64,16.12,High quality pro home reduce from DecoHome.,"{""brand"": ""DecoHome"", ""material"": ""Wood"", ""weight_kg"": 10.86}",True
2432,10,17,Pro Office Products Give,OPX-42-02432,76.68,46.08,High quality pro office products give from DeskWork.,"{""brand"": ""DeskWork"", ""weight_g"": 94}",True
2433,18,1,Classic Home Story,KAX-42-02433,449.3,273.33,High quality classic home story from ChefChoice.,"{""brand"": ""ChefChoice"", ""material"": ""Metal"", ""weight_kg"": 14.2}",True
2434,22,161,Classic Sports Traditional,ORX-42-02434,426.05,212.8,High quality classic sports traditional from PeakGear.,"{""brand"": ""PeakGear"", ""material"": ""Leather"", ""weight_kg"": 20.17}",True
2435,26,154,Pro Toys Us,BGX-42-02435,103.17,45.33,High quality pro toys us from BrickBuilder.,"{""brand"": ""BrickBuilder"", ""weight_g"": 641}",True
2436,27,121,Ultra Toys Garden,AFD-42-02436,67.09,41.63,High quality ultra toys garden from KidZone.,"{""brand"": ""KidZone"", ""weight_g"": 1240}",True
2437,18,195,Classic Home Long,KAX-42-02437,433.58,324.77,High quality classic home long from KitchenAid.,"{""brand"": ""KitchenAid"", ""material"": ""Metal"", ""weight_kg"": 7.61}",True
2438,1,150,Smart Electronics Method,EXY-42-02438,1217.76,769.63,High quality smart electronics method from Quant.,"{""brand"": ""Quant"", ""color"": ""Black"", ""weight_kg"": 2.68, ""warranty_years"": 2}",True
2439,4,39,Pro Sports All,SOX-42-02439,86.19,38.69,High quality pro sports all from PeakGear.,"{""brand"": ""PeakGear"", ""material"": ""Wood"", ""weight_kg"": 10.31}",True
2440,18,138,Smart Home Attention,KAX-42-02440,722.86,293.72,High quality smart home attention from DecoHome.,"{""brand"": ""DecoHome"", ""material"": ""Metal"", ""weight_kg"": 13.6}",True
2441,9,86,Premium Grocery May,GGF-42-02441,26.96,18.05,High quality premium grocery may from TastyBites.,"{""brand"": ""TastyBites"", ""organic"": true, ""expiration_days"": 178}",True
2442,16,85,Ultra Apparel Budget,FXY-42-02442,136.68,80.55,High quality ultra apparel budget from UrbanStyle.,"{""brand"": ""UrbanStyle"", ""color"": ""Navy"", ""size"": ""XXL"", ""material"": ""Glass""}",True
2443,9,13,Deluxe Grocery Have,GGF-42-02443,28.56,15.58,High quality deluxe grocery have from TastyBites.,"{""brand"": ""TastyBites"", ""organic"": true, ""expiration_days"": 86}",True
2444,30,149,Premium Grocery Measure,SSX-42-02444,39.84,28.7,High quality premium grocery measure from OrganicWay.,"{""brand"": ""OrganicWay"", ""organic"": true, ""expiration_days"": 33}",True
2445,22,99,Pro Sports Main,ORX-42-02445,361.5,240.73,High quality pro sports main from PeakGear.,"{""brand"": ""PeakGear"", ""material"": ""Plastic"", ""weight_kg"": 16.3}",True
2446,1,174,Classic Electronics Throughout,EXY-42-02446,1937.12,1017.19,High quality classic electronics throughout from TechCo.,"{""brand"": ""TechCo"", ""color"": ""Pink"", ""weight_kg"": 2.16, ""warranty_years"": 2}",True
2447,27,121,Classic Toys Conference,AFD-42-02447,117.66,74.45,High quality classic toys conference from KidZone.,"{""brand"": ""KidZone"", ""weight_g"": 969}",True
2448,19,4,Eco Home Fear,FXY-42-02448,409.58,232.62,High quality eco home fear from KitchenAid.,"{""brand"": ""KitchenAid"", ""material"": ""Polyester"", ""weight_kg"": 13.51}",True
2449,6,133,Premium Books Special,BXY-42-02449,71.23,48.53,High quality premium books special from Penguin.,"{""brand"": ""Penguin"", ""weight_g"": 1342}",True
2450,25,47,Premium Beauty Happen,SCX-42-02450,67.02,47.65,High quality premium beauty happen from GlowUp.,"{""brand"": ""GlowUp"", ""weight_g"": 522}",True
2451,9,50,Ultra Grocery Pm,GGF-42-02451,16.54,12.23,High quality ultra grocery pm from OrganicWay.,"{""brand"": ""OrganicWay"", ""organic"": false, ""expiration_days"": 257}",True
2452,9,197,Pro Grocery Paper,GGF-42-02452,18.46,10.11,High quality pro grocery paper from NatureDrop.,"{""brand"": ""NatureDrop"", ""organic"": true, ""expiration_days"": 164}",True
2453,2,111,Premium Apparel Care,AXY-42-02453,36.94,24.84,High quality premium apparel care from ActiveFit.,"{""brand"": ""ActiveFit"", ""color"": ""Blue"", ""size"": ""XL"", ""material"": ""Wood""}",True
2454,28,176,Deluxe Automotive Movie,CCX-42-02454,45.39,32.97,High quality deluxe automotive movie from DriveClean.,"{""brand"": ""DriveClean"", ""weight_g"": 427}",True
2455,28,44,Ultra Automotive Board,CCX-42-02455,41.84,16.85,High quality ultra automotive board from DriveClean.,"{""brand"": ""DriveClean"", ""weight_g"": 1350}",True
2456,21,170,Classic Sports Into,FGX-42-02456,150.97,102.3,High quality classic sports into from AquaFlow.,"{""brand"": ""AquaFlow"", ""material"": ""Metal"", ""weight_kg"": 12.27}",True
2457,13,92,Classic Electronics Television,AHX-42-02457,1091.54,698.21,High quality classic electronics television from Volt.,"{""brand"": ""Volt"", ""color"": ""Navy"", ""weight_kg"": 1.86, ""warranty_years"": 5}",True
2458,11,84,Ultra Electronics Send,SXY-42-02458,210.85,145.16,High quality ultra electronics send from LinkSys.,"{""brand"": ""LinkSys"", ""color"": ""Gray"", ""weight_kg"": 2.57, ""warranty_years"": 5}",True
2459,27,24,Eco Toys Style,AFD-42-02459,116.64,58.39,High quality eco toys style from BoardFun.,"{""brand"": ""BoardFun"", ""weight_g"": 496}",True
2460,4,72,Smart Sports Both,SOX-42-02460,352.25,247.16,High quality smart sports both from PeakGear.,"{""brand"": ""PeakGear"", ""material"": ""Cotton"", ""weight_kg"": 18.66}",True
2461,13,84,Deluxe Electronics Gas,AHX-42-02461,1323.66,967.96,High quality deluxe electronics gas from TechCo.,"{""brand"": ""TechCo"", ""color"": ""Yellow"", ""weight_kg"": 1.97, ""warranty_years"": 2}",True
2462,21,119,Classic Sports Only,FGX-42-02462,249.85,137.16,High quality classic sports only from TrailBlaze.,"{""brand"": ""TrailBlaze"", ""material"": ""Plastic"", ""weight_kg"": 14.11}",True
2463,23,170,Ultra Sports Rate,CBX-42-02463,164.01,84.24,High quality ultra sports rate from FitPulse.,"{""brand"": ""FitPulse"", ""material"": ""Wool"", ""weight_kg"": 17.19}",True
2464,12,84,Pro Electronics Avoid,LCX-42-02464,1431.35,729.16,High quality pro electronics avoid from TechCo.,"{""brand"": ""TechCo"", ""color"": ""Pink"", ""weight_kg"": 2.69, ""warranty_years"": 3}",True
2465,20,16,Premium Home Structure,BBX-42-02465,367.17,153.9,High quality premium home structure from KitchenAid.,"{""brand"": ""KitchenAid"", ""material"": ""Plastic"", ""weight_kg"": 8.06}",True
2466,3,51,Pro Home Five,HKX-42-02466,366.87,186.2,High quality pro home five from DecoHome.,"{""brand"": ""DecoHome"", ""material"": ""Plastic"", ""weight_kg"": 16.15}",True
2467,12,150,Smart Electronics No,LCX-42-02467,299.47,165.73,High quality smart electronics no from AudioMax.,"{""brand"": ""AudioMax"", ""color"": ""Red"", ""weight_kg"": 0.99, ""warranty_years"": 5}",True
2468,4,99,Smart Sports Main,SOX-42-02468,292.39,188.83,High quality smart sports main from AquaFlow.,"{""brand"": ""AquaFlow"", ""material"": ""Leather"", ""weight_kg"": 6.87}",True
2469,28,188,Pro Automotive Institution,CCX-42-02469,64.94,33.55,High quality pro automotive institution from AutoPro.,"{""brand"": ""AutoPro"", ""weight_g"": 505}",True
2470,7,24,Deluxe Toys Performance,TGX-42-02470,68.28,37.38,High quality deluxe toys performance from PlayTime.,"{""brand"": ""PlayTime"", ""weight_g"": 1459}",True
2471,7,70,Smart Toys Job,TGX-42-02471,100.8,58.71,High quality smart toys job from BrickBuilder.,"{""brand"": ""BrickBuilder"", ""weight_g"": 924}",True
2472,30,3,Ultra Grocery Edge,SSX-42-02472,26.62,15.36,High quality ultra grocery edge from OrganicWay.,"{""brand"": ""OrganicWay"", ""organic"": false, ""expiration_days"": 99}",True
2473,16,142,Deluxe Apparel Pressure,FXY-42-02473,100.29,40.45,High quality deluxe apparel pressure from UrbanStyle.,"{""brand"": ""UrbanStyle"", ""color"": ""Green"", ""size"": ""S"", ""material"": ""Plastic""}",True
2474,22,65,Eco Sports Either,ORX-42-02474,160.16,70.92,High quality eco sports either from FitPulse.,"{""brand"": ""FitPulse"", ""material"": ""Wood"", ""weight_kg"": 8.5}",True
2475,22,77,Pro Sports Official,ORX-42-02475,463.66,303.76,High quality pro sports official from PeakGear.,"{""brand"": ""PeakGear"", ""material"": ""Polyester"", ""weight_kg"": 13.04}",True
2476,28,40,Ultra Automotive Cold,CCX-42-02476,110.09,70.45,High quality ultra automotive cold from MotorMax.,"{""brand"": ""MotorMax"", ""weight_g"": 621}",True
2477,28,141,Pro Automotive Meet,CCX-42-02477,151.49,99.58,High quality pro automotive meet from TireSafe.,"{""brand"": ""TireSafe"", ""weight_g"": 382}",True
2478,19,195,Classic Home If,FXY-42-02478,327.03,237.51,High quality classic home if from DecoHome.,"{""brand"": ""DecoHome"", ""material"": ""Leather"", ""weight_kg"": 20.43}",True
2479,5,127,Pro Beauty Attorney,BPC-42-02479,92.67,45.4,High quality pro beauty attorney from LuxeHair.,"{""brand"": ""LuxeHair"", ""weight_g"": 586}",True
2480,29,60,Smart Grocery Grow,BXY-42-02480,4.53,2.74,High quality smart grocery grow from OrganicWay.,"{""brand"": ""OrganicWay"", ""organic"": true, ""expiration_days"": 67}",True
2481,2,142,Ultra Apparel Detail,AXY-42-02481,123.16,63.93,High quality ultra apparel detail from UrbanStyle.,"{""brand"": ""UrbanStyle"", ""color"": ""Black"", ""size"": ""XL"", ""material"": ""Leather""}",True
2482,27,173,Eco Toys Teach,AFD-42-02482,87.98,40.23,High quality eco toys teach from PlayTime.,"{""brand"": ""PlayTime"", ""weight_g"": 1156}",True
2483,20,82,Classic Home Rule,BBX-42-02483,535.9,268.85,High quality classic home rule from DecoHome.,"{""brand"": ""DecoHome"", ""material"": ""Metal"", ""weight_kg"": 10.05}",True
2484,24,95,Deluxe Beauty Perhaps,MCX-42-02484,117.59,59.28,High quality deluxe beauty perhaps from LuxeHair.,"{""brand"": ""LuxeHair"", ""weight_g"": 1243}",True
2485,12,108,Classic Electronics Lawyer,LCX-42-02485,357.98,257.31,High quality classic electronics lawyer from Quant.,"{""brand"": ""Quant"", ""color"": ""Blue"", ""weight_kg"": 5.12, ""warranty_years"": 3}",True
2486,25,95,Premium Beauty Still,SCX-42-02486,23.33,13.56,High quality premium beauty still from GlowUp.,"{""brand"": ""GlowUp"", ""weight_g"": 416}",True
2487,5,15,Eco Beauty Learn,BPC-42-02487,68.96,41.67,High quality eco beauty learn from GlowUp.,"{""brand"": ""GlowUp"", ""weight_g"": 331}",True
2488,10,182,Deluxe Office Products Our,OPX-42-02488,54.5,33.99,High quality deluxe office products our from DeskWork.,"{""brand"": ""DeskWork"", ""weight_g"": 217}",True
2489,15,9,Smart Apparel Store,FXY-42-02489,185.98,123.25,High quality smart apparel store from ActiveFit.,"{""brand"": ""ActiveFit"", ""color"": ""Red"", ""size"": ""M"", ""material"": ""Polyester""}",True
2490,26,89,Pro Toys Guess,BGX-42-02490,97.43,46.0,High quality pro toys guess from BrickBuilder.,"{""brand"": ""BrickBuilder"", ""weight_g"": 1121}",True
2491,13,109,Ultra Electronics Off,AHX-42-02491,227.53,105.52,High quality ultra electronics off from AudioMax.,"{""brand"": ""AudioMax"", ""color"": ""Black"", ""weight_kg"": 1.76, ""warranty_years"": 3}",True
2492,25,80,Premium Beauty Rule,SCX-42-02492,128.09,56.35,High quality premium beauty rule from SilkSkin.,"{""brand"": ""SilkSkin"", ""weight_g"": 1298}",True
2493,16,142,Classic Apparel Eat,FXY-42-02493,25.16,18.39,High quality classic apparel eat from UrbanStyle.,"{""brand"": ""UrbanStyle"", ""color"": ""Black"", ""size"": ""XS"", ""material"": ""Wool""}",True
2494,27,24,Classic Toys Consumer,AFD-42-02494,58.98,35.5,High quality classic toys consumer from BoardFun.,"{""brand"": ""BoardFun"", ""weight_g"": 352}",True
2495,18,82,Ultra Home Recognize,KAX-42-02495,740.82,448.06,High quality ultra home recognize from CozyLiving.,"{""brand"": ""CozyLiving"", ""material"": ""Polyester"", ""weight_kg"": 15.89}",True
2496,22,97,Premium Sports Relationship,ORX-42-02496,373.53,219.81,High quality premium sports relationship from AquaFlow.,"{""brand"": ""AquaFlow"", ""material"": ""Cotton"", ""weight_kg"": 19.34}",True
2497,22,97,Premium Sports Bank,ORX-42-02497,101.6,64.58,High quality premium sports bank from PeakGear.,"{""brand"": ""PeakGear"", ""material"": ""Polyester"", ""weight_kg"": 14.6}",True
2498,26,169,Deluxe Toys Sister,BGX-42-02498,18.78,9.15,High quality deluxe toys sister from BrickBuilder.,"{""brand"": ""BrickBuilder"", ""weight_g"": 1224}",True
2499,16,85,Classic Apparel Word,FXY-42-02499,35.54,24.99,High quality classic apparel word from ThreadWear.,"{""brand"": ""ThreadWear"", ""color"": ""Gray"", ""size"": ""XXL"", ""material"": ""Wood""}",True
2500,2,153,Deluxe Apparel Seek,AXY-42-02500,21.22,12.43,High quality deluxe apparel seek from UrbanStyle.,"{""brand"": ""UrbanStyle"", ""color"": ""White"", ""size"": ""XL"", ""material"": ""Polyester""}",True
2501,2,85,Classic Apparel Painting,AXY-42-02501,72.27,51.15,High quality classic apparel painting from Vogue.,"{""brand"": ""Vogue"", ""color"": ""Yellow"", ""size"": ""S"", ""material"": ""Wood""}",True
2502,3,61,Smart Home Think,HKX-42-02502,747.14,506.77,High quality smart home think from ChefChoice.,"{""brand"": ""ChefChoice"", ""material"": ""Leather"", ""weight_kg"": 9.79}",True
2503,13,84,Eco Electronics Message,AHX-42-02503,1831.72,783.25,High quality eco electronics message from Volt.,"{""brand"": ""Volt"", ""color"": ""Pink"", ""weight_kg"": 5.79, ""warranty_years"": 5}",True
2504,19,48,Smart Home Building,FXY-42-02504,179.05,86.79,High quality smart home building from KitchenAid.,"{""brand"": ""KitchenAid"", ""material"": ""Cotton"", ""weight_kg"": 15.85}",True
2505,18,61,Deluxe Home Person,KAX-42-02505,780.71,579.13,High quality deluxe home person from ChefChoice.,"{""brand"": ""ChefChoice"", ""material"": ""Polyester"", ""weight_kg"": 9.48}",True
2506,10,144,Classic Office Products Pick,OPX-42-02506,66.9,28.77,High quality classic office products pick from DeskWork.,"{""brand"": ""DeskWork"", ""weight_g"": 819}",True
2507,8,187,Classic Automotive Major,AXY-42-02507,148.77,69.19,High quality classic automotive major from AutoPro.,"{""brand"": ""AutoPro"", ""weight_g"": 257}",True
2508,13,92,Smart Electronics Gas,AHX-42-02508,507.28,372.74,High quality smart electronics gas from TechCo.,"{""brand"": ""TechCo"", ""color"": ""Silver"", ""weight_kg"": 6.72, ""warranty_years"": 2}",True
2509,16,120,Ultra Apparel One,FXY-42-02509,44.53,18.25,High quality ultra apparel one from UrbanStyle.,"{""brand"": ""UrbanStyle"", ""color"": ""Navy"", ""size"": ""L"", ""material"": ""Wood""}",True
2510,14,8,Ultra Electronics Bill,SHD-42-02510,699.37,340.79,High quality ultra electronics bill from LinkSys.,"{""brand"": ""LinkSys"", ""color"": ""White"", ""weight_kg"": 3.08, ""warranty_years"": 3}",True
2511,9,10,Premium Grocery Term,GGF-42-02511,41.22,26.34,High quality premium grocery term from OrganicWay.,"{""brand"": ""OrganicWay"", ""organic"": true, ""expiration_days"": 329}",True
2512,23,119,Ultra Sports Light,CBX-42-02512,479.66,246.14,High quality ultra sports light from FitPulse.,"{""brand"": ""FitPulse"", ""material"": ""Metal"", ""weight_kg"": 10.54}",True
2513,9,3,Premium Grocery Control,GGF-42-02513,48.82,35.99,High quality premium grocery control from TastyBites.,"{""brand"": ""TastyBites"", ""organic"": true, ""expiration_days"": 79}",True
2514,16,59,Pro Apparel Foot,FXY-42-02514,11.57,5.21,High quality pro apparel foot from Vogue.,"{""brand"": ""Vogue"", ""color"": ""Green"", ""size"": ""S"", ""material"": ""Polyester""}",True
2515,9,191,Premium Grocery Into,GGF-42-02515,14.44,7.14,High quality premium grocery into from TastyBites.,"{""brand"": ""TastyBites"", ""organic"": false, ""expiration_days"": 118}",True
2516,30,2,Premium Grocery Available,SSX-42-02516,29.62,17.81,High quality premium grocery available from SweetTreats.,"{""brand"": ""SweetTreats"", ""organic"": false, ""expiration_days"": 215}",True
2517,9,197,Eco Grocery Piece,GGF-42-02517,43.29,26.81,High quality eco grocery piece from OrganicWay.,"{""brand"": ""OrganicWay"", ""organic"": true, ""expiration_days"": 98}",True
2518,17,142,Smart Apparel Boy,FSX-42-02518,155.07,77.13,High quality smart apparel boy from UrbanStyle.,"{""brand"": ""UrbanStyle"", ""color"": ""Yellow"", ""size"": ""M"", ""material"": ""Plastic""}",True
2519,25,57,Deluxe Beauty Reveal,SCX-42-02519,21.22,13.74,High quality deluxe beauty reveal from HerbEssentials.,"{""brand"": ""HerbEssentials"", ""weight_g"": 1151}",True
2520,24,200,Premium Beauty Teach,MCX-42-02520,70.78,49.27,High quality premium beauty teach from LuxeHair.,"{""brand"": ""LuxeHair"", ""weight_g"": 594}",True
2521,29,43,Deluxe Grocery Pick,BXY-42-02521,3.02,2.23,High quality deluxe grocery pick from OrganicWay.,"{""brand"": ""OrganicWay"", ""organic"": true, ""expiration_days"": 206}",True
2522,27,89,Premium Toys Spend,AFD-42-02522,95.32,63.67,High quality premium toys spend from BrickBuilder.,"{""brand"": ""BrickBuilder"", ""weight_g"": 674}",True
2523,7,169,Premium Toys Ten,TGX-42-02523,65.43,38.14,High quality premium toys ten from KidZone.,"{""brand"": ""KidZone"", ""weight_g"": 470}",True
2524,18,98,Smart Home Hundred,KAX-42-02524,362.9,240.09,High quality smart home hundred from DecoHome.,"{""brand"": ""DecoHome"", ""material"": ""Leather"", ""weight_kg"": 5.75}",True
2525,10,151,Premium Office Products Generation,OPX-42-02525,45.5,31.41,High quality premium office products generation from OfficePro.,"{""brand"": ""OfficePro"", ""weight_g"": 67}",True
2526,20,1,Classic Home Miss,BBX-42-02526,503.81,221.4,High quality classic home miss from DecoHome.,"{""brand"": ""DecoHome"", ""material"": ""Wood"", ""weight_kg"": 24.25}",True
2527,6,164,Classic Books Quite,BXY-42-02527,17.2,7.68,High quality classic books quite from Harper.,"{""brand"": ""Harper"", ""weight_g"": 130}",True
2528,30,46,Deluxe Grocery Recent,SSX-42-02528,5.26,3.66,High quality deluxe grocery recent from TastyBites.,"{""brand"": ""TastyBites"", ""organic"": true, ""expiration_days"": 322}",True
2529,2,193,Ultra Apparel Ask,AXY-42-02529,133.95,74.69,High quality ultra apparel ask from ThreadWear.,"{""brand"": ""ThreadWear"", ""color"": ""Red"", ""size"": ""M"", ""material"": ""Polyester""}",True
2530,1,8,Smart Electronics Believe,EXY-42-02530,1420.41,814.12,High quality smart electronics believe from AudioMax.,"{""brand"": ""AudioMax"", ""color"": ""Red"", ""weight_kg"": 0.89, ""warranty_years"": 2}",True
2531,6,63,Deluxe Books Director,BXY-42-02531,34.73,23.38,High quality deluxe books director from Springer.,"{""brand"": ""Springer"", ""weight_g"": 1367}",True
2532,3,4,Classic Home Technology,HKX-42-02532,502.79,326.87,High quality classic home technology from KitchenAid.,"{""brand"": ""KitchenAid"", ""material"": ""Wool"", ""weight_kg"": 4.03}",True
2533,9,167,Eco Grocery Chair,GGF-42-02533,47.7,19.55,High quality eco grocery chair from SweetTreats.,"{""brand"": ""SweetTreats"", ""organic"": true, ""expiration_days"": 209}",True
2534,9,171,Classic Grocery Very,GGF-42-02534,21.53,9.99,High quality classic grocery very from OrganicWay.,"{""brand"": ""OrganicWay"", ""organic"": false, ""expiration_days"": 162}",True
2535,26,26,Deluxe Toys Partner,BGX-42-02535,30.41,12.31,High quality deluxe toys partner from BrickBuilder.,"{""brand"": ""BrickBuilder"", ""weight_g"": 403}",True
2536,14,56,Premium Electronics Weight,SHD-42-02536,233.61,161.18,High quality premium electronics weight from TechCo.,"{""brand"": ""TechCo"", ""color"": ""Gray"", ""weight_kg"": 2.51, ""warranty_years"": 5}",True
2537,4,180,Premium Sports Someone,SOX-42-02537,193.83,80.94,High quality premium sports someone from TrailBlaze.,"{""brand"": ""TrailBlaze"", ""material"": ""Wood"", ""weight_kg"": 11.49}",True
2538,21,72,Deluxe Sports Provide,FGX-42-02538,32.76,23.77,High quality deluxe sports provide from PeakGear.,"{""brand"": ""PeakGear"", ""material"": ""Cotton"", ""weight_kg"": 15.07}",True
2539,25,189,Pro Beauty Take,SCX-42-02539,39.28,27.99,High quality pro beauty take from SilkSkin.,"{""brand"": ""SilkSkin"", ""weight_g"": 193}",True
2540,19,75,Smart Home A,FXY-42-02540,169.33,124.53,High quality smart home a from KitchenAid.,"{""brand"": ""KitchenAid"", ""material"": ""Cotton"", ""weight_kg"": 8.8}",True
2541,16,162,Pro Apparel Sometimes,FXY-42-02541,69.47,29.25,High quality pro apparel sometimes from Vogue.,"{""brand"": ""Vogue"", ""color"": ""Silver"", ""size"": ""M"", ""material"": ""Cotton""}",True
2542,1,150,Premium Electronics Choice,EXY-42-02542,933.56,574.48,High quality premium electronics choice from Sonyx.,"{""brand"": ""Sonyx"", ""color"": ""Black"", ""weight_kg"": 5.27, ""warranty_years"": 2}",True
2543,6,22,Pro Books Recent,BXY-42-02543,15.86,9.34,High quality pro books recent from Springer.,"{""brand"": ""Springer"", ""weight_g"": 134}",True
2544,24,95,Pro Beauty Church,MCX-42-02544,73.53,31.36,High quality pro beauty church from LuxeHair.,"{""brand"": ""LuxeHair"", ""weight_g"": 341}",True
2545,6,28,Classic Books Local,BXY-42-02545,9.8,6.75,High quality classic books local from OReilly.,"{""brand"": ""OReilly"", ""weight_g"": 884}",True
2546,26,24,Ultra Toys Night,BGX-42-02546,119.87,52.6,High quality ultra toys night from PlayTime.,"{""brand"": ""PlayTime"", ""weight_g"": 1020}",True
2547,27,21,Pro Toys Film,AFD-42-02547,60.03,30.45,High quality pro toys film from PlayTime.,"{""brand"": ""PlayTime"", ""weight_g"": 346}",True
2548,27,70,Deluxe Toys In,AFD-42-02548,93.55,47.02,High quality deluxe toys in from BrickBuilder.,"{""brand"": ""BrickBuilder"", ""weight_g"": 426}",True
2549,12,84,Ultra Electronics Power,LCX-42-02549,203.83,109.88,High quality ultra electronics power from Volt.,"{""brand"": ""Volt"", ""color"": ""Silver"", ""weight_kg"": 1.8, ""warranty_years"": 3}",True
2550,25,15,Eco Beauty Participant,SCX-42-02550,25.58,16.79,High quality eco beauty participant from GlowUp.,"{""brand"": ""GlowUp"", ""weight_g"": 1244}",True
2551,9,50,Deluxe Grocery Likely,GGF-42-02551,37.61,20.92,High quality deluxe grocery likely from SweetTreats.,"{""brand"": ""SweetTreats"", ""organic"": true, ""expiration_days"": 202}",True
2552,20,1,Eco Home Deal,BBX-42-02552,178.47,82.8,High quality eco home deal from CozyLiving.,"{""brand"": ""CozyLiving"", ""material"": ""Plastic"", ""weight_kg"": 2.81}",True
2553,30,31,Pro Grocery Describe,SSX-42-02553,24.58,10.51,High quality pro grocery describe from NatureDrop.,"{""brand"": ""NatureDrop"", ""organic"": true, ""expiration_days"": 356}",True
2554,5,53,Classic Beauty Responsibility,BPC-42-02554,142.46,98.23,High quality classic beauty responsibility from HerbEssentials.,"{""brand"": ""HerbEssentials"", ""weight_g"": 279}",True
2555,13,8,Eco Electronics Understand,AHX-42-02555,280.2,122.5,High quality eco electronics understand from TechCo.,"{""brand"": ""TechCo"", ""color"": ""Blue"", ""weight_kg"": 7.65, ""warranty_years"": 1}",True
2556,6,133,Deluxe Books Free,BXY-42-02556,46.92,25.41,High quality deluxe books free from OReilly.,"{""brand"": ""OReilly"", ""weight_g"": 1292}",True
2557,26,154,Smart Toys Firm,BGX-42-02557,107.34,52.53,High quality smart toys firm from KidZone.,"{""brand"": ""KidZone"", ""weight_g"": 1102}",True
2558,22,118,Premium Sports Over,ORX-42-02558,67.82,38.13,High quality premium sports over from PeakGear.,"{""brand"": ""PeakGear"", ""material"": ""Metal"", ""weight_kg"": 8.14}",True
2559,9,2,Deluxe Grocery Study,GGF-42-02559,26.54,12.76,High quality deluxe grocery study from OrganicWay.,"{""brand"": ""OrganicWay"", ""organic"": true, ""expiration_days"": 302}",True
2560,2,120,Ultra Apparel White,AXY-42-02560,65.4,45.53,High quality ultra apparel white from ThreadWear.,"{""brand"": ""ThreadWear"", ""color"": ""Green"", ""size"": ""M"", ""material"": ""Cotton""}",True
2561,2,111,Smart Apparel Respond,AXY-42-02561,118.54,77.54,High quality smart apparel respond from Vogue.,"{""brand"": ""Vogue"", ""color"": ""Green"", ""size"": ""XL"", ""material"": ""Wool""}",True
2562,27,70,Classic Toys Fly,AFD-42-02562,96.4,71.61,High quality classic toys fly from BoardFun.,"{""brand"": ""BoardFun"", ""weight_g"": 1094}",True
2563,14,92,Smart Electronics Why,SHD-42-02563,909.11,666.11,High quality smart electronics why from Sonyx.,"{""brand"": ""Sonyx"", ""color"": ""White"", ""weight_kg"": 1.87, ""warranty_years"": 5}",True
2564,11,92,Deluxe Electronics Yes,SXY-42-02564,874.75,395.22,High quality deluxe electronics yes from TechCo.,"{""brand"": ""TechCo"", ""color"": ""Silver"", ""weight_kg"": 0.62, ""warranty_years"": 2}",True
2565,7,179,Eco Toys Write,TGX-42-02565,89.95,57.59,High quality eco toys write from BrickBuilder.,"{""brand"": ""BrickBuilder"", ""weight_g"": 79}",True
2566,12,174,Deluxe Electronics Learn,LCX-42-02566,671.13,474.84,High quality deluxe electronics learn from Sonyx.,"{""brand"": ""Sonyx"", ""color"": ""Black"", ""weight_kg"": 0.58, ""warranty_years"": 1}",True
2567,18,106,Eco Home Serious,KAX-42-02567,310.87,210.66,High quality eco home serious from ChefChoice.,"{""brand"": ""ChefChoice"", ""material"": ""Glass"", ""weight_kg"": 6.36}",True
2568,4,161,Smart Sports Whole,SOX-42-02568,7.39,4.29,High quality smart sports whole from PeakGear.,"{""brand"": ""PeakGear"", ""material"": ""Polyester"", ""weight_kg"": 6.68}",True
2569,13,150,Deluxe Electronics Guy,AHX-42-02569,25.25,15.22,High quality deluxe electronics guy from TechCo.,"{""brand"": ""TechCo"", ""color"": ""Green"", ""weight_kg"": 4.58, ""warranty_years"": 2}",True
2570,27,70,Pro Toys Behind,AFD-42-02570,25.28,14.49,High quality pro toys behind from KidZone.,"{""brand"": ""KidZone"", ""weight_g"": 1315}",True
2571,2,111,Classic Apparel Pass,AXY-42-02571,11.69,7.93,High quality classic apparel pass from ActiveFit.,"{""brand"": ""ActiveFit"", ""color"": ""Pink"", ""size"": ""XS"", ""material"": ""Wood""}",True
2572,16,76,Premium Apparel Across,FXY-42-02572,83.82,34.72,High quality premium apparel across from UrbanStyle.,"{""brand"": ""UrbanStyle"", ""color"": ""Navy"", ""size"": ""XL"", ""material"": ""Metal""}",True
2573,22,78,Premium Sports Population,ORX-42-02573,128.28,56.64,High quality premium sports population from TrailBlaze.,"{""brand"": ""TrailBlaze"", ""material"": ""Glass"", ""weight_kg"": 2.52}",True
2574,4,125,Eco Sports Mrs,SOX-42-02574,441.78,225.93,High quality eco sports mrs from FitPulse.,"{""brand"": ""FitPulse"", ""material"": ""Metal"", ""weight_kg"": 8.58}",True
2575,5,189,Ultra Beauty International,BPC-42-02575,88.13,60.08,High quality ultra beauty international from GlowUp.,"{""brand"": ""GlowUp"", ""weight_g"": 437}",True
2576,21,83,Premium Sports Throw,FGX-42-02576,403.44,255.24,High quality premium sports throw from FitPulse.,"{""brand"": ""FitPulse"", ""material"": ""Leather"", ""weight_kg"": 8.44}",True
2577,8,69,Classic Automotive Care,AXY-42-02577,126.8,52.05,High quality classic automotive care from TireSafe.,"{""brand"": ""TireSafe"", ""weight_g"": 1227}",True
2578,20,138,Eco Home Together,BBX-42-02578,211.55,127.71,High quality eco home together from CozyLiving.,"{""brand"": ""CozyLiving"", ""material"": ""Wood"", ""weight_kg"": 11.08}",True
2579,5,159,Ultra Beauty Financial,BPC-42-02579,12.78,5.37,High quality ultra beauty financial from HerbEssentials.,"{""brand"": ""HerbEssentials"", ""weight_g"": 1368}",True
2580,24,7,Smart Beauty Assume,MCX-42-02580,122.47,79.26,High quality smart beauty assume from GlowUp.,"{""brand"": ""GlowUp"", ""weight_g"": 1460}",True
2581,17,34,Smart Apparel Hope,FSX-42-02581,184.92,116.21,High quality smart apparel hope from DenimCo.,"{""brand"": ""DenimCo"", ""color"": ""Navy"", ""size"": ""M"", ""material"": ""Cotton""}",True
2582,5,200,Classic Beauty Wear,BPC-42-02582,61.71,25.41,High quality classic beauty wear from GlowUp.,"{""brand"": ""GlowUp"", ""weight_g"": 1067}",True
2583,9,60,Deluxe Grocery Often,GGF-42-02583,45.43,25.61,High quality deluxe grocery often from NatureDrop.,"{""brand"": ""NatureDrop"", ""organic"": true, ""expiration_days"": 220}",True
2584,10,64,Pro Office Products Argue,OPX-42-02584,95.15,45.46,High quality pro office products argue from PaperMate.,"{""brand"": ""PaperMate"", ""weight_g"": 67}",True
2585,10,17,Deluxe Office Products A,OPX-42-02585,16.79,7.27,High quality deluxe office products a from OfficePro.,"{""brand"": ""OfficePro"", ""weight_g"": 1179}",True
2586,23,97,Pro Sports Score,CBX-42-02586,58.06,25.59,High quality pro sports score from PeakGear.,"{""brand"": ""PeakGear"", ""material"": ""Wool"", ""weight_kg"": 19.76}",True
2587,11,93,Deluxe Electronics Opportunity,SXY-42-02587,1137.63,569.27,High quality deluxe electronics opportunity from Quant.,"{""brand"": ""Quant"", ""color"": ""White"", ""weight_kg"": 7.08, ""warranty_years"": 1}",True
2588,15,162,Pro Apparel Tend,FXY-42-02588,42.85,17.97,High quality pro apparel tend from DenimCo.,"{""brand"": ""DenimCo"", ""color"": ""Black"", ""size"": ""XS"", ""material"": ""Polyester""}",True
2589,5,95,Premium Beauty Her,BPC-42-02589,40.13,18.07,High quality premium beauty her from GlowUp.,"{""brand"": ""GlowUp"", ""weight_g"": 233}",True
2590,24,200,Ultra Beauty Break,MCX-42-02590,113.12,52.21,High quality ultra beauty break from LuxeHair.,"{""brand"": ""LuxeHair"", ""weight_g"": 190}",True
2591,12,56,Classic Electronics Traditional,LCX-42-02591,267.69,168.43,High quality classic electronics traditional from LinkSys.,"{""brand"": ""LinkSys"", ""color"": ""Blue"", ""weight_kg"": 0.19, ""warranty_years"": 5}",True
2592,14,150,Deluxe Electronics Father,SHD-42-02592,663.7,487.49,High quality deluxe electronics father from AudioMax.,"{""brand"": ""AudioMax"", ""color"": ""Red"", ""weight_kg"": 2.57, ""warranty_years"": 1}",True
2593,29,50,Pro Grocery Tree,BXY-42-02593,33.44,23.84,High quality pro grocery tree from SweetTreats.,"{""brand"": ""SweetTreats"", ""organic"": true, ""expiration_days"": 334}",True
2594,10,132,Smart Office Products Allow,OPX-42-02594,82.7,33.81,High quality smart office products allow from PaperMate.,"{""brand"": ""PaperMate"", ""weight_g"": 731}",True
2595,8,23,Deluxe Automotive Easy,AXY-42-02595,112.96,73.62,High quality deluxe automotive easy from DriveClean.,"{""brand"": ""DriveClean"", ""weight_g"": 683}",True
2596,16,34,Pro Apparel Lay,FXY-42-02596,59.3,30.98,High quality pro apparel lay from ThreadWear.,"{""brand"": ""ThreadWear"", ""color"": ""Yellow"", ""size"": ""L"", ""material"": ""Wool""}",True
2597,6,102,Ultra Books Scientist,BXY-42-02597,62.49,41.39,High quality ultra books scientist from Packt.,"{""brand"": ""Packt"", ""weight_g"": 1418}",True
2598,6,113,Pro Books Performance,BXY-42-02598,40.62,16.3,High quality pro books performance from Packt.,"{""brand"": ""Packt"", ""weight_g"": 1490}",True
2599,26,112,Deluxe Toys Indeed,BGX-42-02599,112.84,81.94,High quality deluxe toys indeed from KidZone.,"{""brand"": ""KidZone"", ""weight_g"": 362}",True
2600,28,41,Smart Automotive Process,CCX-42-02600,86.44,36.89,High quality smart automotive process from TireSafe.,"{""brand"": ""TireSafe"", ""weight_g"": 887}",True
2601,28,181,Classic Automotive Friend,CCX-42-02601,135.39,94.73,High quality classic automotive friend from MotorMax.,"{""brand"": ""MotorMax"", ""weight_g"": 1019}",True
2602,15,25,Eco Apparel Seek,FXY-42-02602,135.85,81.83,High quality eco apparel seek from Vogue.,"{""brand"": ""Vogue"", ""color"": ""Blue"", ""size"": ""XS"", ""material"": ""Cotton""}",True
2603,14,174,Smart Electronics Idea,SHD-42-02603,235.53,136.28,High quality smart electronics idea from LinkSys.,"{""brand"": ""LinkSys"", ""color"": ""Yellow"", ""weight_kg"": 7.95, ""warranty_years"": 2}",True
2604,5,47,Ultra Beauty Into,BPC-42-02604,50.42,24.97,High quality ultra beauty into from HerbEssentials.,"{""brand"": ""HerbEssentials"", ""weight_g"": 159}",True
2605,10,134,Smart Office Products I,OPX-42-02605,87.99,58.41,High quality smart office products i from OfficePro.,"{""brand"": ""OfficePro"", ""weight_g"": 276}",True
2606,5,15,Deluxe Beauty Learn,BPC-42-02606,53.76,33.49,High quality deluxe beauty learn from HerbEssentials.,"{""brand"": ""HerbEssentials"", ""weight_g"": 1288}",True
2607,24,189,Smart Beauty Offer,MCX-42-02607,56.66,29.74,High quality smart beauty offer from SilkSkin.,"{""brand"": ""SilkSkin"", ""weight_g"": 85}",True
2608,13,137,Eco Electronics Development,AHX-42-02608,1388.09,944.4,High quality eco electronics development from TechCo.,"{""brand"": ""TechCo"", ""color"": ""White"", ""weight_kg"": 0.9, ""warranty_years"": 5}",True
2609,25,47,Ultra Beauty Recognize,SCX-42-02609,84.27,36.08,High quality ultra beauty recognize from LuxeHair.,"{""brand"": ""LuxeHair"", ""weight_g"": 560}",True
2610,1,158,Ultra Electronics Consumer,EXY-42-02610,1344.01,647.44,High quality ultra electronics consumer from Volt.,"{""brand"": ""Volt"", ""color"": ""Navy"", ""weight_kg"": 6.33, ""warranty_years"": 2}",True
2611,24,15,Deluxe Beauty May,MCX-42-02611,81.59,40.55,High quality deluxe beauty may from LuxeHair.,"{""brand"": ""LuxeHair"", ""weight_g"": 1149}",True
2612,1,107,Premium Electronics Chair,EXY-42-02612,822.2,578.14,High quality premium electronics chair from Volt.,"{""brand"": ""Volt"", ""color"": ""White"", ""weight_kg"": 6.55, ""warranty_years"": 1}",True
2613,6,22,Classic Books Cup,BXY-42-02613,19.59,13.86,High quality classic books cup from Harper.,"{""brand"": ""Harper"", ""weight_g"": 1394}",True
2614,24,53,Ultra Beauty One,MCX-42-02614,16.93,11.08,High quality ultra beauty one from GlowUp.,"{""brand"": ""GlowUp"", ""weight_g"": 292}",True
2615,23,100,Smart Sports If,CBX-42-02615,30.22,18.55,High quality smart sports if from AquaFlow.,"{""brand"": ""AquaFlow"", ""material"": ""Cotton"", ""weight_kg"": 20.68}",True
2616,8,176,Eco Automotive Threat,AXY-42-02616,46.97,30.52,High quality eco automotive threat from TireSafe.,"{""brand"": ""TireSafe"", ""weight_g"": 158}",True
2617,2,59,Ultra Apparel Window,AXY-42-02617,41.0,30.74,High quality ultra apparel window from ThreadWear.,"{""brand"": ""ThreadWear"", ""color"": ""Navy"", ""size"": ""L"", ""material"": ""Cotton""}",True
2618,3,16,Premium Home Here,HKX-42-02618,648.96,266.95,High quality premium home here from DecoHome.,"{""brand"": ""DecoHome"", ""material"": ""Metal"", ""weight_kg"": 23.02}",True
2619,16,27,Pro Apparel Though,FXY-42-02619,55.73,36.93,High quality pro apparel though from ThreadWear.,"{""brand"": ""ThreadWear"", ""color"": ""Navy"", ""size"": ""L"", ""material"": ""Wood""}",True
2620,2,193,Pro Apparel Key,AXY-42-02620,29.94,18.58,High quality pro apparel key from Vogue.,"{""brand"": ""Vogue"", ""color"": ""Blue"", ""size"": ""XXL"", ""material"": ""Cotton""}",True
2621,24,95,Classic Beauty Class,MCX-42-02621,42.46,25.63,High quality classic beauty class from LuxeHair.,"{""brand"": ""LuxeHair"", ""weight_g"": 1122}",True
2622,11,158,Premium Electronics Fight,SXY-42-02622,742.02,299.26,High quality premium electronics fight from TechCo.,"{""brand"": ""TechCo"", ""color"": ""Gray"", ""weight_kg"": 7.67, ""warranty_years"": 3}",True
2623,8,130,Premium Automotive Turn,AXY-42-02623,161.38,104.44,High quality premium automotive turn from TireSafe.,"{""brand"": ""TireSafe"", ""weight_g"": 390}",True
2624,18,106,Smart Home Religious,KAX-42-02624,545.66,378.14,High quality smart home religious from KitchenAid.,"{""brand"": ""KitchenAid"", ""material"": ""Glass"", ""weight_kg"": 3.87}",True
2625,15,162,Pro Apparel Car,FXY-42-02625,154.49,100.46,High quality pro apparel car from ThreadWear.,"{""brand"": ""ThreadWear"", ""color"": ""Green"", ""size"": ""XS"", ""material"": ""Wood""}",True
2626,1,109,Smart Electronics Center,EXY-42-02626,1386.71,608.59,High quality smart electronics center from Quant.,"{""brand"": ""Quant"", ""color"": ""Silver"", ""weight_kg"": 1.13, ""warranty_years"": 2}",True
2627,22,161,Pro Sports Activity,ORX-42-02627,440.16,266.66,High quality pro sports activity from FitPulse.,"{""brand"": ""FitPulse"", ""material"": ""Glass"", ""weight_kg"": 12.52}",True
2628,4,136,Ultra Sports Away,SOX-42-02628,102.99,53.41,High quality ultra sports away from PeakGear.,"{""brand"": ""PeakGear"", ""material"": ""Glass"", ""weight_kg"": 22.02}",True
2629,18,19,Deluxe Home Raise,KAX-42-02629,721.24,290.26,High quality deluxe home raise from CozyLiving.,"{""brand"": ""CozyLiving"", ""material"": ""Cotton"", ""weight_kg"": 17.01}",True
2630,23,136,Deluxe Sports Admit,CBX-42-02630,186.34,97.49,High quality deluxe sports admit from PeakGear.,"{""brand"": ""PeakGear"", ""material"": ""Cotton"", ""weight_kg"": 4.66}",True
2631,9,197,Deluxe Grocery Charge,GGF-42-02631,43.67,20.44,High quality deluxe grocery charge from TastyBites.,"{""brand"": ""TastyBites"", ""organic"": true, ""expiration_days"": 212}",True
2632,6,38,Smart Books Set,BXY-42-02632,77.86,34.46,High quality smart books set from Penguin.,"{""brand"": ""Penguin"", ""weight_g"": 837}",True
2633,20,147,Deluxe Home Value,BBX-42-02633,614.28,364.28,High quality deluxe home value from ChefChoice.,"{""brand"": ""ChefChoice"", ""material"": ""Metal"", ""weight_kg"": 10.26}",True
2634,16,9,Eco Apparel Message,FXY-42-02634,83.9,46.55,High quality eco apparel message from ActiveFit.,"{""brand"": ""ActiveFit"", ""color"": ""White"", ""size"": ""L"", ""material"": ""Polyester""}",True
2635,8,187,Classic Automotive Really,AXY-42-02635,255.66,184.08,High quality classic automotive really from DriveClean.,"{""brand"": ""DriveClean"", ""weight_g"": 233}",True
2636,11,8,Classic Electronics Leave,SXY-42-02636,1476.88,1024.3,High quality classic electronics leave from Sonyx.,"{""brand"": ""Sonyx"", ""color"": ""Green"", ""weight_kg"": 0.67, ""warranty_years"": 5}",True
2637,30,2,Deluxe Grocery Century,SSX-42-02637,12.44,6.56,High quality deluxe grocery century from NatureDrop.,"{""brand"": ""NatureDrop"", ""organic"": true, ""expiration_days"": 154}",True
2638,28,55,Smart Automotive Become,CCX-42-02638,212.33,136.57,High quality smart automotive become from DriveClean.,"{""brand"": ""DriveClean"", ""weight_g"": 1233}",True
2639,5,53,Premium Beauty Certain,BPC-42-02639,83.57,41.99,High quality premium beauty certain from SilkSkin.,"{""brand"": ""SilkSkin"", ""weight_g"": 98}",True
2640,1,92,Smart Electronics Quality,EXY-42-02640,1827.49,1203.41,High quality smart electronics quality from TechCo.,"{""brand"": ""TechCo"", ""color"": ""Black"", ""weight_kg"": 2.6, ""warranty_years"": 2}",True
2641,2,34,Pro Apparel Sure,AXY-42-02641,29.18,20.98,High quality pro apparel sure from DenimCo.,"{""brand"": ""DenimCo"", ""color"": ""Blue"", ""size"": ""XXL"", ""material"": ""Wood""}",True
2642,23,91,Ultra Sports Just,CBX-42-02642,205.12,139.06,High quality ultra sports just from FitPulse.,"{""brand"": ""FitPulse"", ""material"": ""Leather"", ""weight_kg"": 8.09}",True
2643,3,16,Premium Home Trade,HKX-42-02643,17.47,7.09,High quality premium home trade from CozyLiving.,"{""brand"": ""CozyLiving"", ""material"": ""Glass"", ""weight_kg"": 10.8}",True
2644,25,33,Smart Beauty Lose,SCX-42-02644,76.13,52.31,High quality smart beauty lose from LuxeHair.,"{""brand"": ""LuxeHair"", ""weight_g"": 300}",True
2645,11,108,Eco Electronics Wall,SXY-42-02645,508.63,263.44,High quality eco electronics wall from TechCo.,"{""brand"": ""TechCo"", ""color"": ""Silver"", ""weight_kg"": 4.41, ""warranty_years"": 1}",True
2646,29,149,Premium Grocery Story,BXY-42-02646,45.57,23.48,High quality premium grocery story from TastyBites.,"{""brand"": ""TastyBites"", ""organic"": true, ""expiration_days"": 313}",True
2647,12,150,Classic Electronics Safe,LCX-42-02647,1134.32,654.89,High quality classic electronics safe from Volt.,"{""brand"": ""Volt"", ""color"": ""Red"", ""weight_kg"": 1.32, ""warranty_years"": 1}",True
2648,25,140,Ultra Beauty Pm,SCX-42-02648,122.75,68.94,High quality ultra beauty pm from LuxeHair.,"{""brand"": ""LuxeHair"", ""weight_g"": 88}",True
2649,5,53,Eco Beauty Wonder,BPC-42-02649,119.08,65.77,High quality eco beauty wonder from HerbEssentials.,"{""brand"": ""HerbEssentials"", ""weight_g"": 623}",True
2650,14,150,Classic Electronics Large,SHD-42-02650,935.9,420.66,High quality classic electronics large from TechCo.,"{""brand"": ""TechCo"", ""color"": ""Yellow"", ""weight_kg"": 0.9, ""warranty_years"": 5}",True
2651,7,21,Classic Toys Price,TGX-42-02651,100.96,56.77,High quality classic toys price from KidZone.,"{""brand"": ""KidZone"", ""weight_g"": 589}",True
2652,25,140,Deluxe Beauty Couple,SCX-42-02652,74.7,55.89,High quality deluxe beauty couple from SilkSkin.,"{""brand"": ""SilkSkin"", ""weight_g"": 1035}",True
2653,22,184,Classic Sports Look,ORX-42-02653,35.29,15.32,High quality classic sports look from FitPulse.,"{""brand"": ""FitPulse"", ""material"": ""Leather"", ""weight_kg"": 13.49}",True
2654,25,33,Premium Beauty Mr,SCX-42-02654,133.86,67.44,High quality premium beauty mr from HerbEssentials.,"{""brand"": ""HerbEssentials"", ""weight_g"": 1080}",True
2655,28,130,Pro Automotive Language,CCX-42-02655,213.17,135.38,High quality pro automotive language from AutoPro.,"{""brand"": ""AutoPro"", ""weight_g"": 381}",True
2656,19,29,Pro Home Old,FXY-42-02656,275.88,184.76,High quality pro home old from ChefChoice.,"{""brand"": ""ChefChoice"", ""material"": ""Wool"", ""weight_kg"": 22.39}",True
2657,6,164,Premium Books Ten,BXY-42-02657,45.17,22.81,High quality premium books ten from Packt.,"{""brand"": ""Packt"", ""weight_g"": 903}",True
2658,14,92,Pro Electronics Listen,SHD-42-02658,289.49,160.92,High quality pro electronics listen from AudioMax.,"{""brand"": ""AudioMax"", ""color"": ""Gray"", ""weight_kg"": 1.24, ""warranty_years"": 1}",True
2659,28,55,Smart Automotive If,CCX-42-02659,283.21,133.93,High quality smart automotive if from TireSafe.,"{""brand"": ""TireSafe"", ""weight_g"": 1024}",True
2660,14,139,Ultra Electronics Hear,SHD-42-02660,293.96,179.7,High quality ultra electronics hear from LinkSys.,"{""brand"": ""LinkSys"", ""color"": ""Green"", ""weight_kg"": 5.8, ""warranty_years"": 5}",True
2661,20,4,Premium Home Draw,BBX-42-02661,334.05,212.17,High quality premium home draw from CozyLiving.,"{""brand"": ""CozyLiving"", ""material"": ""Wood"", ""weight_kg"": 14.99}",True
2662,8,44,Classic Automotive Cultural,AXY-42-02662,21.97,11.36,High quality classic automotive cultural from DriveClean.,"{""brand"": ""DriveClean"", ""weight_g"": 581}",True
2663,1,93,Deluxe Electronics Language,EXY-42-02663,1580.65,1012.5,High quality deluxe electronics language from LinkSys.,"{""brand"": ""LinkSys"", ""color"": ""Silver"", ""weight_kg"": 3.85, ""warranty_years"": 5}",True
2664,24,15,Deluxe Beauty Point,MCX-42-02664,143.76,73.98,High quality deluxe beauty point from LuxeHair.,"{""brand"": ""LuxeHair"", ""weight_g"": 928}",True
2665,9,2,Eco Grocery Account,GGF-42-02665,17.08,10.91,High quality eco grocery account from NatureDrop.,"{""brand"": ""NatureDrop"", ""organic"": false, ""expiration_days"": 240}",True
2666,2,193,Pro Apparel Participant,AXY-42-02666,100.0,60.84,High quality pro apparel participant from DenimCo.,"{""brand"": ""DenimCo"", ""color"": ""Blue"", ""size"": ""M"", ""material"": ""Metal""}",True
2667,6,133,Deluxe Books Moment,BXY-42-02667,69.24,41.91,High quality deluxe books moment from Penguin.,"{""brand"": ""Penguin"", ""weight_g"": 544}",True
2668,27,154,Pro Toys Throw,AFD-42-02668,38.56,26.83,High quality pro toys throw from BrickBuilder.,"{""brand"": ""BrickBuilder"", ""weight_g"": 874}",True
2669,24,199,Ultra Beauty Side,MCX-42-02669,23.88,15.64,High quality ultra beauty side from GlowUp.,"{""brand"": ""GlowUp"", ""weight_g"": 1496}",True
2670,6,38,Premium Books Economic,BXY-42-02670,75.95,34.29,High quality premium books economic from Penguin.,"{""brand"": ""Penguin"", ""weight_g"": 203}",True
2671,27,121,Pro Toys Seem,AFD-42-02671,101.31,63.62,High quality pro toys seem from KidZone.,"{""brand"": ""KidZone"", ""weight_g"": 1292}",True
2672,4,123,Deluxe Sports More,SOX-42-02672,57.77,26.43,High quality deluxe sports more from FitPulse.,"{""brand"": ""FitPulse"", ""material"": ""Wool"", ""weight_kg"": 15.61}",True
2673,18,75,Smart Home Exist,KAX-42-02673,104.51,51.61,High quality smart home exist from ChefChoice.,"{""brand"": ""ChefChoice"", ""material"": ""Leather"", ""weight_kg"": 1.29}",True
2674,6,28,Premium Books Item,BXY-42-02674,68.16,50.05,High quality premium books item from Harper.,"{""brand"": ""Harper"", ""weight_g"": 1247}",True
2675,28,44,Eco Automotive With,CCX-42-02675,60.22,43.03,High quality eco automotive with from TireSafe.,"{""brand"": ""TireSafe"", ""weight_g"": 1214}",True
2676,26,154,Classic Toys Office,BGX-42-02676,11.53,8.63,High quality classic toys office from BrickBuilder.,"{""brand"": ""BrickBuilder"", ""weight_g"": 1439}",True
2677,13,92,Pro Electronics Part,AHX-42-02677,1001.0,427.53,High quality pro electronics part from LinkSys.,"{""brand"": ""LinkSys"", ""color"": ""Black"", ""weight_kg"": 6.96, ""warranty_years"": 5}",True
2678,15,9,Premium Apparel Hit,FXY-42-02678,185.1,126.27,High quality premium apparel hit from DenimCo.,"{""brand"": ""DenimCo"", ""color"": ""Gray"", ""size"": ""L"", ""material"": ""Cotton""}",True
2679,29,60,Classic Grocery Along,BXY-42-02679,34.89,25.45,High quality classic grocery along from TastyBites.,"{""brand"": ""TastyBites"", ""organic"": true, ""expiration_days"": 104}",True
2680,14,158,Classic Electronics Always,SHD-42-02680,928.5,453.88,High quality classic electronics always from Quant.,"{""brand"": ""Quant"", ""color"": ""Navy"", ""weight_kg"": 1.87, ""warranty_years"": 1}",True
2681,28,168,Pro Automotive Out,CCX-42-02681,52.17,25.96,High quality pro automotive out from TireSafe.,"{""brand"": ""TireSafe"", ""weight_g"": 544}",True
2682,30,167,Smart Grocery Meeting,SSX-42-02682,2.26,1.08,High quality smart grocery meeting from OrganicWay.,"{""brand"": ""OrganicWay"", ""organic"": false, ""expiration_days"": 176}",True
2683,9,3,Eco Grocery Sea,GGF-42-02683,9.5,4.96,High quality eco grocery sea from NatureDrop.,"{""brand"": ""NatureDrop"", ""organic"": true, ""expiration_days"": 319}",True
2684,8,188,Ultra Automotive Home,AXY-42-02684,71.34,40.07,High quality ultra automotive home from TireSafe.,"{""brand"": ""TireSafe"", ""weight_g"": 419}",True
2685,18,16,Deluxe Home Budget,KAX-42-02685,140.65,84.45,High quality deluxe home budget from ChefChoice.,"{""brand"": ""ChefChoice"", ""material"": ""Leather"", ""weight_kg"": 9.03}",True
2686,2,85,Pro Apparel Partner,AXY-42-02686,195.24,116.58,High quality pro apparel partner from ThreadWear.,"{""brand"": ""ThreadWear"", ""color"": ""Silver"", ""size"": ""L"", ""material"": ""Wood""}",True
2687,15,111,Pro Apparel Meet,FXY-42-02687,132.72,91.37,High quality pro apparel meet from Vogue.,"{""brand"": ""Vogue"", ""color"": ""Pink"", ""size"": ""XXL"", ""material"": ""Metal""}",True
2688,12,87,Eco Electronics Rock,LCX-42-02688,1184.46,583.55,High quality eco electronics rock from AudioMax.,"{""brand"": ""AudioMax"", ""color"": ""Navy"", ""weight_kg"": 3.05, ""warranty_years"": 5}",True
2689,24,7,Classic Beauty Base,MCX-42-02689,78.32,46.3,High quality classic beauty base from GlowUp.,"{""brand"": ""GlowUp"", ""weight_g"": 907}",True
2690,24,81,Deluxe Beauty Change,MCX-42-02690,149.09,98.96,High quality deluxe beauty change from GlowUp.,"{""brand"": ""GlowUp"", ""weight_g"": 397}",True
2691,2,142,Premium Apparel Show,AXY-42-02691,11.94,7.76,High quality premium apparel show from UrbanStyle.,"{""brand"": ""UrbanStyle"", ""color"": ""Silver"", ""size"": ""XL"", ""material"": ""Cotton""}",True
2692,6,38,Deluxe Books Side,BXY-42-02692,63.56,45.54,High quality deluxe books side from OReilly.,"{""brand"": ""OReilly"", ""weight_g"": 537}",True
2693,20,4,Premium Home New,BBX-42-02693,234.4,138.24,High quality premium home new from DecoHome.,"{""brand"": ""DecoHome"", ""material"": ""Wool"", ""weight_kg"": 22.52}",True
2694,12,87,Ultra Electronics Town,LCX-42-02694,509.59,234.75,High quality ultra electronics town from Sonyx.,"{""brand"": ""Sonyx"", ""color"": ""Blue"", ""weight_kg"": 0.63, ""warranty_years"": 2}",True
2695,26,96,Classic Toys Social,BGX-42-02695,109.65,74.77,High quality classic toys social from PlayTime.,"{""brand"": ""PlayTime"", ""weight_g"": 282}",True
2696,20,163,Classic Home Start,BBX-42-02696,192.6,99.8,High quality classic home start from KitchenAid.,"{""brand"": ""KitchenAid"", ""material"": ""Leather"", ""weight_kg"": 21.46}",True
2697,19,106,Classic Home Far,FXY-42-02697,653.33,446.22,High quality classic home far from DecoHome.,"{""brand"": ""DecoHome"", ""material"": ""Leather"", ""weight_kg"": 19.0}",True
2698,8,55,Ultra Automotive Make,AXY-42-02698,263.17,132.4,High quality ultra automotive make from TireSafe.,"{""brand"": ""TireSafe"", ""weight_g"": 384}",True
2699,19,82,Premium Home Nation,FXY-42-02699,118.83,81.3,High quality premium home nation from CozyLiving.,"{""brand"": ""CozyLiving"", ""material"": ""Leather"", ""weight_kg"": 3.5}",True
2700,27,89,Smart Toys Bar,AFD-42-02700,92.79,40.05,High quality smart toys bar from PlayTime.,"{""brand"": ""PlayTime"", ""weight_g"": 959}",True
2701,25,57,Deluxe Beauty Necessary,SCX-42-02701,113.95,61.25,High quality deluxe beauty necessary from SilkSkin.,"{""brand"": ""SilkSkin"", ""weight_g"": 165}",True
2702,4,71,Ultra Sports Voice,SOX-42-02702,125.15,71.8,High quality ultra sports voice from PeakGear.,"{""brand"": ""PeakGear"", ""material"": ""Glass"", ""weight_kg"": 11.76}",True
2703,19,75,Premium Home Poor,FXY-42-02703,233.12,98.6,High quality premium home poor from ChefChoice.,"{""brand"": ""ChefChoice"", ""material"": ""Wool"", ""weight_kg"": 15.08}",True
2704,28,69,Pro Automotive Behavior,CCX-42-02704,194.07,116.1,High quality pro automotive behavior from MotorMax.,"{""brand"": ""MotorMax"", ""weight_g"": 1324}",True
2705,26,24,Pro Toys Else,BGX-42-02705,74.46,34.5,High quality pro toys else from PlayTime.,"{""brand"": ""PlayTime"", ""weight_g"": 1489}",True
2706,8,40,Pro Automotive Marriage,AXY-42-02706,147.08,70.78,High quality pro automotive marriage from DriveClean.,"{""brand"": ""DriveClean"", ""weight_g"": 917}",True
2707,28,69,Deluxe Automotive Professor,CCX-42-02707,144.67,65.52,High quality deluxe automotive professor from TireSafe.,"{""brand"": ""TireSafe"", ""weight_g"": 565}",True
2708,13,56,Premium Electronics Site,AHX-42-02708,1796.65,807.87,High quality premium electronics site from LinkSys.,"{""brand"": ""LinkSys"", ""color"": ""Green"", ""weight_kg"": 1.05, ""warranty_years"": 2}",True
2709,1,8,Eco Electronics Record,EXY-42-02709,1150.74,524.07,High quality eco electronics record from LinkSys.,"{""brand"": ""LinkSys"", ""color"": ""Red"", ""weight_kg"": 2.59, ""warranty_years"": 2}",True
2710,9,3,Premium Grocery Relate,GGF-42-02710,11.17,7.22,High quality premium grocery relate from NatureDrop.,"{""brand"": ""NatureDrop"", ""organic"": true, ""expiration_days"": 179}",True
2711,12,8,Eco Electronics Bank,LCX-42-02711,649.23,321.25,High quality eco electronics bank from Sonyx.,"{""brand"": ""Sonyx"", ""color"": ""White"", ""weight_kg"": 4.7, ""warranty_years"": 1}",True
2712,10,94,Deluxe Office Products Return,OPX-42-02712,66.95,27.94,High quality deluxe office products return from DeskWork.,"{""brand"": ""DeskWork"", ""weight_g"": 1043}",True
2713,30,171,Pro Grocery Property,SSX-42-02713,24.13,10.83,High quality pro grocery property from TastyBites.,"{""brand"": ""TastyBites"", ""organic"": false, ""expiration_days"": 364}",True
2714,24,53,Premium Beauty Notice,MCX-42-02714,129.7,58.84,High quality premium beauty notice from SilkSkin.,"{""brand"": ""SilkSkin"", ""weight_g"": 1500}",True
2715,27,89,Eco Toys Success,AFD-42-02715,79.11,50.34,High quality eco toys success from PlayTime.,"{""brand"": ""PlayTime"", ""weight_g"": 1259}",True
2716,6,11,Pro Books Particularly,BXY-42-02716,29.78,17.57,High quality pro books particularly from Penguin.,"{""brand"": ""Penguin"", ""weight_g"": 933}",True
2717,16,165,Ultra Apparel Forget,FXY-42-02717,82.62,49.66,High quality ultra apparel forget from Vogue.,"{""brand"": ""Vogue"", ""color"": ""Silver"", ""size"": ""XL"", ""material"": ""Wood""}",True
2718,12,56,Premium Electronics Position,LCX-42-02718,728.78,449.02,High quality premium electronics position from Sonyx.,"{""brand"": ""Sonyx"", ""color"": ""Blue"", ""weight_kg"": 3.79, ""warranty_years"": 3}",True
2719,14,92,Eco Electronics Argue,SHD-42-02719,133.51,77.69,High quality eco electronics argue from LinkSys.,"{""brand"": ""LinkSys"", ""color"": ""Blue"", ""weight_kg"": 5.91, ""warranty_years"": 2}",True
2720,27,179,Classic Toys Well,AFD-42-02720,69.56,51.5,High quality classic toys well from KidZone.,"{""brand"": ""KidZone"", ""weight_g"": 1028}",True
2721,5,80,Smart Beauty Gun,BPC-42-02721,119.34,48.49,High quality smart beauty gun from HerbEssentials.,"{""brand"": ""HerbEssentials"", ""weight_g"": 864}",True
2722,16,34,Classic Apparel Nor,FXY-42-02722,135.11,90.88,High quality classic apparel nor from ActiveFit.,"{""brand"": ""ActiveFit"", ""color"": ""Gray"", ""size"": ""XXL"", ""material"": ""Plastic""}",True
2723,24,57,Ultra Beauty Start,MCX-42-02723,16.62,10.05,High quality ultra beauty start from SilkSkin.,"{""brand"": ""SilkSkin"", ""weight_g"": 403}",True
2724,6,103,Ultra Books Activity,BXY-42-02724,8.62,3.77,High quality ultra books activity from OReilly.,"{""brand"": ""OReilly"", ""weight_g"": 1409}",True
2725,30,191,Classic Grocery Manager,SSX-42-02725,21.48,14.28,High quality classic grocery manager from SweetTreats.,"{""brand"": ""SweetTreats"", ""organic"": true, ""expiration_days"": 292}",True
2726,14,87,Ultra Electronics Long,SHD-42-02726,1186.19,579.08,High quality ultra electronics long from AudioMax.,"{""brand"": ""AudioMax"", ""color"": ""Black"", ""weight_kg"": 0.82, ""warranty_years"": 2}",True
2727,26,26,Classic Toys Music,BGX-42-02727,37.03,18.36,High quality classic toys music from BrickBuilder.,"{""brand"": ""BrickBuilder"", ""weight_g"": 1266}",True
2728,1,150,Pro Electronics Western,EXY-42-02728,46.62,30.11,High quality pro electronics western from Quant.,"{""brand"": ""Quant"", ""color"": ""Silver"", ""weight_kg"": 6.67, ""warranty_years"": 5}",True
2729,2,34,Deluxe Apparel Manager,AXY-42-02729,87.88,35.16,High quality deluxe apparel manager from ActiveFit.,"{""brand"": ""ActiveFit"", ""color"": ""Black"", ""size"": ""XL"", ""material"": ""Plastic""}",True
2730,14,87,Classic Electronics Painting,SHD-42-02730,386.52,219.17,High quality classic electronics painting from AudioMax.,"{""brand"": ""AudioMax"", ""color"": ""Black"", ""weight_kg"": 0.25, ""warranty_years"": 2}",True
2731,20,16,Smart Home Similar,BBX-42-02731,54.17,36.08,High quality smart home similar from DecoHome.,"{""brand"": ""DecoHome"", ""material"": ""Leather"", ""weight_kg"": 9.58}",True
2732,7,154,Classic Toys Glass,TGX-42-02732,78.11,34.92,High quality classic toys glass from KidZone.,"{""brand"": ""KidZone"", ""weight_g"": 241}",True
2733,3,124,Eco Home Know,HKX-42-02733,189.42,132.26,High quality eco home know from KitchenAid.,"{""brand"": ""KitchenAid"", ""material"": ""Wood"", ""weight_kg"": 24.14}",True
2734,30,155,Premium Grocery Head,SSX-42-02734,8.89,5.07,High quality premium grocery head from NatureDrop.,"{""brand"": ""NatureDrop"", ""organic"": false, ""expiration_days"": 153}",True
2735,13,56,Deluxe Electronics Success,AHX-42-02735,1848.47,1223.55,High quality deluxe electronics success from TechCo.,"{""brand"": ""TechCo"", ""color"": ""Yellow"", ""weight_kg"": 7.81, ""warranty_years"": 2}",True
2736,13,92,Classic Electronics Financial,AHX-42-02736,452.41,264.21,High quality classic electronics financial from TechCo.,"{""brand"": ""TechCo"", ""color"": ""Black"", ""weight_kg"": 4.62, ""warranty_years"": 2}",True
2737,15,49,Pro Apparel Figure,FXY-42-02737,47.98,26.31,High quality pro apparel figure from DenimCo.,"{""brand"": ""DenimCo"", ""color"": ""Silver"", ""size"": ""S"", ""material"": ""Polyester""}",True
2738,7,70,Eco Toys Computer,TGX-42-02738,96.52,42.48,High quality eco toys computer from BoardFun.,"{""brand"": ""BoardFun"", ""weight_g"": 629}",True
2739,23,65,Ultra Sports Also,CBX-42-02739,482.67,243.69,High quality ultra sports also from PeakGear.,"{""brand"": ""PeakGear"", ""material"": ""Wood"", ""weight_kg"": 9.05}",True
2740,29,50,Pro Grocery Run,BXY-42-02740,7.58,5.02,High quality pro grocery run from TastyBites.,"{""brand"": ""TastyBites"", ""organic"": false, ""expiration_days"": 250}",True
2741,22,100,Pro Sports Wind,ORX-42-02741,264.06,149.67,High quality pro sports wind from PeakGear.,"{""brand"": ""PeakGear"", ""material"": ""Wood"", ""weight_kg"": 21.54}",True
2742,7,89,Premium Toys Picture,TGX-42-02742,76.48,35.41,High quality premium toys picture from BoardFun.,"{""brand"": ""BoardFun"", ""weight_g"": 927}",True
2743,26,24,Premium Toys So,BGX-42-02743,62.07,43.48,High quality premium toys so from KidZone.,"{""brand"": ""KidZone"", ""weight_g"": 90}",True
2744,3,98,Ultra Home Fly,HKX-42-02744,501.48,299.7,High quality ultra home fly from CozyLiving.,"{""brand"": ""CozyLiving"", ""material"": ""Wool"", ""weight_kg"": 1.51}",True
2745,6,74,Classic Books Short,BXY-42-02745,48.35,26.88,High quality classic books short from OReilly.,"{""brand"": ""OReilly"", ""weight_g"": 209}",True
2746,25,81,Pro Beauty Still,SCX-42-02746,29.39,14.52,High quality pro beauty still from HerbEssentials.,"{""brand"": ""HerbEssentials"", ""weight_g"": 452}",True
2747,17,111,Deluxe Apparel Organization,FSX-42-02747,118.79,66.17,High quality deluxe apparel organization from ThreadWear.,"{""brand"": ""ThreadWear"", ""color"": ""Silver"", ""size"": ""M"", ""material"": ""Metal""}",True
2748,25,95,Deluxe Beauty Ever,SCX-42-02748,58.61,28.07,High quality deluxe beauty ever from SilkSkin.,"{""brand"": ""SilkSkin"", ""weight_g"": 906}",True
2749,18,124,Ultra Home Ask,KAX-42-02749,47.55,30.47,High quality ultra home ask from DecoHome.,"{""brand"": ""DecoHome"", ""material"": ""Wood"", ""weight_kg"": 18.48}",True
2750,9,10,Premium Grocery Professional,GGF-42-02750,33.34,24.76,High quality premium grocery professional from NatureDrop.,"{""brand"": ""NatureDrop"", ""organic"": true, ""expiration_days"": 266}",True
2751,28,130,Eco Automotive Material,CCX-42-02751,189.62,96.62,High quality eco automotive material from MotorMax.,"{""brand"": ""MotorMax"", ""weight_g"": 407}",True
2752,3,79,Deluxe Home Particular,HKX-42-02752,585.0,282.0,High quality deluxe home particular from KitchenAid.,"{""brand"": ""KitchenAid"", ""material"": ""Cotton"", ""weight_kg"": 14.75}",True
2753,8,176,Pro Automotive Condition,AXY-42-02753,162.42,79.85,High quality pro automotive condition from AutoPro.,"{""brand"": ""AutoPro"", ""weight_g"": 674}",True
2754,16,165,Classic Apparel Page,FXY-42-02754,130.67,85.98,High quality classic apparel page from Vogue.,"{""brand"": ""Vogue"", ""color"": ""Yellow"", ""size"": ""XL"", ""material"": ""Metal""}",True
2755,9,43,Pro Grocery Approach,GGF-42-02755,23.94,12.9,High quality pro grocery approach from OrganicWay.,"{""brand"": ""OrganicWay"", ""organic"": false, ""expiration_days"": 343}",True
2756,28,135,Pro Automotive Realize,CCX-42-02756,264.15,129.37,High quality pro automotive realize from TireSafe.,"{""brand"": ""TireSafe"", ""weight_g"": 319}",True
2757,22,100,Deluxe Sports Film,ORX-42-02757,378.73,205.06,High quality deluxe sports film from PeakGear.,"{""brand"": ""PeakGear"", ""material"": ""Plastic"", ""weight_kg"": 16.65}",True
2758,29,10,Eco Grocery Table,BXY-42-02758,26.93,18.47,High quality eco grocery table from OrganicWay.,"{""brand"": ""OrganicWay"", ""organic"": true, ""expiration_days"": 86}",True
2759,15,120,Deluxe Apparel Sing,FXY-42-02759,185.66,85.11,High quality deluxe apparel sing from ThreadWear.,"{""brand"": ""ThreadWear"", ""color"": ""Black"", ""size"": ""XL"", ""material"": ""Metal""}",True
2760,11,8,Deluxe Electronics Probably,SXY-42-02760,1401.06,879.07,High quality deluxe electronics probably from LinkSys.,"{""brand"": ""LinkSys"", ""color"": ""Green"", ""weight_kg"": 0.26, ""warranty_years"": 2}",True
2761,12,107,Classic Electronics Agreement,LCX-42-02761,1510.74,830.82,High quality classic electronics agreement from TechCo.,"{""brand"": ""TechCo"", ""color"": ""Gray"", ""weight_kg"": 5.68, ""warranty_years"": 5}",True
2762,9,129,Premium Grocery Few,GGF-42-02762,30.42,14.78,High quality premium grocery few from SweetTreats.,"{""brand"": ""SweetTreats"", ""organic"": false, ""expiration_days"": 340}",True
2763,15,175,Pro Apparel Memory,FXY-42-02763,50.09,34.37,High quality pro apparel memory from ThreadWear.,"{""brand"": ""ThreadWear"", ""color"": ""Pink"", ""size"": ""S"", ""material"": ""Wool""}",True
2764,24,33,Pro Beauty Beautiful,MCX-42-02764,65.99,46.9,High quality pro beauty beautiful from HerbEssentials.,"{""brand"": ""HerbEssentials"", ""weight_g"": 216}",True
2765,20,1,Eco Home Card,BBX-42-02765,620.31,346.28,High quality eco home card from ChefChoice.,"{""brand"": ""ChefChoice"", ""material"": ""Plastic"", ""weight_kg"": 5.84}",True
2766,25,57,Premium Beauty Mouth,SCX-42-02766,103.06,70.38,High quality premium beauty mouth from LuxeHair.,"{""brand"": ""LuxeHair"", ""weight_g"": 1014}",True
2767,25,47,Eco Beauty Ball,SCX-42-02767,88.03,41.51,High quality eco beauty ball from SilkSkin.,"{""brand"": ""SilkSkin"", ""weight_g"": 1476}",True
2768,17,177,Deluxe Apparel Today,FSX-42-02768,127.4,88.76,High quality deluxe apparel today from DenimCo.,"{""brand"": ""DenimCo"", ""color"": ""Green"", ""size"": ""XS"", ""material"": ""Plastic""}",True
2769,26,173,Eco Toys Step,BGX-42-02769,45.49,18.54,High quality eco toys step from BoardFun.,"{""brand"": ""BoardFun"", ""weight_g"": 1219}",True
2770,5,33,Premium Beauty Fall,BPC-42-02770,125.12,80.46,High quality premium beauty fall from HerbEssentials.,"{""brand"": ""HerbEssentials"", ""weight_g"": 1376}",True
2771,28,181,Premium Automotive Entire,CCX-42-02771,129.66,83.64,High quality premium automotive entire from TireSafe.,"{""brand"": ""TireSafe"", ""weight_g"": 1448}",True
2772,24,81,Ultra Beauty Cause,MCX-42-02772,9.31,5.0,High quality ultra beauty cause from GlowUp.,"{""brand"": ""GlowUp"", ""weight_g"": 192}",True
2773,13,150,Eco Electronics Power,AHX-42-02773,342.46,248.57,High quality eco electronics power from TechCo.,"{""brand"": ""TechCo"", ""color"": ""Yellow"", ""weight_kg"": 1.61, ""warranty_years"": 2}",True
2774,25,199,Eco Beauty Fast,SCX-42-02774,78.8,48.5,High quality eco beauty fast from SilkSkin.,"{""brand"": ""SilkSkin"", ""weight_g"": 1054}",True
2775,4,136,Deluxe Sports Face,SOX-42-02775,81.19,52.44,High quality deluxe sports face from TrailBlaze.,"{""brand"": ""TrailBlaze"", ""material"": ""Leather"", ""weight_kg"": 11.86}",True
2776,15,193,Pro Apparel Toward,FXY-42-02776,183.74,73.89,High quality pro apparel toward from ActiveFit.,"{""brand"": ""ActiveFit"", ""color"": ""Navy"", ""size"": ""M"", ""material"": ""Wool""}",True
2777,13,126,Eco Electronics Even,AHX-42-02777,598.03,245.53,High quality eco electronics even from AudioMax.,"{""brand"": ""AudioMax"", ""color"": ""Navy"", ""weight_kg"": 4.33, ""warranty_years"": 2}",True
2778,29,10,Classic Grocery Address,BXY-42-02778,34.38,16.61,High quality classic grocery address from NatureDrop.,"{""brand"": ""NatureDrop"", ""organic"": true, ""expiration_days"": 67}",True
2779,10,131,Pro Office Products Site,OPX-42-02779,77.73,47.7,High quality pro office products site from DeskWork.,"{""brand"": ""DeskWork"", ""weight_g"": 104}",True
2780,13,126,Deluxe Electronics Brother,AHX-42-02780,375.67,231.38,High quality deluxe electronics brother from LinkSys.,"{""brand"": ""LinkSys"", ""color"": ""Yellow"", ""weight_kg"": 1.6, ""warranty_years"": 3}",True
2781,9,172,Classic Grocery Pm,GGF-42-02781,27.46,20.2,High quality classic grocery pm from TastyBites.,"{""brand"": ""TastyBites"", ""organic"": false, ""expiration_days"": 347}",True
2782,26,70,Deluxe Toys Contain,BGX-42-02782,99.29,63.95,High quality deluxe toys contain from PlayTime.,"{""brand"": ""PlayTime"", ""weight_g"": 1004}",True
2783,24,95,Deluxe Beauty Where,MCX-42-02783,21.19,11.97,High quality deluxe beauty where from GlowUp.,"{""brand"": ""GlowUp"", ""weight_g"": 841}",True
2784,21,100,Ultra Sports Perhaps,FGX-42-02784,477.15,236.13,High quality ultra sports perhaps from PeakGear.,"{""brand"": ""PeakGear"", ""material"": ""Plastic"", ""weight_kg"": 22.13}",True
2785,17,153,Premium Apparel Single,FSX-42-02785,174.1,115.87,High quality premium apparel single from ThreadWear.,"{""brand"": ""ThreadWear"", ""color"": ""Green"", ""size"": ""XXL"", ""material"": ""Metal""}",True
2786,29,171,Deluxe Grocery City,BXY-42-02786,46.21,29.13,High quality deluxe grocery city from OrganicWay.,"{""brand"": ""OrganicWay"", ""organic"": false, ""expiration_days"": 10}",True
2787,7,121,Premium Toys Reason,TGX-42-02787,95.22,41.9,High quality premium toys reason from BrickBuilder.,"{""brand"": ""BrickBuilder"", ""weight_g"": 894}",True
2788,21,91,Ultra Sports Likely,FGX-42-02788,26.05,18.44,High quality ultra sports likely from PeakGear.,"{""brand"": ""PeakGear"", ""material"": ""Cotton"", ""weight_kg"": 13.18}",True
2789,29,10,Smart Grocery Hope,BXY-42-02789,23.8,12.87,High quality smart grocery hope from TastyBites.,"{""brand"": ""TastyBites"", ""organic"": false, ""expiration_days"": 291}",True
2790,6,74,Classic Books System,BXY-42-02790,67.97,47.23,High quality classic books system from Penguin.,"{""brand"": ""Penguin"", ""weight_g"": 1402}",True
2791,28,23,Eco Automotive Continue,CCX-42-02791,140.0,81.3,High quality eco automotive continue from MotorMax.,"{""brand"": ""MotorMax"", ""weight_g"": 1207}",True
2792,6,143,Pro Books Every,BXY-42-02792,53.46,23.05,High quality pro books every from Springer.,"{""brand"": ""Springer"", ""weight_g"": 54}",True
2793,14,174,Smart Electronics Stay,SHD-42-02793,1192.83,524.03,High quality smart electronics stay from Quant.,"{""brand"": ""Quant"", ""color"": ""White"", ""weight_kg"": 1.45, ""warranty_years"": 5}",True
2794,13,107,Smart Electronics School,AHX-42-02794,282.21,167.95,High quality smart electronics school from Sonyx.,"{""brand"": ""Sonyx"", ""color"": ""Black"", ""weight_kg"": 2.0, ""warranty_years"": 1}",True
2795,15,12,Pro Apparel Eat,FXY-42-02795,130.76,89.12,High quality pro apparel eat from Vogue.,"{""brand"": ""Vogue"", ""color"": ""Red"", ""size"": ""M"", ""material"": ""Metal""}",True
2796,7,96,Eco Toys Memory,TGX-42-02796,98.34,52.47,High quality eco toys memory from BrickBuilder.,"{""brand"": ""BrickBuilder"", ""weight_g"": 1364}",True
2797,9,60,Pro Grocery Course,GGF-42-02797,49.92,31.86,High quality pro grocery course from OrganicWay.,"{""brand"": ""OrganicWay"", ""organic"": true, ""expiration_days"": 101}",True
2798,1,139,Eco Electronics Successful,EXY-42-02798,1497.83,1024.03,High quality eco electronics successful from Sonyx.,"{""brand"": ""Sonyx"", ""color"": ""Red"", ""weight_kg"": 1.38, ""warranty_years"": 3}",True
2799,7,112,Ultra Toys News,TGX-42-02799,75.63,45.75,High quality ultra toys news from BrickBuilder.,"{""brand"": ""BrickBuilder"", ""weight_g"": 989}",True
2800,12,87,Classic Electronics Training,LCX-42-02800,37.73,22.37,High quality classic electronics training from LinkSys.,"{""brand"": ""LinkSys"", ""color"": ""Yellow"", ""weight_kg"": 3.3, ""warranty_years"": 1}",True
2801,8,188,Premium Automotive Alone,AXY-42-02801,116.13,77.39,High quality premium automotive alone from DriveClean.,"{""brand"": ""DriveClean"", ""weight_g"": 651}",True
2802,8,141,Eco Automotive Gun,AXY-42-02802,98.88,68.78,High quality eco automotive gun from MotorMax.,"{""brand"": ""MotorMax"", ""weight_g"": 136}",True
2803,12,93,Classic Electronics Become,LCX-42-02803,460.17,307.13,High quality classic electronics become from LinkSys.,"{""brand"": ""LinkSys"", ""color"": ""White"", ""weight_kg"": 5.63, ""warranty_years"": 5}",True
2804,26,96,Premium Toys Check,BGX-42-02804,95.68,47.59,High quality premium toys check from BrickBuilder.,"{""brand"": ""BrickBuilder"", ""weight_g"": 869}",True
2805,27,179,Smart Toys Physical,AFD-42-02805,39.92,28.22,High quality smart toys physical from BrickBuilder.,"{""brand"": ""BrickBuilder"", ""weight_g"": 293}",True
2806,12,158,Pro Electronics World,LCX-42-02806,1439.36,803.33,High quality pro electronics world from Sonyx.,"{""brand"": ""Sonyx"", ""color"": ""Pink"", ""weight_kg"": 3.02, ""warranty_years"": 5}",True
2807,14,84,Ultra Electronics Term,SHD-42-02807,1998.14,1471.14,High quality ultra electronics term from Quant.,"{""brand"": ""Quant"", ""color"": ""Black"", ""weight_kg"": 3.11, ""warranty_years"": 5}",True
2808,20,194,Classic Home Class,BBX-42-02808,505.57,295.82,High quality classic home class from KitchenAid.,"{""brand"": ""KitchenAid"", ""material"": ""Wool"", ""weight_kg"": 9.63}",True
2809,10,198,Deluxe Office Products Third,OPX-42-02809,81.84,60.46,High quality deluxe office products third from OfficePro.,"{""brand"": ""OfficePro"", ""weight_g"": 326}",True
2810,24,7,Smart Beauty Mission,MCX-42-02810,142.94,66.48,High quality smart beauty mission from LuxeHair.,"{""brand"": ""LuxeHair"", ""weight_g"": 427}",True
2811,6,133,Pro Books Soldier,BXY-42-02811,48.58,21.62,High quality pro books soldier from Packt.,"{""brand"": ""Packt"", ""weight_g"": 865}",True
2812,3,90,Pro Home Itself,HKX-42-02812,759.67,455.21,High quality pro home itself from DecoHome.,"{""brand"": ""DecoHome"", ""material"": ""Leather"", ""weight_kg"": 22.37}",True
2813,13,126,Smart Electronics Speech,AHX-42-02813,1970.83,1415.13,High quality smart electronics speech from AudioMax.,"{""brand"": ""AudioMax"", ""color"": ""Silver"", ""weight_kg"": 4.75, ""warranty_years"": 2}",True
2814,7,96,Deluxe Toys Identify,TGX-42-02814,92.66,60.89,High quality deluxe toys identify from KidZone.,"{""brand"": ""KidZone"", ""weight_g"": 1188}",True
2815,17,117,Ultra Apparel Economy,FSX-42-02815,144.92,80.84,High quality ultra apparel economy from ActiveFit.,"{""brand"": ""ActiveFit"", ""color"": ""Green"", ""size"": ""XS"", ""material"": ""Metal""}",True
2816,4,78,Smart Sports Recent,SOX-42-02816,131.13,60.38,High quality smart sports recent from FitPulse.,"{""brand"": ""FitPulse"", ""material"": ""Leather"", ""weight_kg"": 2.84}",True
2817,7,169,Deluxe Toys Less,TGX-42-02817,68.07,31.75,High quality deluxe toys less from PlayTime.,"{""brand"": ""PlayTime"", ""weight_g"": 366}",True
2818,5,80,Premium Beauty She,BPC-42-02818,6.43,2.58,High quality premium beauty she from HerbEssentials.,"{""brand"": ""HerbEssentials"", ""weight_g"": 659}",True
2819,2,165,Pro Apparel Public,AXY-42-02819,195.99,126.3,High quality pro apparel public from Vogue.,"{""brand"": ""Vogue"", ""color"": ""Navy"", ""size"": ""XXL"", ""material"": ""Polyester""}",True
2820,26,89,Deluxe Toys Computer,BGX-42-02820,91.53,57.8,High quality deluxe toys computer from PlayTime.,"{""brand"": ""PlayTime"", ""weight_g"": 632}",True
2821,24,200,Premium Beauty Develop,MCX-42-02821,86.78,41.33,High quality premium beauty develop from GlowUp.,"{""brand"": ""GlowUp"", ""weight_g"": 468}",True
2822,17,153,Eco Apparel Participant,FSX-42-02822,104.18,47.23,High quality eco apparel participant from UrbanStyle.,"{""brand"": ""UrbanStyle"", ""color"": ""Yellow"", ""size"": ""S"", ""material"": ""Cotton""}",True
2823,19,138,Deluxe Home Similar,FXY-42-02823,439.01,274.62,High quality deluxe home similar from ChefChoice.,"{""brand"": ""ChefChoice"", ""material"": ""Metal"", ""weight_kg"": 4.41}",True
2824,26,173,Premium Toys Thousand,BGX-42-02824,113.38,50.73,High quality premium toys thousand from BoardFun.,"{""brand"": ""BoardFun"", ""weight_g"": 1321}",True
2825,23,166,Ultra Sports Hair,CBX-42-02825,79.91,46.47,High quality ultra sports hair from FitPulse.,"{""brand"": ""FitPulse"", ""material"": ""Leather"", ""weight_kg"": 1.26}",True
2826,30,152,Deluxe Grocery Arm,SSX-42-02826,49.68,27.32,High quality deluxe grocery arm from OrganicWay.,"{""brand"": ""OrganicWay"", ""organic"": false, ""expiration_days"": 296}",True
2827,29,172,Smart Grocery Quality,BXY-42-02827,21.23,15.29,High quality smart grocery quality from OrganicWay.,"{""brand"": ""OrganicWay"", ""organic"": false, ""expiration_days"": 215}",True
2828,18,20,Eco Home Everything,KAX-42-02828,705.29,303.14,High quality eco home everything from CozyLiving.,"{""brand"": ""CozyLiving"", ""material"": ""Leather"", ""weight_kg"": 15.88}",True
2829,1,108,Smart Electronics Someone,EXY-42-02829,1239.06,673.01,High quality smart electronics someone from Quant.,"{""brand"": ""Quant"", ""color"": ""Navy"", ""weight_kg"": 2.73, ""warranty_years"": 5}",True
2830,5,189,Eco Beauty Ten,BPC-42-02830,115.85,83.46,High quality eco beauty ten from HerbEssentials.,"{""brand"": ""HerbEssentials"", ""weight_g"": 63}",True
2831,10,94,Classic Office Products Business,OPX-42-02831,79.74,40.47,High quality classic office products business from PaperMate.,"{""brand"": ""PaperMate"", ""weight_g"": 384}",True
2832,11,87,Pro Electronics Area,SXY-42-02832,1929.44,1215.21,High quality pro electronics area from AudioMax.,"{""brand"": ""AudioMax"", ""color"": ""Navy"", ""weight_kg"": 2.59, ""warranty_years"": 5}",True
2833,4,37,Ultra Sports Computer,SOX-42-02833,30.66,17.52,High quality ultra sports computer from TrailBlaze.,"{""brand"": ""TrailBlaze"", ""material"": ""Polyester"", ""weight_kg"": 12.66}",True
2834,12,8,Smart Electronics Majority,LCX-42-02834,467.0,200.88,High quality smart electronics majority from AudioMax.,"{""brand"": ""AudioMax"", ""color"": ""Silver"", ""weight_kg"": 7.73, ""warranty_years"": 2}",True
2835,23,97,Smart Sports Inside,CBX-42-02835,417.5,275.75,High quality smart sports inside from PeakGear.,"{""brand"": ""PeakGear"", ""material"": ""Leather"", ""weight_kg"": 13.13}",True
2836,7,70,Eco Toys Maybe,TGX-42-02836,60.56,28.25,High quality eco toys maybe from BrickBuilder.,"{""brand"": ""BrickBuilder"", ""weight_g"": 651}",True
2837,28,105,Smart Automotive Fish,CCX-42-02837,86.14,47.98,High quality smart automotive fish from AutoPro.,"{""brand"": ""AutoPro"", ""weight_g"": 604}",True
2838,16,114,Smart Apparel Maybe,FXY-42-02838,14.88,9.86,High quality smart apparel maybe from DenimCo.,"{""brand"": ""DenimCo"", ""color"": ""Silver"", ""size"": ""S"", ""material"": ""Plastic""}",True
2839,3,1,Classic Home Skin,HKX-42-02839,558.09,315.13,High quality classic home skin from KitchenAid.,"{""brand"": ""KitchenAid"", ""material"": ""Polyester"", ""weight_kg"": 19.77}",True
2840,21,39,Deluxe Sports Soldier,FGX-42-02840,488.84,313.26,High quality deluxe sports soldier from FitPulse.,"{""brand"": ""FitPulse"", ""material"": ""Polyester"", ""weight_kg"": 12.34}",True
2841,8,44,Premium Automotive Win,AXY-42-02841,259.84,157.87,High quality premium automotive win from MotorMax.,"{""brand"": ""MotorMax"", ""weight_g"": 770}",True
2842,13,87,Deluxe Electronics No,AHX-42-02842,1943.77,802.71,High quality deluxe electronics no from TechCo.,"{""brand"": ""TechCo"", ""color"": ""Pink"", ""weight_kg"": 6.38, ""warranty_years"": 1}",True
2843,12,93,Eco Electronics East,LCX-42-02843,1098.33,469.72,High quality eco electronics east from TechCo.,"{""brand"": ""TechCo"", ""color"": ""Blue"", ""weight_kg"": 7.17, ""warranty_years"": 5}",True
2844,9,46,Eco Grocery Hundred,GGF-42-02844,36.48,22.5,High quality eco grocery hundred from NatureDrop.,"{""brand"": ""NatureDrop"", ""organic"": true, ""expiration_days"": 318}",True
2845,22,66,Pro Sports Result,ORX-42-02845,461.3,192.09,High quality pro sports result from AquaFlow.,"{""brand"": ""AquaFlow"", ""material"": ""Cotton"", ""weight_kg"": 1.74}",True
2846,1,126,Premium Electronics Season,EXY-42-02846,506.74,349.7,High quality premium electronics season from AudioMax.,"{""brand"": ""AudioMax"", ""color"": ""Red"", ""weight_kg"": 2.62, ""warranty_years"": 3}",True
2847,4,136,Deluxe Sports In,SOX-42-02847,141.76,57.62,High quality deluxe sports in from TrailBlaze.,"{""brand"": ""TrailBlaze"", ""material"": ""Wool"", ""weight_kg"": 4.87}",True
2848,26,154,Pro Toys Matter,BGX-42-02848,12.65,5.99,High quality pro toys matter from KidZone.,"{""brand"": ""KidZone"", ""weight_g"": 378}",True
2849,25,159,Classic Beauty Everybody,SCX-42-02849,111.05,53.69,High quality classic beauty everybody from LuxeHair.,"{""brand"": ""LuxeHair"", ""weight_g"": 1451}",True
2850,9,191,Eco Grocery Check,GGF-42-02850,48.66,32.13,High quality eco grocery check from SweetTreats.,"{""brand"": ""SweetTreats"", ""organic"": true, ""expiration_days"": 87}",True
2851,13,93,Premium Electronics Nice,AHX-42-02851,331.75,213.72,High quality premium electronics nice from Quant.,"{""brand"": ""Quant"", ""color"": ""Red"", ""weight_kg"": 5.57, ""warranty_years"": 2}",True
2852,28,55,Pro Automotive Truth,CCX-42-02852,218.1,113.39,High quality pro automotive truth from DriveClean.,"{""brand"": ""DriveClean"", ""weight_g"": 459}",True
2853,2,59,Classic Apparel Learn,AXY-42-02853,124.93,70.45,High quality classic apparel learn from ThreadWear.,"{""brand"": ""ThreadWear"", ""color"": ""Pink"", ""size"": ""XL"", ""material"": ""Cotton""}",True
2854,25,189,Smart Beauty Actually,SCX-42-02854,126.86,72.38,High quality smart beauty actually from LuxeHair.,"{""brand"": ""LuxeHair"", ""weight_g"": 137}",True
2855,20,29,Premium Home Fight,BBX-42-02855,47.21,30.11,High quality premium home fight from KitchenAid.,"{""brand"": ""KitchenAid"", ""material"": ""Metal"", ""weight_kg"": 21.71}",True
2856,3,16,Ultra Home Within,HKX-42-02856,171.76,120.17,High quality ultra home within from ChefChoice.,"{""brand"": ""ChefChoice"", ""material"": ""Wood"", ""weight_kg"": 2.96}",True
2857,11,109,Premium Electronics Subject,SXY-42-02857,565.84,293.37,High quality premium electronics subject from Volt.,"{""brand"": ""Volt"", ""color"": ""Silver"", ""weight_kg"": 6.42, ""warranty_years"": 2}",True
2858,6,28,Premium Books List,BXY-42-02858,16.02,10.09,High quality premium books list from OReilly.,"{""brand"": ""OReilly"", ""weight_g"": 981}",True
2859,26,173,Premium Toys Idea,BGX-42-02859,83.95,38.25,High quality premium toys idea from BoardFun.,"{""brand"": ""BoardFun"", ""weight_g"": 512}",True
2860,20,98,Classic Home Resource,BBX-42-02860,547.32,310.12,High quality classic home resource from CozyLiving.,"{""brand"": ""CozyLiving"", ""material"": ""Metal"", ""weight_kg"": 7.76}",True
2861,24,159,Smart Beauty Four,MCX-42-02861,143.99,60.45,High quality smart beauty four from SilkSkin.,"{""brand"": ""SilkSkin"", ""weight_g"": 1361}",True
2862,29,43,Classic Grocery Next,BXY-42-02862,5.84,3.87,High quality classic grocery next from SweetTreats.,"{""brand"": ""SweetTreats"", ""organic"": true, ""expiration_days"": 326}",True
2863,19,61,Pro Home Result,FXY-42-02863,587.42,353.51,High quality pro home result from ChefChoice.,"{""brand"": ""ChefChoice"", ""material"": ""Wood"", ""weight_kg"": 24.95}",True
2864,5,199,Eco Beauty Analysis,BPC-42-02864,64.08,31.2,High quality eco beauty analysis from LuxeHair.,"{""brand"": ""LuxeHair"", ""weight_g"": 55}",True
2865,12,87,Pro Electronics Bill,LCX-42-02865,1952.92,875.4,High quality pro electronics bill from TechCo.,"{""brand"": ""TechCo"", ""color"": ""Pink"", ""weight_kg"": 2.48, ""warranty_years"": 2}",True
2866,12,108,Premium Electronics Whose,LCX-42-02866,1629.65,1169.32,High quality premium electronics whose from Sonyx.,"{""brand"": ""Sonyx"", ""color"": ""Green"", ""weight_kg"": 4.18, ""warranty_years"": 1}",True
2867,11,174,Premium Electronics Night,SXY-42-02867,1628.95,875.85,High quality premium electronics night from Quant.,"{""brand"": ""Quant"", ""color"": ""Green"", ""weight_kg"": 1.99, ""warranty_years"": 1}",True
2868,12,8,Eco Electronics Public,LCX-42-02868,275.95,161.66,High quality eco electronics public from TechCo.,"{""brand"": ""TechCo"", ""color"": ""Green"", ""weight_kg"": 2.2, ""warranty_years"": 1}",True
2869,20,115,Ultra Home Health,BBX-42-02869,476.4,192.39,High quality ultra home health from KitchenAid.,"{""brand"": ""KitchenAid"", ""material"": ""Polyester"", ""weight_kg"": 24.72}",True
2870,2,193,Classic Apparel Three,AXY-42-02870,55.08,22.59,High quality classic apparel three from Vogue.,"{""brand"": ""Vogue"", ""color"": ""Black"", ""size"": ""XL"", ""material"": ""Metal""}",True
2871,11,84,Pro Electronics Lay,SXY-42-02871,1383.35,924.89,High quality pro electronics lay from Volt.,"{""brand"": ""Volt"", ""color"": ""Navy"", ""weight_kg"": 3.79, ""warranty_years"": 3}",True
2872,8,40,Pro Automotive Popular,AXY-42-02872,174.47,120.13,High quality pro automotive popular from AutoPro.,"{""brand"": ""AutoPro"", ""weight_g"": 151}",True
2873,20,148,Deluxe Home Why,BBX-42-02873,433.76,180.03,High quality deluxe home why from ChefChoice.,"{""brand"": ""ChefChoice"", ""material"": ""Plastic"", ""weight_kg"": 22.97}",True
2874,16,85,Classic Apparel Reach,FXY-42-02874,135.7,66.52,High quality classic apparel reach from UrbanStyle.,"{""brand"": ""UrbanStyle"", ""color"": ""Silver"", ""size"": ""XS"", ""material"": ""Plastic""}",True
2875,10,186,Classic Office Products Toward,OPX-42-02875,96.3,48.01,High quality classic office products toward from StapleMax.,"{""brand"": ""StapleMax"", ""weight_g"": 511}",True
2876,17,25,Smart Apparel Explain,FSX-42-02876,33.63,13.64,High quality smart apparel explain from ThreadWear.,"{""brand"": ""ThreadWear"", ""color"": ""Pink"", ""size"": ""XL"", ""material"": ""Wood""}",True
2877,12,137,Deluxe Electronics Government,LCX-42-02877,713.77,338.31,High quality deluxe electronics government from Volt.,"{""brand"": ""Volt"", ""color"": ""Blue"", ""weight_kg"": 3.25, ""warranty_years"": 5}",True
2878,6,38,Ultra Books Expect,BXY-42-02878,50.99,32.64,High quality ultra books expect from Penguin.,"{""brand"": ""Penguin"", ""weight_g"": 1060}",True
2879,20,98,Pro Home Example,BBX-42-02879,56.08,36.16,High quality pro home example from KitchenAid.,"{""brand"": ""KitchenAid"", ""material"": ""Leather"", ""weight_kg"": 24.25}",True
2880,14,56,Classic Electronics Suffer,SHD-42-02880,1625.5,1128.3,High quality classic electronics suffer from LinkSys.,"{""brand"": ""LinkSys"", ""color"": ""Green"", ""weight_kg"": 0.34, ""warranty_years"": 1}",True
2881,10,144,Pro Office Products Billion,OPX-42-02881,86.51,39.27,High quality pro office products billion from DeskWork.,"{""brand"": ""DeskWork"", ""weight_g"": 82}",True
2882,5,47,Classic Beauty Especially,BPC-42-02882,56.23,42.06,High quality classic beauty especially from HerbEssentials.,"{""brand"": ""HerbEssentials"", ""weight_g"": 105}",True
2883,3,75,Premium Home Real,HKX-42-02883,764.59,488.05,High quality premium home real from ChefChoice.,"{""brand"": ""ChefChoice"", ""material"": ""Leather"", ""weight_kg"": 17.15}",True
2884,21,65,Classic Sports Pattern,FGX-42-02884,214.46,146.51,High quality classic sports pattern from AquaFlow.,"{""brand"": ""AquaFlow"", ""material"": ""Cotton"", ""weight_kg"": 9.0}",True
2885,15,153,Classic Apparel Include,FXY-42-02885,21.75,9.68,High quality classic apparel include from ActiveFit.,"{""brand"": ""ActiveFit"", ""color"": ""White"", ""size"": ""S"", ""material"": ""Leather""}",True
2886,19,61,Premium Home Main,FXY-42-02886,256.46,153.49,High quality premium home main from ChefChoice.,"{""brand"": ""ChefChoice"", ""material"": ""Metal"", ""weight_kg"": 18.43}",True
2887,12,87,Eco Electronics Spring,LCX-42-02887,212.21,145.17,High quality eco electronics spring from Quant.,"{""brand"": ""Quant"", ""color"": ""Navy"", ""weight_kg"": 0.53, ""warranty_years"": 5}",True
2888,4,160,Eco Sports Republican,SOX-42-02888,467.12,199.92,High quality eco sports republican from AquaFlow.,"{""brand"": ""AquaFlow"", ""material"": ""Wood"", ""weight_kg"": 24.13}",True
2889,30,50,Ultra Grocery So,SSX-42-02889,42.69,23.12,High quality ultra grocery so from SweetTreats.,"{""brand"": ""SweetTreats"", ""organic"": false, ""expiration_days"": 208}",True
2890,29,13,Classic Grocery Effort,BXY-42-02890,28.58,13.38,High quality classic grocery effort from SweetTreats.,"{""brand"": ""SweetTreats"", ""organic"": false, ""expiration_days"": 331}",True
2891,22,136,Premium Sports Similar,ORX-42-02891,232.7,137.63,High quality premium sports similar from FitPulse.,"{""brand"": ""FitPulse"", ""material"": ""Glass"", ""weight_kg"": 1.7}",True
2892,6,58,Deluxe Books Remember,BXY-42-02892,79.56,51.15,High quality deluxe books remember from Packt.,"{""brand"": ""Packt"", ""weight_g"": 231}",True
2893,18,51,Eco Home Per,KAX-42-02893,206.82,83.16,High quality eco home per from KitchenAid.,"{""brand"": ""KitchenAid"", ""material"": ""Wool"", ""weight_kg"": 4.52}",True
2894,20,75,Ultra Home Speech,BBX-42-02894,354.5,171.81,High quality ultra home speech from DecoHome.,"{""brand"": ""DecoHome"", ""material"": ""Glass"", ""weight_kg"": 5.71}",True
2895,22,71,Pro Sports Day,ORX-42-02895,109.11,81.77,High quality pro sports day from FitPulse.,"{""brand"": ""FitPulse"", ""material"": ""Metal"", ""weight_kg"": 1.48}",True
2896,28,181,Deluxe Automotive Nature,CCX-42-02896,276.86,141.96,High quality deluxe automotive nature from DriveClean.,"{""brand"": ""DriveClean"", ""weight_g"": 858}",True
2897,30,149,Eco Grocery Green,SSX-42-02897,20.05,14.05,High quality eco grocery green from TastyBites.,"{""brand"": ""TastyBites"", ""organic"": false, ""expiration_days"": 94}",True
2898,15,120,Eco Apparel Research,FXY-42-02898,184.5,113.96,High quality eco apparel research from Vogue.,"{""brand"": ""Vogue"", ""color"": ""Gray"", ""size"": ""XXL"", ""material"": ""Plastic""}",True
2899,21,71,Ultra Sports Road,FGX-42-02899,28.13,13.6,High quality ultra sports road from PeakGear.,"{""brand"": ""PeakGear"", ""material"": ""Polyester"", ""weight_kg"": 6.66}",True
2900,1,56,Deluxe Electronics Couple,EXY-42-02900,858.09,399.97,High quality deluxe electronics couple from Sonyx.,"{""brand"": ""Sonyx"", ""color"": ""Pink"", ""weight_kg"": 2.3, ""warranty_years"": 2}",True
2901,7,89,Smart Toys Form,TGX-42-02901,64.41,27.36,High quality smart toys form from BrickBuilder.,"{""brand"": ""BrickBuilder"", ""weight_g"": 1295}",True
2902,1,150,Classic Electronics Officer,EXY-42-02902,1351.88,697.56,High quality classic electronics officer from TechCo.,"{""brand"": ""TechCo"", ""color"": ""Blue"", ""weight_kg"": 6.76, ""warranty_years"": 3}",True
2903,5,200,Pro Beauty Action,BPC-42-02903,61.41,44.23,High quality pro beauty action from HerbEssentials.,"{""brand"": ""HerbEssentials"", ""weight_g"": 943}",True
2904,19,148,Smart Home Remember,FXY-42-02904,493.34,209.33,High quality smart home remember from DecoHome.,"{""brand"": ""DecoHome"", ""material"": ""Polyester"", ""weight_kg"": 1.22}",True
2905,23,100,Ultra Sports Across,CBX-42-02905,395.36,294.4,High quality ultra sports across from TrailBlaze.,"{""brand"": ""TrailBlaze"", ""material"": ""Wool"", ""weight_kg"": 19.45}",True
2906,14,137,Ultra Electronics Theory,SHD-42-02906,1454.92,658.63,High quality ultra electronics theory from Quant.,"{""brand"": ""Quant"", ""color"": ""Yellow"", ""weight_kg"": 3.79, ""warranty_years"": 2}",True
2907,7,24,Eco Toys Author,TGX-42-02907,55.56,36.34,High quality eco toys author from PlayTime.,"{""brand"": ""PlayTime"", ""weight_g"": 865}",True
2908,13,174,Deluxe Electronics Actually,AHX-42-02908,611.5,346.93,High quality deluxe electronics actually from Quant.,"{""brand"": ""Quant"", ""color"": ""Black"", ""weight_kg"": 1.74, ""warranty_years"": 3}",True
2909,2,73,Smart Apparel Its,AXY-42-02909,81.91,33.75,High quality smart apparel its from ActiveFit.,"{""brand"": ""ActiveFit"", ""color"": ""Silver"", ""size"": ""XL"", ""material"": ""Metal""}",True
2910,5,140,Premium Beauty Billion,BPC-42-02910,46.71,30.58,High quality premium beauty billion from LuxeHair.,"{""brand"": ""LuxeHair"", ""weight_g"": 1500}",True
2911,10,6,Premium Office Products Network,OPX-42-02911,14.1,8.09,High quality premium office products network from DeskWork.,"{""brand"": ""DeskWork"", ""weight_g"": 1019}",True
2912,26,96,Pro Toys Body,BGX-42-02912,65.7,36.12,High quality pro toys body from BrickBuilder.,"{""brand"": ""BrickBuilder"", ""weight_g"": 810}",True
2913,19,1,Ultra Home Reveal,FXY-42-02913,675.86,371.99,High quality ultra home reveal from KitchenAid.,"{""brand"": ""KitchenAid"", ""material"": ""Cotton"", ""weight_kg"": 6.51}",True
2914,13,87,Classic Electronics Like,AHX-42-02914,1613.6,1019.51,High quality classic electronics like from AudioMax.,"{""brand"": ""AudioMax"", ""color"": ""Green"", ""weight_kg"": 7.08, ""warranty_years"": 3}",True
2915,14,139,Classic Electronics Have,SHD-42-02915,160.53,96.44,High quality classic electronics have from Volt.,"{""brand"": ""Volt"", ""color"": ""Navy"", ""weight_kg"": 3.94, ""warranty_years"": 2}",True
2916,4,125,Eco Sports Discuss,SOX-42-02916,463.03,344.18,High quality eco sports discuss from AquaFlow.,"{""brand"": ""AquaFlow"", ""material"": ""Metal"", ""weight_kg"": 21.13}",True
2917,20,195,Eco Home Share,BBX-42-02917,75.75,46.17,High quality eco home share from ChefChoice.,"{""brand"": ""ChefChoice"", ""material"": ""Cotton"", ""weight_kg"": 14.94}",True
2918,20,61,Classic Home Federal,BBX-42-02918,653.89,264.81,High quality classic home federal from DecoHome.,"{""brand"": ""DecoHome"", ""material"": ""Wool"", ""weight_kg"": 20.68}",True
2919,25,199,Ultra Beauty Enter,SCX-42-02919,68.3,32.49,High quality ultra beauty enter from SilkSkin.,"{""brand"": ""SilkSkin"", ""weight_g"": 1259}",True
2920,9,116,Eco Grocery Data,GGF-42-02920,6.87,2.99,High quality eco grocery data from OrganicWay.,"{""brand"": ""OrganicWay"", ""organic"": true, ""expiration_days"": 178}",True
2921,20,54,Classic Home Along,BBX-42-02921,456.47,236.82,High quality classic home along from KitchenAid.,"{""brand"": ""KitchenAid"", ""material"": ""Cotton"", ""weight_kg"": 17.65}",True
2922,6,143,Ultra Books Agent,BXY-42-02922,39.46,25.44,High quality ultra books agent from Harper.,"{""brand"": ""Harper"", ""weight_g"": 445}",True
2923,27,169,Classic Toys President,AFD-42-02923,116.94,75.56,High quality classic toys president from KidZone.,"{""brand"": ""KidZone"", ""weight_g"": 664}",True
2924,6,38,Eco Books Best,BXY-42-02924,32.55,21.17,High quality eco books best from Springer.,"{""brand"": ""Springer"", ""weight_g"": 1475}",True
2925,16,25,Smart Apparel Art,FXY-42-02925,170.98,114.73,High quality smart apparel art from Vogue.,"{""brand"": ""Vogue"", ""color"": ""Silver"", ""size"": ""S"", ""material"": ""Glass""}",True
2926,17,165,Classic Apparel Wrong,FSX-42-02926,113.75,64.73,High quality classic apparel wrong from UrbanStyle.,"{""brand"": ""UrbanStyle"", ""color"": ""Red"", ""size"": ""XS"", ""material"": ""Wood""}",True
2927,17,12,Eco Apparel Phone,FSX-42-02927,83.04,35.45,High quality eco apparel phone from Vogue.,"{""brand"": ""Vogue"", ""color"": ""Red"", ""size"": ""XL"", ""material"": ""Plastic""}",True
2928,13,92,Smart Electronics Realize,AHX-42-02928,945.73,702.53,High quality smart electronics realize from LinkSys.,"{""brand"": ""LinkSys"", ""color"": ""Red"", ""weight_kg"": 3.19, ""warranty_years"": 3}",True
2929,17,114,Smart Apparel Wall,FSX-42-02929,140.47,86.84,High quality smart apparel wall from DenimCo.,"{""brand"": ""DenimCo"", ""color"": ""Gray"", ""size"": ""XXL"", ""material"": ""Leather""}",True
2930,1,158,Ultra Electronics Thing,EXY-42-02930,1249.37,901.31,High quality ultra electronics thing from Sonyx.,"{""brand"": ""Sonyx"", ""color"": ""Green"", ""weight_kg"": 6.45, ""warranty_years"": 1}",True
2931,27,154,Pro Toys Director,AFD-42-02931,16.53,11.7,High quality pro toys director from PlayTime.,"{""brand"": ""PlayTime"", ""weight_g"": 836}",True
2932,13,84,Classic Electronics Place,AHX-42-02932,34.67,18.95,High quality classic electronics place from Volt.,"{""brand"": ""Volt"", ""color"": ""Yellow"", ""weight_kg"": 5.51, ""warranty_years"": 5}",True
2933,9,60,Pro Grocery Pull,GGF-42-02933,25.96,18.8,High quality pro grocery pull from NatureDrop.,"{""brand"": ""NatureDrop"", ""organic"": false, ""expiration_days"": 193}",True
2934,29,152,Ultra Grocery Campaign,BXY-42-02934,18.9,14.12,High quality ultra grocery campaign from NatureDrop.,"{""brand"": ""NatureDrop"", ""organic"": false, ""expiration_days"": 230}",True
2935,9,2,Pro Grocery Section,GGF-42-02935,2.33,1.25,High quality pro grocery section from NatureDrop.,"{""brand"": ""NatureDrop"", ""organic"": false, ""expiration_days"": 281}",True
2936,28,41,Premium Automotive Call,CCX-42-02936,90.9,38.19,High quality premium automotive call from TireSafe.,"{""brand"": ""TireSafe"", ""weight_g"": 833}",True
2937,12,92,Classic Electronics Before,LCX-42-02937,663.69,301.23,High quality classic electronics before from Volt.,"{""brand"": ""Volt"", ""color"": ""Red"", ""weight_kg"": 0.64, ""warranty_years"": 5}",True
2938,30,50,Deluxe Grocery Total,SSX-42-02938,2.24,1.52,High quality deluxe grocery total from TastyBites.,"{""brand"": ""TastyBites"", ""organic"": true, ""expiration_days"": 280}",True
2939,14,174,Smart Electronics Point,SHD-42-02939,1078.13,591.93,High quality smart electronics point from Sonyx.,"{""brand"": ""Sonyx"", ""color"": ""Blue"", ""weight_kg"": 6.58, ""warranty_years"": 1}",True
2940,24,15,Pro Beauty Case,MCX-42-02940,70.63,51.94,High quality pro beauty case from SilkSkin.,"{""brand"": ""SilkSkin"", ""weight_g"": 143}",True
2941,29,172,Ultra Grocery How,BXY-42-02941,16.32,11.88,High quality ultra grocery how from TastyBites.,"{""brand"": ""TastyBites"", ""organic"": false, ""expiration_days"": 41}",True
2942,6,14,Premium Books Realize,BXY-42-02942,65.41,33.78,High quality premium books realize from Springer.,"{""brand"": ""Springer"", ""weight_g"": 1302}",True
2943,24,95,Deluxe Beauty South,MCX-42-02943,37.38,27.81,High quality deluxe beauty south from HerbEssentials.,"{""brand"": ""HerbEssentials"", ""weight_g"": 191}",True
2944,7,89,Deluxe Toys We,TGX-42-02944,83.48,33.75,High quality deluxe toys we from KidZone.,"{""brand"": ""KidZone"", ""weight_g"": 1356}",True
2945,3,138,Deluxe Home Raise,HKX-42-02945,388.37,221.25,High quality deluxe home raise from ChefChoice.,"{""brand"": ""ChefChoice"", ""material"": ""Wool"", ""weight_kg"": 21.1}",True
2946,11,84,Classic Electronics Others,SXY-42-02946,1119.37,490.65,High quality classic electronics others from Quant.,"{""brand"": ""Quant"", ""color"": ""Navy"", ""weight_kg"": 2.24, ""warranty_years"": 1}",True
2947,10,128,Classic Office Products Suggest,OPX-42-02947,91.52,51.47,High quality classic office products suggest from DeskWork.,"{""brand"": ""DeskWork"", ""weight_g"": 1465}",True
2948,16,85,Premium Apparel Crime,FXY-42-02948,197.69,146.45,High quality premium apparel crime from UrbanStyle.,"{""brand"": ""UrbanStyle"", ""color"": ""Blue"", ""size"": ""L"", ""material"": ""Leather""}",True
2949,19,51,Smart Home War,FXY-42-02949,546.31,388.37,High quality smart home war from KitchenAid.,"{""brand"": ""KitchenAid"", ""material"": ""Wool"", ""weight_kg"": 16.62}",True
2950,14,8,Classic Electronics Bring,SHD-42-02950,353.8,217.92,High quality classic electronics bring from Sonyx.,"{""brand"": ""Sonyx"", ""color"": ""Black"", ""weight_kg"": 6.43, ""warranty_years"": 1}",True
2951,12,174,Ultra Electronics Safe,LCX-42-02951,1070.28,793.33,High quality ultra electronics safe from Volt.,"{""brand"": ""Volt"", ""color"": ""Pink"", ""weight_kg"": 2.31, ""warranty_years"": 1}",True
2952,15,59,Ultra Apparel Create,FXY-42-02952,170.43,77.33,High quality ultra apparel create from ThreadWear.,"{""brand"": ""ThreadWear"", ""color"": ""Navy"", ""size"": ""XXL"", ""material"": ""Glass""}",True
2953,22,119,Pro Sports Environment,ORX-42-02953,238.23,139.7,High quality pro sports environment from FitPulse.,"{""brand"": ""FitPulse"", ""material"": ""Plastic"", ""weight_kg"": 23.91}",True
2954,4,170,Pro Sports Financial,SOX-42-02954,157.84,91.5,High quality pro sports financial from FitPulse.,"{""brand"": ""FitPulse"", ""material"": ""Wool"", ""weight_kg"": 5.44}",True
2955,17,122,Smart Apparel Manage,FSX-42-02955,153.38,68.28,High quality smart apparel manage from ActiveFit.,"{""brand"": ""ActiveFit"", ""color"": ""Pink"", ""size"": ""L"", ""material"": ""Metal""}",True
2956,4,160,Deluxe Sports Recent,SOX-42-02956,213.04,103.46,High quality deluxe sports recent from TrailBlaze.,"{""brand"": ""TrailBlaze"", ""material"": ""Wool"", ""weight_kg"": 24.29}",True
2957,14,8,Smart Electronics Would,SHD-42-02957,1478.92,778.22,High quality smart electronics would from Quant.,"{""brand"": ""Quant"", ""color"": ""Navy"", ""weight_kg"": 6.08, ""warranty_years"": 2}",True
2958,15,114,Smart Apparel Bag,FXY-42-02958,169.34,85.07,High quality smart apparel bag from Vogue.,"{""brand"": ""Vogue"", ""color"": ""White"", ""size"": ""L"", ""material"": ""Leather""}",True
2959,23,37,Smart Sports Purpose,CBX-42-02959,195.05,90.43,High quality smart sports purpose from TrailBlaze.,"{""brand"": ""TrailBlaze"", ""material"": ""Polyester"", ""weight_kg"": 9.6}",True
2960,26,154,Premium Toys Long,BGX-42-02960,111.57,75.8,High quality premium toys long from KidZone.,"{""brand"": ""KidZone"", ""weight_g"": 1157}",True
2961,17,34,Pro Apparel Win,FSX-42-02961,66.03,29.8,High quality pro apparel win from ActiveFit.,"{""brand"": ""ActiveFit"", ""color"": ""Blue"", ""size"": ""XL"", ""material"": ""Metal""}",True
2962,14,126,Pro Electronics Factor,SHD-42-02962,1106.54,766.38,High quality pro electronics factor from Sonyx.,"{""brand"": ""Sonyx"", ""color"": ""Gray"", ""weight_kg"": 1.15, ""warranty_years"": 2}",True
2963,8,196,Smart Automotive Specific,AXY-42-02963,144.76,80.72,High quality smart automotive specific from AutoPro.,"{""brand"": ""AutoPro"", ""weight_g"": 360}",True
2964,29,36,Smart Grocery Late,BXY-42-02964,12.94,8.25,High quality smart grocery late from OrganicWay.,"{""brand"": ""OrganicWay"", ""organic"": true, ""expiration_days"": 229}",True
2965,11,158,Smart Electronics Role,SXY-42-02965,560.01,380.7,High quality smart electronics role from AudioMax.,"{""brand"": ""AudioMax"", ""color"": ""Yellow"", ""weight_kg"": 0.54, ""warranty_years"": 3}",True
2966,26,121,Eco Toys Well,BGX-42-02966,118.29,71.37,High quality eco toys well from BoardFun.,"{""brand"": ""BoardFun"", ""weight_g"": 194}",True
2967,21,192,Classic Sports Region,FGX-42-02967,225.36,129.3,High quality classic sports region from TrailBlaze.,"{""brand"": ""TrailBlaze"", ""material"": ""Polyester"", ""weight_kg"": 24.73}",True
2968,29,167,Deluxe Grocery Speech,BXY-42-02968,27.96,17.89,High quality deluxe grocery speech from SweetTreats.,"{""brand"": ""SweetTreats"", ""organic"": true, ""expiration_days"": 246}",True
2969,17,25,Pro Apparel Speech,FSX-42-02969,77.02,32.55,High quality pro apparel speech from UrbanStyle.,"{""brand"": ""UrbanStyle"", ""color"": ""Black"", ""size"": ""XL"", ""material"": ""Metal""}",True
2970,12,109,Eco Electronics Game,LCX-42-02970,1975.38,1317.06,High quality eco electronics game from Quant.,"{""brand"": ""Quant"", ""color"": ""Silver"", ""weight_kg"": 3.3, ""warranty_years"": 2}",True
2971,17,76,Ultra Apparel Even,FSX-42-02971,114.59,63.61,High quality ultra apparel even from UrbanStyle.,"{""brand"": ""UrbanStyle"", ""color"": ""Black"", ""size"": ""S"", ""material"": ""Cotton""}",True
2972,22,123,Smart Sports Color,ORX-42-02972,202.3,91.61,High quality smart sports color from AquaFlow.,"{""brand"": ""AquaFlow"", ""material"": ""Polyester"", ""weight_kg"": 4.92}",True
2973,30,191,Eco Grocery Statement,SSX-42-02973,39.74,24.28,High quality eco grocery statement from NatureDrop.,"{""brand"": ""NatureDrop"", ""organic"": true, ""expiration_days"": 290}",True
2974,29,167,Eco Grocery Back,BXY-42-02974,6.79,4.92,High quality eco grocery back from SweetTreats.,"{""brand"": ""SweetTreats"", ""organic"": true, ""expiration_days"": 271}",True
2975,25,33,Deluxe Beauty Factor,SCX-42-02975,123.24,50.44,High quality deluxe beauty factor from LuxeHair.,"{""brand"": ""LuxeHair"", ""weight_g"": 64}",True
2976,30,116,Smart Grocery Standard,SSX-42-02976,20.63,13.74,High quality smart grocery standard from OrganicWay.,"{""brand"": ""OrganicWay"", ""organic"": true, ""expiration_days"": 34}",True
2977,15,153,Ultra Apparel Assume,FXY-42-02977,35.07,19.93,High quality ultra apparel assume from UrbanStyle.,"{""brand"": ""UrbanStyle"", ""color"": ""Pink"", ""size"": ""S"", ""material"": ""Wood""}",True
2978,18,138,Eco Home Idea,KAX-42-02978,716.37,342.69,High quality eco home idea from ChefChoice.,"{""brand"": ""ChefChoice"", ""material"": ""Metal"", ""weight_kg"": 15.38}",True
2979,15,12,Pro Apparel Important,FXY-42-02979,56.1,28.65,High quality pro apparel important from DenimCo.,"{""brand"": ""DenimCo"", ""color"": ""Blue"", ""size"": ""L"", ""material"": ""Wood""}",True
2980,28,178,Ultra Automotive Go,CCX-42-02980,235.97,165.83,High quality ultra automotive go from MotorMax.,"{""brand"": ""MotorMax"", ""weight_g"": 775}",True
2981,23,119,Ultra Sports As,CBX-42-02981,11.57,6.6,High quality ultra sports as from PeakGear.,"{""brand"": ""PeakGear"", ""material"": ""Wool"", ""weight_kg"": 21.08}",True
2982,22,77,Eco Sports Evening,ORX-42-02982,54.57,28.12,High quality eco sports evening from PeakGear.,"{""brand"": ""PeakGear"", ""material"": ""Plastic"", ""weight_kg"": 11.28}",True
2983,29,3,Smart Grocery Tax,BXY-42-02983,19.16,11.98,High quality smart grocery tax from SweetTreats.,"{""brand"": ""SweetTreats"", ""organic"": true, ""expiration_days"": 274}",True
2984,9,46,Smart Grocery Evidence,GGF-42-02984,14.64,7.45,High quality smart grocery evidence from TastyBites.,"{""brand"": ""TastyBites"", ""organic"": true, ""expiration_days"": 49}",True
2985,10,17,Premium Office Products Could,OPX-42-02985,31.55,17.96,High quality premium office products could from PaperMate.,"{""brand"": ""PaperMate"", ""weight_g"": 362}",True
2986,30,45,Deluxe Grocery Let,SSX-42-02986,48.93,33.16,High quality deluxe grocery let from OrganicWay.,"{""brand"": ""OrganicWay"", ""organic"": true, ""expiration_days"": 215}",True
2987,18,90,Pro Home Available,KAX-42-02987,104.36,64.67,High quality pro home available from KitchenAid.,"{""brand"": ""KitchenAid"", ""material"": ""Cotton"", ""weight_kg"": 14.78}",True
2988,15,117,Deluxe Apparel Million,FXY-42-02988,127.4,74.94,High quality deluxe apparel million from Vogue.,"{""brand"": ""Vogue"", ""color"": ""Gray"", ""size"": ""XXL"", ""material"": ""Metal""}",True
2989,26,173,Classic Toys Without,BGX-42-02989,39.37,21.62,High quality classic toys without from BoardFun.,"{""brand"": ""BoardFun"", ""weight_g"": 893}",True
2990,16,153,Deluxe Apparel Deep,FXY-42-02990,163.94,67.0,High quality deluxe apparel deep from Vogue.,"{""brand"": ""Vogue"", ""color"": ""Green"", ""size"": ""XXL"", ""material"": ""Wood""}",True
2991,10,5,Ultra Office Products Poor,OPX-42-02991,7.57,3.61,High quality ultra office products poor from StapleMax.,"{""brand"": ""StapleMax"", ""weight_g"": 1032}",True
2992,7,121,Premium Toys Increase,TGX-42-02992,65.66,31.05,High quality premium toys increase from BoardFun.,"{""brand"": ""BoardFun"", ""weight_g"": 1242}",True
2993,16,110,Smart Apparel Could,FXY-42-02993,96.07,69.26,High quality smart apparel could from Vogue.,"{""brand"": ""Vogue"", ""color"": ""Yellow"", ""size"": ""S"", ""material"": ""Polyester""}",True
2994,17,111,Ultra Apparel Quite,FSX-42-02994,192.73,129.3,High quality ultra apparel quite from ThreadWear.,"{""brand"": ""ThreadWear"", ""color"": ""Silver"", ""size"": ""XL"", ""material"": ""Polyester""}",True
2995,11,109,Classic Electronics Million,SXY-42-02995,749.21,484.61,High quality classic electronics million from AudioMax.,"{""brand"": ""AudioMax"", ""color"": ""Silver"", ""weight_kg"": 7.97, ""warranty_years"": 2}",True
2996,8,44,Eco Automotive Boy,AXY-42-02996,93.53,49.72,High quality eco automotive boy from MotorMax.,"{""brand"": ""MotorMax"", ""weight_g"": 191}",True
2997,18,75,Ultra Home Charge,KAX-42-02997,507.06,247.95,High quality ultra home charge from ChefChoice.,"{""brand"": ""ChefChoice"", ""material"": ""Wood"", ""weight_kg"": 1.09}",True
2998,15,59,Deluxe Apparel Now,FXY-42-02998,66.98,45.42,High quality deluxe apparel now from DenimCo.,"{""brand"": ""DenimCo"", ""color"": ""Red"", ""size"": ""L"", ""material"": ""Wool""}",True
2999,24,15,Classic Beauty Specific,MCX-42-02999,55.08,34.22,High quality classic beauty specific from HerbEssentials.,"{""brand"": ""HerbEssentials"", ""weight_g"": 1381}",True
3000,3,146,Smart Home Lawyer,HKX-42-03000,397.34,261.95,High quality smart home lawyer from KitchenAid.,"{""brand"": ""KitchenAid"", ""material"": ""Wood"", ""weight_kg"": 2.06}",True
3001,1,93,Ultra Electronics Discover,EXY-42-03001,45.99,21.0,High quality ultra electronics discover from TechCo.,"{""brand"": ""TechCo"", ""color"": ""Pink"", ""weight_kg"": 5.35, ""warranty_years"": 5}",True
3002,19,115,Classic Home Positive,FXY-42-03002,71.37,49.38,High quality classic home positive from KitchenAid.,"{""brand"": ""KitchenAid"", ""material"": ""Leather"", ""weight_kg"": 19.8}",True
3003,10,101,Premium Office Products Question,OPX-42-03003,67.1,35.92,High quality premium office products question from StapleMax.,"{""brand"": ""StapleMax"", ""weight_g"": 1201}",True
3004,7,179,Premium Toys Born,TGX-42-03004,63.55,35.42,High quality premium toys born from BrickBuilder.,"{""brand"": ""BrickBuilder"", ""weight_g"": 1261}",True
3005,26,179,Classic Toys While,BGX-42-03005,104.54,61.43,High quality classic toys while from BrickBuilder.,"{""brand"": ""BrickBuilder"", ""weight_g"": 462}",True
3006,25,200,Deluxe Beauty Letter,SCX-42-03006,9.16,4.15,High quality deluxe beauty letter from HerbEssentials.,"{""brand"": ""HerbEssentials"", ""weight_g"": 110}",True
3007,19,163,Deluxe Home Senior,FXY-42-03007,521.96,279.02,High quality deluxe home senior from DecoHome.,"{""brand"": ""DecoHome"", ""material"": ""Polyester"", ""weight_kg"": 14.17}",True
3008,7,112,Smart Toys Event,TGX-42-03008,51.48,28.87,High quality smart toys event from KidZone.,"{""brand"": ""KidZone"", ""weight_g"": 900}",True
3009,14,107,Classic Electronics Board,SHD-42-03009,1906.04,763.41,High quality classic electronics board from AudioMax.,"{""brand"": ""AudioMax"", ""color"": ""Green"", ""weight_kg"": 7.33, ""warranty_years"": 3}",True
3010,6,14,Ultra Books Already,BXY-42-03010,17.68,12.33,High quality ultra books already from Harper.,"{""brand"": ""Harper"", ""weight_g"": 1442}",True
3011,23,78,Premium Sports Baby,CBX-42-03011,137.99,83.61,High quality premium sports baby from PeakGear.,"{""brand"": ""PeakGear"", ""material"": ""Leather"", ""weight_kg"": 18.27}",True
3012,14,109,Classic Electronics Avoid,SHD-42-03012,457.0,250.14,High quality classic electronics avoid from LinkSys.,"{""brand"": ""LinkSys"", ""color"": ""Black"", ""weight_kg"": 0.84, ""warranty_years"": 5}",True
3013,20,16,Classic Home Owner,BBX-42-03013,272.01,169.32,High quality classic home owner from ChefChoice.,"{""brand"": ""ChefChoice"", ""material"": ""Polyester"", ""weight_kg"": 7.22}",True
3014,1,126,Deluxe Electronics Should,EXY-42-03014,345.13,167.68,High quality deluxe electronics should from Volt.,"{""brand"": ""Volt"", ""color"": ""White"", ""weight_kg"": 3.72, ""warranty_years"": 5}",True
3015,30,86,Deluxe Grocery Enough,SSX-42-03015,22.85,11.6,High quality deluxe grocery enough from SweetTreats.,"{""brand"": ""SweetTreats"", ""organic"": true, ""expiration_days"": 66}",True
3016,18,79,Pro Home Standard,KAX-42-03016,208.37,138.16,High quality pro home standard from DecoHome.,"{""brand"": ""DecoHome"", ""material"": ""Polyester"", ""weight_kg"": 14.41}",True
3017,26,96,Smart Toys Like,BGX-42-03017,90.86,56.79,High quality smart toys like from BoardFun.,"{""brand"": ""BoardFun"", ""weight_g"": 779}",True
3018,19,194,Eco Home After,FXY-42-03018,138.99,64.48,High quality eco home after from ChefChoice.,"{""brand"": ""ChefChoice"", ""material"": ""Wood"", ""weight_kg"": 21.34}",True
3019,9,10,Ultra Grocery Watch,GGF-42-03019,16.33,6.79,High quality ultra grocery watch from NatureDrop.,"{""brand"": ""NatureDrop"", ""organic"": true, ""expiration_days"": 101}",True
3020,24,189,Eco Beauty Modern,MCX-42-03020,53.51,22.59,High quality eco beauty modern from SilkSkin.,"{""brand"": ""SilkSkin"", ""weight_g"": 605}",True
3021,25,53,Smart Beauty Church,SCX-42-03021,139.18,68.13,High quality smart beauty church from LuxeHair.,"{""brand"": ""LuxeHair"", ""weight_g"": 1035}",True
3022,5,33,Smart Beauty Read,BPC-42-03022,82.35,48.39,High quality smart beauty read from GlowUp.,"{""brand"": ""GlowUp"", ""weight_g"": 665}",True
3023,16,73,Classic Apparel Push,FXY-42-03023,191.77,81.14,High quality classic apparel push from ActiveFit.,"{""brand"": ""ActiveFit"", ""color"": ""Green"", ""size"": ""XXL"", ""material"": ""Polyester""}",True
3024,12,137,Ultra Electronics A,LCX-42-03024,974.76,587.87,High quality ultra electronics a from Sonyx.,"{""brand"": ""Sonyx"", ""color"": ""Blue"", ""weight_kg"": 0.83, ""warranty_years"": 3}",True
3025,23,192,Pro Sports Worker,CBX-42-03025,296.24,173.03,High quality pro sports worker from FitPulse.,"{""brand"": ""FitPulse"", ""material"": ""Leather"", ""weight_kg"": 2.06}",True
3026,28,23,Classic Automotive Always,CCX-42-03026,90.41,54.62,High quality classic automotive always from DriveClean.,"{""brand"": ""DriveClean"", ""weight_g"": 952}",True
3027,16,165,Ultra Apparel Red,FXY-42-03027,92.73,40.17,High quality ultra apparel red from ThreadWear.,"{""brand"": ""ThreadWear"", ""color"": ""Pink"", ""size"": ""M"", ""material"": ""Cotton""}",True
3028,2,27,Ultra Apparel In,AXY-42-03028,147.39,86.6,High quality ultra apparel in from ThreadWear.,"{""brand"": ""ThreadWear"", ""color"": ""Red"", ""size"": ""S"", ""material"": ""Polyester""}",True
3029,11,56,Pro Electronics Exactly,SXY-42-03029,1877.87,915.57,High quality pro electronics exactly from Quant.,"{""brand"": ""Quant"", ""color"": ""Pink"", ""weight_kg"": 3.36, ""warranty_years"": 1}",True
3030,26,21,Smart Toys Civil,BGX-42-03030,63.45,37.56,High quality smart toys civil from KidZone.,"{""brand"": ""KidZone"", ""weight_g"": 249}",True
3031,2,162,Classic Apparel Scene,AXY-42-03031,137.56,85.4,High quality classic apparel scene from DenimCo.,"{""brand"": ""DenimCo"", ""color"": ""Red"", ""size"": ""S"", ""material"": ""Plastic""}",True
3032,25,81,Smart Beauty Girl,SCX-42-03032,126.65,68.68,High quality smart beauty girl from GlowUp.,"{""brand"": ""GlowUp"", ""weight_g"": 342}",True
3033,28,145,Ultra Automotive West,CCX-42-03033,247.48,155.86,High quality ultra automotive west from AutoPro.,"{""brand"": ""AutoPro"", ""weight_g"": 812}",True
3034,9,36,Pro Grocery Include,GGF-42-03034,35.92,16.83,High quality pro grocery include from OrganicWay.,"{""brand"": ""OrganicWay"", ""organic"": true, ""expiration_days"": 104}",True
3035,7,21,Deluxe Toys Paper,TGX-42-03035,30.35,17.47,High quality deluxe toys paper from BoardFun.,"{""brand"": ""BoardFun"", ""weight_g"": 1375}",True
3036,23,97,Classic Sports About,CBX-42-03036,455.43,185.18,High quality classic sports about from TrailBlaze.,"{""brand"": ""TrailBlaze"", ""material"": ""Wool"", ""weight_kg"": 7.56}",True
3037,4,66,Pro Sports Myself,SOX-42-03037,148.19,67.23,High quality pro sports myself from AquaFlow.,"{""brand"": ""AquaFlow"", ""material"": ""Glass"", ""weight_kg"": 1.4}",True
3038,11,56,Smart Electronics Second,SXY-42-03038,527.07,347.07,High quality smart electronics second from Sonyx.,"{""brand"": ""Sonyx"", ""color"": ""Black"", ""weight_kg"": 0.85, ""warranty_years"": 5}",True
3039,14,174,Smart Electronics Yard,SHD-42-03039,514.7,358.79,High quality smart electronics yard from Sonyx.,"{""brand"": ""Sonyx"", ""color"": ""Silver"", ""weight_kg"": 1.17, ""warranty_years"": 2}",True
3040,9,3,Deluxe Grocery Spend,GGF-42-03040,3.51,1.8,High quality deluxe grocery spend from TastyBites.,"{""brand"": ""TastyBites"", ""organic"": true, ""expiration_days"": 350}",True
3041,6,14,Premium Books Military,BXY-42-03041,34.82,15.63,High quality premium books military from Penguin.,"{""brand"": ""Penguin"", ""weight_g"": 1408}",True
3042,24,127,Premium Beauty Mean,MCX-42-03042,114.84,80.11,High quality premium beauty mean from SilkSkin.,"{""brand"": ""SilkSkin"", ""weight_g"": 574}",True
3043,18,54,Ultra Home Least,KAX-42-03043,179.12,107.75,High quality ultra home least from DecoHome.,"{""brand"": ""DecoHome"", ""material"": ""Wool"", ""weight_kg"": 9.41}",True
3044,17,111,Ultra Apparel International,FSX-42-03044,191.52,84.43,High quality ultra apparel international from Vogue.,"{""brand"": ""Vogue"", ""color"": ""Gray"", ""size"": ""XXL"", ""material"": ""Metal""}",True
3045,11,158,Classic Electronics Three,SXY-42-03045,1722.64,1098.61,High quality classic electronics three from Sonyx.,"{""brand"": ""Sonyx"", ""color"": ""Gray"", ""weight_kg"": 2.5, ""warranty_years"": 5}",True
3046,10,104,Premium Office Products Should,OPX-42-03046,61.33,33.72,High quality premium office products should from OfficePro.,"{""brand"": ""OfficePro"", ""weight_g"": 590}",True
3047,19,106,Ultra Home Statement,FXY-42-03047,352.59,164.89,High quality ultra home statement from KitchenAid.,"{""brand"": ""KitchenAid"", ""material"": ""Plastic"", ""weight_kg"": 6.56}",True
3048,25,81,Deluxe Beauty Task,SCX-42-03048,97.32,55.06,High quality deluxe beauty task from SilkSkin.,"{""brand"": ""SilkSkin"", ""weight_g"": 616}",True
3049,22,160,Ultra Sports Stock,ORX-42-03049,277.32,171.6,High quality ultra sports stock from AquaFlow.,"{""brand"": ""AquaFlow"", ""material"": ""Leather"", ""weight_kg"": 9.23}",True
3050,27,24,Pro Toys Available,AFD-42-03050,46.81,21.63,High quality pro toys available from KidZone.,"{""brand"": ""KidZone"", ""weight_g"": 809}",True
3051,27,96,Pro Toys Now,AFD-42-03051,71.9,30.43,High quality pro toys now from KidZone.,"{""brand"": ""KidZone"", ""weight_g"": 372}",True
3052,12,150,Premium Electronics Draw,LCX-42-03052,507.65,316.7,High quality premium electronics draw from LinkSys.,"{""brand"": ""LinkSys"", ""color"": ""Green"", ""weight_kg"": 3.39, ""warranty_years"": 1}",True
3053,9,152,Ultra Grocery About,GGF-42-03053,39.57,20.95,High quality ultra grocery about from SweetTreats.,"{""brand"": ""SweetTreats"", ""organic"": false, ""expiration_days"": 91}",True
3054,10,144,Deluxe Office Products If,OPX-42-03054,77.97,57.08,High quality deluxe office products if from DeskWork.,"{""brand"": ""DeskWork"", ""weight_g"": 939}",True
3055,24,57,Smart Beauty Risk,MCX-42-03055,101.7,52.71,High quality smart beauty risk from LuxeHair.,"{""brand"": ""LuxeHair"", ""weight_g"": 310}",True
3056,25,140,Classic Beauty Television,SCX-42-03056,132.7,79.86,High quality classic beauty television from SilkSkin.,"{""brand"": ""SilkSkin"", ""weight_g"": 365}",True
3057,10,68,Pro Office Products State,OPX-42-03057,87.87,56.89,High quality pro office products state from DeskWork.,"{""brand"": ""DeskWork"", ""weight_g"": 1263}",True
3058,5,53,Ultra Beauty Meet,BPC-42-03058,19.97,11.31,High quality ultra beauty meet from LuxeHair.,"{""brand"": ""LuxeHair"", ""weight_g"": 1370}",True
3059,23,118,Smart Sports Campaign,CBX-42-03059,475.7,314.31,High quality smart sports campaign from TrailBlaze.,"{""brand"": ""TrailBlaze"", ""material"": ""Plastic"", ""weight_kg"": 7.15}",True
3060,22,91,Eco Sports Our,ORX-42-03060,208.36,107.3,High quality eco sports our from AquaFlow.,"{""brand"": ""AquaFlow"", ""material"": ""Leather"", ""weight_kg"": 16.88}",True
3061,1,107,Smart Electronics North,EXY-42-03061,1573.89,846.21,High quality smart electronics north from Sonyx.,"{""brand"": ""Sonyx"", ""color"": ""Red"", ""weight_kg"": 4.57, ""warranty_years"": 2}",True
3062,20,138,Deluxe Home Worry,BBX-42-03062,605.36,402.94,High quality deluxe home worry from KitchenAid.,"{""brand"": ""KitchenAid"", ""material"": ""Wood"", ""weight_kg"": 2.86}",True
3063,28,67,Premium Automotive Her,CCX-42-03063,203.77,117.17,High quality premium automotive her from TireSafe.,"{""brand"": ""TireSafe"", ""weight_g"": 1105}",True
3064,21,77,Ultra Sports Goal,FGX-42-03064,348.85,150.33,High quality ultra sports goal from PeakGear.,"{""brand"": ""PeakGear"", ""material"": ""Glass"", ""weight_kg"": 20.26}",True
3065,16,34,Ultra Apparel Rest,FXY-42-03065,82.11,46.4,High quality ultra apparel rest from ThreadWear.,"{""brand"": ""ThreadWear"", ""color"": ""White"", ""size"": ""M"", ""material"": ""Wood""}",True
3066,27,121,Premium Toys Floor,AFD-42-03066,115.48,82.72,High quality premium toys floor from BrickBuilder.,"{""brand"": ""BrickBuilder"", ""weight_g"": 841}",True
3067,24,53,Premium Beauty Institution,MCX-42-03067,88.21,38.92,High quality premium beauty institution from HerbEssentials.,"{""brand"": ""HerbEssentials"", ""weight_g"": 865}",True
3068,26,70,Deluxe Toys Around,BGX-42-03068,75.14,37.89,High quality deluxe toys around from KidZone.,"{""brand"": ""KidZone"", ""weight_g"": 862}",True
3069,6,102,Eco Books Project,BXY-42-03069,54.26,37.62,High quality eco books project from Springer.,"{""brand"": ""Springer"", ""weight_g"": 1346}",True
3070,6,113,Deluxe Books Radio,BXY-42-03070,68.66,34.59,High quality deluxe books radio from Packt.,"{""brand"": ""Packt"", ""weight_g"": 470}",True
3071,30,43,Eco Grocery Believe,SSX-42-03071,30.7,17.22,High quality eco grocery believe from NatureDrop.,"{""brand"": ""NatureDrop"", ""organic"": true, ""expiration_days"": 120}",True
3072,13,158,Eco Electronics History,AHX-42-03072,1153.86,665.74,High quality eco electronics history from TechCo.,"{""brand"": ""TechCo"", ""color"": ""White"", ""weight_kg"": 1.53, ""warranty_years"": 5}",True
3073,23,100,Premium Sports Nor,CBX-42-03073,360.71,215.89,High quality premium sports nor from AquaFlow.,"{""brand"": ""AquaFlow"", ""material"": ""Glass"", ""weight_kg"": 24.74}",True
3074,1,107,Ultra Electronics Tonight,EXY-42-03074,1370.22,812.19,High quality ultra electronics tonight from Volt.,"{""brand"": ""Volt"", ""color"": ""Gray"", ""weight_kg"": 4.84, ""warranty_years"": 1}",True
3075,4,100,Deluxe Sports Grow,SOX-42-03075,58.18,30.4,High quality deluxe sports grow from PeakGear.,"{""brand"": ""PeakGear"", ""material"": ""Polyester"", ""weight_kg"": 10.33}",True
3076,23,78,Smart Sports Be,CBX-42-03076,286.0,141.64,High quality smart sports be from PeakGear.,"{""brand"": ""PeakGear"", ""material"": ""Polyester"", ""weight_kg"": 5.27}",True
3077,8,69,Eco Automotive Thought,AXY-42-03077,291.76,138.7,High quality eco automotive thought from TireSafe.,"{""brand"": ""TireSafe"", ""weight_g"": 1037}",True
3078,22,192,Smart Sports Machine,ORX-42-03078,106.53,68.18,High quality smart sports machine from PeakGear.,"{""brand"": ""PeakGear"", ""material"": ""Metal"", ""weight_kg"": 1.62}",True
3079,19,115,Eco Home Soon,FXY-42-03079,640.76,315.8,High quality eco home soon from KitchenAid.,"{""brand"": ""KitchenAid"", ""material"": ""Polyester"", ""weight_kg"": 21.69}",True
3080,16,162,Classic Apparel Space,FXY-42-03080,51.14,21.78,High quality classic apparel space from UrbanStyle.,"{""brand"": ""UrbanStyle"", ""color"": ""White"", ""size"": ""XS"", ""material"": ""Wood""}",True
3081,1,92,Eco Electronics Figure,EXY-42-03081,1165.12,755.73,High quality eco electronics figure from AudioMax.,"{""brand"": ""AudioMax"", ""color"": ""White"", ""weight_kg"": 6.2, ""warranty_years"": 1}",True
3082,28,105,Premium Automotive Raise,CCX-42-03082,198.57,143.56,High quality premium automotive raise from DriveClean.,"{""brand"": ""DriveClean"", ""weight_g"": 1134}",True
3083,18,82,Pro Home Degree,KAX-42-03083,684.77,495.8,High quality pro home degree from KitchenAid.,"{""brand"": ""KitchenAid"", ""material"": ""Polyester"", ""weight_kg"": 21.97}",True
3084,20,4,Deluxe Home Control,BBX-42-03084,208.46,93.92,High quality deluxe home control from DecoHome.,"{""brand"": ""DecoHome"", ""material"": ""Metal"", ""weight_kg"": 12.8}",True
3085,24,200,Ultra Beauty Once,MCX-42-03085,52.72,31.3,High quality ultra beauty once from GlowUp.,"{""brand"": ""GlowUp"", ""weight_g"": 479}",True
3086,11,87,Pro Electronics Among,SXY-42-03086,167.88,70.76,High quality pro electronics among from LinkSys.,"{""brand"": ""LinkSys"", ""color"": ""White"", ""weight_kg"": 3.94, ""warranty_years"": 1}",True
3087,7,154,Deluxe Toys If,TGX-42-03087,52.04,22.27,High quality deluxe toys if from KidZone.,"{""brand"": ""KidZone"", ""weight_g"": 252}",True
3088,28,35,Ultra Automotive Recent,CCX-42-03088,238.26,104.98,High quality ultra automotive recent from AutoPro.,"{""brand"": ""AutoPro"", ""weight_g"": 1243}",True
3089,22,91,Ultra Sports Cut,ORX-42-03089,463.48,317.91,High quality ultra sports cut from FitPulse.,"{""brand"": ""FitPulse"", ""material"": ""Glass"", ""weight_kg"": 16.89}",True
3090,1,84,Deluxe Electronics Firm,EXY-42-03090,1941.89,1130.69,High quality deluxe electronics firm from AudioMax.,"{""brand"": ""AudioMax"", ""color"": ""White"", ""weight_kg"": 2.39, ""warranty_years"": 1}",True
3091,5,199,Classic Beauty Safe,BPC-42-03091,82.37,57.48,High quality classic beauty safe from HerbEssentials.,"{""brand"": ""HerbEssentials"", ""weight_g"": 329}",True
3092,30,152,Smart Grocery In,SSX-42-03092,46.83,19.96,High quality smart grocery in from TastyBites.,"{""brand"": ""TastyBites"", ""organic"": false, ""expiration_days"": 253}",True
3093,28,178,Deluxe Automotive War,CCX-42-03093,113.71,60.63,High quality deluxe automotive war from TireSafe.,"{""brand"": ""TireSafe"", ""weight_g"": 434}",True
3094,20,16,Premium Home Both,BBX-42-03094,202.49,136.89,High quality premium home both from KitchenAid.,"{""brand"": ""KitchenAid"", ""material"": ""Glass"", ""weight_kg"": 7.89}",True
3095,4,170,Smart Sports Professor,SOX-42-03095,493.01,218.28,High quality smart sports professor from FitPulse.,"{""brand"": ""FitPulse"", ""material"": ""Wool"", ""weight_kg"": 6.61}",True
3096,5,15,Premium Beauty Risk,BPC-42-03096,55.51,39.24,High quality premium beauty risk from SilkSkin.,"{""brand"": ""SilkSkin"", ""weight_g"": 218}",True
3097,30,60,Smart Grocery Her,SSX-42-03097,12.45,5.2,High quality smart grocery her from SweetTreats.,"{""brand"": ""SweetTreats"", ""organic"": true, ""expiration_days"": 208}",True
3098,3,82,Classic Home Message,HKX-42-03098,445.08,304.86,High quality classic home message from DecoHome.,"{""brand"": ""DecoHome"", ""material"": ""Plastic"", ""weight_kg"": 4.8}",True
3099,21,123,Premium Sports Become,FGX-42-03099,371.1,264.48,High quality premium sports become from TrailBlaze.,"{""brand"": ""TrailBlaze"", ""material"": ""Plastic"", ""weight_kg"": 7.43}",True
3100,24,189,Smart Beauty Value,MCX-42-03100,14.43,9.35,High quality smart beauty value from HerbEssentials.,"{""brand"": ""HerbEssentials"", ""weight_g"": 1116}",True
3101,17,110,Smart Apparel Project,FSX-42-03101,90.92,55.6,High quality smart apparel project from UrbanStyle.,"{""brand"": ""UrbanStyle"", ""color"": ""Navy"", ""size"": ""S"", ""material"": ""Cotton""}",True
3102,1,93,Eco Electronics Left,EXY-42-03102,229.81,171.59,High quality eco electronics left from AudioMax.,"{""brand"": ""AudioMax"", ""color"": ""Blue"", ""weight_kg"": 3.52, ""warranty_years"": 3}",True
3103,22,100,Smart Sports Simple,ORX-42-03103,108.06,56.99,High quality smart sports simple from FitPulse.,"{""brand"": ""FitPulse"", ""material"": ""Wool"", ""weight_kg"": 21.37}",True
3104,6,143,Ultra Books Customer,BXY-42-03104,53.95,23.21,High quality ultra books customer from Packt.,"{""brand"": ""Packt"", ""weight_g"": 877}",True
3105,5,189,Premium Beauty Challenge,BPC-42-03105,99.74,54.04,High quality premium beauty challenge from HerbEssentials.,"{""brand"": ""HerbEssentials"", ""weight_g"": 833}",True
3106,28,23,Premium Automotive Also,CCX-42-03106,145.54,92.01,High quality premium automotive also from MotorMax.,"{""brand"": ""MotorMax"", ""weight_g"": 1389}",True
3107,30,46,Deluxe Grocery Data,SSX-42-03107,7.34,3.51,High quality deluxe grocery data from SweetTreats.,"{""brand"": ""SweetTreats"", ""organic"": false, ""expiration_days"": 102}",True
3108,9,3,Deluxe Grocery Ago,GGF-42-03108,39.8,23.05,High quality deluxe grocery ago from OrganicWay.,"{""brand"": ""OrganicWay"", ""organic"": true, ""expiration_days"": 11}",True
3109,21,118,Eco Sports Service,FGX-42-03109,207.54,126.56,High quality eco sports service from FitPulse.,"{""brand"": ""FitPulse"", ""material"": ""Polyester"", ""weight_kg"": 12.4}",True
3110,18,20,Ultra Home Personal,KAX-42-03110,21.05,11.42,High quality ultra home personal from KitchenAid.,"{""brand"": ""KitchenAid"", ""material"": ""Polyester"", ""weight_kg"": 9.1}",True
3111,26,173,Smart Toys Edge,BGX-42-03111,27.75,13.33,High quality smart toys edge from BrickBuilder.,"{""brand"": ""BrickBuilder"", ""weight_g"": 420}",True
3112,6,164,Classic Books Middle,BXY-42-03112,19.16,7.75,High quality classic books middle from Packt.,"{""brand"": ""Packt"", ""weight_g"": 719}",True
3113,28,41,Smart Automotive Improve,CCX-42-03113,160.17,84.13,High quality smart automotive improve from MotorMax.,"{""brand"": ""MotorMax"", ""weight_g"": 115}",True
3114,1,92,Smart Electronics At,EXY-42-03114,202.69,132.6,High quality smart electronics at from Volt.,"{""brand"": ""Volt"", ""color"": ""Yellow"", ""weight_kg"": 4.88, ""warranty_years"": 1}",True
3115,8,135,Premium Automotive Structure,AXY-42-03115,267.52,116.54,High quality premium automotive structure from DriveClean.,"{""brand"": ""DriveClean"", ""weight_g"": 760}",True
3116,22,37,Classic Sports Now,ORX-42-03116,413.89,302.55,High quality classic sports now from TrailBlaze.,"{""brand"": ""TrailBlaze"", ""material"": ""Plastic"", ""weight_kg"": 24.2}",True
3117,15,34,Smart Apparel Question,FXY-42-03117,41.3,25.82,High quality smart apparel question from Vogue.,"{""brand"": ""Vogue"", ""color"": ""Black"", ""size"": ""L"", ""material"": ""Metal""}",True
3118,4,166,Pro Sports Foot,SOX-42-03118,351.6,222.46,High quality pro sports foot from PeakGear.,"{""brand"": ""PeakGear"", ""material"": ""Glass"", ""weight_kg"": 13.34}",True
3119,1,84,Premium Electronics Money,EXY-42-03119,1854.74,753.06,High quality premium electronics money from TechCo.,"{""brand"": ""TechCo"", ""color"": ""Red"", ""weight_kg"": 0.91, ""warranty_years"": 3}",True
3120,30,60,Classic Grocery None,SSX-42-03120,13.64,5.82,High quality classic grocery none from TastyBites.,"{""brand"": ""TastyBites"", ""organic"": true, ""expiration_days"": 345}",True
3121,9,50,Pro Grocery They,GGF-42-03121,24.54,13.34,High quality pro grocery they from NatureDrop.,"{""brand"": ""NatureDrop"", ""organic"": true, ""expiration_days"": 291}",True
3122,2,49,Smart Apparel Task,AXY-42-03122,26.15,15.13,High quality smart apparel task from UrbanStyle.,"{""brand"": ""UrbanStyle"", ""color"": ""Gray"", ""size"": ""XS"", ""material"": ""Wood""}",True
3123,8,135,Eco Automotive Listen,AXY-42-03123,151.83,109.23,High quality eco automotive listen from AutoPro.,"{""brand"": ""AutoPro"", ""weight_g"": 1429}",True
3124,8,168,Eco Automotive Admit,AXY-42-03124,169.7,113.8,High quality eco automotive admit from DriveClean.,"{""brand"": ""DriveClean"", ""weight_g"": 249}",True
3125,8,188,Classic Automotive Although,AXY-42-03125,218.99,142.68,High quality classic automotive although from DriveClean.,"{""brand"": ""DriveClean"", ""weight_g"": 874}",True
3126,20,124,Smart Home Group,BBX-42-03126,25.79,17.67,High quality smart home group from CozyLiving.,"{""brand"": ""CozyLiving"", ""material"": ""Plastic"", ""weight_kg"": 22.92}",True
3127,26,96,Deluxe Toys Arrive,BGX-42-03127,75.16,38.12,High quality deluxe toys arrive from PlayTime.,"{""brand"": ""PlayTime"", ""weight_g"": 1165}",True
3128,25,53,Premium Beauty Green,SCX-42-03128,32.05,22.86,High quality premium beauty green from LuxeHair.,"{""brand"": ""LuxeHair"", ""weight_g"": 1284}",True
3129,14,126,Classic Electronics Store,SHD-42-03129,1282.51,822.49,High quality classic electronics store from Sonyx.,"{""brand"": ""Sonyx"", ""color"": ""Pink"", ""weight_kg"": 4.9, ""warranty_years"": 5}",True
3130,1,107,Classic Electronics Set,EXY-42-03130,152.02,63.39,High quality classic electronics set from Quant.,"{""brand"": ""Quant"", ""color"": ""Yellow"", ""weight_kg"": 2.0, ""warranty_years"": 5}",True
3131,25,53,Premium Beauty And,SCX-42-03131,58.83,41.93,High quality premium beauty and from LuxeHair.,"{""brand"": ""LuxeHair"", ""weight_g"": 701}",True
3132,5,81,Pro Beauty Into,BPC-42-03132,65.08,47.13,High quality pro beauty into from GlowUp.,"{""brand"": ""GlowUp"", ""weight_g"": 662}",True
3133,19,115,Eco Home By,FXY-42-03133,60.99,32.03,High quality eco home by from KitchenAid.,"{""brand"": ""KitchenAid"", ""material"": ""Metal"", ""weight_kg"": 5.26}",True
3134,24,80,Smart Beauty Development,MCX-42-03134,94.31,43.03,High quality smart beauty development from LuxeHair.,"{""brand"": ""LuxeHair"", ""weight_g"": 655}",True
3135,9,50,Deluxe Grocery Surface,GGF-42-03135,24.07,16.68,High quality deluxe grocery surface from TastyBites.,"{""brand"": ""TastyBites"", ""organic"": false, ""expiration_days"": 14}",True
3136,18,54,Ultra Home Ready,KAX-42-03136,545.12,263.91,High quality ultra home ready from CozyLiving.,"{""brand"": ""CozyLiving"", ""material"": ""Wool"", ""weight_kg"": 5.71}",True
3137,17,9,Pro Apparel Region,FSX-42-03137,155.69,77.2,High quality pro apparel region from Vogue.,"{""brand"": ""Vogue"", ""color"": ""Red"", ""size"": ""XS"", ""material"": ""Plastic""}",True
3138,11,87,Premium Electronics Necessary,SXY-42-03138,1885.75,1017.2,High quality premium electronics necessary from Volt.,"{""brand"": ""Volt"", ""color"": ""Pink"", ""weight_kg"": 2.77, ""warranty_years"": 5}",True
3139,10,198,Deluxe Office Products Low,OPX-42-03139,92.89,49.65,High quality deluxe office products low from DeskWork.,"{""brand"": ""DeskWork"", ""weight_g"": 1203}",True
3140,26,112,Classic Toys Yard,BGX-42-03140,11.64,5.79,High quality classic toys yard from KidZone.,"{""brand"": ""KidZone"", ""weight_g"": 175}",True
3141,8,55,Deluxe Automotive Resource,AXY-42-03141,70.38,31.71,High quality deluxe automotive resource from MotorMax.,"{""brand"": ""MotorMax"", ""weight_g"": 1433}",True
3142,20,54,Deluxe Home Truth,BBX-42-03142,296.69,215.34,High quality deluxe home truth from KitchenAid.,"{""brand"": ""KitchenAid"", ""material"": ""Plastic"", ""weight_kg"": 16.18}",True
3143,30,31,Classic Grocery Two,SSX-42-03143,27.22,13.04,High quality classic grocery two from OrganicWay.,"{""brand"": ""OrganicWay"", ""organic"": true, ""expiration_days"": 319}",True
3144,14,107,Smart Electronics Not,SHD-42-03144,383.97,272.09,High quality smart electronics not from LinkSys.,"{""brand"": ""LinkSys"", ""color"": ""White"", ""weight_kg"": 3.6, ""warranty_years"": 1}",True
3145,16,85,Deluxe Apparel Church,FXY-42-03145,190.74,116.37,High quality deluxe apparel church from Vogue.,"{""brand"": ""Vogue"", ""color"": ""Black"", ""size"": ""M"", ""material"": ""Polyester""}",True
3146,14,108,Premium Electronics Sit,SHD-42-03146,1092.32,730.96,High quality premium electronics sit from Volt.,"{""brand"": ""Volt"", ""color"": ""Gray"", ""weight_kg"": 4.76, ""warranty_years"": 5}",True
3147,13,126,Deluxe Electronics Particularly,AHX-42-03147,435.63,305.14,High quality deluxe electronics particularly from TechCo.,"{""brand"": ""TechCo"", ""color"": ""Green"", ""weight_kg"": 1.85, ""warranty_years"": 2}",True
3148,27,96,Premium Toys Early,AFD-42-03148,92.67,68.57,High quality premium toys early from BrickBuilder.,"{""brand"": ""BrickBuilder"", ""weight_g"": 1250}",True
3149,6,157,Deluxe Books Wish,BXY-42-03149,11.25,6.59,High quality deluxe books wish from OReilly.,"{""brand"": ""OReilly"", ""weight_g"": 65}",True
3150,6,32,Smart Books Away,BXY-42-03150,11.25,4.87,High quality smart books away from Penguin.,"{""brand"": ""Penguin"", ""weight_g"": 267}",True
3151,19,48,Smart Home Although,FXY-42-03151,519.74,246.4,High quality smart home although from DecoHome.,"{""brand"": ""DecoHome"", ""material"": ""Glass"", ""weight_kg"": 15.3}",True
3152,3,138,Premium Home Simply,HKX-42-03152,63.51,26.7,High quality premium home simply from DecoHome.,"{""brand"": ""DecoHome"", ""material"": ""Plastic"", ""weight_kg"": 11.04}",True
3153,13,84,Eco Electronics Chance,AHX-42-03153,384.73,199.74,High quality eco electronics chance from AudioMax.,"{""brand"": ""AudioMax"", ""color"": ""Red"", ""weight_kg"": 5.63, ""warranty_years"": 1}",True
3154,17,193,Classic Apparel Middle,FSX-42-03154,80.01,59.16,High quality classic apparel middle from ThreadWear.,"{""brand"": ""ThreadWear"", ""color"": ""Yellow"", ""size"": ""XL"", ""material"": ""Wool""}",True
3155,8,23,Eco Automotive Ready,AXY-42-03155,89.27,60.07,High quality eco automotive ready from DriveClean.,"{""brand"": ""DriveClean"", ""weight_g"": 329}",True
3156,24,47,Eco Beauty After,MCX-42-03156,17.01,9.1,High quality eco beauty after from LuxeHair.,"{""brand"": ""LuxeHair"", ""weight_g"": 1003}",True
3157,30,167,Pro Grocery Market,SSX-42-03157,38.88,19.43,High quality pro grocery market from NatureDrop.,"{""brand"": ""NatureDrop"", ""organic"": false, ""expiration_days"": 157}",True
3158,27,70,Premium Toys What,AFD-42-03158,58.83,39.64,High quality premium toys what from BoardFun.,"{""brand"": ""BoardFun"", ""weight_g"": 772}",True
3159,7,173,Premium Toys Why,TGX-42-03159,77.57,55.8,High quality premium toys why from KidZone.,"{""brand"": ""KidZone"", ""weight_g"": 1071}",True
3160,14,107,Classic Electronics Present,SHD-42-03160,1428.77,741.52,High quality classic electronics present from Sonyx.,"{""brand"": ""Sonyx"", ""color"": ""Yellow"", ""weight_kg"": 5.22, ""warranty_years"": 5}",True
3161,3,20,Smart Home Answer,HKX-42-03161,35.8,21.53,High quality smart home answer from KitchenAid.,"{""brand"": ""KitchenAid"", ""material"": ""Plastic"", ""weight_kg"": 12.18}",True
3162,2,114,Smart Apparel Eight,AXY-42-03162,135.81,92.22,High quality smart apparel eight from ThreadWear.,"{""brand"": ""ThreadWear"", ""color"": ""Silver"", ""size"": ""S"", ""material"": ""Leather""}",True
3163,3,147,Smart Home Science,HKX-42-03163,104.39,59.24,High quality smart home science from ChefChoice.,"{""brand"": ""ChefChoice"", ""material"": ""Cotton"", ""weight_kg"": 9.97}",True
3164,27,121,Ultra Toys Range,AFD-42-03164,79.59,37.53,High quality ultra toys range from BrickBuilder.,"{""brand"": ""BrickBuilder"", ""weight_g"": 359}",True
3165,7,173,Smart Toys Case,TGX-42-03165,63.49,37.38,High quality smart toys case from BrickBuilder.,"{""brand"": ""BrickBuilder"", ""weight_g"": 196}",True
3166,28,41,Eco Automotive Address,CCX-42-03166,116.67,72.63,High quality eco automotive address from MotorMax.,"{""brand"": ""MotorMax"", ""weight_g"": 1375}",True
3167,17,110,Premium Apparel Consider,FSX-42-03167,88.68,63.77,High quality premium apparel consider from ThreadWear.,"{""brand"": ""ThreadWear"", ""color"": ""Red"", ""size"": ""S"", ""material"": ""Metal""}",True
3168,7,21,Ultra Toys Project,TGX-42-03168,14.4,10.49,High quality ultra toys project from KidZone.,"{""brand"": ""KidZone"", ""weight_g"": 739}",True
3169,25,200,Smart Beauty Apply,SCX-42-03169,40.62,26.94,High quality smart beauty apply from SilkSkin.,"{""brand"": ""SilkSkin"", ""weight_g"": 548}",True
3170,23,180,Pro Sports West,CBX-42-03170,41.21,18.55,High quality pro sports west from FitPulse.,"{""brand"": ""FitPulse"", ""material"": ""Wood"", ""weight_kg"": 9.81}",True
3171,7,26,Smart Toys Food,TGX-42-03171,116.8,77.58,High quality smart toys food from BoardFun.,"{""brand"": ""BoardFun"", ""weight_g"": 261}",True
3172,16,175,Pro Apparel Tend,FXY-42-03172,115.21,78.4,High quality pro apparel tend from DenimCo.,"{""brand"": ""DenimCo"", ""color"": ""Blue"", ""size"": ""XL"", ""material"": ""Polyester""}",True
3173,29,60,Ultra Grocery Student,BXY-42-03173,44.98,32.47,High quality ultra grocery student from OrganicWay.,"{""brand"": ""OrganicWay"", ""organic"": true, ""expiration_days"": 60}",True
3174,25,53,Pro Beauty Bill,SCX-42-03174,101.76,41.78,High quality pro beauty bill from HerbEssentials.,"{""brand"": ""HerbEssentials"", ""weight_g"": 385}",True
3175,23,118,Pro Sports Loss,CBX-42-03175,199.5,92.65,High quality pro sports loss from TrailBlaze.,"{""brand"": ""TrailBlaze"", ""material"": ""Plastic"", ""weight_kg"": 2.06}",True
3176,5,81,Classic Beauty Popular,BPC-42-03176,31.55,15.71,High quality classic beauty popular from SilkSkin.,"{""brand"": ""SilkSkin"", ""weight_g"": 559}",True
3177,16,110,Deluxe Apparel Conference,FXY-42-03177,137.8,70.26,High quality deluxe apparel conference from DenimCo.,"{""brand"": ""DenimCo"", ""color"": ""Navy"", ""size"": ""L"", ""material"": ""Wood""}",True
3178,9,155,Pro Grocery Thing,GGF-42-03178,23.18,11.65,High quality pro grocery thing from TastyBites.,"{""brand"": ""TastyBites"", ""organic"": true, ""expiration_days"": 152}",True
3179,27,169,Premium Toys Perhaps,AFD-42-03179,41.68,22.03,High quality premium toys perhaps from PlayTime.,"{""brand"": ""PlayTime"", ""weight_g"": 678}",True
3180,14,137,Pro Electronics Attack,SHD-42-03180,293.42,117.97,High quality pro electronics attack from LinkSys.,"{""brand"": ""LinkSys"", ""color"": ""Silver"", ""weight_kg"": 7.77, ""warranty_years"": 5}",True
3181,11,107,Premium Electronics Television,SXY-42-03181,1076.99,556.62,High quality premium electronics television from Sonyx.,"{""brand"": ""Sonyx"", ""color"": ""Black"", ""weight_kg"": 6.94, ""warranty_years"": 2}",True
3182,25,81,Ultra Beauty Television,SCX-42-03182,131.99,85.64,High quality ultra beauty television from SilkSkin.,"{""brand"": ""SilkSkin"", ""weight_g"": 704}",True
3183,23,37,Ultra Sports Born,CBX-42-03183,308.88,186.72,High quality ultra sports born from FitPulse.,"{""brand"": ""FitPulse"", ""material"": ""Metal"", ""weight_kg"": 21.73}",True
3184,3,20,Deluxe Home Build,HKX-42-03184,466.79,235.92,High quality deluxe home build from CozyLiving.,"{""brand"": ""CozyLiving"", ""material"": ""Cotton"", ""weight_kg"": 5.06}",True
3185,26,70,Smart Toys Modern,BGX-42-03185,42.2,24.17,High quality smart toys modern from PlayTime.,"{""brand"": ""PlayTime"", ""weight_g"": 637}",True
3186,30,86,Pro Grocery Physical,SSX-42-03186,48.68,31.79,High quality pro grocery physical from TastyBites.,"{""brand"": ""TastyBites"", ""organic"": false, ""expiration_days"": 69}",True
3187,28,178,Pro Automotive Successful,CCX-42-03187,90.94,57.24,High quality pro automotive successful from AutoPro.,"{""brand"": ""AutoPro"", ""weight_g"": 466}",True
3188,8,196,Classic Automotive Power,AXY-42-03188,185.23,82.78,High quality classic automotive power from TireSafe.,"{""brand"": ""TireSafe"", ""weight_g"": 1187}",True
3189,22,71,Eco Sports Discussion,ORX-42-03189,388.21,181.52,High quality eco sports discussion from TrailBlaze.,"{""brand"": ""TrailBlaze"", ""material"": ""Cotton"", ""weight_kg"": 23.2}",True
3190,23,180,Pro Sports At,CBX-42-03190,138.51,58.51,High quality pro sports at from AquaFlow.,"{""brand"": ""AquaFlow"", ""material"": ""Wood"", ""weight_kg"": 19.27}",True
3191,15,9,Ultra Apparel Summer,FXY-42-03191,85.13,46.18,High quality ultra apparel summer from Vogue.,"{""brand"": ""Vogue"", ""color"": ""Pink"", ""size"": ""L"", ""material"": ""Leather""}",True
3192,1,56,Deluxe Electronics Degree,EXY-42-03192,153.38,68.78,High quality deluxe electronics degree from Sonyx.,"{""brand"": ""Sonyx"", ""color"": ""Black"", ""weight_kg"": 6.59, ""warranty_years"": 1}",True
3193,29,197,Classic Grocery Last,BXY-42-03193,26.86,15.48,High quality classic grocery last from TastyBites.,"{""brand"": ""TastyBites"", ""organic"": false, ""expiration_days"": 139}",True
3194,25,199,Deluxe Beauty Green,SCX-42-03194,83.75,39.5,High quality deluxe beauty green from SilkSkin.,"{""brand"": ""SilkSkin"", ""weight_g"": 916}",True
3195,28,168,Deluxe Automotive Talk,CCX-42-03195,204.33,108.98,High quality deluxe automotive talk from DriveClean.,"{""brand"": ""DriveClean"", ""weight_g"": 1465}",True
3196,18,138,Eco Home Thing,KAX-42-03196,333.3,217.75,High quality eco home thing from KitchenAid.,"{""brand"": ""KitchenAid"", ""material"": ""Leather"", ""weight_kg"": 9.84}",True
3197,28,130,Classic Automotive Sing,CCX-42-03197,193.83,94.71,High quality classic automotive sing from TireSafe.,"{""brand"": ""TireSafe"", ""weight_g"": 1277}",True
3198,5,7,Pro Beauty Resource,BPC-42-03198,86.53,45.83,High quality pro beauty resource from HerbEssentials.,"{""brand"": ""HerbEssentials"", ""weight_g"": 1213}",True
3199,23,39,Classic Sports Interest,CBX-42-03199,61.29,28.54,High quality classic sports interest from FitPulse.,"{""brand"": ""FitPulse"", ""material"": ""Polyester"", ""weight_kg"": 22.75}",True
3200,30,43,Deluxe Grocery Garden,SSX-42-03200,19.96,13.75,High quality deluxe grocery garden from OrganicWay.,"{""brand"": ""OrganicWay"", ""organic"": true, ""expiration_days"": 65}",True
3201,29,60,Classic Grocery Camera,BXY-42-03201,16.01,7.02,High quality classic grocery camera from OrganicWay.,"{""brand"": ""OrganicWay"", ""organic"": true, ""expiration_days"": 120}",True
3202,17,193,Eco Apparel Return,FSX-42-03202,106.82,66.62,High quality eco apparel return from ThreadWear.,"{""brand"": ""ThreadWear"", ""color"": ""Red"", ""size"": ""M"", ""material"": ""Polyester""}",True
3203,2,85,Classic Apparel Parent,AXY-42-03203,21.67,10.5,High quality classic apparel parent from DenimCo.,"{""brand"": ""DenimCo"", ""color"": ""Green"", ""size"": ""XL"", ""material"": ""Plastic""}",True
3204,3,147,Smart Home Offer,HKX-42-03204,182.66,94.17,High quality smart home offer from KitchenAid.,"{""brand"": ""KitchenAid"", ""material"": ""Metal"", ""weight_kg"": 13.12}",True
3205,7,121,Smart Toys Certain,TGX-42-03205,44.13,22.59,High quality smart toys certain from PlayTime.,"{""brand"": ""PlayTime"", ""weight_g"": 453}",True
3206,2,162,Pro Apparel Fund,AXY-42-03206,131.44,57.32,High quality pro apparel fund from UrbanStyle.,"{""brand"": ""UrbanStyle"", ""color"": ""Blue"", ""size"": ""L"", ""material"": ""Metal""}",True
3207,15,27,Smart Apparel Think,FXY-42-03207,102.54,70.29,High quality smart apparel think from ActiveFit.,"{""brand"": ""ActiveFit"", ""color"": ""Black"", ""size"": ""XS"", ""material"": ""Cotton""}",True
3208,5,200,Premium Beauty Student,BPC-42-03208,72.08,51.84,High quality premium beauty student from LuxeHair.,"{""brand"": ""LuxeHair"", ""weight_g"": 1291}",True
3209,17,177,Pro Apparel Different,FSX-42-03209,116.16,75.06,High quality pro apparel different from ThreadWear.,"{""brand"": ""ThreadWear"", ""color"": ""Green"", ""size"": ""XS"", ""material"": ""Polyester""}",True
3210,12,109,Deluxe Electronics South,LCX-42-03210,1857.13,1018.64,High quality deluxe electronics south from LinkSys.,"{""brand"": ""LinkSys"", ""color"": ""Green"", ""weight_kg"": 0.99, ""warranty_years"": 5}",True
3211,27,112,Eco Toys Answer,AFD-42-03211,58.24,35.1,High quality eco toys answer from BrickBuilder.,"{""brand"": ""BrickBuilder"", ""weight_g"": 1409}",True
3212,7,26,Premium Toys Personal,TGX-42-03212,55.52,31.47,High quality premium toys personal from BoardFun.,"{""brand"": ""BoardFun"", ""weight_g"": 107}",True
3213,11,109,Classic Electronics Consumer,SXY-42-03213,430.61,200.82,High quality classic electronics consumer from AudioMax.,"{""brand"": ""AudioMax"", ""color"": ""Pink"", ""weight_kg"": 0.63, ""warranty_years"": 3}",True
3214,14,93,Classic Electronics Government,SHD-42-03214,890.67,403.01,High quality classic electronics government from Sonyx.,"{""brand"": ""Sonyx"", ""color"": ""Blue"", ""weight_kg"": 7.62, ""warranty_years"": 2}",True
3215,19,146,Ultra Home At,FXY-42-03215,480.71,320.34,High quality ultra home at from CozyLiving.,"{""brand"": ""CozyLiving"", ""material"": ""Wool"", ""weight_kg"": 10.0}",True
3216,22,71,Eco Sports Camera,ORX-42-03216,51.66,37.03,High quality eco sports camera from AquaFlow.,"{""brand"": ""AquaFlow"", ""material"": ""Plastic"", ""weight_kg"": 14.21}",True
3217,3,147,Pro Home Eye,HKX-42-03217,274.25,187.87,High quality pro home eye from ChefChoice.,"{""brand"": ""ChefChoice"", ""material"": ""Glass"", ""weight_kg"": 15.32}",True
3218,7,21,Premium Toys Chance,TGX-42-03218,99.63,66.92,High quality premium toys chance from BrickBuilder.,"{""brand"": ""BrickBuilder"", ""weight_g"": 1105}",True
3219,11,87,Ultra Electronics Sometimes,SXY-42-03219,332.03,228.77,High quality ultra electronics sometimes from Quant.,"{""brand"": ""Quant"", ""color"": ""Green"", ""weight_kg"": 3.5, ""warranty_years"": 2}",True
3220,9,60,Eco Grocery Just,GGF-42-03220,5.34,2.83,High quality eco grocery just from OrganicWay.,"{""brand"": ""OrganicWay"", ""organic"": true, ""expiration_days"": 173}",True
3221,5,199,Pro Beauty Concern,BPC-42-03221,80.09,58.48,High quality pro beauty concern from GlowUp.,"{""brand"": ""GlowUp"", ""weight_g"": 538}",True
3222,1,150,Premium Electronics Same,EXY-42-03222,1097.85,753.53,High quality premium electronics same from LinkSys.,"{""brand"": ""LinkSys"", ""color"": ""Navy"", ""weight_kg"": 7.4, ""warranty_years"": 2}",True
3223,29,2,Ultra Grocery Hope,BXY-42-03223,32.67,21.82,High quality ultra grocery hope from TastyBites.,"{""brand"": ""TastyBites"", ""organic"": false, ""expiration_days"": 253}",True
3224,16,117,Premium Apparel On,FXY-42-03224,184.77,135.35,High quality premium apparel on from ThreadWear.,"{""brand"": ""ThreadWear"", ""color"": ""Pink"", ""size"": ""M"", ""material"": ""Wool""}",True
3225,11,84,Smart Electronics Community,SXY-42-03225,1392.72,791.42,High quality smart electronics community from Quant.,"{""brand"": ""Quant"", ""color"": ""Gray"", ""weight_kg"": 0.11, ""warranty_years"": 1}",True
3226,1,108,Premium Electronics Leg,EXY-42-03226,1816.65,819.76,High quality premium electronics leg from Sonyx.,"{""brand"": ""Sonyx"", ""color"": ""Red"", ""weight_kg"": 1.21, ""warranty_years"": 3}",True
3227,22,91,Premium Sports Either,ORX-42-03227,246.99,175.6,High quality premium sports either from FitPulse.,"{""brand"": ""FitPulse"", ""material"": ""Glass"", ""weight_kg"": 21.29}",True
3228,23,170,Deluxe Sports Wish,CBX-42-03228,226.28,127.71,High quality deluxe sports wish from AquaFlow.,"{""brand"": ""AquaFlow"", ""material"": ""Polyester"", ""weight_kg"": 17.11}",True
3229,19,146,Eco Home Party,FXY-42-03229,387.67,206.11,High quality eco home party from ChefChoice.,"{""brand"": ""ChefChoice"", ""material"": ""Plastic"", ""weight_kg"": 19.41}",True
3230,13,150,Smart Electronics Amount,AHX-42-03230,921.41,464.02,High quality smart electronics amount from LinkSys.,"{""brand"": ""LinkSys"", ""color"": ""Green"", ""weight_kg"": 4.24, ""warranty_years"": 2}",True
3231,7,89,Smart Toys Cell,TGX-42-03231,95.69,38.81,High quality smart toys cell from BoardFun.,"{""brand"": ""BoardFun"", ""weight_g"": 361}",True
3232,6,74,Pro Books Black,BXY-42-03232,76.04,56.67,High quality pro books black from OReilly.,"{""brand"": ""OReilly"", ""weight_g"": 451}",True
3233,25,81,Ultra Beauty Strong,SCX-42-03233,95.5,70.19,High quality ultra beauty strong from SilkSkin.,"{""brand"": ""SilkSkin"", ""weight_g"": 230}",True
3234,19,16,Smart Home Throw,FXY-42-03234,611.79,296.94,High quality smart home throw from KitchenAid.,"{""brand"": ""KitchenAid"", ""material"": ""Glass"", ""weight_kg"": 1.02}",True
3235,23,91,Premium Sports Project,CBX-42-03235,241.73,117.27,High quality premium sports project from PeakGear.,"{""brand"": ""PeakGear"", ""material"": ""Plastic"", ""weight_kg"": 12.57}",True
3236,21,160,Classic Sports Position,FGX-42-03236,61.57,44.19,High quality classic sports position from PeakGear.,"{""brand"": ""PeakGear"", ""material"": ""Polyester"", ""weight_kg"": 1.57}",True
3237,13,139,Premium Electronics However,AHX-42-03237,1661.03,752.43,High quality premium electronics however from TechCo.,"{""brand"": ""TechCo"", ""color"": ""Pink"", ""weight_kg"": 0.36, ""warranty_years"": 5}",True
3238,12,109,Classic Electronics Star,LCX-42-03238,1152.2,545.14,High quality classic electronics star from Quant.,"{""brand"": ""Quant"", ""color"": ""Blue"", ""weight_kg"": 4.82, ""warranty_years"": 2}",True
3239,8,130,Ultra Automotive Coach,AXY-42-03239,90.26,51.91,High quality ultra automotive coach from MotorMax.,"{""brand"": ""MotorMax"", ""weight_g"": 1057}",True
3240,29,10,Smart Grocery Admit,BXY-42-03240,30.81,13.49,High quality smart grocery admit from SweetTreats.,"{""brand"": ""SweetTreats"", ""organic"": false, ""expiration_days"": 301}",True
3241,3,51,Eco Home Until,HKX-42-03241,316.76,234.28,High quality eco home until from ChefChoice.,"{""brand"": ""ChefChoice"", ""material"": ""Wood"", ""weight_kg"": 21.4}",True
3242,22,78,Ultra Sports Message,ORX-42-03242,407.09,166.11,High quality ultra sports message from PeakGear.,"{""brand"": ""PeakGear"", ""material"": ""Glass"", ""weight_kg"": 17.47}",True
3243,27,173,Deluxe Toys Be,AFD-42-03243,54.84,28.94,High quality deluxe toys be from BrickBuilder.,"{""brand"": ""BrickBuilder"", ""weight_g"": 685}",True
3244,13,109,Smart Electronics According,AHX-42-03244,679.48,475.91,High quality smart electronics according from Sonyx.,"{""brand"": ""Sonyx"", ""color"": ""Yellow"", ""weight_kg"": 5.39, ""warranty_years"": 3}",True
3245,1,8,Eco Electronics Account,EXY-42-03245,1625.47,1042.29,High quality eco electronics account from AudioMax.,"{""brand"": ""AudioMax"", ""color"": ""Silver"", ""weight_kg"": 0.26, ""warranty_years"": 5}",True
3246,22,39,Pro Sports Country,ORX-42-03246,47.75,30.24,High quality pro sports country from PeakGear.,"{""brand"": ""PeakGear"", ""material"": ""Plastic"", ""weight_kg"": 2.61}",True
3247,1,109,Deluxe Electronics With,EXY-42-03247,1536.07,764.86,High quality deluxe electronics with from Sonyx.,"{""brand"": ""Sonyx"", ""color"": ""Yellow"", ""weight_kg"": 7.03, ""warranty_years"": 5}",True
3248,21,77,Eco Sports Behind,FGX-42-03248,366.17,259.13,High quality eco sports behind from TrailBlaze.,"{""brand"": ""TrailBlaze"", ""material"": ""Leather"", ""weight_kg"": 8.35}",True
3249,14,158,Smart Electronics Seat,SHD-42-03249,1317.8,627.24,High quality smart electronics seat from AudioMax.,"{""brand"": ""AudioMax"", ""color"": ""Gray"", ""weight_kg"": 6.51, ""warranty_years"": 1}",True
3250,30,3,Premium Grocery Reach,SSX-42-03250,4.73,1.95,High quality premium grocery reach from TastyBites.,"{""brand"": ""TastyBites"", ""organic"": true, ""expiration_days"": 293}",True
3251,15,122,Classic Apparel Personal,FXY-42-03251,31.65,12.7,High quality classic apparel personal from UrbanStyle.,"{""brand"": ""UrbanStyle"", ""color"": ""Black"", ""size"": ""S"", ""material"": ""Leather""}",True
3252,11,139,Smart Electronics Very,SXY-42-03252,1904.64,804.83,High quality smart electronics very from LinkSys.,"{""brand"": ""LinkSys"", ""color"": ""Silver"", ""weight_kg"": 5.04, ""warranty_years"": 1}",True
3253,20,163,Eco Home Federal,BBX-42-03253,195.64,141.49,High quality eco home federal from DecoHome.,"{""brand"": ""DecoHome"", ""material"": ""Glass"", ""weight_kg"": 10.72}",True
3254,3,48,Smart Home Keep,HKX-42-03254,619.7,333.32,High quality smart home keep from KitchenAid.,"{""brand"": ""KitchenAid"", ""material"": ""Polyester"", ""weight_kg"": 3.94}",True
3255,5,140,Classic Beauty Rule,BPC-42-03255,97.1,56.51,High quality classic beauty rule from HerbEssentials.,"{""brand"": ""HerbEssentials"", ""weight_g"": 989}",True
3256,29,46,Deluxe Grocery Surface,BXY-42-03256,38.92,27.1,High quality deluxe grocery surface from NatureDrop.,"{""brand"": ""NatureDrop"", ""organic"": true, ""expiration_days"": 47}",True
3257,27,24,Smart Toys Structure,AFD-42-03257,14.0,7.31,High quality smart toys structure from BrickBuilder.,"{""brand"": ""BrickBuilder"", ""weight_g"": 1431}",True
3258,25,159,Pro Beauty Spring,SCX-42-03258,40.45,28.38,High quality pro beauty spring from LuxeHair.,"{""brand"": ""LuxeHair"", ""weight_g"": 465}",True
3259,20,90,Ultra Home Maybe,BBX-42-03259,500.71,251.14,High quality ultra home maybe from KitchenAid.,"{""brand"": ""KitchenAid"", ""material"": ""Polyester"", ""weight_kg"": 18.8}",True
3260,5,140,Pro Beauty Role,BPC-42-03260,66.22,31.88,High quality pro beauty role from HerbEssentials.,"{""brand"": ""HerbEssentials"", ""weight_g"": 1376}",True
3261,1,150,Pro Electronics Card,EXY-42-03261,1462.38,792.52,High quality pro electronics card from Quant.,"{""brand"": ""Quant"", ""color"": ""Yellow"", ""weight_kg"": 5.55, ""warranty_years"": 1}",True
3262,17,120,Ultra Apparel Design,FSX-42-03262,100.96,71.12,High quality ultra apparel design from UrbanStyle.,"{""brand"": ""UrbanStyle"", ""color"": ""Pink"", ""size"": ""S"", ""material"": ""Wood""}",True
3263,30,45,Eco Grocery Character,SSX-42-03263,22.76,13.29,High quality eco grocery character from NatureDrop.,"{""brand"": ""NatureDrop"", ""organic"": true, ""expiration_days"": 54}",True
3264,24,140,Eco Beauty Push,MCX-42-03264,62.49,41.97,High quality eco beauty push from SilkSkin.,"{""brand"": ""SilkSkin"", ""weight_g"": 991}",True
3265,30,116,Pro Grocery Experience,SSX-42-03265,10.25,4.67,High quality pro grocery experience from SweetTreats.,"{""brand"": ""SweetTreats"", ""organic"": false, ""expiration_days"": 237}",True
3266,17,177,Eco Apparel Necessary,FSX-42-03266,107.83,64.64,High quality eco apparel necessary from Vogue.,"{""brand"": ""Vogue"", ""color"": ""Yellow"", ""size"": ""XXL"", ""material"": ""Wood""}",True
3267,3,79,Ultra Home Little,HKX-42-03267,791.77,406.73,High quality ultra home little from KitchenAid.,"{""brand"": ""KitchenAid"", ""material"": ""Glass"", ""weight_kg"": 7.64}",True
3268,19,48,Premium Home Its,FXY-42-03268,649.61,388.44,High quality premium home its from DecoHome.,"{""brand"": ""DecoHome"", ""material"": ""Plastic"", ""weight_kg"": 8.86}",True
3269,16,120,Smart Apparel Edge,FXY-42-03269,98.32,54.26,High quality smart apparel edge from DenimCo.,"{""brand"": ""DenimCo"", ""color"": ""Green"", ""size"": ""M"", ""material"": ""Cotton""}",True
3270,18,42,Eco Home Writer,KAX-42-03270,731.03,386.92,High quality eco home writer from KitchenAid.,"{""brand"": ""KitchenAid"", ""material"": ""Plastic"", ""weight_kg"": 1.22}",True
3271,3,148,Deluxe Home Contain,HKX-42-03271,753.83,378.29,High quality deluxe home contain from ChefChoice.,"{""brand"": ""ChefChoice"", ""material"": ""Polyester"", ""weight_kg"": 22.35}",True
3272,25,80,Ultra Beauty Popular,SCX-42-03272,52.8,31.31,High quality ultra beauty popular from GlowUp.,"{""brand"": ""GlowUp"", ""weight_g"": 334}",True
3273,19,75,Premium Home Role,FXY-42-03273,695.91,363.84,High quality premium home role from ChefChoice.,"{""brand"": ""ChefChoice"", ""material"": ""Polyester"", ""weight_kg"": 16.38}",True
3274,27,89,Deluxe Toys Always,AFD-42-03274,67.81,28.06,High quality deluxe toys always from BoardFun.,"{""brand"": ""BoardFun"", ""weight_g"": 139}",True
3275,1,139,Smart Electronics Pick,EXY-42-03275,1214.87,597.3,High quality smart electronics pick from AudioMax.,"{""brand"": ""AudioMax"", ""color"": ""Silver"", ""weight_kg"": 4.23, ""warranty_years"": 5}",True
3276,18,98,Premium Home Couple,KAX-42-03276,289.42,162.67,High quality premium home couple from DecoHome.,"{""brand"": ""DecoHome"", ""material"": ""Cotton"", ""weight_kg"": 19.46}",True
3277,19,42,Ultra Home Series,FXY-42-03277,29.14,12.69,High quality ultra home series from CozyLiving.,"{""brand"": ""CozyLiving"", ""material"": ""Cotton"", ""weight_kg"": 2.06}",True
3278,17,111,Classic Apparel Money,FSX-42-03278,168.77,69.64,High quality classic apparel money from Vogue.,"{""brand"": ""Vogue"", ""color"": ""Navy"", ""size"": ""XS"", ""material"": ""Wood""}",True
3279,22,166,Ultra Sports Population,ORX-42-03279,302.36,136.74,High quality ultra sports population from TrailBlaze.,"{""brand"": ""TrailBlaze"", ""material"": ""Leather"", ""weight_kg"": 21.35}",True
3280,14,126,Smart Electronics Behavior,SHD-42-03280,437.42,193.2,High quality smart electronics behavior from TechCo.,"{""brand"": ""TechCo"", ""color"": ""Green"", ""weight_kg"": 1.43, ""warranty_years"": 1}",True
3281,1,150,Premium Electronics Product,EXY-42-03281,1905.41,1188.27,High quality premium electronics product from Sonyx.,"{""brand"": ""Sonyx"", ""color"": ""Red"", ""weight_kg"": 6.31, ""warranty_years"": 5}",True
3282,21,180,Deluxe Sports The,FGX-42-03282,214.62,105.35,High quality deluxe sports the from AquaFlow.,"{""brand"": ""AquaFlow"", ""material"": ""Plastic"", ""weight_kg"": 6.36}",True
3283,26,179,Eco Toys Stay,BGX-42-03283,79.86,59.73,High quality eco toys stay from BoardFun.,"{""brand"": ""BoardFun"", ""weight_g"": 1063}",True
3284,29,10,Classic Grocery Fish,BXY-42-03284,40.72,27.16,High quality classic grocery fish from SweetTreats.,"{""brand"": ""SweetTreats"", ""organic"": false, ""expiration_days"": 218}",True
3285,22,190,Eco Sports Happen,ORX-42-03285,454.62,222.54,High quality eco sports happen from AquaFlow.,"{""brand"": ""AquaFlow"", ""material"": ""Glass"", ""weight_kg"": 19.83}",True
3286,12,137,Ultra Electronics Kid,LCX-42-03286,621.78,453.22,High quality ultra electronics kid from Volt.,"{""brand"": ""Volt"", ""color"": ""Blue"", ""weight_kg"": 5.82, ""warranty_years"": 3}",True
3287,13,137,Smart Electronics Above,AHX-42-03287,869.69,514.98,High quality smart electronics above from AudioMax.,"{""brand"": ""AudioMax"", ""color"": ""Green"", ""weight_kg"": 2.9, ""warranty_years"": 2}",True
3288,22,184,Deluxe Sports Open,ORX-42-03288,436.93,252.26,High quality deluxe sports open from FitPulse.,"{""brand"": ""FitPulse"", ""material"": ""Leather"", ""weight_kg"": 16.7}",True
3289,30,86,Eco Grocery Eat,SSX-42-03289,33.44,24.43,High quality eco grocery eat from TastyBites.,"{""brand"": ""TastyBites"", ""organic"": false, ""expiration_days"": 263}",True
3290,7,112,Smart Toys Dark,TGX-42-03290,117.65,81.23,High quality smart toys dark from BoardFun.,"{""brand"": ""BoardFun"", ""weight_g"": 542}",True
3291,5,7,Pro Beauty Buy,BPC-42-03291,129.8,88.78,High quality pro beauty buy from HerbEssentials.,"{""brand"": ""HerbEssentials"", ""weight_g"": 1124}",True
3292,16,9,Classic Apparel Next,FXY-42-03292,185.62,132.79,High quality classic apparel next from Vogue.,"{""brand"": ""Vogue"", ""color"": ""Silver"", ""size"": ""XXL"", ""material"": ""Wood""}",True
3293,25,189,Deluxe Beauty Beyond,SCX-42-03293,93.46,44.53,High quality deluxe beauty beyond from HerbEssentials.,"{""brand"": ""HerbEssentials"", ""weight_g"": 665}",True
3294,8,145,Deluxe Automotive Present,AXY-42-03294,299.06,191.9,High quality deluxe automotive present from AutoPro.,"{""brand"": ""AutoPro"", ""weight_g"": 779}",True
3295,1,150,Deluxe Electronics High,EXY-42-03295,1453.64,736.94,High quality deluxe electronics high from TechCo.,"{""brand"": ""TechCo"", ""color"": ""Blue"", ""weight_kg"": 7.96, ""warranty_years"": 1}",True
3296,20,29,Ultra Home Travel,BBX-42-03296,432.63,233.76,High quality ultra home travel from KitchenAid.,"{""brand"": ""KitchenAid"", ""material"": ""Cotton"", ""weight_kg"": 11.72}",True
3297,9,36,Deluxe Grocery Sort,GGF-42-03297,46.05,30.64,High quality deluxe grocery sort from TastyBites.,"{""brand"": ""TastyBites"", ""organic"": true, ""expiration_days"": 249}",True
3298,15,73,Ultra Apparel Notice,FXY-42-03298,183.79,105.04,High quality ultra apparel notice from UrbanStyle.,"{""brand"": ""UrbanStyle"", ""color"": ""Blue"", ""size"": ""M"", ""material"": ""Plastic""}",True
3299,22,166,Smart Sports Movement,ORX-42-03299,484.9,194.77,High quality smart sports movement from PeakGear.,"{""brand"": ""PeakGear"", ""material"": ""Polyester"", ""weight_kg"": 10.83}",True
3300,11,109,Premium Electronics Discuss,SXY-42-03300,1985.76,870.71,High quality premium electronics discuss from AudioMax.,"{""brand"": ""AudioMax"", ""color"": ""Silver"", ""weight_kg"": 5.54, ""warranty_years"": 1}",True
3301,10,128,Smart Office Products Majority,OPX-42-03301,3.29,1.53,High quality smart office products majority from PaperMate.,"{""brand"": ""PaperMate"", ""weight_g"": 688}",True
3302,7,96,Pro Toys Speech,TGX-42-03302,34.97,14.78,High quality pro toys speech from BoardFun.,"{""brand"": ""BoardFun"", ""weight_g"": 1450}",True
3303,22,170,Deluxe Sports Produce,ORX-42-03303,343.85,236.75,High quality deluxe sports produce from AquaFlow.,"{""brand"": ""AquaFlow"", ""material"": ""Plastic"", ""weight_kg"": 5.11}",True
3304,26,179,Ultra Toys Receive,BGX-42-03304,89.74,39.05,High quality ultra toys receive from BrickBuilder.,"{""brand"": ""BrickBuilder"", ""weight_g"": 1395}",True
3305,12,126,Ultra Electronics Detail,LCX-42-03305,77.8,58.18,High quality ultra electronics detail from Quant.,"{""brand"": ""Quant"", ""color"": ""Blue"", ""weight_kg"": 1.56, ""warranty_years"": 5}",True
3306,27,89,Eco Toys Factor,AFD-42-03306,26.39,14.57,High quality eco toys factor from KidZone.,"{""brand"": ""KidZone"", ""weight_g"": 425}",True
3307,26,173,Smart Toys Argue,BGX-42-03307,47.83,30.71,High quality smart toys argue from BoardFun.,"{""brand"": ""BoardFun"", ""weight_g"": 1065}",True
3308,8,178,Classic Automotive Daughter,AXY-42-03308,61.77,40.16,High quality classic automotive daughter from MotorMax.,"{""brand"": ""MotorMax"", ""weight_g"": 649}",True
3309,11,56,Premium Electronics Budget,SXY-42-03309,533.9,354.94,High quality premium electronics budget from LinkSys.,"{""brand"": ""LinkSys"", ""color"": ""White"", ""weight_kg"": 4.72, ""warranty_years"": 3}",True
3310,4,65,Classic Sports Style,SOX-42-03310,240.94,172.43,High quality classic sports style from FitPulse.,"{""brand"": ""FitPulse"", ""material"": ""Plastic"", ""weight_kg"": 8.16}",True
3311,22,78,Deluxe Sports Church,ORX-42-03311,345.88,222.92,High quality deluxe sports church from AquaFlow.,"{""brand"": ""AquaFlow"", ""material"": ""Wool"", ""weight_kg"": 12.11}",True
3312,18,19,Pro Home Reveal,KAX-42-03312,341.35,160.41,High quality pro home reveal from CozyLiving.,"{""brand"": ""CozyLiving"", ""material"": ""Wood"", ""weight_kg"": 2.84}",True
3313,27,26,Deluxe Toys Three,AFD-42-03313,103.04,65.3,High quality deluxe toys three from KidZone.,"{""brand"": ""KidZone"", ""weight_g"": 817}",True
3314,14,139,Ultra Electronics Which,SHD-42-03314,1449.39,1020.84,High quality ultra electronics which from Quant.,"{""brand"": ""Quant"", ""color"": ""Red"", ""weight_kg"": 7.08, ""warranty_years"": 2}",True
3315,25,80,Premium Beauty Matter,SCX-42-03315,9.17,4.49,High quality premium beauty matter from LuxeHair.,"{""brand"": ""LuxeHair"", ""weight_g"": 853}",True
3316,6,11,Pro Books Modern,BXY-42-03316,50.42,36.63,High quality pro books modern from Springer.,"{""brand"": ""Springer"", ""weight_g"": 529}",True
3317,3,138,Deluxe Home Control,HKX-42-03317,668.32,323.58,High quality deluxe home control from DecoHome.,"{""brand"": ""DecoHome"", ""material"": ""Plastic"", ""weight_kg"": 23.77}",True
3318,14,139,Classic Electronics Collection,SHD-42-03318,998.26,420.03,High quality classic electronics collection from TechCo.,"{""brand"": ""TechCo"", ""color"": ""Blue"", ""weight_kg"": 5.8, ""warranty_years"": 2}",True
3319,30,31,Pro Grocery Religious,SSX-42-03319,45.89,29.66,High quality pro grocery religious from SweetTreats.,"{""brand"": ""SweetTreats"", ""organic"": true, ""expiration_days"": 356}",True
3320,26,24,Ultra Toys Win,BGX-42-03320,114.24,83.77,High quality ultra toys win from BoardFun.,"{""brand"": ""BoardFun"", ""weight_g"": 519}",True
3321,27,154,Premium Toys Animal,AFD-42-03321,111.17,65.11,High quality premium toys animal from BoardFun.,"{""brand"": ""BoardFun"", ""weight_g"": 1078}",True
3322,12,158,Eco Electronics Arm,LCX-42-03322,1872.8,1180.14,High quality eco electronics arm from Sonyx.,"{""brand"": ""Sonyx"", ""color"": ""Black"", ""weight_kg"": 1.25, ""warranty_years"": 2}",True
3323,13,92,Ultra Electronics Quite,AHX-42-03323,745.21,522.14,High quality ultra electronics quite from LinkSys.,"{""brand"": ""LinkSys"", ""color"": ""Silver"", ""weight_kg"": 6.3, ""warranty_years"": 2}",True
3324,4,78,Deluxe Sports Himself,SOX-42-03324,131.4,74.24,High quality deluxe sports himself from FitPulse.,"{""brand"": ""FitPulse"", ""material"": ""Glass"", ""weight_kg"": 9.78}",True
3325,6,185,Classic Books Feel,BXY-42-03325,51.89,22.76,High quality classic books feel from OReilly.,"{""brand"": ""OReilly"", ""weight_g"": 1259}",True
3326,1,139,Premium Electronics Determine,EXY-42-03326,584.77,286.87,High quality premium electronics determine from LinkSys.,"{""brand"": ""LinkSys"", ""color"": ""Gray"", ""weight_kg"": 5.21, ""warranty_years"": 2}",True
3327,14,174,Deluxe Electronics Learn,SHD-42-03327,1237.77,592.59,High quality deluxe electronics learn from TechCo.,"{""brand"": ""TechCo"", ""color"": ""Black"", ""weight_kg"": 5.52, ""warranty_years"": 2}",True
3328,22,160,Eco Sports Enter,ORX-42-03328,244.49,107.95,High quality eco sports enter from PeakGear.,"{""brand"": ""PeakGear"", ""material"": ""Plastic"", ""weight_kg"": 0.89}",True
3329,5,140,Pro Beauty Good,BPC-42-03329,89.76,65.71,High quality pro beauty good from SilkSkin.,"{""brand"": ""SilkSkin"", ""weight_g"": 848}",True
3330,29,60,Ultra Grocery Practice,BXY-42-03330,40.83,29.33,High quality ultra grocery practice from TastyBites.,"{""brand"": ""TastyBites"", ""organic"": true, ""expiration_days"": 228}",True
3331,5,140,Eco Beauty Support,BPC-42-03331,94.09,62.13,High quality eco beauty support from LuxeHair.,"{""brand"": ""LuxeHair"", ""weight_g"": 518}",True
3332,27,169,Smart Toys Voice,AFD-42-03332,27.12,11.78,High quality smart toys voice from BrickBuilder.,"{""brand"": ""BrickBuilder"", ""weight_g"": 863}",True
3333,19,16,Eco Home Son,FXY-42-03333,632.67,351.09,High quality eco home son from ChefChoice.,"{""brand"": ""ChefChoice"", ""material"": ""Wood"", ""weight_kg"": 19.56}",True
3334,4,190,Smart Sports Long,SOX-42-03334,18.32,8.21,High quality smart sports long from AquaFlow.,"{""brand"": ""AquaFlow"", ""material"": ""Glass"", ""weight_kg"": 0.52}",True
3335,21,91,Smart Sports Animal,FGX-42-03335,176.4,107.29,High quality smart sports animal from PeakGear.,"{""brand"": ""PeakGear"", ""material"": ""Plastic"", ""weight_kg"": 21.65}",True
3336,2,76,Deluxe Apparel Body,AXY-42-03336,62.09,25.95,High quality deluxe apparel body from Vogue.,"{""brand"": ""Vogue"", ""color"": ""Black"", ""size"": ""S"", ""material"": ""Wood""}",True
3337,24,189,Smart Beauty Sit,MCX-42-03337,80.51,48.0,High quality smart beauty sit from GlowUp.,"{""brand"": ""GlowUp"", ""weight_g"": 486}",True
3338,24,53,Ultra Beauty Area,MCX-42-03338,97.5,69.05,High quality ultra beauty area from HerbEssentials.,"{""brand"": ""HerbEssentials"", ""weight_g"": 1080}",True
3339,13,108,Eco Electronics Wish,AHX-42-03339,1527.24,636.14,High quality eco electronics wish from TechCo.,"{""brand"": ""TechCo"", ""color"": ""Red"", ""weight_kg"": 0.17, ""warranty_years"": 2}",True
3340,9,129,Classic Grocery Note,GGF-42-03340,34.87,19.55,High quality classic grocery note from NatureDrop.,"{""brand"": ""NatureDrop"", ""organic"": true, ""expiration_days"": 284}",True
3341,23,184,Smart Sports Control,CBX-42-03341,77.37,52.31,High quality smart sports control from PeakGear.,"{""brand"": ""PeakGear"", ""material"": ""Cotton"", ""weight_kg"": 2.35}",True
3342,8,181,Premium Automotive Coach,AXY-42-03342,201.18,111.9,High quality premium automotive coach from AutoPro.,"{""brand"": ""AutoPro"", ""weight_g"": 692}",True
3343,4,78,Premium Sports Stock,SOX-42-03343,126.06,66.98,High quality premium sports stock from FitPulse.,"{""brand"": ""FitPulse"", ""material"": ""Wool"", ""weight_kg"": 4.15}",True
3344,4,78,Classic Sports Air,SOX-42-03344,270.03,159.7,High quality classic sports air from TrailBlaze.,"{""brand"": ""TrailBlaze"", ""material"": ""Wool"", ""weight_kg"": 1.27}",True
3345,18,163,Deluxe Home Memory,KAX-42-03345,169.63,111.26,High quality deluxe home memory from ChefChoice.,"{""brand"": ""ChefChoice"", ""material"": ""Polyester"", ""weight_kg"": 18.23}",True
3346,21,118,Ultra Sports Myself,FGX-42-03346,115.02,79.87,High quality ultra sports myself from PeakGear.,"{""brand"": ""PeakGear"", ""material"": ""Glass"", ""weight_kg"": 24.76}",True
3347,24,80,Smart Beauty Business,MCX-42-03347,92.03,51.82,High quality smart beauty business from HerbEssentials.,"{""brand"": ""HerbEssentials"", ""weight_g"": 1377}",True
3348,16,114,Premium Apparel Avoid,FXY-42-03348,101.61,42.29,High quality premium apparel avoid from ActiveFit.,"{""brand"": ""ActiveFit"", ""color"": ""Silver"", ""size"": ""XS"", ""material"": ""Metal""}",True
3349,23,180,Pro Sports Want,CBX-42-03349,54.36,22.7,High quality pro sports want from PeakGear.,"{""brand"": ""PeakGear"", ""material"": ""Glass"", ""weight_kg"": 3.3}",True
3350,8,69,Premium Automotive Easy,AXY-42-03350,170.39,120.12,High quality premium automotive easy from MotorMax.,"{""brand"": ""MotorMax"", ""weight_g"": 263}",True
3351,6,52,Premium Books Set,BXY-42-03351,41.03,24.01,High quality premium books set from Penguin.,"{""brand"": ""Penguin"", ""weight_g"": 1246}",True
3352,25,15,Classic Beauty Light,SCX-42-03352,95.22,64.7,High quality classic beauty light from HerbEssentials.,"{""brand"": ""HerbEssentials"", ""weight_g"": 581}",True
3353,30,86,Smart Grocery Person,SSX-42-03353,22.18,12.54,High quality smart grocery person from SweetTreats.,"{""brand"": ""SweetTreats"", ""organic"": false, ""expiration_days"": 183}",True
3354,13,158,Pro Electronics Particularly,AHX-42-03354,247.47,115.1,High quality pro electronics particularly from Quant.,"{""brand"": ""Quant"", ""color"": ""White"", ""weight_kg"": 1.97, ""warranty_years"": 5}",True
3355,24,140,Eco Beauty Gas,MCX-42-03355,122.58,78.55,High quality eco beauty gas from LuxeHair.,"{""brand"": ""LuxeHair"", ""weight_g"": 339}",True
3356,28,145,Premium Automotive Kind,CCX-42-03356,75.95,39.8,High quality premium automotive kind from DriveClean.,"{""brand"": ""DriveClean"", ""weight_g"": 872}",True
3357,25,199,Smart Beauty Decide,SCX-42-03357,60.34,40.53,High quality smart beauty decide from SilkSkin.,"{""brand"": ""SilkSkin"", ""weight_g"": 101}",True
3358,12,93,Ultra Electronics Small,LCX-42-03358,998.95,559.98,High quality ultra electronics small from LinkSys.,"{""brand"": ""LinkSys"", ""color"": ""Pink"", ""weight_kg"": 3.87, ""warranty_years"": 3}",True
3359,27,21,Eco Toys Research,AFD-42-03359,28.25,12.68,High quality eco toys research from BoardFun.,"{""brand"": ""BoardFun"", ""weight_g"": 1416}",True
3360,13,56,Pro Electronics Water,AHX-42-03360,617.81,417.4,High quality pro electronics water from Sonyx.,"{""brand"": ""Sonyx"", ""color"": ""Yellow"", ""weight_kg"": 3.45, ""warranty_years"": 2}",True
3361,1,92,Deluxe Electronics Gas,EXY-42-03361,1903.83,835.13,High quality deluxe electronics gas from Quant.,"{""brand"": ""Quant"", ""color"": ""Green"", ""weight_kg"": 6.26, ""warranty_years"": 3}",True
3362,6,28,Ultra Books Drug,BXY-42-03362,34.97,17.61,High quality ultra books drug from Penguin.,"{""brand"": ""Penguin"", ""weight_g"": 1280}",True
3363,13,109,Pro Electronics Start,AHX-42-03363,1479.5,699.1,High quality pro electronics start from Volt.,"{""brand"": ""Volt"", ""color"": ""Yellow"", ""weight_kg"": 0.31, ""warranty_years"": 3}",True
3364,13,93,Pro Electronics Break,AHX-42-03364,766.67,568.82,High quality pro electronics break from LinkSys.,"{""brand"": ""LinkSys"", ""color"": ""Pink"", ""weight_kg"": 7.23, ""warranty_years"": 1}",True
3365,7,112,Ultra Toys Gas,TGX-42-03365,70.63,47.52,High quality ultra toys gas from PlayTime.,"{""brand"": ""PlayTime"", ""weight_g"": 107}",True
3366,9,167,Eco Grocery Drive,GGF-42-03366,12.55,8.02,High quality eco grocery drive from TastyBites.,"{""brand"": ""TastyBites"", ""organic"": false, ""expiration_days"": 126}",True
3367,23,65,Ultra Sports Billion,CBX-42-03367,383.93,231.06,High quality ultra sports billion from TrailBlaze.,"{""brand"": ""TrailBlaze"", ""material"": ""Polyester"", ""weight_kg"": 16.7}",True
3368,6,156,Smart Books Economic,BXY-42-03368,75.32,40.23,High quality smart books economic from Harper.,"{""brand"": ""Harper"", ""weight_g"": 623}",True
3369,3,4,Eco Home Sing,HKX-42-03369,727.66,303.77,High quality eco home sing from DecoHome.,"{""brand"": ""DecoHome"", ""material"": ""Polyester"", ""weight_kg"": 2.51}",True
3370,15,49,Pro Apparel Itself,FXY-42-03370,34.37,15.64,High quality pro apparel itself from ThreadWear.,"{""brand"": ""ThreadWear"", ""color"": ""Pink"", ""size"": ""S"", ""material"": ""Cotton""}",True
3371,3,115,Deluxe Home True,HKX-42-03371,104.66,67.38,High quality deluxe home true from ChefChoice.,"{""brand"": ""ChefChoice"", ""material"": ""Cotton"", ""weight_kg"": 21.28}",True
3372,16,88,Eco Apparel Decision,FXY-42-03372,138.66,80.98,High quality eco apparel decision from UrbanStyle.,"{""brand"": ""UrbanStyle"", ""color"": ""Red"", ""size"": ""XL"", ""material"": ""Glass""}",True
3373,29,50,Smart Grocery How,BXY-42-03373,29.92,16.67,High quality smart grocery how from OrganicWay.,"{""brand"": ""OrganicWay"", ""organic"": false, ""expiration_days"": 92}",True
3374,30,31,Classic Grocery Vote,SSX-42-03374,7.11,3.15,High quality classic grocery vote from SweetTreats.,"{""brand"": ""SweetTreats"", ""organic"": false, ""expiration_days"": 223}",True
3375,12,109,Smart Electronics Discussion,LCX-42-03375,1480.78,878.86,High quality smart electronics discussion from AudioMax.,"{""brand"": ""AudioMax"", ""color"": ""White"", ""weight_kg"": 7.96, ""warranty_years"": 1}",True
3376,14,56,Eco Electronics Back,SHD-42-03376,995.18,618.15,High quality eco electronics back from AudioMax.,"{""brand"": ""AudioMax"", ""color"": ""Blue"", ""weight_kg"": 3.31, ""warranty_years"": 2}",True
3377,4,118,Smart Sports Market,SOX-42-03377,104.06,45.05,High quality smart sports market from AquaFlow.,"{""brand"": ""AquaFlow"", ""material"": ""Plastic"", ""weight_kg"": 20.9}",True
3378,15,49,Premium Apparel Pay,FXY-42-03378,151.52,100.56,High quality premium apparel pay from DenimCo.,"{""brand"": ""DenimCo"", ""color"": ""Navy"", ""size"": ""M"", ""material"": ""Wood""}",True
3379,7,121,Premium Toys Memory,TGX-42-03379,110.52,63.82,High quality premium toys memory from BrickBuilder.,"{""brand"": ""BrickBuilder"", ""weight_g"": 1126}",True
3380,28,187,Premium Automotive Arm,CCX-42-03380,196.24,139.42,High quality premium automotive arm from TireSafe.,"{""brand"": ""TireSafe"", ""weight_g"": 1136}",True
3381,6,14,Deluxe Books Voice,BXY-42-03381,16.2,7.65,High quality deluxe books voice from Penguin.,"{""brand"": ""Penguin"", ""weight_g"": 1073}",True
3382,3,82,Deluxe Home Least,HKX-42-03382,793.02,413.81,High quality deluxe home least from DecoHome.,"{""brand"": ""DecoHome"", ""material"": ""Polyester"", ""weight_kg"": 10.03}",True
3383,26,179,Deluxe Toys Check,BGX-42-03383,31.39,22.67,High quality deluxe toys check from BrickBuilder.,"{""brand"": ""BrickBuilder"", ""weight_g"": 207}",True
3384,16,162,Smart Apparel Direction,FXY-42-03384,173.59,89.45,High quality smart apparel direction from ThreadWear.,"{""brand"": ""ThreadWear"", ""color"": ""Black"", ""size"": ""M"", ""material"": ""Cotton""}",True
3385,8,176,Eco Automotive Without,AXY-42-03385,203.4,124.17,High quality eco automotive without from MotorMax.,"{""brand"": ""MotorMax"", ""weight_g"": 810}",True
3386,17,88,Pro Apparel Poor,FSX-42-03386,105.67,54.91,High quality pro apparel poor from Vogue.,"{""brand"": ""Vogue"", ""color"": ""Navy"", ""size"": ""XL"", ""material"": ""Polyester""}",True
3387,5,81,Ultra Beauty Look,BPC-42-03387,128.34,96.22,High quality ultra beauty look from SilkSkin.,"{""brand"": ""SilkSkin"", ""weight_g"": 347}",True
3388,30,60,Premium Grocery Could,SSX-42-03388,39.31,28.0,High quality premium grocery could from SweetTreats.,"{""brand"": ""SweetTreats"", ""organic"": false, ""expiration_days"": 45}",True
3389,27,169,Smart Toys Impact,AFD-42-03389,87.06,40.44,High quality smart toys impact from PlayTime.,"{""brand"": ""PlayTime"", ""weight_g"": 1338}",True
3390,24,199,Classic Beauty Hour,MCX-42-03390,147.31,107.84,High quality classic beauty hour from LuxeHair.,"{""brand"": ""LuxeHair"", ""weight_g"": 912}",True
3391,29,36,Eco Grocery Century,BXY-42-03391,45.42,19.86,High quality eco grocery century from TastyBites.,"{""brand"": ""TastyBites"", ""organic"": true, ""expiration_days"": 217}",True
3392,26,21,Ultra Toys Lot,BGX-42-03392,23.37,13.78,High quality ultra toys lot from BoardFun.,"{""brand"": ""BoardFun"", ""weight_g"": 783}",True
3393,9,13,Smart Grocery Service,GGF-42-03393,41.59,27.17,High quality smart grocery service from NatureDrop.,"{""brand"": ""NatureDrop"", ""organic"": false, ""expiration_days"": 129}",True
3394,4,97,Smart Sports Daughter,SOX-42-03394,197.86,132.88,High quality smart sports daughter from TrailBlaze.,"{""brand"": ""TrailBlaze"", ""material"": ""Cotton"", ""weight_kg"": 22.42}",True
3395,26,121,Eco Toys Project,BGX-42-03395,75.76,44.13,High quality eco toys project from BoardFun.,"{""brand"": ""BoardFun"", ""weight_g"": 1323}",True
3396,2,165,Classic Apparel Her,AXY-42-03396,121.56,78.23,High quality classic apparel her from ActiveFit.,"{""brand"": ""ActiveFit"", ""color"": ""Navy"", ""size"": ""XL"", ""material"": ""Glass""}",True
3397,5,140,Smart Beauty Expect,BPC-42-03397,45.25,29.65,High quality smart beauty expect from SilkSkin.,"{""brand"": ""SilkSkin"", ""weight_g"": 1488}",True
3398,4,119,Ultra Sports Degree,SOX-42-03398,244.31,164.11,High quality ultra sports degree from FitPulse.,"{""brand"": ""FitPulse"", ""material"": ""Polyester"", ""weight_kg"": 10.75}",True
3399,17,25,Smart Apparel Government,FSX-42-03399,22.64,10.69,High quality smart apparel government from DenimCo.,"{""brand"": ""DenimCo"", ""color"": ""Gray"", ""size"": ""L"", ""material"": ""Glass""}",True
3400,1,108,Eco Electronics Care,EXY-42-03400,1390.97,615.31,High quality eco electronics care from Sonyx.,"{""brand"": ""Sonyx"", ""color"": ""Red"", ""weight_kg"": 7.8, ""warranty_years"": 2}",True
3401,10,62,Eco Office Products Almost,OPX-42-03401,65.4,40.95,High quality eco office products almost from StapleMax.,"{""brand"": ""StapleMax"", ""weight_g"": 242}",True
3402,23,161,Eco Sports Role,CBX-42-03402,264.98,179.44,High quality eco sports role from TrailBlaze.,"{""brand"": ""TrailBlaze"", ""material"": ""Cotton"", ""weight_kg"": 10.59}",True
3403,30,45,Classic Grocery Outside,SSX-42-03403,10.87,5.24,High quality classic grocery outside from NatureDrop.,"{""brand"": ""NatureDrop"", ""organic"": true, ""expiration_days"": 58}",True
3404,29,167,Classic Grocery As,BXY-42-03404,6.79,4.6,High quality classic grocery as from NatureDrop.,"{""brand"": ""NatureDrop"", ""organic"": true, ""expiration_days"": 161}",True
3405,25,95,Eco Beauty Fast,SCX-42-03405,131.53,65.08,High quality eco beauty fast from GlowUp.,"{""brand"": ""GlowUp"", ""weight_g"": 372}",True
3406,23,83,Classic Sports Century,CBX-42-03406,126.1,87.37,High quality classic sports century from PeakGear.,"{""brand"": ""PeakGear"", ""material"": ""Metal"", ""weight_kg"": 11.26}",True
3407,12,139,Eco Electronics Bring,LCX-42-03407,1791.0,773.36,High quality eco electronics bring from AudioMax.,"{""brand"": ""AudioMax"", ""color"": ""Pink"", ""weight_kg"": 3.46, ""warranty_years"": 1}",True
3408,11,107,Deluxe Electronics Together,SXY-42-03408,1979.59,797.42,High quality deluxe electronics together from LinkSys.,"{""brand"": ""LinkSys"", ""color"": ""Red"", ""weight_kg"": 0.91, ""warranty_years"": 5}",True
3409,12,87,Premium Electronics Make,LCX-42-03409,1249.57,771.0,High quality premium electronics make from Sonyx.,"{""brand"": ""Sonyx"", ""color"": ""Yellow"", ""weight_kg"": 0.41, ""warranty_years"": 3}",True
3410,27,173,Premium Toys Low,AFD-42-03410,24.77,17.18,High quality premium toys low from PlayTime.,"{""brand"": ""PlayTime"", ""weight_g"": 1091}",True
3411,30,36,Deluxe Grocery Kid,SSX-42-03411,20.51,8.75,High quality deluxe grocery kid from OrganicWay.,"{""brand"": ""OrganicWay"", ""organic"": true, ""expiration_days"": 339}",True
3412,7,96,Ultra Toys Congress,TGX-42-03412,52.17,32.13,High quality ultra toys congress from BrickBuilder.,"{""brand"": ""BrickBuilder"", ""weight_g"": 122}",True
3413,21,72,Pro Sports Soon,FGX-42-03413,124.72,66.57,High quality pro sports soon from AquaFlow.,"{""brand"": ""AquaFlow"", ""material"": ""Wood"", ""weight_kg"": 15.2}",True
3414,25,33,Smart Beauty Gun,SCX-42-03414,87.63,42.22,High quality smart beauty gun from LuxeHair.,"{""brand"": ""LuxeHair"", ""weight_g"": 241}",True
3415,19,51,Deluxe Home Discussion,FXY-42-03415,87.9,37.17,High quality deluxe home discussion from DecoHome.,"{""brand"": ""DecoHome"", ""material"": ""Cotton"", ""weight_kg"": 20.98}",True
3416,26,70,Classic Toys Various,BGX-42-03416,96.18,48.76,High quality classic toys various from BrickBuilder.,"{""brand"": ""BrickBuilder"", ""weight_g"": 652}",True
3417,1,107,Eco Electronics Find,EXY-42-03417,860.79,397.85,High quality eco electronics find from Sonyx.,"{""brand"": ""Sonyx"", ""color"": ""Red"", ""weight_kg"": 3.34, ""warranty_years"": 2}",True
3418,26,89,Ultra Toys Pm,BGX-42-03418,84.2,49.56,High quality ultra toys pm from BrickBuilder.,"{""brand"": ""BrickBuilder"", ""weight_g"": 577}",True
3419,7,121,Eco Toys Close,TGX-42-03419,50.8,37.02,High quality eco toys close from KidZone.,"{""brand"": ""KidZone"", ""weight_g"": 943}",True
3420,29,172,Pro Grocery Strategy,BXY-42-03420,14.21,5.87,High quality pro grocery strategy from NatureDrop.,"{""brand"": ""NatureDrop"", ""organic"": false, ""expiration_days"": 99}",True
3421,10,94,Smart Office Products Study,OPX-42-03421,73.02,33.72,High quality smart office products study from OfficePro.,"{""brand"": ""OfficePro"", ""weight_g"": 1185}",True
3422,11,93,Classic Electronics Pull,SXY-42-03422,61.23,30.26,High quality classic electronics pull from TechCo.,"{""brand"": ""TechCo"", ""color"": ""Navy"", ""weight_kg"": 6.91, ""warranty_years"": 2}",True
3423,25,199,Smart Beauty Population,SCX-42-03423,86.12,61.68,High quality smart beauty population from HerbEssentials.,"{""brand"": ""HerbEssentials"", ""weight_g"": 1296}",True
3424,9,152,Ultra Grocery Western,GGF-42-03424,42.49,29.87,High quality ultra grocery western from SweetTreats.,"{""brand"": ""SweetTreats"", ""organic"": false, ""expiration_days"": 155}",True
3425,11,87,Deluxe Electronics Conference,SXY-42-03425,658.98,285.76,High quality deluxe electronics conference from Quant.,"{""brand"": ""Quant"", ""color"": ""Green"", ""weight_kg"": 2.69, ""warranty_years"": 3}",True
3426,15,27,Premium Apparel Participant,FXY-42-03426,162.49,94.74,High quality premium apparel participant from ThreadWear.,"{""brand"": ""ThreadWear"", ""color"": ""Navy"", ""size"": ""XL"", ""material"": ""Plastic""}",True
3427,9,31,Ultra Grocery On,GGF-42-03427,28.42,20.81,High quality ultra grocery on from NatureDrop.,"{""brand"": ""NatureDrop"", ""organic"": false, ""expiration_days"": 322}",True
3428,21,100,Pro Sports Top,FGX-42-03428,335.15,194.63,High quality pro sports top from AquaFlow.,"{""brand"": ""AquaFlow"", ""material"": ""Glass"", ""weight_kg"": 14.93}",True
3429,20,124,Eco Home Drug,BBX-42-03429,217.7,88.33,High quality eco home drug from KitchenAid.,"{""brand"": ""KitchenAid"", ""material"": ""Glass"", ""weight_kg"": 17.66}",True
3430,28,196,Deluxe Automotive Before,CCX-42-03430,11.56,8.12,High quality deluxe automotive before from TireSafe.,"{""brand"": ""TireSafe"", ""weight_g"": 1246}",True
3431,2,25,Premium Apparel Its,AXY-42-03431,170.79,105.45,High quality premium apparel its from ThreadWear.,"{""brand"": ""ThreadWear"", ""color"": ""Black"", ""size"": ""S"", ""material"": ""Metal""}",True
3432,26,179,Classic Toys Tough,BGX-42-03432,112.56,62.67,High quality classic toys tough from KidZone.,"{""brand"": ""KidZone"", ""weight_g"": 1033}",True
3433,27,96,Premium Toys Nearly,AFD-42-03433,56.07,36.71,High quality premium toys nearly from BoardFun.,"{""brand"": ""BoardFun"", ""weight_g"": 206}",True
3434,18,163,Eco Home Middle,KAX-42-03434,411.57,300.57,High quality eco home middle from KitchenAid.,"{""brand"": ""KitchenAid"", ""material"": ""Wood"", ""weight_kg"": 12.54}",True
3435,10,101,Ultra Office Products Training,OPX-42-03435,56.73,37.05,High quality ultra office products training from OfficePro.,"{""brand"": ""OfficePro"", ""weight_g"": 631}",True
3436,23,77,Eco Sports Direction,CBX-42-03436,484.98,256.45,High quality eco sports direction from AquaFlow.,"{""brand"": ""AquaFlow"", ""material"": ""Plastic"", ""weight_kg"": 0.96}",True
3437,30,46,Eco Grocery Perhaps,SSX-42-03437,17.56,12.61,High quality eco grocery perhaps from NatureDrop.,"{""brand"": ""NatureDrop"", ""organic"": false, ""expiration_days"": 219}",True
3438,28,187,Classic Automotive Material,CCX-42-03438,238.34,114.47,High quality classic automotive material from MotorMax.,"{""brand"": ""MotorMax"", ""weight_g"": 143}",True
3439,5,199,Ultra Beauty Third,BPC-42-03439,108.23,77.43,High quality ultra beauty third from LuxeHair.,"{""brand"": ""LuxeHair"", ""weight_g"": 197}",True
3440,16,177,Classic Apparel Maintain,FXY-42-03440,112.04,51.4,High quality classic apparel maintain from DenimCo.,"{""brand"": ""DenimCo"", ""color"": ""White"", ""size"": ""M"", ""material"": ""Cotton""}",True
3441,28,41,Eco Automotive Family,CCX-42-03441,102.48,76.15,High quality eco automotive family from DriveClean.,"{""brand"": ""DriveClean"", ""weight_g"": 1153}",True
3442,11,158,Eco Electronics Address,SXY-42-03442,1417.34,810.26,High quality eco electronics address from Sonyx.,"{""brand"": ""Sonyx"", ""color"": ""Green"", ""weight_kg"": 7.01, ""warranty_years"": 3}",True
3443,17,25,Ultra Apparel Show,FSX-42-03443,129.55,86.31,High quality ultra apparel show from UrbanStyle.,"{""brand"": ""UrbanStyle"", ""color"": ""Red"", ""size"": ""XL"", ""material"": ""Leather""}",True
3444,25,159,Premium Beauty Later,SCX-42-03444,64.04,38.15,High quality premium beauty later from LuxeHair.,"{""brand"": ""LuxeHair"", ""weight_g"": 451}",True
3445,11,109,Deluxe Electronics Simply,SXY-42-03445,714.57,290.57,High quality deluxe electronics simply from TechCo.,"{""brand"": ""TechCo"", ""color"": ""Black"", ""weight_kg"": 6.18, ""warranty_years"": 2}",True
3446,15,142,Premium Apparel Turn,FXY-42-03446,119.84,73.15,High quality premium apparel turn from UrbanStyle.,"{""brand"": ""UrbanStyle"", ""color"": ""Gray"", ""size"": ""XS"", ""material"": ""Metal""}",True
3447,21,125,Deluxe Sports Employee,FGX-42-03447,430.53,194.43,High quality deluxe sports employee from AquaFlow.,"{""brand"": ""AquaFlow"", ""material"": ""Glass"", ""weight_kg"": 9.08}",True
3448,13,150,Pro Electronics End,AHX-42-03448,960.2,683.7,High quality pro electronics end from Volt.,"{""brand"": ""Volt"", ""color"": ""Green"", ""weight_kg"": 1.26, ""warranty_years"": 2}",True
3449,24,80,Classic Beauty Generation,MCX-42-03449,36.27,18.37,High quality classic beauty generation from SilkSkin.,"{""brand"": ""SilkSkin"", ""weight_g"": 1337}",True
3450,20,51,Pro Home Leader,BBX-42-03450,331.33,223.09,High quality pro home leader from DecoHome.,"{""brand"": ""DecoHome"", ""material"": ""Leather"", ""weight_kg"": 3.07}",True
3451,3,147,Classic Home Particularly,HKX-42-03451,770.96,361.32,High quality classic home particularly from ChefChoice.,"{""brand"": ""ChefChoice"", ""material"": ""Wood"", ""weight_kg"": 2.68}",True
3452,23,184,Ultra Sports Doctor,CBX-42-03452,451.58,251.52,High quality ultra sports doctor from PeakGear.,"{""brand"": ""PeakGear"", ""material"": ""Glass"", ""weight_kg"": 7.89}",True
3453,28,135,Ultra Automotive Wait,CCX-42-03453,140.99,100.12,High quality ultra automotive wait from TireSafe.,"{""brand"": ""TireSafe"", ""weight_g"": 328}",True
3454,13,87,Classic Electronics Within,AHX-42-03454,1887.54,1048.67,High quality classic electronics within from AudioMax.,"{""brand"": ""AudioMax"", ""color"": ""Black"", ""weight_kg"": 4.12, ""warranty_years"": 5}",True
3455,27,121,Deluxe Toys Perhaps,AFD-42-03455,39.15,22.45,High quality deluxe toys perhaps from BoardFun.,"{""brand"": ""BoardFun"", ""weight_g"": 1305}",True
3456,9,197,Classic Grocery Young,GGF-42-03456,15.77,7.63,High quality classic grocery young from NatureDrop.,"{""brand"": ""NatureDrop"", ""organic"": true, ""expiration_days"": 310}",True
3457,12,158,Deluxe Electronics Church,LCX-42-03457,396.71,262.81,High quality deluxe electronics church from Volt.,"{""brand"": ""Volt"", ""color"": ""Black"", ""weight_kg"": 7.7, ""warranty_years"": 2}",True
3458,16,111,Classic Apparel White,FXY-42-03458,98.49,58.62,High quality classic apparel white from ThreadWear.,"{""brand"": ""ThreadWear"", ""color"": ""Red"", ""size"": ""S"", ""material"": ""Cotton""}",True
3459,28,176,Classic Automotive Painting,CCX-42-03459,129.27,67.76,High quality classic automotive painting from TireSafe.,"{""brand"": ""TireSafe"", ""weight_g"": 768}",True
3460,7,89,Pro Toys Water,TGX-42-03460,19.71,10.07,High quality pro toys water from BrickBuilder.,"{""brand"": ""BrickBuilder"", ""weight_g"": 1384}",True
3461,25,47,Deluxe Beauty Accept,SCX-42-03461,13.61,8.25,High quality deluxe beauty accept from GlowUp.,"{""brand"": ""GlowUp"", ""weight_g"": 1367}",True
3462,23,39,Premium Sports Key,CBX-42-03462,287.63,143.01,High quality premium sports key from AquaFlow.,"{""brand"": ""AquaFlow"", ""material"": ""Plastic"", ""weight_kg"": 10.26}",True
3463,24,95,Eco Beauty Another,MCX-42-03463,26.75,17.67,High quality eco beauty another from HerbEssentials.,"{""brand"": ""HerbEssentials"", ""weight_g"": 753}",True
3464,8,178,Eco Automotive Amount,AXY-42-03464,295.04,200.68,High quality eco automotive amount from TireSafe.,"{""brand"": ""TireSafe"", ""weight_g"": 798}",True
3465,8,130,Deluxe Automotive Many,AXY-42-03465,286.38,206.14,High quality deluxe automotive many from DriveClean.,"{""brand"": ""DriveClean"", ""weight_g"": 892}",True
3466,14,8,Eco Electronics Similar,SHD-42-03466,1269.97,914.88,High quality eco electronics similar from TechCo.,"{""brand"": ""TechCo"", ""color"": ""Black"", ""weight_kg"": 2.16, ""warranty_years"": 1}",True
3467,28,187,Eco Automotive Specific,CCX-42-03467,222.37,94.41,High quality eco automotive specific from DriveClean.,"{""brand"": ""DriveClean"", ""weight_g"": 680}",True
3468,19,194,Premium Home Mother,FXY-42-03468,537.55,370.14,High quality premium home mother from KitchenAid.,"{""brand"": ""KitchenAid"", ""material"": ""Wood"", ""weight_kg"": 20.92}",True
3469,3,16,Classic Home Along,HKX-42-03469,444.88,284.28,High quality classic home along from DecoHome.,"{""brand"": ""DecoHome"", ""material"": ""Glass"", ""weight_kg"": 19.8}",True
3470,9,116,Classic Grocery Large,GGF-42-03470,22.47,11.44,High quality classic grocery large from SweetTreats.,"{""brand"": ""SweetTreats"", ""organic"": false, ""expiration_days"": 227}",True
3471,30,10,Pro Grocery Nice,SSX-42-03471,26.51,17.69,High quality pro grocery nice from SweetTreats.,"{""brand"": ""SweetTreats"", ""organic"": true, ""expiration_days"": 153}",True
3472,24,81,Eco Beauty Indeed,MCX-42-03472,111.3,60.55,High quality eco beauty indeed from LuxeHair.,"{""brand"": ""LuxeHair"", ""weight_g"": 1171}",True
3473,29,31,Classic Grocery Measure,BXY-42-03473,35.99,14.6,High quality classic grocery measure from TastyBites.,"{""brand"": ""TastyBites"", ""organic"": false, ""expiration_days"": 216}",True
3474,11,126,Eco Electronics Take,SXY-42-03474,1180.61,479.18,High quality eco electronics take from LinkSys.,"{""brand"": ""LinkSys"", ""color"": ""White"", ""weight_kg"": 2.28, ""warranty_years"": 2}",True
3475,23,78,Ultra Sports Success,CBX-42-03475,347.37,139.39,High quality ultra sports success from TrailBlaze.,"{""brand"": ""TrailBlaze"", ""material"": ""Glass"", ""weight_kg"": 10.86}",True
3476,10,5,Eco Office Products Same,OPX-42-03476,32.24,22.35,High quality eco office products same from OfficePro.,"{""brand"": ""OfficePro"", ""weight_g"": 1326}",True
3477,18,82,Classic Home Term,KAX-42-03477,152.17,69.15,High quality classic home term from KitchenAid.,"{""brand"": ""KitchenAid"", ""material"": ""Plastic"", ""weight_kg"": 2.15}",True
3478,29,10,Classic Grocery Billion,BXY-42-03478,27.53,14.64,High quality classic grocery billion from SweetTreats.,"{""brand"": ""SweetTreats"", ""organic"": false, ""expiration_days"": 240}",True
3479,28,67,Premium Automotive Local,CCX-42-03479,67.9,41.2,High quality premium automotive local from MotorMax.,"{""brand"": ""MotorMax"", ""weight_g"": 979}",True
3480,24,159,Pro Beauty Mission,MCX-42-03480,77.55,35.57,High quality pro beauty mission from HerbEssentials.,"{""brand"": ""HerbEssentials"", ""weight_g"": 669}",True
3481,27,26,Classic Toys Effect,AFD-42-03481,10.29,5.29,High quality classic toys effect from BoardFun.,"{""brand"": ""BoardFun"", ""weight_g"": 261}",True
3482,1,174,Ultra Electronics Because,EXY-42-03482,1796.44,1267.96,High quality ultra electronics because from AudioMax.,"{""brand"": ""AudioMax"", ""color"": ""Gray"", ""weight_kg"": 6.29, ""warranty_years"": 5}",True
3483,21,78,Smart Sports Open,FGX-42-03483,419.96,313.81,High quality smart sports open from AquaFlow.,"{""brand"": ""AquaFlow"", ""material"": ""Wood"", ""weight_kg"": 8.1}",True
3484,28,176,Premium Automotive Some,CCX-42-03484,146.32,63.42,High quality premium automotive some from DriveClean.,"{""brand"": ""DriveClean"", ""weight_g"": 800}",True
3485,3,106,Classic Home Actually,HKX-42-03485,544.34,219.39,High quality classic home actually from CozyLiving.,"{""brand"": ""CozyLiving"", ""material"": ""Leather"", ""weight_kg"": 7.05}",True
3486,14,150,Classic Electronics Room,SHD-42-03486,650.19,445.48,High quality classic electronics room from Sonyx.,"{""brand"": ""Sonyx"", ""color"": ""Navy"", ""weight_kg"": 7.49, ""warranty_years"": 3}",True
3487,21,72,Smart Sports Sign,FGX-42-03487,348.41,198.99,High quality smart sports sign from FitPulse.,"{""brand"": ""FitPulse"", ""material"": ""Plastic"", ""weight_kg"": 21.98}",True
3488,26,169,Classic Toys Investment,BGX-42-03488,16.37,9.86,High quality classic toys investment from PlayTime.,"{""brand"": ""PlayTime"", ""weight_g"": 399}",True
3489,18,79,Deluxe Home Discover,KAX-42-03489,274.28,187.24,High quality deluxe home discover from KitchenAid.,"{""brand"": ""KitchenAid"", ""material"": ""Wood"", ""weight_kg"": 11.79}",True
3490,25,127,Deluxe Beauty Cause,SCX-42-03490,30.78,18.11,High quality deluxe beauty cause from GlowUp.,"{""brand"": ""GlowUp"", ""weight_g"": 1253}",True
3491,8,105,Premium Automotive Her,AXY-42-03491,162.09,118.99,High quality premium automotive her from AutoPro.,"{""brand"": ""AutoPro"", ""weight_g"": 163}",True
3492,7,154,Pro Toys Find,TGX-42-03492,17.15,8.41,High quality pro toys find from BrickBuilder.,"{""brand"": ""BrickBuilder"", ""weight_g"": 580}",True
3493,5,159,Classic Beauty Edge,BPC-42-03493,92.97,63.75,High quality classic beauty edge from SilkSkin.,"{""brand"": ""SilkSkin"", ""weight_g"": 260}",True
3494,23,161,Eco Sports Raise,CBX-42-03494,438.77,263.69,High quality eco sports raise from TrailBlaze.,"{""brand"": ""TrailBlaze"", ""material"": ""Cotton"", ""weight_kg"": 21.09}",True
3495,24,200,Classic Beauty Believe,MCX-42-03495,19.73,8.33,High quality classic beauty believe from SilkSkin.,"{""brand"": ""SilkSkin"", ""weight_g"": 1017}",True
3496,29,43,Classic Grocery Admit,BXY-42-03496,16.17,12.07,High quality classic grocery admit from SweetTreats.,"{""brand"": ""SweetTreats"", ""organic"": true, ""expiration_days"": 110}",True
3497,8,35,Classic Automotive Media,AXY-42-03497,103.04,64.34,High quality classic automotive media from DriveClean.,"{""brand"": ""DriveClean"", ""weight_g"": 160}",True
3498,3,61,Deluxe Home Relationship,HKX-42-03498,190.41,88.81,High quality deluxe home relationship from CozyLiving.,"{""brand"": ""CozyLiving"", ""material"": ""Metal"", ""weight_kg"": 0.75}",True
3499,15,142,Premium Apparel Focus,FXY-42-03499,26.71,17.34,High quality premium apparel focus from UrbanStyle.,"{""brand"": ""UrbanStyle"", ""color"": ""Green"", ""size"": ""M"", ""material"": ""Metal""}",True
3500,22,190,Eco Sports Color,ORX-42-03500,159.87,89.5,High quality eco sports color from AquaFlow.,"{""brand"": ""AquaFlow"", ""material"": ""Leather"", ""weight_kg"": 18.86}",True
3501,10,128,Deluxe Office Products Score,OPX-42-03501,98.81,50.02,High quality deluxe office products score from OfficePro.,"{""brand"": ""OfficePro"", ""weight_g"": 1273}",True
3502,19,19,Deluxe Home Machine,FXY-42-03502,125.97,91.78,High quality deluxe home machine from CozyLiving.,"{""brand"": ""CozyLiving"", ""material"": ""Plastic"", ""weight_kg"": 4.24}",True
3503,14,92,Eco Electronics Toward,SHD-42-03503,1375.18,1000.07,High quality eco electronics toward from TechCo.,"{""brand"": ""TechCo"", ""color"": ""Black"", ""weight_kg"": 3.41, ""warranty_years"": 1}",True
3504,30,116,Smart Grocery Own,SSX-42-03504,49.15,26.21,High quality smart grocery own from OrganicWay.,"{""brand"": ""OrganicWay"", ""organic"": true, ""expiration_days"": 40}",True
3505,29,155,Classic Grocery Small,BXY-42-03505,32.55,14.84,High quality classic grocery small from TastyBites.,"{""brand"": ""TastyBites"", ""organic"": true, ""expiration_days"": 217}",True
3506,18,20,Ultra Home Past,KAX-42-03506,342.66,197.44,High quality ultra home past from DecoHome.,"{""brand"": ""DecoHome"", ""material"": ""Polyester"", ""weight_kg"": 16.0}",True
3507,16,110,Eco Apparel Agent,FXY-42-03507,186.3,100.74,High quality eco apparel agent from DenimCo.,"{""brand"": ""DenimCo"", ""color"": ""Navy"", ""size"": ""XL"", ""material"": ""Wood""}",True
3508,5,7,Pro Beauty Look,BPC-42-03508,81.72,50.75,High quality pro beauty look from GlowUp.,"{""brand"": ""GlowUp"", ""weight_g"": 57}",True
3509,1,93,Deluxe Electronics Major,EXY-42-03509,1146.03,514.23,High quality deluxe electronics major from AudioMax.,"{""brand"": ""AudioMax"", ""color"": ""Blue"", ""weight_kg"": 3.99, ""warranty_years"": 2}",True
3510,18,146,Ultra Home Sport,KAX-42-03510,372.85,240.94,High quality ultra home sport from DecoHome.,"{""brand"": ""DecoHome"", ""material"": ""Cotton"", ""weight_kg"": 1.64}",True
3511,21,170,Smart Sports Certainly,FGX-42-03511,234.33,163.06,High quality smart sports certainly from FitPulse.,"{""brand"": ""FitPulse"", ""material"": ""Glass"", ""weight_kg"": 18.51}",True
3512,9,43,Ultra Grocery Two,GGF-42-03512,28.71,20.92,High quality ultra grocery two from NatureDrop.,"{""brand"": ""NatureDrop"", ""organic"": true, ""expiration_days"": 161}",True
3513,11,84,Classic Electronics Score,SXY-42-03513,1803.92,1233.86,High quality classic electronics score from AudioMax.,"{""brand"": ""AudioMax"", ""color"": ""Pink"", ""weight_kg"": 7.09, ""warranty_years"": 1}",True
3514,23,71,Pro Sports Into,CBX-42-03514,457.2,334.53,High quality pro sports into from PeakGear.,"{""brand"": ""PeakGear"", ""material"": ""Wood"", ""weight_kg"": 1.58}",True
3515,18,1,Ultra Home Crime,KAX-42-03515,151.2,109.98,High quality ultra home crime from CozyLiving.,"{""brand"": ""CozyLiving"", ""material"": ""Cotton"", ""weight_kg"": 10.75}",True
3516,12,158,Pro Electronics Strategy,LCX-42-03516,614.86,348.62,High quality pro electronics strategy from Quant.,"{""brand"": ""Quant"", ""color"": ""Navy"", ""weight_kg"": 7.73, ""warranty_years"": 1}",True
3517,23,160,Eco Sports Try,CBX-42-03517,16.53,11.65,High quality eco sports try from FitPulse.,"{""brand"": ""FitPulse"", ""material"": ""Wood"", ""weight_kg"": 10.11}",True
3518,23,83,Pro Sports Hospital,CBX-42-03518,106.1,45.92,High quality pro sports hospital from FitPulse.,"{""brand"": ""FitPulse"", ""material"": ""Plastic"", ""weight_kg"": 11.07}",True
3519,5,47,Smart Beauty Produce,BPC-42-03519,79.65,45.58,High quality smart beauty produce from LuxeHair.,"{""brand"": ""LuxeHair"", ""weight_g"": 830}",True
3520,12,107,Smart Electronics Majority,LCX-42-03520,1400.57,1006.96,High quality smart electronics majority from LinkSys.,"{""brand"": ""LinkSys"", ""color"": ""Gray"", ""weight_kg"": 0.69, ""warranty_years"": 5}",True
3521,22,39,Ultra Sports Score,ORX-42-03521,211.26,93.97,High quality ultra sports score from PeakGear.,"{""brand"": ""PeakGear"", ""material"": ""Polyester"", ""weight_kg"": 24.81}",True
3522,26,179,Premium Toys Property,BGX-42-03522,105.49,62.72,High quality premium toys property from BoardFun.,"{""brand"": ""BoardFun"", ""weight_g"": 1037}",True
3523,27,169,Premium Toys Ability,AFD-42-03523,40.48,26.86,High quality premium toys ability from PlayTime.,"{""brand"": ""PlayTime"", ""weight_g"": 488}",True
3524,17,9,Eco Apparel Traditional,FSX-42-03524,49.39,21.85,High quality eco apparel traditional from ActiveFit.,"{""brand"": ""ActiveFit"", ""color"": ""Pink"", ""size"": ""XL"", ""material"": ""Plastic""}",True
3525,24,47,Smart Beauty Product,MCX-42-03525,86.22,63.18,High quality smart beauty product from HerbEssentials.,"{""brand"": ""HerbEssentials"", ""weight_g"": 680}",True
3526,3,124,Pro Home Avoid,HKX-42-03526,573.37,253.84,High quality pro home avoid from KitchenAid.,"{""brand"": ""KitchenAid"", ""material"": ""Plastic"", ""weight_kg"": 6.22}",True
3527,15,34,Premium Apparel Image,FXY-42-03527,116.55,70.63,High quality premium apparel image from DenimCo.,"{""brand"": ""DenimCo"", ""color"": ""Yellow"", ""size"": ""S"", ""material"": ""Cotton""}",True
3528,27,169,Eco Toys Walk,AFD-42-03528,46.45,22.17,High quality eco toys walk from KidZone.,"{""brand"": ""KidZone"", ""weight_g"": 1060}",True
3529,1,150,Deluxe Electronics Rock,EXY-42-03529,1122.05,788.34,High quality deluxe electronics rock from LinkSys.,"{""brand"": ""LinkSys"", ""color"": ""Green"", ""weight_kg"": 6.54, ""warranty_years"": 5}",True
3530,27,96,Smart Toys Go,AFD-42-03530,51.8,32.7,High quality smart toys go from BrickBuilder.,"{""brand"": ""BrickBuilder"", ""weight_g"": 802}",True
3531,25,140,Ultra Beauty Nice,SCX-42-03531,141.19,82.9,High quality ultra beauty nice from SilkSkin.,"{""brand"": ""SilkSkin"", ""weight_g"": 1126}",True
3532,29,36,Deluxe Grocery Alone,BXY-42-03532,36.41,26.05,High quality deluxe grocery alone from OrganicWay.,"{""brand"": ""OrganicWay"", ""organic"": true, ""expiration_days"": 88}",True
3533,8,135,Smart Automotive Fine,AXY-42-03533,66.85,36.96,High quality smart automotive fine from MotorMax.,"{""brand"": ""MotorMax"", ""weight_g"": 924}",True
3534,18,163,Pro Home Last,KAX-42-03534,248.95,181.67,High quality pro home last from ChefChoice.,"{""brand"": ""ChefChoice"", ""material"": ""Wood"", ""weight_kg"": 16.16}",True
3535,17,9,Classic Apparel Soldier,FSX-42-03535,126.05,68.03,High quality classic apparel soldier from UrbanStyle.,"{""brand"": ""UrbanStyle"", ""color"": ""Gray"", ""size"": ""L"", ""material"": ""Metal""}",True
3536,24,53,Pro Beauty Expect,MCX-42-03536,88.31,61.01,High quality pro beauty expect from HerbEssentials.,"{""brand"": ""HerbEssentials"", ""weight_g"": 350}",True
3537,3,48,Pro Home Save,HKX-42-03537,295.57,138.99,High quality pro home save from CozyLiving.,"{""brand"": ""CozyLiving"", ""material"": ""Plastic"", ""weight_kg"": 17.25}",True
3538,23,97,Smart Sports Young,CBX-42-03538,301.85,137.5,High quality smart sports young from AquaFlow.,"{""brand"": ""AquaFlow"", ""material"": ""Metal"", ""weight_kg"": 13.67}",True
3539,15,76,Eco Apparel Position,FXY-42-03539,26.53,16.98,High quality eco apparel position from ActiveFit.,"{""brand"": ""ActiveFit"", ""color"": ""Pink"", ""size"": ""L"", ""material"": ""Wool""}",True
3540,14,108,Eco Electronics Occur,SHD-42-03540,660.0,291.79,High quality eco electronics occur from AudioMax.,"{""brand"": ""AudioMax"", ""color"": ""White"", ""weight_kg"": 6.34, ""warranty_years"": 5}",True
3541,14,92,Pro Electronics Parent,SHD-42-03541,682.6,337.12,High quality pro electronics parent from Volt.,"{""brand"": ""Volt"", ""color"": ""Blue"", ""weight_kg"": 0.67, ""warranty_years"": 3}",True
3542,25,140,Smart Beauty Study,SCX-42-03542,68.2,48.45,High quality smart beauty study from LuxeHair.,"{""brand"": ""LuxeHair"", ""weight_g"": 952}",True
3543,17,162,Premium Apparel Despite,FSX-42-03543,91.09,66.26,High quality premium apparel despite from ThreadWear.,"{""brand"": ""ThreadWear"", ""color"": ""Navy"", ""size"": ""S"", ""material"": ""Plastic""}",True
3544,24,95,Premium Beauty Store,MCX-42-03544,123.64,52.1,High quality premium beauty store from LuxeHair.,"{""brand"": ""LuxeHair"", ""weight_g"": 442}",True
3545,27,21,Smart Toys Reveal,AFD-42-03545,19.44,12.79,High quality smart toys reveal from KidZone.,"{""brand"": ""KidZone"", ""weight_g"": 1385}",True
3546,21,71,Ultra Sports Be,FGX-42-03546,90.41,45.05,High quality ultra sports be from FitPulse.,"{""brand"": ""FitPulse"", ""material"": ""Leather"", ""weight_kg"": 7.98}",True
3547,22,161,Smart Sports Pressure,ORX-42-03547,87.86,46.88,High quality smart sports pressure from PeakGear.,"{""brand"": ""PeakGear"", ""material"": ""Metal"", ""weight_kg"": 11.18}",True
3548,23,39,Deluxe Sports Up,CBX-42-03548,477.68,325.57,High quality deluxe sports up from PeakGear.,"{""brand"": ""PeakGear"", ""material"": ""Metal"", ""weight_kg"": 0.7}",True
3549,7,70,Premium Toys Government,TGX-42-03549,110.1,65.37,High quality premium toys government from BoardFun.,"{""brand"": ""BoardFun"", ""weight_g"": 498}",True
3550,15,193,Smart Apparel Simply,FXY-42-03550,55.98,37.96,High quality smart apparel simply from DenimCo.,"{""brand"": ""DenimCo"", ""color"": ""Green"", ""size"": ""XXL"", ""material"": ""Glass""}",True
3551,4,99,Premium Sports Work,SOX-42-03551,166.52,82.49,High quality premium sports work from FitPulse.,"{""brand"": ""FitPulse"", ""material"": ""Leather"", ""weight_kg"": 14.85}",True
3552,29,116,Pro Grocery Around,BXY-42-03552,3.96,2.82,High quality pro grocery around from NatureDrop.,"{""brand"": ""NatureDrop"", ""organic"": false, ""expiration_days"": 334}",True
3553,23,71,Classic Sports Myself,CBX-42-03553,250.41,104.38,High quality classic sports myself from TrailBlaze.,"{""brand"": ""TrailBlaze"", ""material"": ""Wood"", ""weight_kg"": 23.17}",True
3554,28,105,Smart Automotive Young,CCX-42-03554,189.1,79.81,High quality smart automotive young from DriveClean.,"{""brand"": ""DriveClean"", ""weight_g"": 1136}",True
3555,27,96,Eco Toys Where,AFD-42-03555,54.96,36.2,High quality eco toys where from BrickBuilder.,"{""brand"": ""BrickBuilder"", ""weight_g"": 1076}",True
3556,12,139,Classic Electronics Represent,LCX-42-03556,104.3,77.54,High quality classic electronics represent from Volt.,"{""brand"": ""Volt"", ""color"": ""Gray"", ""weight_kg"": 4.5, ""warranty_years"": 1}",True
3557,22,123,Smart Sports Himself,ORX-42-03557,229.72,162.22,High quality smart sports himself from TrailBlaze.,"{""brand"": ""TrailBlaze"", ""material"": ""Polyester"", ""weight_kg"": 22.9}",True
3558,13,84,Smart Electronics View,AHX-42-03558,845.23,402.45,High quality smart electronics view from Volt.,"{""brand"": ""Volt"", ""color"": ""Green"", ""weight_kg"": 3.87, ""warranty_years"": 3}",True
3559,10,132,Deluxe Office Products Approach,OPX-42-03559,1.25,0.75,High quality deluxe office products approach from PaperMate.,"{""brand"": ""PaperMate"", ""weight_g"": 1034}",True
3560,27,96,Smart Toys Bring,AFD-42-03560,19.04,12.82,High quality smart toys bring from PlayTime.,"{""brand"": ""PlayTime"", ""weight_g"": 1293}",True
3561,17,25,Premium Apparel Identify,FSX-42-03561,96.66,51.34,High quality premium apparel identify from Vogue.,"{""brand"": ""Vogue"", ""color"": ""Navy"", ""size"": ""XXL"", ""material"": ""Metal""}",True
3562,10,18,Ultra Office Products History,OPX-42-03562,79.55,48.64,High quality ultra office products history from StapleMax.,"{""brand"": ""StapleMax"", ""weight_g"": 471}",True
3563,22,66,Smart Sports Make,ORX-42-03563,217.57,108.01,High quality smart sports make from TrailBlaze.,"{""brand"": ""TrailBlaze"", ""material"": ""Leather"", ""weight_kg"": 13.18}",True
3564,21,97,Pro Sports Present,FGX-42-03564,333.17,188.76,High quality pro sports present from AquaFlow.,"{""brand"": ""AquaFlow"", ""material"": ""Wood"", ""weight_kg"": 9.09}",True
3565,25,57,Premium Beauty Amount,SCX-42-03565,89.44,36.92,High quality premium beauty amount from HerbEssentials.,"{""brand"": ""HerbEssentials"", ""weight_g"": 717}",True
3566,10,101,Eco Office Products History,OPX-42-03566,65.22,42.26,High quality eco office products history from StapleMax.,"{""brand"": ""StapleMax"", ""weight_g"": 505}",True
3567,25,80,Premium Beauty Hit,SCX-42-03567,82.87,52.21,High quality premium beauty hit from HerbEssentials.,"{""brand"": ""HerbEssentials"", ""weight_g"": 890}",True
3568,26,169,Premium Toys Continue,BGX-42-03568,29.22,13.13,High quality premium toys continue from BoardFun.,"{""brand"": ""BoardFun"", ""weight_g"": 1304}",True
3569,28,30,Eco Automotive Raise,CCX-42-03569,148.63,108.7,High quality eco automotive raise from DriveClean.,"{""brand"": ""DriveClean"", ""weight_g"": 661}",True
3570,28,40,Pro Automotive Operation,CCX-42-03570,107.0,56.28,High quality pro automotive operation from TireSafe.,"{""brand"": ""TireSafe"", ""weight_g"": 305}",True
3571,2,175,Classic Apparel Sea,AXY-42-03571,19.07,8.45,High quality classic apparel sea from ActiveFit.,"{""brand"": ""ActiveFit"", ""color"": ""Yellow"", ""size"": ""L"", ""material"": ""Leather""}",True
3572,25,53,Eco Beauty Audience,SCX-42-03572,94.11,46.3,High quality eco beauty audience from GlowUp.,"{""brand"": ""GlowUp"", ""weight_g"": 1400}",True
3573,9,167,Classic Grocery Option,GGF-42-03573,25.22,11.61,High quality classic grocery option from SweetTreats.,"{""brand"": ""SweetTreats"", ""organic"": false, ""expiration_days"": 215}",True
3574,9,13,Eco Grocery Security,GGF-42-03574,12.72,6.29,High quality eco grocery security from SweetTreats.,"{""brand"": ""SweetTreats"", ""organic"": false, ""expiration_days"": 58}",True
3575,13,109,Pro Electronics Staff,AHX-42-03575,671.02,420.76,High quality pro electronics staff from Sonyx.,"{""brand"": ""Sonyx"", ""color"": ""Navy"", ""weight_kg"": 5.36, ""warranty_years"": 2}",True
3576,8,41,Classic Automotive Democratic,AXY-42-03576,163.24,120.53,High quality classic automotive democratic from AutoPro.,"{""brand"": ""AutoPro"", ""weight_g"": 1430}",True
3577,24,127,Pro Beauty Certainly,MCX-42-03577,118.93,82.4,High quality pro beauty certainly from HerbEssentials.,"{""brand"": ""HerbEssentials"", ""weight_g"": 1049}",True
3578,12,174,Pro Electronics Good,LCX-42-03578,1013.14,637.03,High quality pro electronics good from TechCo.,"{""brand"": ""TechCo"", ""color"": ""Silver"", ""weight_kg"": 6.32, ""warranty_years"": 3}",True
3579,21,166,Ultra Sports Edge,FGX-42-03579,63.19,29.55,High quality ultra sports edge from TrailBlaze.,"{""brand"": ""TrailBlaze"", ""material"": ""Leather"", ""weight_kg"": 18.67}",True
3580,21,192,Premium Sports Notice,FGX-42-03580,481.35,243.41,High quality premium sports notice from FitPulse.,"{""brand"": ""FitPulse"", ""material"": ""Cotton"", ""weight_kg"": 11.89}",True
3581,9,116,Pro Grocery Build,GGF-42-03581,40.73,30.51,High quality pro grocery build from OrganicWay.,"{""brand"": ""OrganicWay"", ""organic"": false, ""expiration_days"": 262}",True
3582,22,160,Deluxe Sports Range,ORX-42-03582,247.12,168.85,High quality deluxe sports range from TrailBlaze.,"{""brand"": ""TrailBlaze"", ""material"": ""Metal"", ""weight_kg"": 3.55}",True
3583,12,139,Premium Electronics Mean,LCX-42-03583,652.3,338.55,High quality premium electronics mean from LinkSys.,"{""brand"": ""LinkSys"", ""color"": ""Gray"", ""weight_kg"": 4.04, ""warranty_years"": 3}",True
3584,12,139,Pro Electronics Sing,LCX-42-03584,1537.83,635.09,High quality pro electronics sing from TechCo.,"{""brand"": ""TechCo"", ""color"": ""Gray"", ""weight_kg"": 4.91, ""warranty_years"": 5}",True
3585,4,37,Eco Sports Wrong,SOX-42-03585,43.53,22.71,High quality eco sports wrong from PeakGear.,"{""brand"": ""PeakGear"", ""material"": ""Cotton"", ""weight_kg"": 19.07}",True
3586,15,193,Smart Apparel Soldier,FXY-42-03586,16.7,8.92,High quality smart apparel soldier from ActiveFit.,"{""brand"": ""ActiveFit"", ""color"": ""Navy"", ""size"": ""XS"", ""material"": ""Glass""}",True
3587,18,82,Smart Home Partner,KAX-42-03587,565.07,261.25,High quality smart home partner from CozyLiving.,"{""brand"": ""CozyLiving"", ""material"": ""Plastic"", ""weight_kg"": 17.16}",True
3588,13,174,Deluxe Electronics Try,AHX-42-03588,1413.2,619.61,High quality deluxe electronics try from Volt.,"{""brand"": ""Volt"", ""color"": ""Navy"", ""weight_kg"": 6.5, ""warranty_years"": 2}",True
3589,22,136,Pro Sports Scientist,ORX-42-03589,386.47,279.48,High quality pro sports scientist from AquaFlow.,"{""brand"": ""AquaFlow"", ""material"": ""Wood"", ""weight_kg"": 17.08}",True
3590,12,87,Ultra Electronics Determine,LCX-42-03590,1585.36,904.26,High quality ultra electronics determine from Volt.,"{""brand"": ""Volt"", ""color"": ""Blue"", ""weight_kg"": 5.66, ""warranty_years"": 5}",True
3591,2,120,Smart Apparel Some,AXY-42-03591,20.98,9.33,High quality smart apparel some from UrbanStyle.,"{""brand"": ""UrbanStyle"", ""color"": ""Gray"", ""size"": ""M"", ""material"": ""Polyester""}",True
3592,7,70,Deluxe Toys Size,TGX-42-03592,98.09,67.4,High quality deluxe toys size from BrickBuilder.,"{""brand"": ""BrickBuilder"", ""weight_g"": 1303}",True
3593,1,56,Pro Electronics Sort,EXY-42-03593,558.77,232.72,High quality pro electronics sort from Volt.,"{""brand"": ""Volt"", ""color"": ""Silver"", ""weight_kg"": 3.99, ""warranty_years"": 3}",True
3594,20,48,Ultra Home Down,BBX-42-03594,354.29,247.25,High quality ultra home down from CozyLiving.,"{""brand"": ""CozyLiving"", ""material"": ""Glass"", ""weight_kg"": 17.95}",True
3595,24,127,Premium Beauty Full,MCX-42-03595,65.04,43.51,High quality premium beauty full from HerbEssentials.,"{""brand"": ""HerbEssentials"", ""weight_g"": 1115}",True
3596,1,87,Eco Electronics Head,EXY-42-03596,1413.12,987.71,High quality eco electronics head from TechCo.,"{""brand"": ""TechCo"", ""color"": ""Black"", ""weight_kg"": 7.32, ""warranty_years"": 2}",True
3597,26,96,Classic Toys Water,BGX-42-03597,95.16,52.62,High quality classic toys water from BrickBuilder.,"{""brand"": ""BrickBuilder"", ""weight_g"": 848}",True
3598,27,21,Classic Toys Example,AFD-42-03598,66.5,49.28,High quality classic toys example from BrickBuilder.,"{""brand"": ""BrickBuilder"", ""weight_g"": 1420}",True
3599,14,87,Smart Electronics Most,SHD-42-03599,1795.91,1014.34,High quality smart electronics most from Volt.,"{""brand"": ""Volt"", ""color"": ""White"", ""weight_kg"": 1.22, ""warranty_years"": 5}",True
3600,14,126,Eco Electronics Response,SHD-42-03600,225.3,154.01,High quality eco electronics response from Sonyx.,"{""brand"": ""Sonyx"", ""color"": ""Gray"", ""weight_kg"": 6.39, ""warranty_years"": 2}",True
3601,3,51,Deluxe Home Land,HKX-42-03601,506.9,232.28,High quality deluxe home land from DecoHome.,"{""brand"": ""DecoHome"", ""material"": ""Wood"", ""weight_kg"": 2.52}",True
3602,4,160,Smart Sports Factor,SOX-42-03602,247.17,154.4,High quality smart sports factor from TrailBlaze.,"{""brand"": ""TrailBlaze"", ""material"": ""Plastic"", ""weight_kg"": 20.35}",True
3603,28,105,Classic Automotive Arm,CCX-42-03603,121.32,80.72,High quality classic automotive arm from TireSafe.,"{""brand"": ""TireSafe"", ""weight_g"": 590}",True
3604,21,166,Eco Sports At,FGX-42-03604,140.06,100.86,High quality eco sports at from TrailBlaze.,"{""brand"": ""TrailBlaze"", ""material"": ""Wool"", ""weight_kg"": 9.68}",True
3605,27,96,Premium Toys Hotel,AFD-42-03605,40.82,29.54,High quality premium toys hotel from PlayTime.,"{""brand"": ""PlayTime"", ""weight_g"": 1458}",True
3606,18,147,Classic Home Hair,KAX-42-03606,682.25,489.02,High quality classic home hair from KitchenAid.,"{""brand"": ""KitchenAid"", ""material"": ""Leather"", ""weight_kg"": 9.86}",True
3607,15,59,Classic Apparel Local,FXY-42-03607,107.13,43.54,High quality classic apparel local from Vogue.,"{""brand"": ""Vogue"", ""color"": ""Black"", ""size"": ""S"", ""material"": ""Polyester""}",True
3608,23,160,Eco Sports Mention,CBX-42-03608,112.11,77.71,High quality eco sports mention from AquaFlow.,"{""brand"": ""AquaFlow"", ""material"": ""Metal"", ""weight_kg"": 19.62}",True
3609,18,194,Premium Home More,KAX-42-03609,719.78,505.06,High quality premium home more from CozyLiving.,"{""brand"": ""CozyLiving"", ""material"": ""Wood"", ""weight_kg"": 16.93}",True
3610,6,11,Smart Books New,BXY-42-03610,76.12,37.4,High quality smart books new from Harper.,"{""brand"": ""Harper"", ""weight_g"": 456}",True
3611,8,130,Premium Automotive Themselves,AXY-42-03611,83.75,35.25,High quality premium automotive themselves from AutoPro.,"{""brand"": ""AutoPro"", ""weight_g"": 428}",True
3612,15,49,Premium Apparel Can,FXY-42-03612,112.92,81.19,High quality premium apparel can from Vogue.,"{""brand"": ""Vogue"", ""color"": ""Black"", ""size"": ""XL"", ""material"": ""Glass""}",True
3613,29,116,Pro Grocery Many,BXY-42-03613,46.17,26.04,High quality pro grocery many from OrganicWay.,"{""brand"": ""OrganicWay"", ""organic"": true, ""expiration_days"": 225}",True
3614,22,170,Smart Sports Security,ORX-42-03614,244.17,106.93,High quality smart sports security from TrailBlaze.,"{""brand"": ""TrailBlaze"", ""material"": ""Glass"", ""weight_kg"": 9.74}",True
3615,24,127,Eco Beauty Night,MCX-42-03615,59.11,33.64,High quality eco beauty night from LuxeHair.,"{""brand"": ""LuxeHair"", ""weight_g"": 1461}",True
3616,27,24,Premium Toys Resource,AFD-42-03616,80.02,37.2,High quality premium toys resource from KidZone.,"{""brand"": ""KidZone"", ""weight_g"": 351}",True
3617,2,85,Pro Apparel That,AXY-42-03617,113.66,79.1,High quality pro apparel that from UrbanStyle.,"{""brand"": ""UrbanStyle"", ""color"": ""Black"", ""size"": ""XXL"", ""material"": ""Metal""}",True
3618,4,125,Premium Sports No,SOX-42-03618,198.02,119.01,High quality premium sports no from TrailBlaze.,"{""brand"": ""TrailBlaze"", ""material"": ""Wool"", ""weight_kg"": 9.98}",True
3619,10,128,Pro Office Products We,OPX-42-03619,79.79,39.08,High quality pro office products we from DeskWork.,"{""brand"": ""DeskWork"", ""weight_g"": 661}",True
3620,4,160,Classic Sports Final,SOX-42-03620,308.37,166.66,High quality classic sports final from TrailBlaze.,"{""brand"": ""TrailBlaze"", ""material"": ""Cotton"", ""weight_kg"": 9.98}",True
3621,30,46,Smart Grocery Live,SSX-42-03621,40.21,24.09,High quality smart grocery live from SweetTreats.,"{""brand"": ""SweetTreats"", ""organic"": true, ""expiration_days"": 127}",True
3622,10,62,Premium Office Products Pressure,OPX-42-03622,34.29,21.66,High quality premium office products pressure from DeskWork.,"{""brand"": ""DeskWork"", ""weight_g"": 1448}",True
3623,2,27,Classic Apparel Hold,AXY-42-03623,114.94,75.64,High quality classic apparel hold from UrbanStyle.,"{""brand"": ""UrbanStyle"", ""color"": ""Navy"", ""size"": ""XS"", ""material"": ""Leather""}",True
3624,13,109,Premium Electronics Such,AHX-42-03624,301.56,161.92,High quality premium electronics such from Quant.,"{""brand"": ""Quant"", ""color"": ""Red"", ""weight_kg"": 1.48, ""warranty_years"": 3}",True
3625,30,45,Pro Grocery Report,SSX-42-03625,5.22,2.54,High quality pro grocery report from TastyBites.,"{""brand"": ""TastyBites"", ""organic"": false, ""expiration_days"": 97}",True
3626,13,150,Pro Electronics Young,AHX-42-03626,26.83,12.37,High quality pro electronics young from LinkSys.,"{""brand"": ""LinkSys"", ""color"": ""Black"", ""weight_kg"": 4.45, ""warranty_years"": 5}",True
3627,12,150,Deluxe Electronics Room,LCX-42-03627,567.16,228.94,High quality deluxe electronics room from LinkSys.,"{""brand"": ""LinkSys"", ""color"": ""Gray"", ""weight_kg"": 1.67, ""warranty_years"": 3}",True
3628,18,48,Ultra Home Table,KAX-42-03628,608.46,419.62,High quality ultra home table from KitchenAid.,"{""brand"": ""KitchenAid"", ""material"": ""Cotton"", ""weight_kg"": 10.5}",True
3629,15,73,Premium Apparel Yeah,FXY-42-03629,178.22,91.64,High quality premium apparel yeah from DenimCo.,"{""brand"": ""DenimCo"", ""color"": ""Red"", ""size"": ""M"", ""material"": ""Metal""}",True
3630,13,126,Classic Electronics Use,AHX-42-03630,450.99,289.35,High quality classic electronics use from TechCo.,"{""brand"": ""TechCo"", ""color"": ""Black"", ""weight_kg"": 7.02, ""warranty_years"": 1}",True
3631,10,6,Ultra Office Products Attorney,OPX-42-03631,90.83,60.66,High quality ultra office products attorney from OfficePro.,"{""brand"": ""OfficePro"", ""weight_g"": 437}",True
3632,3,124,Eco Home Cup,HKX-42-03632,274.38,159.04,High quality eco home cup from ChefChoice.,"{""brand"": ""ChefChoice"", ""material"": ""Cotton"", ""weight_kg"": 23.33}",True
3633,11,150,Premium Electronics Wait,SXY-42-03633,1521.57,929.7,High quality premium electronics wait from Quant.,"{""brand"": ""Quant"", ""color"": ""Yellow"", ""weight_kg"": 0.74, ""warranty_years"": 5}",True
3634,23,37,Smart Sports Usually,CBX-42-03634,100.16,52.17,High quality smart sports usually from AquaFlow.,"{""brand"": ""AquaFlow"", ""material"": ""Cotton"", ""weight_kg"": 22.38}",True
3635,10,17,Eco Office Products Lot,OPX-42-03635,13.83,9.94,High quality eco office products lot from DeskWork.,"{""brand"": ""DeskWork"", ""weight_g"": 59}",True
3636,11,56,Deluxe Electronics Begin,SXY-42-03636,1927.09,941.73,High quality deluxe electronics begin from Sonyx.,"{""brand"": ""Sonyx"", ""color"": ""Pink"", ""weight_kg"": 4.77, ""warranty_years"": 2}",True
3637,8,168,Deluxe Automotive Be,AXY-42-03637,118.63,58.2,High quality deluxe automotive be from TireSafe.,"{""brand"": ""TireSafe"", ""weight_g"": 876}",True
3638,15,117,Premium Apparel Include,FXY-42-03638,174.48,96.39,High quality premium apparel include from ThreadWear.,"{""brand"": ""ThreadWear"", ""color"": ""Green"", ""size"": ""M"", ""material"": ""Leather""}",True
3639,10,128,Eco Office Products Water,OPX-42-03639,94.23,59.33,High quality eco office products water from DeskWork.,"{""brand"": ""DeskWork"", ""weight_g"": 1435}",True
3640,21,170,Eco Sports Country,FGX-42-03640,421.81,293.14,High quality eco sports country from AquaFlow.,"{""brand"": ""AquaFlow"", ""material"": ""Leather"", ""weight_kg"": 1.59}",True
3641,8,44,Eco Automotive Fight,AXY-42-03641,82.94,56.15,High quality eco automotive fight from TireSafe.,"{""brand"": ""TireSafe"", ""weight_g"": 732}",True
3642,30,152,Deluxe Grocery Ball,SSX-42-03642,45.01,22.16,High quality deluxe grocery ball from NatureDrop.,"{""brand"": ""NatureDrop"", ""organic"": true, ""expiration_days"": 10}",True
3643,10,186,Premium Office Products Boy,OPX-42-03643,28.81,16.9,High quality premium office products boy from StapleMax.,"{""brand"": ""StapleMax"", ""weight_g"": 1485}",True
3644,28,168,Premium Automotive Community,CCX-42-03644,218.98,104.24,High quality premium automotive community from AutoPro.,"{""brand"": ""AutoPro"", ""weight_g"": 755}",True
3645,13,8,Ultra Electronics Fact,AHX-42-03645,1715.76,1193.82,High quality ultra electronics fact from Quant.,"{""brand"": ""Quant"", ""color"": ""Black"", ""weight_kg"": 3.69, ""warranty_years"": 3}",True
3646,27,169,Pro Toys Brother,AFD-42-03646,88.99,44.91,High quality pro toys brother from KidZone.,"{""brand"": ""KidZone"", ""weight_g"": 290}",True
3647,4,66,Smart Sports Same,SOX-42-03647,30.36,22.27,High quality smart sports same from AquaFlow.,"{""brand"": ""AquaFlow"", ""material"": ""Wood"", ""weight_kg"": 8.01}",True
3648,15,110,Pro Apparel Choose,FXY-42-03648,65.09,42.97,High quality pro apparel choose from ActiveFit.,"{""brand"": ""ActiveFit"", ""color"": ""Yellow"", ""size"": ""S"", ""material"": ""Glass""}",True
3649,5,33,Classic Beauty Model,BPC-42-03649,61.17,36.81,High quality classic beauty model from HerbEssentials.,"{""brand"": ""HerbEssentials"", ""weight_g"": 599}",True
3650,22,37,Smart Sports City,ORX-42-03650,380.31,229.32,High quality smart sports city from FitPulse.,"{""brand"": ""FitPulse"", ""material"": ""Wood"", ""weight_kg"": 13.45}",True
3651,12,139,Pro Electronics Two,LCX-42-03651,845.39,587.54,High quality pro electronics two from AudioMax.,"{""brand"": ""AudioMax"", ""color"": ""Navy"", ""weight_kg"": 5.86, ""warranty_years"": 2}",True
3652,30,191,Ultra Grocery Democratic,SSX-42-03652,36.46,19.79,High quality ultra grocery democratic from TastyBites.,"{""brand"": ""TastyBites"", ""organic"": false, ""expiration_days"": 290}",True
3653,16,12,Pro Apparel Near,FXY-42-03653,128.71,90.33,High quality pro apparel near from DenimCo.,"{""brand"": ""DenimCo"", ""color"": ""Yellow"", ""size"": ""XL"", ""material"": ""Plastic""}",True
3654,15,12,Smart Apparel Product,FXY-42-03654,153.81,72.57,High quality smart apparel product from DenimCo.,"{""brand"": ""DenimCo"", ""color"": ""Silver"", ""size"": ""L"", ""material"": ""Leather""}",True
3655,16,117,Deluxe Apparel Agency,FXY-42-03655,121.96,86.32,High quality deluxe apparel agency from DenimCo.,"{""brand"": ""DenimCo"", ""color"": ""White"", ""size"": ""XXL"", ""material"": ""Polyester""}",True
3656,2,117,Premium Apparel Finally,AXY-42-03656,154.26,115.07,High quality premium apparel finally from Vogue.,"{""brand"": ""Vogue"", ""color"": ""Pink"", ""size"": ""XL"", ""material"": ""Wood""}",True
3657,6,38,Smart Books Keep,BXY-42-03657,55.57,22.86,High quality smart books keep from Harper.,"{""brand"": ""Harper"", ""weight_g"": 638}",True
3658,7,26,Deluxe Toys Rest,TGX-42-03658,35.5,22.7,High quality deluxe toys rest from BrickBuilder.,"{""brand"": ""BrickBuilder"", ""weight_g"": 156}",True
3659,26,26,Ultra Toys Number,BGX-42-03659,33.72,20.44,High quality ultra toys number from BoardFun.,"{""brand"": ""BoardFun"", ""weight_g"": 623}",True
3660,13,8,Premium Electronics Work,AHX-42-03660,1579.25,1081.85,High quality premium electronics work from Quant.,"{""brand"": ""Quant"", ""color"": ""Navy"", ""weight_kg"": 7.88, ""warranty_years"": 3}",True
3661,23,78,Smart Sports Cause,CBX-42-03661,341.63,136.93,High quality smart sports cause from FitPulse.,"{""brand"": ""FitPulse"", ""material"": ""Wool"", ""weight_kg"": 5.17}",True
3662,15,142,Ultra Apparel Matter,FXY-42-03662,177.19,90.91,High quality ultra apparel matter from UrbanStyle.,"{""brand"": ""UrbanStyle"", ""color"": ""Red"", ""size"": ""XS"", ""material"": ""Wool""}",True
3663,17,88,Premium Apparel Hand,FSX-42-03663,56.06,36.46,High quality premium apparel hand from ThreadWear.,"{""brand"": ""ThreadWear"", ""color"": ""Green"", ""size"": ""M"", ""material"": ""Metal""}",True
3664,17,142,Deluxe Apparel Kitchen,FSX-42-03664,73.9,43.31,High quality deluxe apparel kitchen from ActiveFit.,"{""brand"": ""ActiveFit"", ""color"": ""Gray"", ""size"": ""XS"", ""material"": ""Polyester""}",True
3665,19,146,Deluxe Home Life,FXY-42-03665,606.45,412.29,High quality deluxe home life from KitchenAid.,"{""brand"": ""KitchenAid"", ""material"": ""Metal"", ""weight_kg"": 4.58}",True
3666,12,92,Premium Electronics Sing,LCX-42-03666,1810.94,1059.93,High quality premium electronics sing from Volt.,"{""brand"": ""Volt"", ""color"": ""Gray"", ""weight_kg"": 7.8, ""warranty_years"": 5}",True
3667,25,53,Deluxe Beauty Quite,SCX-42-03667,145.74,76.92,High quality deluxe beauty quite from GlowUp.,"{""brand"": ""GlowUp"", ""weight_g"": 1032}",True
3668,18,82,Pro Home Against,KAX-42-03668,447.26,278.71,High quality pro home against from ChefChoice.,"{""brand"": ""ChefChoice"", ""material"": ""Cotton"", ""weight_kg"": 17.13}",True
3669,2,73,Ultra Apparel Film,AXY-42-03669,147.2,107.87,High quality ultra apparel film from ThreadWear.,"{""brand"": ""ThreadWear"", ""color"": ""Gray"", ""size"": ""XS"", ""material"": ""Glass""}",True
3670,2,25,Classic Apparel Current,AXY-42-03670,128.07,83.37,High quality classic apparel current from UrbanStyle.,"{""brand"": ""UrbanStyle"", ""color"": ""Green"", ""size"": ""L"", ""material"": ""Leather""}",True
3671,19,194,Deluxe Home At,FXY-42-03671,467.7,208.64,High quality deluxe home at from ChefChoice.,"{""brand"": ""ChefChoice"", ""material"": ""Glass"", ""weight_kg"": 4.41}",True
3672,29,155,Eco Grocery Age,BXY-42-03672,25.86,17.82,High quality eco grocery age from OrganicWay.,"{""brand"": ""OrganicWay"", ""organic"": false, ""expiration_days"": 90}",True
3673,26,89,Ultra Toys Try,BGX-42-03673,72.41,49.17,High quality ultra toys try from PlayTime.,"{""brand"": ""PlayTime"", ""weight_g"": 1020}",True
3674,30,197,Premium Grocery Suffer,SSX-42-03674,29.72,15.11,High quality premium grocery suffer from SweetTreats.,"{""brand"": ""SweetTreats"", ""organic"": true, ""expiration_days"": 130}",True
3675,7,26,Pro Toys Each,TGX-42-03675,69.61,40.19,High quality pro toys each from PlayTime.,"{""brand"": ""PlayTime"", ""weight_g"": 89}",True
3676,11,56,Pro Electronics They,SXY-42-03676,1409.14,651.84,High quality pro electronics they from Volt.,"{""brand"": ""Volt"", ""color"": ""Blue"", ""weight_kg"": 5.51, ""warranty_years"": 2}",True
3677,1,84,Eco Electronics Yourself,EXY-42-03677,1368.59,897.41,High quality eco electronics yourself from TechCo.,"{""brand"": ""TechCo"", ""color"": ""White"", ""weight_kg"": 5.81, ""warranty_years"": 5}",True
3678,12,92,Pro Electronics Nature,LCX-42-03678,745.82,369.22,High quality pro electronics nature from Volt.,"{""brand"": ""Volt"", ""color"": ""Pink"", ""weight_kg"": 4.04, ""warranty_years"": 2}",True
3679,22,180,Classic Sports Quite,ORX-42-03679,38.73,27.26,High quality classic sports quite from AquaFlow.,"{""brand"": ""AquaFlow"", ""material"": ""Wood"", ""weight_kg"": 3.72}",True
3680,15,88,Premium Apparel Government,FXY-42-03680,133.54,54.25,High quality premium apparel government from ActiveFit.,"{""brand"": ""ActiveFit"", ""color"": ""Silver"", ""size"": ""L"", ""material"": ""Glass""}",True
3681,9,46,Deluxe Grocery Its,GGF-42-03681,10.2,4.26,High quality deluxe grocery its from SweetTreats.,"{""brand"": ""SweetTreats"", ""organic"": true, ""expiration_days"": 256}",True
3682,18,194,Deluxe Home Particular,KAX-42-03682,283.2,186.13,High quality deluxe home particular from DecoHome.,"{""brand"": ""DecoHome"", ""material"": ""Leather"", ""weight_kg"": 0.83}",True
3683,12,109,Ultra Electronics Gun,LCX-42-03683,1905.65,856.81,High quality ultra electronics gun from AudioMax.,"{""brand"": ""AudioMax"", ""color"": ""Pink"", ""weight_kg"": 1.81, ""warranty_years"": 1}",True
3684,14,8,Classic Electronics Reality,SHD-42-03684,1595.33,1120.8,High quality classic electronics reality from Quant.,"{""brand"": ""Quant"", ""color"": ""Navy"", ""weight_kg"": 1.31, ""warranty_years"": 2}",True
3685,13,108,Smart Electronics Race,AHX-42-03685,169.45,111.76,High quality smart electronics race from Volt.,"{""brand"": ""Volt"", ""color"": ""Pink"", ""weight_kg"": 5.66, ""warranty_years"": 5}",True
3686,1,56,Smart Electronics Stop,EXY-42-03686,742.67,484.84,High quality smart electronics stop from Quant.,"{""brand"": ""Quant"", ""color"": ""Yellow"", ""weight_kg"": 4.91, ""warranty_years"": 5}",True
3687,22,71,Premium Sports General,ORX-42-03687,18.72,8.33,High quality premium sports general from TrailBlaze.,"{""brand"": ""TrailBlaze"", ""material"": ""Cotton"", ""weight_kg"": 3.42}",True
3688,18,20,Ultra Home Mention,KAX-42-03688,446.52,291.27,High quality ultra home mention from DecoHome.,"{""brand"": ""DecoHome"", ""material"": ""Leather"", ""weight_kg"": 17.77}",True
3689,19,90,Smart Home Personal,FXY-42-03689,675.8,466.96,High quality smart home personal from DecoHome.,"{""brand"": ""DecoHome"", ""material"": ""Glass"", ""weight_kg"": 14.84}",True
3690,17,49,Smart Apparel Reduce,FSX-42-03690,122.74,53.53,High quality smart apparel reduce from ActiveFit.,"{""brand"": ""ActiveFit"", ""color"": ""Blue"", ""size"": ""XS"", ""material"": ""Polyester""}",True
3691,14,158,Pro Electronics Same,SHD-42-03691,437.8,267.73,High quality pro electronics same from TechCo.,"{""brand"": ""TechCo"", ""color"": ""Red"", ""weight_kg"": 4.85, ""warranty_years"": 1}",True
3692,29,149,Classic Grocery Next,BXY-42-03692,18.04,13.13,High quality classic grocery next from OrganicWay.,"{""brand"": ""OrganicWay"", ""organic"": false, ""expiration_days"": 103}",True
3693,10,186,Smart Office Products Thousand,OPX-42-03693,81.26,56.02,High quality smart office products thousand from DeskWork.,"{""brand"": ""DeskWork"", ""weight_g"": 374}",True
3694,13,84,Smart Electronics Official,AHX-42-03694,704.74,301.56,High quality smart electronics official from Sonyx.,"{""brand"": ""Sonyx"", ""color"": ""White"", ""weight_kg"": 1.5, ""warranty_years"": 5}",True
3695,24,81,Pro Beauty Light,MCX-42-03695,39.17,28.34,High quality pro beauty light from LuxeHair.,"{""brand"": ""LuxeHair"", ""weight_g"": 1033}",True
3696,6,63,Ultra Books Lot,BXY-42-03696,29.39,18.29,High quality ultra books lot from OReilly.,"{""brand"": ""OReilly"", ""weight_g"": 673}",True
3697,20,90,Deluxe Home Fly,BBX-42-03697,422.33,193.29,High quality deluxe home fly from ChefChoice.,"{""brand"": ""ChefChoice"", ""material"": ""Plastic"", ""weight_kg"": 12.18}",True
3698,11,174,Classic Electronics Our,SXY-42-03698,824.08,534.71,High quality classic electronics our from Sonyx.,"{""brand"": ""Sonyx"", ""color"": ""Pink"", ""weight_kg"": 6.95, ""warranty_years"": 1}",True
3699,27,26,Deluxe Toys Cause,AFD-42-03699,77.47,46.48,High quality deluxe toys cause from BrickBuilder.,"{""brand"": ""BrickBuilder"", ""weight_g"": 603}",True
3700,30,167,Ultra Grocery Water,SSX-42-03700,33.07,20.64,High quality ultra grocery water from NatureDrop.,"{""brand"": ""NatureDrop"", ""organic"": false, ""expiration_days"": 307}",True
3701,28,145,Eco Automotive Strategy,CCX-42-03701,288.5,178.66,High quality eco automotive strategy from AutoPro.,"{""brand"": ""AutoPro"", ""weight_g"": 1212}",True
3702,10,5,Classic Office Products Follow,OPX-42-03702,60.54,33.09,High quality classic office products follow from DeskWork.,"{""brand"": ""DeskWork"", ""weight_g"": 517}",True
3703,16,114,Pro Apparel Congress,FXY-42-03703,34.21,24.21,High quality pro apparel congress from DenimCo.,"{""brand"": ""DenimCo"", ""color"": ""Silver"", ""size"": ""S"", ""material"": ""Plastic""}",True
3704,9,172,Pro Grocery Strategy,GGF-42-03704,9.38,3.86,High quality pro grocery strategy from TastyBites.,"{""brand"": ""TastyBites"", ""organic"": true, ""expiration_days"": 314}",True
3705,25,15,Deluxe Beauty Ever,SCX-42-03705,109.09,53.89,High quality deluxe beauty ever from GlowUp.,"{""brand"": ""GlowUp"", ""weight_g"": 255}",True
3706,22,97,Eco Sports Dream,ORX-42-03706,78.41,38.0,High quality eco sports dream from PeakGear.,"{""brand"": ""PeakGear"", ""material"": ""Glass"", ""weight_kg"": 5.02}",True
3707,6,113,Pro Books Member,BXY-42-03707,30.37,12.85,High quality pro books member from OReilly.,"{""brand"": ""OReilly"", ""weight_g"": 912}",True
3708,19,195,Premium Home Hot,FXY-42-03708,25.01,10.1,High quality premium home hot from CozyLiving.,"{""brand"": ""CozyLiving"", ""material"": ""Wool"", ""weight_kg"": 23.0}",True
3709,26,70,Smart Toys Fight,BGX-42-03709,33.92,17.49,High quality smart toys fight from BoardFun.,"{""brand"": ""BoardFun"", ""weight_g"": 968}",True
3710,26,89,Eco Toys Speech,BGX-42-03710,27.99,16.83,High quality eco toys speech from BrickBuilder.,"{""brand"": ""BrickBuilder"", ""weight_g"": 1375}",True
3711,25,57,Eco Beauty Through,SCX-42-03711,94.39,60.37,High quality eco beauty through from LuxeHair.,"{""brand"": ""LuxeHair"", ""weight_g"": 1026}",True
3712,26,24,Smart Toys Anyone,BGX-42-03712,118.12,57.55,High quality smart toys anyone from PlayTime.,"{""brand"": ""PlayTime"", ""weight_g"": 395}",True
3713,6,133,Classic Books Choose,BXY-42-03713,63.38,28.98,High quality classic books choose from Packt.,"{""brand"": ""Packt"", ""weight_g"": 533}",True
3714,13,93,Ultra Electronics Head,AHX-42-03714,40.98,26.71,High quality ultra electronics head from LinkSys.,"{""brand"": ""LinkSys"", ""color"": ""Navy"", ""weight_kg"": 0.23, ""warranty_years"": 1}",True
3715,23,166,Pro Sports Feel,CBX-42-03715,32.52,16.43,High quality pro sports feel from AquaFlow.,"{""brand"": ""AquaFlow"", ""material"": ""Polyester"", ""weight_kg"": 21.68}",True
3716,21,91,Pro Sports Lose,FGX-42-03716,154.05,85.97,High quality pro sports lose from TrailBlaze.,"{""brand"": ""TrailBlaze"", ""material"": ""Plastic"", ""weight_kg"": 8.29}",True
3717,22,39,Eco Sports Compare,ORX-42-03717,358.63,179.12,High quality eco sports compare from TrailBlaze.,"{""brand"": ""TrailBlaze"", ""material"": ""Polyester"", ""weight_kg"": 10.31}",True
3718,16,162,Premium Apparel Present,FXY-42-03718,37.29,24.12,High quality premium apparel present from DenimCo.,"{""brand"": ""DenimCo"", ""color"": ""Yellow"", ""size"": ""M"", ""material"": ""Metal""}",True
3719,19,48,Ultra Home Window,FXY-42-03719,503.25,255.16,High quality ultra home window from ChefChoice.,"{""brand"": ""ChefChoice"", ""material"": ""Cotton"", ""weight_kg"": 7.29}",True
3720,28,55,Deluxe Automotive College,CCX-42-03720,223.11,141.71,High quality deluxe automotive college from DriveClean.,"{""brand"": ""DriveClean"", ""weight_g"": 1460}",True
3721,12,84,Ultra Electronics Seek,LCX-42-03721,1036.5,617.01,High quality ultra electronics seek from Volt.,"{""brand"": ""Volt"", ""color"": ""Yellow"", ""weight_kg"": 1.67, ""warranty_years"": 1}",True
3722,29,45,Ultra Grocery North,BXY-42-03722,13.82,10.05,High quality ultra grocery north from NatureDrop.,"{""brand"": ""NatureDrop"", ""organic"": false, ""expiration_days"": 137}",True
3723,21,170,Ultra Sports Feeling,FGX-42-03723,108.05,50.06,High quality ultra sports feeling from AquaFlow.,"{""brand"": ""AquaFlow"", ""material"": ""Metal"", ""weight_kg"": 2.99}",True
3724,6,32,Classic Books Court,BXY-42-03724,29.1,16.48,High quality classic books court from Penguin.,"{""brand"": ""Penguin"", ""weight_g"": 1347}",True
3725,19,115,Pro Home Continue,FXY-42-03725,308.83,200.77,High quality pro home continue from DecoHome.,"{""brand"": ""DecoHome"", ""material"": ""Cotton"", ""weight_kg"": 6.42}",True
3726,12,8,Premium Electronics Those,LCX-42-03726,661.91,281.59,High quality premium electronics those from Sonyx.,"{""brand"": ""Sonyx"", ""color"": ""Gray"", ""weight_kg"": 6.59, ""warranty_years"": 3}",True
3727,4,37,Classic Sports Section,SOX-42-03727,246.3,106.26,High quality classic sports section from FitPulse.,"{""brand"": ""FitPulse"", ""material"": ""Glass"", ""weight_kg"": 1.83}",True
3728,19,51,Classic Home Room,FXY-42-03728,512.73,330.4,High quality classic home room from DecoHome.,"{""brand"": ""DecoHome"", ""material"": ""Wool"", ""weight_kg"": 22.44}",True
3729,27,173,Pro Toys West,AFD-42-03729,84.26,61.61,High quality pro toys west from BoardFun.,"{""brand"": ""BoardFun"", ""weight_g"": 195}",True
3730,3,124,Classic Home Reflect,HKX-42-03730,502.21,266.15,High quality classic home reflect from KitchenAid.,"{""brand"": ""KitchenAid"", ""material"": ""Wool"", ""weight_kg"": 8.36}",True
3731,17,12,Premium Apparel Study,FSX-42-03731,188.86,126.49,High quality premium apparel study from UrbanStyle.,"{""brand"": ""UrbanStyle"", ""color"": ""White"", ""size"": ""S"", ""material"": ""Plastic""}",True
3732,29,2,Eco Grocery Class,BXY-42-03732,18.77,12.39,High quality eco grocery class from NatureDrop.,"{""brand"": ""NatureDrop"", ""organic"": false, ""expiration_days"": 45}",True
3733,20,148,Eco Home Color,BBX-42-03733,701.47,307.61,High quality eco home color from ChefChoice.,"{""brand"": ""ChefChoice"", ""material"": ""Plastic"", ""weight_kg"": 9.27}",True
3734,4,100,Smart Sports Economy,SOX-42-03734,218.96,105.26,High quality smart sports economy from TrailBlaze.,"{""brand"": ""TrailBlaze"", ""material"": ""Metal"", ""weight_kg"": 10.53}",True
3735,1,158,Pro Electronics But,EXY-42-03735,1571.99,695.0,High quality pro electronics but from Sonyx.,"{""brand"": ""Sonyx"", ""color"": ""White"", ""weight_kg"": 5.4, ""warranty_years"": 3}",True
3736,29,129,Deluxe Grocery Analysis,BXY-42-03736,13.4,5.98,High quality deluxe grocery analysis from OrganicWay.,"{""brand"": ""OrganicWay"", ""organic"": false, ""expiration_days"": 233}",True
3737,3,61,Classic Home Free,HKX-42-03737,47.61,21.61,High quality classic home free from ChefChoice.,"{""brand"": ""ChefChoice"", ""material"": ""Plastic"", ""weight_kg"": 16.86}",True
3738,14,126,Classic Electronics Paper,SHD-42-03738,901.88,637.67,High quality classic electronics paper from Sonyx.,"{""brand"": ""Sonyx"", ""color"": ""Gray"", ""weight_kg"": 5.57, ""warranty_years"": 5}",True
3739,1,174,Deluxe Electronics Card,EXY-42-03739,1867.88,774.63,High quality deluxe electronics card from LinkSys.,"{""brand"": ""LinkSys"", ""color"": ""Black"", ""weight_kg"": 0.96, ""warranty_years"": 1}",True
3740,30,50,Premium Grocery Let,SSX-42-03740,38.73,21.15,High quality premium grocery let from OrganicWay.,"{""brand"": ""OrganicWay"", ""organic"": true, ""expiration_days"": 317}",True
3741,5,81,Smart Beauty Ever,BPC-42-03741,125.5,73.24,High quality smart beauty ever from GlowUp.,"{""brand"": ""GlowUp"", ""weight_g"": 1151}",True
3742,20,42,Pro Home Hope,BBX-42-03742,45.04,30.62,High quality pro home hope from KitchenAid.,"{""brand"": ""KitchenAid"", ""material"": ""Wood"", ""weight_kg"": 23.49}",True
3743,18,106,Pro Home Create,KAX-42-03743,104.4,77.09,High quality pro home create from CozyLiving.,"{""brand"": ""CozyLiving"", ""material"": ""Polyester"", ""weight_kg"": 13.42}",True
3744,22,99,Premium Sports Describe,ORX-42-03744,466.64,338.7,High quality premium sports describe from FitPulse.,"{""brand"": ""FitPulse"", ""material"": ""Cotton"", ""weight_kg"": 16.69}",True
3745,13,93,Smart Electronics Or,AHX-42-03745,1986.66,1322.24,High quality smart electronics or from Sonyx.,"{""brand"": ""Sonyx"", ""color"": ""Green"", ""weight_kg"": 3.88, ""warranty_years"": 1}",True
3746,1,108,Ultra Electronics Second,EXY-42-03746,1899.51,1234.85,High quality ultra electronics second from TechCo.,"{""brand"": ""TechCo"", ""color"": ""Pink"", ""weight_kg"": 0.99, ""warranty_years"": 3}",True
3747,15,34,Classic Apparel Already,FXY-42-03747,130.13,72.92,High quality classic apparel already from DenimCo.,"{""brand"": ""DenimCo"", ""color"": ""Red"", ""size"": ""XS"", ""material"": ""Glass""}",True
3748,17,73,Premium Apparel Reduce,FSX-42-03748,148.16,96.18,High quality premium apparel reduce from UrbanStyle.,"{""brand"": ""UrbanStyle"", ""color"": ""Gray"", ""size"": ""XS"", ""material"": ""Wood""}",True
3749,20,90,Smart Home Free,BBX-42-03749,762.56,443.92,High quality smart home free from CozyLiving.,"{""brand"": ""CozyLiving"", ""material"": ""Polyester"", ""weight_kg"": 16.22}",True
3750,12,92,Pro Electronics Guy,LCX-42-03750,1222.98,576.69,High quality pro electronics guy from TechCo.,"{""brand"": ""TechCo"", ""color"": ""Red"", ""weight_kg"": 3.16, ""warranty_years"": 3}",True
3751,19,4,Smart Home Choose,FXY-42-03751,755.9,402.61,High quality smart home choose from ChefChoice.,"{""brand"": ""ChefChoice"", ""material"": ""Glass"", ""weight_kg"": 9.63}",True
3752,28,181,Premium Automotive Hotel,CCX-42-03752,104.6,59.83,High quality premium automotive hotel from AutoPro.,"{""brand"": ""AutoPro"", ""weight_g"": 920}",True
3753,10,131,Smart Office Products List,OPX-42-03753,43.68,22.84,High quality smart office products list from StapleMax.,"{""brand"": ""StapleMax"", ""weight_g"": 873}",True
3754,7,89,Smart Toys Notice,TGX-42-03754,37.38,24.77,High quality smart toys notice from PlayTime.,"{""brand"": ""PlayTime"", ""weight_g"": 1331}",True
3755,21,119,Premium Sports Commercial,FGX-42-03755,108.71,78.95,High quality premium sports commercial from PeakGear.,"{""brand"": ""PeakGear"", ""material"": ""Wool"", ""weight_kg"": 9.06}",True
3756,27,96,Ultra Toys None,AFD-42-03756,57.14,38.02,High quality ultra toys none from BrickBuilder.,"{""brand"": ""BrickBuilder"", ""weight_g"": 1011}",True
3757,23,123,Eco Sports Fish,CBX-42-03757,243.64,118.09,High quality eco sports fish from TrailBlaze.,"{""brand"": ""TrailBlaze"", ""material"": ""Polyester"", ""weight_kg"": 9.77}",True
3758,23,136,Ultra Sports Campaign,CBX-42-03758,243.11,147.61,High quality ultra sports campaign from AquaFlow.,"{""brand"": ""AquaFlow"", ""material"": ""Polyester"", ""weight_kg"": 9.59}",True
3759,18,98,Premium Home Wife,KAX-42-03759,543.54,219.82,High quality premium home wife from DecoHome.,"{""brand"": ""DecoHome"", ""material"": ""Metal"", ""weight_kg"": 16.79}",True
3760,5,57,Classic Beauty Ago,BPC-42-03760,143.52,71.98,High quality classic beauty ago from GlowUp.,"{""brand"": ""GlowUp"", ""weight_g"": 1397}",True
3761,2,88,Smart Apparel Interview,AXY-42-03761,66.2,49.48,High quality smart apparel interview from ThreadWear.,"{""brand"": ""ThreadWear"", ""color"": ""Navy"", ""size"": ""XL"", ""material"": ""Leather""}",True
3762,19,98,Smart Home Word,FXY-42-03762,330.15,185.01,High quality smart home word from ChefChoice.,"{""brand"": ""ChefChoice"", ""material"": ""Wool"", ""weight_kg"": 8.09}",True
3763,4,100,Deluxe Sports Money,SOX-42-03763,111.2,52.35,High quality deluxe sports money from FitPulse.,"{""brand"": ""FitPulse"", ""material"": ""Leather"", ""weight_kg"": 13.39}",True
3764,25,140,Premium Beauty Special,SCX-42-03764,13.62,5.59,High quality premium beauty special from HerbEssentials.,"{""brand"": ""HerbEssentials"", ""weight_g"": 507}",True
3765,11,84,Ultra Electronics Check,SXY-42-03765,1237.87,763.1,High quality ultra electronics check from TechCo.,"{""brand"": ""TechCo"", ""color"": ""Yellow"", ""weight_kg"": 5.56, ""warranty_years"": 3}",True
3766,4,119,Eco Sports Yourself,SOX-42-03766,495.84,296.63,High quality eco sports yourself from AquaFlow.,"{""brand"": ""AquaFlow"", ""material"": ""Plastic"", ""weight_kg"": 24.76}",True
3767,14,150,Pro Electronics Low,SHD-42-03767,787.22,455.95,High quality pro electronics low from AudioMax.,"{""brand"": ""AudioMax"", ""color"": ""Gray"", ""weight_kg"": 2.94, ""warranty_years"": 5}",True
3768,6,32,Classic Books Without,BXY-42-03768,32.25,18.01,High quality classic books without from Packt.,"{""brand"": ""Packt"", ""weight_g"": 164}",True
3769,1,84,Ultra Electronics Front,EXY-42-03769,272.24,112.46,High quality ultra electronics front from Volt.,"{""brand"": ""Volt"", ""color"": ""Black"", ""weight_kg"": 3.04, ""warranty_years"": 5}",True
3770,15,27,Classic Apparel Clearly,FXY-42-03770,45.05,19.26,High quality classic apparel clearly from UrbanStyle.,"{""brand"": ""UrbanStyle"", ""color"": ""Navy"", ""size"": ""XXL"", ""material"": ""Cotton""}",True
3771,27,89,Eco Toys Above,AFD-42-03771,21.25,12.34,High quality eco toys above from BrickBuilder.,"{""brand"": ""BrickBuilder"", ""weight_g"": 1088}",True
3772,29,2,Pro Grocery Single,BXY-42-03772,18.17,9.89,High quality pro grocery single from OrganicWay.,"{""brand"": ""OrganicWay"", ""organic"": true, ""expiration_days"": 102}",True
3773,7,169,Classic Toys Office,TGX-42-03773,23.98,14.02,High quality classic toys office from BoardFun.,"{""brand"": ""BoardFun"", ""weight_g"": 1045}",True
3774,21,161,Deluxe Sports Movement,FGX-42-03774,21.65,12.88,High quality deluxe sports movement from TrailBlaze.,"{""brand"": ""TrailBlaze"", ""material"": ""Wood"", ""weight_kg"": 2.53}",True
3775,5,81,Smart Beauty Glass,BPC-42-03775,61.68,31.64,High quality smart beauty glass from HerbEssentials.,"{""brand"": ""HerbEssentials"", ""weight_g"": 670}",True
3776,10,62,Classic Office Products Radio,OPX-42-03776,2.47,1.13,High quality classic office products radio from OfficePro.,"{""brand"": ""OfficePro"", ""weight_g"": 564}",True
3777,18,115,Premium Home Season,KAX-42-03777,671.57,313.61,High quality premium home season from DecoHome.,"{""brand"": ""DecoHome"", ""material"": ""Glass"", ""weight_kg"": 6.25}",True
3778,3,54,Premium Home Find,HKX-42-03778,303.09,145.25,High quality premium home find from KitchenAid.,"{""brand"": ""KitchenAid"", ""material"": ""Cotton"", ""weight_kg"": 17.54}",True
3779,13,137,Premium Electronics Matter,AHX-42-03779,773.68,468.47,High quality premium electronics matter from Volt.,"{""brand"": ""Volt"", ""color"": ""White"", ""weight_kg"": 4.87, ""warranty_years"": 2}",True
3780,22,160,Premium Sports War,ORX-42-03780,207.34,110.75,High quality premium sports war from FitPulse.,"{""brand"": ""FitPulse"", ""material"": ""Glass"", ""weight_kg"": 23.3}",True
3781,26,24,Eco Toys Figure,BGX-42-03781,106.07,63.51,High quality eco toys figure from PlayTime.,"{""brand"": ""PlayTime"", ""weight_g"": 258}",True
3782,27,169,Eco Toys Yet,AFD-42-03782,98.47,60.61,High quality eco toys yet from BoardFun.,"{""brand"": ""BoardFun"", ""weight_g"": 824}",True
3783,22,170,Eco Sports Somebody,ORX-42-03783,301.63,214.44,High quality eco sports somebody from AquaFlow.,"{""brand"": ""AquaFlow"", ""material"": ""Wood"", ""weight_kg"": 14.22}",True
3784,22,190,Premium Sports Painting,ORX-42-03784,109.65,46.29,High quality premium sports painting from TrailBlaze.,"{""brand"": ""TrailBlaze"", ""material"": ""Metal"", ""weight_kg"": 2.42}",True
3785,3,42,Premium Home Reflect,HKX-42-03785,608.16,353.03,High quality premium home reflect from KitchenAid.,"{""brand"": ""KitchenAid"", ""material"": ""Metal"", ""weight_kg"": 0.74}",True
3786,11,174,Ultra Electronics Choice,SXY-42-03786,190.13,122.89,High quality ultra electronics choice from Volt.,"{""brand"": ""Volt"", ""color"": ""White"", ""weight_kg"": 3.61, ""warranty_years"": 1}",True
3787,10,104,Pro Office Products Successful,OPX-42-03787,45.59,26.25,High quality pro office products successful from PaperMate.,"{""brand"": ""PaperMate"", ""weight_g"": 1222}",True
3788,24,53,Pro Beauty Other,MCX-42-03788,119.9,81.81,High quality pro beauty other from LuxeHair.,"{""brand"": ""LuxeHair"", ""weight_g"": 254}",True
3789,10,182,Premium Office Products Shoulder,OPX-42-03789,46.42,22.02,High quality premium office products shoulder from OfficePro.,"{""brand"": ""OfficePro"", ""weight_g"": 264}",True
3790,9,86,Classic Grocery What,GGF-42-03790,38.62,20.72,High quality classic grocery what from SweetTreats.,"{""brand"": ""SweetTreats"", ""organic"": true, ""expiration_days"": 88}",True
3791,15,88,Classic Apparel Win,FXY-42-03791,135.66,76.69,High quality classic apparel win from ThreadWear.,"{""brand"": ""ThreadWear"", ""color"": ""Yellow"", ""size"": ""XXL"", ""material"": ""Metal""}",True
3792,1,87,Pro Electronics Letter,EXY-42-03792,445.29,332.9,High quality pro electronics letter from Volt.,"{""brand"": ""Volt"", ""color"": ""Red"", ""weight_kg"": 4.98, ""warranty_years"": 5}",True
3793,1,126,Premium Electronics Ground,EXY-42-03793,1886.29,917.54,High quality premium electronics ground from AudioMax.,"{""brand"": ""AudioMax"", ""color"": ""Gray"", ""weight_kg"": 3.21, ""warranty_years"": 3}",True
3794,3,29,Classic Home Risk,HKX-42-03794,655.42,354.96,High quality classic home risk from KitchenAid.,"{""brand"": ""KitchenAid"", ""material"": ""Cotton"", ""weight_kg"": 20.92}",True
3795,1,87,Pro Electronics Budget,EXY-42-03795,352.3,234.52,High quality pro electronics budget from Volt.,"{""brand"": ""Volt"", ""color"": ""Gray"", ""weight_kg"": 7.53, ""warranty_years"": 1}",True
3796,12,108,Premium Electronics Sign,LCX-42-03796,1852.41,998.08,High quality premium electronics sign from AudioMax.,"{""brand"": ""AudioMax"", ""color"": ""Black"", ""weight_kg"": 0.74, ""warranty_years"": 5}",True
3797,21,97,Ultra Sports Measure,FGX-42-03797,151.18,102.1,High quality ultra sports measure from FitPulse.,"{""brand"": ""FitPulse"", ""material"": ""Leather"", ""weight_kg"": 10.21}",True
3798,13,174,Pro Electronics We,AHX-42-03798,591.47,249.31,High quality pro electronics we from Volt.,"{""brand"": ""Volt"", ""color"": ""Pink"", ""weight_kg"": 3.26, ""warranty_years"": 3}",True
3799,29,167,Smart Grocery Amount,BXY-42-03799,20.17,12.55,High quality smart grocery amount from NatureDrop.,"{""brand"": ""NatureDrop"", ""organic"": false, ""expiration_days"": 274}",True
3800,3,90,Pro Home Chair,HKX-42-03800,24.51,15.38,High quality pro home chair from KitchenAid.,"{""brand"": ""KitchenAid"", ""material"": ""Cotton"", ""weight_kg"": 24.71}",True
3801,30,149,Premium Grocery Resource,SSX-42-03801,40.3,16.18,High quality premium grocery resource from SweetTreats.,"{""brand"": ""SweetTreats"", ""organic"": false, ""expiration_days"": 123}",True
3802,21,123,Smart Sports Ok,FGX-42-03802,160.03,114.84,High quality smart sports ok from TrailBlaze.,"{""brand"": ""TrailBlaze"", ""material"": ""Leather"", ""weight_kg"": 20.49}",True
3803,30,3,Premium Grocery But,SSX-42-03803,23.32,10.17,High quality premium grocery but from SweetTreats.,"{""brand"": ""SweetTreats"", ""organic"": true, ""expiration_days"": 303}",True
3804,23,190,Premium Sports Foot,CBX-42-03804,214.45,89.69,High quality premium sports foot from FitPulse.,"{""brand"": ""FitPulse"", ""material"": ""Cotton"", ""weight_kg"": 4.67}",True
3805,3,51,Deluxe Home Ago,HKX-42-03805,239.99,103.23,High quality deluxe home ago from CozyLiving.,"{""brand"": ""CozyLiving"", ""material"": ""Plastic"", ""weight_kg"": 21.31}",True
3806,14,108,Eco Electronics Interest,SHD-42-03806,573.05,275.82,High quality eco electronics interest from AudioMax.,"{""brand"": ""AudioMax"", ""color"": ""Pink"", ""weight_kg"": 2.49, ""warranty_years"": 5}",True
3807,23,97,Smart Sports Prepare,CBX-42-03807,190.14,86.82,High quality smart sports prepare from PeakGear.,"{""brand"": ""PeakGear"", ""material"": ""Glass"", ""weight_kg"": 19.52}",True
3808,1,158,Ultra Electronics Thought,EXY-42-03808,438.01,211.1,High quality ultra electronics thought from TechCo.,"{""brand"": ""TechCo"", ""color"": ""Black"", ""weight_kg"": 2.56, ""warranty_years"": 2}",True
3809,13,137,Eco Electronics Discussion,AHX-42-03809,820.35,428.05,High quality eco electronics discussion from Quant.,"{""brand"": ""Quant"", ""color"": ""White"", ""weight_kg"": 7.66, ""warranty_years"": 5}",True
3810,21,119,Ultra Sports Like,FGX-42-03810,121.5,90.89,High quality ultra sports like from FitPulse.,"{""brand"": ""FitPulse"", ""material"": ""Wood"", ""weight_kg"": 17.51}",True
3811,5,53,Ultra Beauty Heavy,BPC-42-03811,78.45,51.09,High quality ultra beauty heavy from SilkSkin.,"{""brand"": ""SilkSkin"", ""weight_g"": 1197}",True
3812,27,96,Classic Toys Best,AFD-42-03812,103.04,54.78,High quality classic toys best from BrickBuilder.,"{""brand"": ""BrickBuilder"", ""weight_g"": 1323}",True
3813,5,199,Smart Beauty General,BPC-42-03813,74.48,50.96,High quality smart beauty general from LuxeHair.,"{""brand"": ""LuxeHair"", ""weight_g"": 1409}",True
3814,3,51,Ultra Home Around,HKX-42-03814,565.52,422.37,High quality ultra home around from CozyLiving.,"{""brand"": ""CozyLiving"", ""material"": ""Leather"", ""weight_kg"": 19.88}",True
3815,29,152,Premium Grocery Political,BXY-42-03815,46.04,24.71,High quality premium grocery political from SweetTreats.,"{""brand"": ""SweetTreats"", ""organic"": true, ""expiration_days"": 197}",True
3816,12,109,Ultra Electronics Put,LCX-42-03816,1289.35,731.31,High quality ultra electronics put from Volt.,"{""brand"": ""Volt"", ""color"": ""Yellow"", ""weight_kg"": 4.9, ""warranty_years"": 1}",True
3817,29,13,Pro Grocery Day,BXY-42-03817,20.65,10.71,High quality pro grocery day from TastyBites.,"{""brand"": ""TastyBites"", ""organic"": false, ""expiration_days"": 144}",True
3818,13,92,Smart Electronics Past,AHX-42-03818,813.28,558.61,High quality smart electronics past from AudioMax.,"{""brand"": ""AudioMax"", ""color"": ""Navy"", ""weight_kg"": 3.64, ""warranty_years"": 1}",True
3819,10,128,Deluxe Office Products New,OPX-42-03819,36.7,14.74,High quality deluxe office products new from OfficePro.,"{""brand"": ""OfficePro"", ""weight_g"": 1277}",True
3820,23,78,Eco Sports Doctor,CBX-42-03820,129.02,57.58,High quality eco sports doctor from PeakGear.,"{""brand"": ""PeakGear"", ""material"": ""Wood"", ""weight_kg"": 10.24}",True
3821,24,127,Ultra Beauty Station,MCX-42-03821,144.91,76.33,High quality ultra beauty station from GlowUp.,"{""brand"": ""GlowUp"", ""weight_g"": 724}",True
3822,1,126,Premium Electronics Would,EXY-42-03822,1849.35,991.81,High quality premium electronics would from TechCo.,"{""brand"": ""TechCo"", ""color"": ""Black"", ""weight_kg"": 5.37, ""warranty_years"": 1}",True
3823,22,190,Classic Sports Speak,ORX-42-03823,376.17,161.42,High quality classic sports speak from AquaFlow.,"{""brand"": ""AquaFlow"", ""material"": ""Polyester"", ""weight_kg"": 10.67}",True
3824,28,187,Deluxe Automotive Fall,CCX-42-03824,140.6,83.89,High quality deluxe automotive fall from MotorMax.,"{""brand"": ""MotorMax"", ""weight_g"": 1326}",True
3825,21,125,Deluxe Sports Deal,FGX-42-03825,45.54,33.32,High quality deluxe sports deal from TrailBlaze.,"{""brand"": ""TrailBlaze"", ""material"": ""Cotton"", ""weight_kg"": 1.65}",True
3826,24,95,Ultra Beauty Agency,MCX-42-03826,79.24,49.87,High quality ultra beauty agency from HerbEssentials.,"{""brand"": ""HerbEssentials"", ""weight_g"": 1413}",True
3827,13,158,Eco Electronics Because,AHX-42-03827,1154.46,482.49,High quality eco electronics because from AudioMax.,"{""brand"": ""AudioMax"", ""color"": ""Pink"", ""weight_kg"": 6.84, ""warranty_years"": 5}",True
3828,5,47,Premium Beauty Nothing,BPC-42-03828,102.71,48.92,High quality premium beauty nothing from HerbEssentials.,"{""brand"": ""HerbEssentials"", ""weight_g"": 1412}",True
3829,9,155,Pro Grocery Time,GGF-42-03829,7.99,5.09,High quality pro grocery time from TastyBites.,"{""brand"": ""TastyBites"", ""organic"": false, ""expiration_days"": 195}",True
3830,11,139,Ultra Electronics Like,SXY-42-03830,849.6,520.01,High quality ultra electronics like from TechCo.,"{""brand"": ""TechCo"", ""color"": ""Pink"", ""weight_kg"": 4.42, ""warranty_years"": 2}",True
3831,1,107,Eco Electronics Research,EXY-42-03831,442.38,189.59,High quality eco electronics research from Quant.,"{""brand"": ""Quant"", ""color"": ""Red"", ""weight_kg"": 1.06, ""warranty_years"": 5}",True
3832,3,146,Ultra Home Remain,HKX-42-03832,509.31,377.48,High quality ultra home remain from KitchenAid.,"{""brand"": ""KitchenAid"", ""material"": ""Wool"", ""weight_kg"": 5.14}",True
3833,9,13,Ultra Grocery Begin,GGF-42-03833,35.13,19.42,High quality ultra grocery begin from SweetTreats.,"{""brand"": ""SweetTreats"", ""organic"": true, ""expiration_days"": 172}",True
3834,30,191,Deluxe Grocery Music,SSX-42-03834,31.26,13.23,High quality deluxe grocery music from SweetTreats.,"{""brand"": ""SweetTreats"", ""organic"": false, ""expiration_days"": 150}",True
3835,1,158,Smart Electronics Indeed,EXY-42-03835,502.76,240.75,High quality smart electronics indeed from AudioMax.,"{""brand"": ""AudioMax"", ""color"": ""White"", ""weight_kg"": 5.73, ""warranty_years"": 2}",True
3836,22,72,Smart Sports Day,ORX-42-03836,488.87,219.49,High quality smart sports day from TrailBlaze.,"{""brand"": ""TrailBlaze"", ""material"": ""Wood"", ""weight_kg"": 20.22}",True
3837,30,13,Ultra Grocery Military,SSX-42-03837,10.39,7.39,High quality ultra grocery military from SweetTreats.,"{""brand"": ""SweetTreats"", ""organic"": false, ""expiration_days"": 319}",True
3838,28,188,Ultra Automotive Friend,CCX-42-03838,172.46,120.03,High quality ultra automotive friend from DriveClean.,"{""brand"": ""DriveClean"", ""weight_g"": 691}",True
3839,6,185,Classic Books Player,BXY-42-03839,37.84,18.54,High quality classic books player from Springer.,"{""brand"": ""Springer"", ""weight_g"": 620}",True
3840,25,47,Pro Beauty Point,SCX-42-03840,121.21,80.17,High quality pro beauty point from LuxeHair.,"{""brand"": ""LuxeHair"", ""weight_g"": 1088}",True
3841,4,66,Ultra Sports Much,SOX-42-03841,41.82,28.19,High quality ultra sports much from TrailBlaze.,"{""brand"": ""TrailBlaze"", ""material"": ""Cotton"", ""weight_kg"": 10.94}",True
3842,1,126,Smart Electronics Yet,EXY-42-03842,1420.91,580.56,High quality smart electronics yet from Quant.,"{""brand"": ""Quant"", ""color"": ""Yellow"", ""weight_kg"": 0.77, ""warranty_years"": 3}",True
3843,11,139,Deluxe Electronics Arrive,SXY-42-03843,708.49,450.73,High quality deluxe electronics arrive from AudioMax.,"{""brand"": ""AudioMax"", ""color"": ""Black"", ""weight_kg"": 6.19, ""warranty_years"": 5}",True
3844,23,72,Smart Sports When,CBX-42-03844,391.1,229.08,High quality smart sports when from PeakGear.,"{""brand"": ""PeakGear"", ""material"": ""Wool"", ""weight_kg"": 23.1}",True
3845,19,19,Eco Home Reflect,FXY-42-03845,555.15,225.13,High quality eco home reflect from CozyLiving.,"{""brand"": ""CozyLiving"", ""material"": ""Wood"", ""weight_kg"": 23.87}",True
3846,15,49,Eco Apparel Herself,FXY-42-03846,32.08,14.84,High quality eco apparel herself from DenimCo.,"{""brand"": ""DenimCo"", ""color"": ""Green"", ""size"": ""XXL"", ""material"": ""Cotton""}",True
3847,7,26,Premium Toys Information,TGX-42-03847,30.93,17.88,High quality premium toys information from PlayTime.,"{""brand"": ""PlayTime"", ""weight_g"": 408}",True
3848,20,61,Smart Home Choose,BBX-42-03848,285.59,176.13,High quality smart home choose from ChefChoice.,"{""brand"": ""ChefChoice"", ""material"": ""Glass"", ""weight_kg"": 19.35}",True
3849,24,81,Ultra Beauty Sense,MCX-42-03849,145.67,98.89,High quality ultra beauty sense from HerbEssentials.,"{""brand"": ""HerbEssentials"", ""weight_g"": 1051}",True
3850,28,187,Smart Automotive Too,CCX-42-03850,98.17,51.17,High quality smart automotive too from DriveClean.,"{""brand"": ""DriveClean"", ""weight_g"": 571}",True
3851,24,81,Premium Beauty Late,MCX-42-03851,44.07,18.94,High quality premium beauty late from LuxeHair.,"{""brand"": ""LuxeHair"", ""weight_g"": 1433}",True
3852,7,112,Ultra Toys Hope,TGX-42-03852,115.95,64.89,High quality ultra toys hope from KidZone.,"{""brand"": ""KidZone"", ""weight_g"": 353}",True
3853,12,107,Pro Electronics Imagine,LCX-42-03853,1916.53,1077.2,High quality pro electronics imagine from TechCo.,"{""brand"": ""TechCo"", ""color"": ""White"", ""weight_kg"": 1.37, ""warranty_years"": 3}",True
3854,24,199,Deluxe Beauty Hotel,MCX-42-03854,28.25,13.36,High quality deluxe beauty hotel from GlowUp.,"{""brand"": ""GlowUp"", ""weight_g"": 1162}",True
3855,2,110,Eco Apparel Actually,AXY-42-03855,85.61,41.71,High quality eco apparel actually from UrbanStyle.,"{""brand"": ""UrbanStyle"", ""color"": ""Silver"", ""size"": ""XL"", ""material"": ""Wool""}",True
3856,21,83,Smart Sports Feel,FGX-42-03856,497.14,296.06,High quality smart sports feel from AquaFlow.,"{""brand"": ""AquaFlow"", ""material"": ""Leather"", ""weight_kg"": 24.06}",True
3857,27,26,Pro Toys Hair,AFD-42-03857,97.93,40.52,High quality pro toys hair from BrickBuilder.,"{""brand"": ""BrickBuilder"", ""weight_g"": 220}",True
3858,6,143,Classic Books Have,BXY-42-03858,24.53,13.48,High quality classic books have from OReilly.,"{""brand"": ""OReilly"", ""weight_g"": 1165}",True
3859,12,84,Premium Electronics Foot,LCX-42-03859,384.11,217.09,High quality premium electronics foot from TechCo.,"{""brand"": ""TechCo"", ""color"": ""Navy"", ""weight_kg"": 3.65, ""warranty_years"": 1}",True
3860,18,54,Deluxe Home Like,KAX-42-03860,123.12,69.5,High quality deluxe home like from KitchenAid.,"{""brand"": ""KitchenAid"", ""material"": ""Wood"", ""weight_kg"": 17.21}",True
3861,6,156,Ultra Books Two,BXY-42-03861,52.14,28.7,High quality ultra books two from Packt.,"{""brand"": ""Packt"", ""weight_g"": 718}",True
3862,3,29,Classic Home Option,HKX-42-03862,505.39,331.4,High quality classic home option from CozyLiving.,"{""brand"": ""CozyLiving"", ""material"": ""Polyester"", ""weight_kg"": 17.27}",True
3863,1,8,Premium Electronics Begin,EXY-42-03863,1914.85,1359.07,High quality premium electronics begin from LinkSys.,"{""brand"": ""LinkSys"", ""color"": ""White"", ""weight_kg"": 4.99, ""warranty_years"": 3}",True
3864,23,71,Ultra Sports Dinner,CBX-42-03864,68.77,48.62,High quality ultra sports dinner from PeakGear.,"{""brand"": ""PeakGear"", ""material"": ""Cotton"", ""weight_kg"": 5.64}",True
3865,1,108,Premium Electronics Should,EXY-42-03865,286.59,138.77,High quality premium electronics should from Sonyx.,"{""brand"": ""Sonyx"", ""color"": ""Pink"", ""weight_kg"": 1.92, ""warranty_years"": 2}",True
3866,22,83,Eco Sports View,ORX-42-03866,342.99,242.5,High quality eco sports view from FitPulse.,"{""brand"": ""FitPulse"", ""material"": ""Leather"", ""weight_kg"": 24.9}",True
3867,11,150,Pro Electronics Life,SXY-42-03867,425.33,187.21,High quality pro electronics life from LinkSys.,"{""brand"": ""LinkSys"", ""color"": ""Silver"", ""weight_kg"": 6.81, ""warranty_years"": 1}",True
3868,28,188,Pro Automotive Site,CCX-42-03868,38.0,20.73,High quality pro automotive site from DriveClean.,"{""brand"": ""DriveClean"", ""weight_g"": 303}",True
3869,14,158,Pro Electronics Just,SHD-42-03869,1801.71,989.49,High quality pro electronics just from LinkSys.,"{""brand"": ""LinkSys"", ""color"": ""Yellow"", ""weight_kg"": 5.84, ""warranty_years"": 3}",True
3870,1,87,Classic Electronics Suggest,EXY-42-03870,428.56,171.64,High quality classic electronics suggest from Volt.,"{""brand"": ""Volt"", ""color"": ""Red"", ""weight_kg"": 0.61, ""warranty_years"": 1}",True
3871,13,56,Pro Electronics Level,AHX-42-03871,883.07,434.79,High quality pro electronics level from TechCo.,"{""brand"": ""TechCo"", ""color"": ""Black"", ""weight_kg"": 5.52, ""warranty_years"": 3}",True
3872,10,128,Eco Office Products Fight,OPX-42-03872,55.68,24.22,High quality eco office products fight from PaperMate.,"{""brand"": ""PaperMate"", ""weight_g"": 1053}",True
3873,14,92,Deluxe Electronics Common,SHD-42-03873,302.55,221.13,High quality deluxe electronics common from AudioMax.,"{""brand"": ""AudioMax"", ""color"": ""Silver"", ""weight_kg"": 4.17, ""warranty_years"": 2}",True
3874,10,18,Deluxe Office Products Sure,OPX-42-03874,12.78,5.14,High quality deluxe office products sure from PaperMate.,"{""brand"": ""PaperMate"", ""weight_g"": 1389}",True
3875,20,195,Eco Home Should,BBX-42-03875,335.24,201.35,High quality eco home should from ChefChoice.,"{""brand"": ""ChefChoice"", ""material"": ""Polyester"", ""weight_kg"": 18.4}",True
3876,25,47,Eco Beauty Water,SCX-42-03876,22.71,15.73,High quality eco beauty water from HerbEssentials.,"{""brand"": ""HerbEssentials"", ""weight_g"": 812}",True
3877,6,58,Deluxe Books Language,BXY-42-03877,58.13,25.96,High quality deluxe books language from Springer.,"{""brand"": ""Springer"", ""weight_g"": 148}",True
3878,11,109,Pro Electronics Shoulder,SXY-42-03878,1678.16,784.69,High quality pro electronics shoulder from AudioMax.,"{""brand"": ""AudioMax"", ""color"": ""Yellow"", ""weight_kg"": 5.12, ""warranty_years"": 2}",True
3879,12,174,Eco Electronics War,LCX-42-03879,556.61,233.8,High quality eco electronics war from AudioMax.,"{""brand"": ""AudioMax"", ""color"": ""Red"", ""weight_kg"": 4.03, ""warranty_years"": 5}",True
3880,6,102,Smart Books Join,BXY-42-03880,61.72,39.3,High quality smart books join from OReilly.,"{""brand"": ""OReilly"", ""weight_g"": 145}",True
3881,25,15,Deluxe Beauty Chair,SCX-42-03881,17.61,12.68,High quality deluxe beauty chair from SilkSkin.,"{""brand"": ""SilkSkin"", ""weight_g"": 714}",True
3882,11,109,Pro Electronics Thing,SXY-42-03882,1377.93,953.79,High quality pro electronics thing from Quant.,"{""brand"": ""Quant"", ""color"": ""Pink"", ""weight_kg"": 4.46, ""warranty_years"": 2}",True
3883,13,8,Classic Electronics People,AHX-42-03883,457.68,340.56,High quality classic electronics people from LinkSys.,"{""brand"": ""LinkSys"", ""color"": ""Navy"", ""weight_kg"": 0.25, ""warranty_years"": 2}",True
3884,1,92,Smart Electronics Piece,EXY-42-03884,1818.78,955.88,High quality smart electronics piece from LinkSys.,"{""brand"": ""LinkSys"", ""color"": ""Black"", ""weight_kg"": 5.68, ""warranty_years"": 5}",True
3885,4,136,Deluxe Sports Before,SOX-42-03885,218.72,148.67,High quality deluxe sports before from FitPulse.,"{""brand"": ""FitPulse"", ""material"": ""Wool"", ""weight_kg"": 4.86}",True
3886,29,45,Eco Grocery Charge,BXY-42-03886,19.66,12.7,High quality eco grocery charge from NatureDrop.,"{""brand"": ""NatureDrop"", ""organic"": false, ""expiration_days"": 315}",True
3887,29,36,Classic Grocery Despite,BXY-42-03887,4.17,2.74,High quality classic grocery despite from SweetTreats.,"{""brand"": ""SweetTreats"", ""organic"": false, ""expiration_days"": 174}",True
3888,15,120,Premium Apparel Floor,FXY-42-03888,123.92,92.18,High quality premium apparel floor from ThreadWear.,"{""brand"": ""ThreadWear"", ""color"": ""Gray"", ""size"": ""L"", ""material"": ""Leather""}",True
3889,1,139,Pro Electronics May,EXY-42-03889,624.79,322.38,High quality pro electronics may from Sonyx.,"{""brand"": ""Sonyx"", ""color"": ""Yellow"", ""weight_kg"": 7.0, ""warranty_years"": 3}",True
3890,25,199,Pro Beauty Trip,SCX-42-03890,104.01,44.8,High quality pro beauty trip from GlowUp.,"{""brand"": ""GlowUp"", ""weight_g"": 1175}",True
3891,19,75,Premium Home Network,FXY-42-03891,774.86,464.65,High quality premium home network from KitchenAid.,"{""brand"": ""KitchenAid"", ""material"": ""Plastic"", ""weight_kg"": 16.65}",True
3892,6,38,Pro Books Government,BXY-42-03892,16.37,7.72,High quality pro books government from Springer.,"{""brand"": ""Springer"", ""weight_g"": 1268}",True
3893,25,80,Ultra Beauty Attorney,SCX-42-03893,13.81,9.95,High quality ultra beauty attorney from HerbEssentials.,"{""brand"": ""HerbEssentials"", ""weight_g"": 989}",True
3894,14,137,Smart Electronics Worker,SHD-42-03894,1501.7,668.96,High quality smart electronics worker from AudioMax.,"{""brand"": ""AudioMax"", ""color"": ""Navy"", ""weight_kg"": 7.12, ""warranty_years"": 2}",True
3895,1,137,Pro Electronics Performance,EXY-42-03895,1977.01,1133.9,High quality pro electronics performance from TechCo.,"{""brand"": ""TechCo"", ""color"": ""White"", ""weight_kg"": 6.01, ""warranty_years"": 5}",True
3896,19,138,Classic Home Something,FXY-42-03896,114.42,49.98,High quality classic home something from ChefChoice.,"{""brand"": ""ChefChoice"", ""material"": ""Cotton"", ""weight_kg"": 22.85}",True
3897,28,67,Eco Automotive How,CCX-42-03897,67.32,42.87,High quality eco automotive how from MotorMax.,"{""brand"": ""MotorMax"", ""weight_g"": 348}",True
3898,17,110,Smart Apparel Behavior,FSX-42-03898,149.44,110.16,High quality smart apparel behavior from UrbanStyle.,"{""brand"": ""UrbanStyle"", ""color"": ""Pink"", ""size"": ""L"", ""material"": ""Polyester""}",True
3899,18,194,Smart Home According,KAX-42-03899,617.09,414.43,High quality smart home according from ChefChoice.,"{""brand"": ""ChefChoice"", ""material"": ""Wood"", ""weight_kg"": 17.57}",True
3900,2,177,Eco Apparel It,AXY-42-03900,182.78,109.48,High quality eco apparel it from ThreadWear.,"{""brand"": ""ThreadWear"", ""color"": ""Yellow"", ""size"": ""S"", ""material"": ""Glass""}",True
3901,19,54,Deluxe Home Purpose,FXY-42-03901,498.15,370.16,High quality deluxe home purpose from CozyLiving.,"{""brand"": ""CozyLiving"", ""material"": ""Metal"", ""weight_kg"": 8.16}",True
3902,22,166,Classic Sports Who,ORX-42-03902,331.43,233.44,High quality classic sports who from FitPulse.,"{""brand"": ""FitPulse"", ""material"": ""Polyester"", ""weight_kg"": 21.32}",True
3903,2,117,Ultra Apparel Explain,AXY-42-03903,86.57,62.07,High quality ultra apparel explain from DenimCo.,"{""brand"": ""DenimCo"", ""color"": ""Silver"", ""size"": ""L"", ""material"": ""Plastic""}",True
3904,10,94,Classic Office Products Join,OPX-42-03904,30.47,17.01,High quality classic office products join from PaperMate.,"{""brand"": ""PaperMate"", ""weight_g"": 1461}",True
3905,13,8,Ultra Electronics Continue,AHX-42-03905,1874.63,1231.2,High quality ultra electronics continue from Volt.,"{""brand"": ""Volt"", ""color"": ""Navy"", ""weight_kg"": 5.25, ""warranty_years"": 2}",True
3906,30,172,Eco Grocery Only,SSX-42-03906,26.75,19.64,High quality eco grocery only from OrganicWay.,"{""brand"": ""OrganicWay"", ""organic"": false, ""expiration_days"": 320}",True
3907,23,192,Smart Sports Maintain,CBX-42-03907,288.29,158.62,High quality smart sports maintain from FitPulse.,"{""brand"": ""FitPulse"", ""material"": ""Glass"", ""weight_kg"": 12.93}",True
3908,8,176,Deluxe Automotive See,AXY-42-03908,102.31,64.77,High quality deluxe automotive see from AutoPro.,"{""brand"": ""AutoPro"", ""weight_g"": 824}",True
3909,16,122,Classic Apparel Out,FXY-42-03909,68.79,47.35,High quality classic apparel out from ThreadWear.,"{""brand"": ""ThreadWear"", ""color"": ""Yellow"", ""size"": ""XXL"", ""material"": ""Leather""}",True
3910,2,117,Eco Apparel Someone,AXY-42-03910,133.91,58.15,High quality eco apparel someone from DenimCo.,"{""brand"": ""DenimCo"", ""color"": ""Yellow"", ""size"": ""L"", ""material"": ""Polyester""}",True
3911,29,197,Eco Grocery Who,BXY-42-03911,32.57,15.23,High quality eco grocery who from OrganicWay.,"{""brand"": ""OrganicWay"", ""organic"": true, ""expiration_days"": 261}",True
3912,17,142,Ultra Apparel Certain,FSX-42-03912,51.4,31.06,High quality ultra apparel certain from Vogue.,"{""brand"": ""Vogue"", ""color"": ""Gray"", ""size"": ""XXL"", ""material"": ""Plastic""}",True
3913,10,5,Smart Office Products Decision,OPX-42-03913,24.39,11.37,High quality smart office products decision from StapleMax.,"{""brand"": ""StapleMax"", ""weight_g"": 316}",True
3914,18,61,Ultra Home Cultural,KAX-42-03914,550.46,228.51,High quality ultra home cultural from DecoHome.,"{""brand"": ""DecoHome"", ""material"": ""Polyester"", ""weight_kg"": 19.24}",True
3915,5,200,Classic Beauty There,BPC-42-03915,124.1,84.44,High quality classic beauty there from SilkSkin.,"{""brand"": ""SilkSkin"", ""weight_g"": 374}",True
3916,15,73,Classic Apparel I,FXY-42-03916,69.58,44.17,High quality classic apparel i from ThreadWear.,"{""brand"": ""ThreadWear"", ""color"": ""Red"", ""size"": ""XL"", ""material"": ""Glass""}",True
3917,5,53,Ultra Beauty Figure,BPC-42-03917,91.16,38.18,High quality ultra beauty figure from SilkSkin.,"{""brand"": ""SilkSkin"", ""weight_g"": 553}",True
3918,9,152,Deluxe Grocery Once,GGF-42-03918,25.39,12.75,High quality deluxe grocery once from NatureDrop.,"{""brand"": ""NatureDrop"", ""organic"": true, ""expiration_days"": 309}",True
3919,8,135,Pro Automotive Military,AXY-42-03919,97.62,50.82,High quality pro automotive military from AutoPro.,"{""brand"": ""AutoPro"", ""weight_g"": 354}",True
3920,2,12,Premium Apparel And,AXY-42-03920,88.1,49.74,High quality premium apparel and from Vogue.,"{""brand"": ""Vogue"", ""color"": ""Green"", ""size"": ""M"", ""material"": ""Metal""}",True
3921,30,86,Deluxe Grocery Test,SSX-42-03921,29.05,19.75,High quality deluxe grocery test from SweetTreats.,"{""brand"": ""SweetTreats"", ""organic"": true, ""expiration_days"": 91}",True
3922,4,136,Smart Sports The,SOX-42-03922,284.04,205.79,High quality smart sports the from PeakGear.,"{""brand"": ""PeakGear"", ""material"": ""Wool"", ""weight_kg"": 12.2}",True
3923,24,189,Classic Beauty Five,MCX-42-03923,118.93,82.65,High quality classic beauty five from GlowUp.,"{""brand"": ""GlowUp"", ""weight_g"": 946}",True
3924,24,80,Deluxe Beauty They,MCX-42-03924,19.99,9.07,High quality deluxe beauty they from SilkSkin.,"{""brand"": ""SilkSkin"", ""weight_g"": 1158}",True
3925,21,78,Classic Sports Pay,FGX-42-03925,329.83,204.93,High quality classic sports pay from AquaFlow.,"{""brand"": ""AquaFlow"", ""material"": ""Metal"", ""weight_kg"": 7.44}",True
3926,18,148,Classic Home Fly,KAX-42-03926,291.87,185.31,High quality classic home fly from CozyLiving.,"{""brand"": ""CozyLiving"", ""material"": ""Plastic"", ""weight_kg"": 8.43}",True
3927,11,126,Pro Electronics Minute,SXY-42-03927,679.27,301.68,High quality pro electronics minute from Sonyx.,"{""brand"": ""Sonyx"", ""color"": ""Blue"", ""weight_kg"": 3.49, ""warranty_years"": 5}",True
3928,16,120,Eco Apparel Operation,FXY-42-03928,155.95,95.44,High quality eco apparel operation from ActiveFit.,"{""brand"": ""ActiveFit"", ""color"": ""Gray"", ""size"": ""S"", ""material"": ""Wool""}",True
3929,16,114,Eco Apparel Sister,FXY-42-03929,172.99,80.8,High quality eco apparel sister from UrbanStyle.,"{""brand"": ""UrbanStyle"", ""color"": ""Black"", ""size"": ""M"", ""material"": ""Wood""}",True
3930,2,9,Deluxe Apparel Major,AXY-42-03930,108.71,69.9,High quality deluxe apparel major from Vogue.,"{""brand"": ""Vogue"", ""color"": ""Green"", ""size"": ""XL"", ""material"": ""Wood""}",True
3931,24,140,Pro Beauty Door,MCX-42-03931,147.54,102.14,High quality pro beauty door from GlowUp.,"{""brand"": ""GlowUp"", ""weight_g"": 426}",True
3932,22,72,Classic Sports Agreement,ORX-42-03932,79.09,47.25,High quality classic sports agreement from FitPulse.,"{""brand"": ""FitPulse"", ""material"": ""Cotton"", ""weight_kg"": 10.31}",True
3933,15,162,Pro Apparel Strong,FXY-42-03933,17.05,10.66,High quality pro apparel strong from ThreadWear.,"{""brand"": ""ThreadWear"", ""color"": ""White"", ""size"": ""M"", ""material"": ""Polyester""}",True
3934,6,14,Ultra Books Able,BXY-42-03934,12.02,7.26,High quality ultra books able from OReilly.,"{""brand"": ""OReilly"", ""weight_g"": 683}",True
3935,20,4,Ultra Home Class,BBX-42-03935,373.82,227.92,High quality ultra home class from KitchenAid.,"{""brand"": ""KitchenAid"", ""material"": ""Wood"", ""weight_kg"": 4.97}",True
3936,3,115,Deluxe Home Everybody,HKX-42-03936,524.51,335.71,High quality deluxe home everybody from DecoHome.,"{""brand"": ""DecoHome"", ""material"": ""Polyester"", ""weight_kg"": 18.65}",True
3937,6,183,Smart Books First,BXY-42-03937,74.23,50.04,High quality smart books first from Harper.,"{""brand"": ""Harper"", ""weight_g"": 280}",True
3938,1,158,Premium Electronics Push,EXY-42-03938,687.61,281.03,High quality premium electronics push from Sonyx.,"{""brand"": ""Sonyx"", ""color"": ""Silver"", ""weight_kg"": 7.37, ""warranty_years"": 1}",True
3939,28,30,Ultra Automotive They,CCX-42-03939,269.83,119.82,High quality ultra automotive they from DriveClean.,"{""brand"": ""DriveClean"", ""weight_g"": 1386}",True
3940,15,117,Deluxe Apparel Provide,FXY-42-03940,152.23,70.58,High quality deluxe apparel provide from ThreadWear.,"{""brand"": ""ThreadWear"", ""color"": ""Blue"", ""size"": ""M"", ""material"": ""Plastic""}",True
3941,16,193,Deluxe Apparel Marriage,FXY-42-03941,112.88,80.28,High quality deluxe apparel marriage from Vogue.,"{""brand"": ""Vogue"", ""color"": ""Pink"", ""size"": ""S"", ""material"": ""Cotton""}",True
3942,13,87,Smart Electronics Capital,AHX-42-03942,318.44,204.61,High quality smart electronics capital from AudioMax.,"{""brand"": ""AudioMax"", ""color"": ""Black"", ""weight_kg"": 7.68, ""warranty_years"": 2}",True
3943,14,126,Classic Electronics Ready,SHD-42-03943,1115.74,798.35,High quality classic electronics ready from Quant.,"{""brand"": ""Quant"", ""color"": ""Green"", ""weight_kg"": 2.99, ""warranty_years"": 3}",True
3944,5,159,Premium Beauty Reduce,BPC-42-03944,132.75,75.92,High quality premium beauty reduce from LuxeHair.,"{""brand"": ""LuxeHair"", ""weight_g"": 1468}",True
3945,27,21,Classic Toys Walk,AFD-42-03945,81.14,57.62,High quality classic toys walk from KidZone.,"{""brand"": ""KidZone"", ""weight_g"": 368}",True
3946,23,166,Classic Sports Field,CBX-42-03946,132.25,90.7,High quality classic sports field from TrailBlaze.,"{""brand"": ""TrailBlaze"", ""material"": ""Plastic"", ""weight_kg"": 11.8}",True
3947,15,142,Pro Apparel Key,FXY-42-03947,98.5,48.04,High quality pro apparel key from UrbanStyle.,"{""brand"": ""UrbanStyle"", ""color"": ""Pink"", ""size"": ""M"", ""material"": ""Cotton""}",True
3948,15,9,Classic Apparel Country,FXY-42-03948,163.99,105.72,High quality classic apparel country from DenimCo.,"{""brand"": ""DenimCo"", ""color"": ""Blue"", ""size"": ""L"", ""material"": ""Glass""}",True
3949,15,12,Smart Apparel Million,FXY-42-03949,198.86,85.56,High quality smart apparel million from UrbanStyle.,"{""brand"": ""UrbanStyle"", ""color"": ""Pink"", ""size"": ""XL"", ""material"": ""Glass""}",True
3950,30,31,Smart Grocery What,SSX-42-03950,28.2,12.81,High quality smart grocery what from OrganicWay.,"{""brand"": ""OrganicWay"", ""organic"": true, ""expiration_days"": 272}",True
3951,26,26,Premium Toys Rise,BGX-42-03951,108.29,69.35,High quality premium toys rise from KidZone.,"{""brand"": ""KidZone"", ""weight_g"": 576}",True
3952,4,119,Deluxe Sports Quite,SOX-42-03952,18.29,9.5,High quality deluxe sports quite from AquaFlow.,"{""brand"": ""AquaFlow"", ""material"": ""Polyester"", ""weight_kg"": 16.31}",True
3953,14,8,Pro Electronics Election,SHD-42-03953,682.68,447.17,High quality pro electronics election from LinkSys.,"{""brand"": ""LinkSys"", ""color"": ""Pink"", ""weight_kg"": 0.18, ""warranty_years"": 2}",True
3954,3,148,Pro Home Air,HKX-42-03954,673.87,420.79,High quality pro home air from CozyLiving.,"{""brand"": ""CozyLiving"", ""material"": ""Glass"", ""weight_kg"": 24.25}",True
3955,19,75,Smart Home Call,FXY-42-03955,514.24,231.68,High quality smart home call from DecoHome.,"{""brand"": ""DecoHome"", ""material"": ""Polyester"", ""weight_kg"": 22.06}",True
3956,25,189,Eco Beauty Southern,SCX-42-03956,149.52,66.8,High quality eco beauty southern from HerbEssentials.,"{""brand"": ""HerbEssentials"", ""weight_g"": 537}",True
3957,12,137,Pro Electronics Factor,LCX-42-03957,1377.63,591.17,High quality pro electronics factor from TechCo.,"{""brand"": ""TechCo"", ""color"": ""White"", ""weight_kg"": 4.66, ""warranty_years"": 1}",True
3958,20,115,Smart Home Mind,BBX-42-03958,549.52,326.78,High quality smart home mind from ChefChoice.,"{""brand"": ""ChefChoice"", ""material"": ""Cotton"", ""weight_kg"": 23.31}",True
3959,4,123,Eco Sports Audience,SOX-42-03959,5.58,3.24,High quality eco sports audience from AquaFlow.,"{""brand"": ""AquaFlow"", ""material"": ""Glass"", ""weight_kg"": 21.87}",True
3960,4,99,Eco Sports Place,SOX-42-03960,89.42,50.78,High quality eco sports place from PeakGear.,"{""brand"": ""PeakGear"", ""material"": ""Cotton"", ""weight_kg"": 12.05}",True
3961,10,6,Smart Office Products Skill,OPX-42-03961,29.21,13.98,High quality smart office products skill from StapleMax.,"{""brand"": ""StapleMax"", ""weight_g"": 956}",True
3962,20,79,Classic Home High,BBX-42-03962,370.61,167.92,High quality classic home high from ChefChoice.,"{""brand"": ""ChefChoice"", ""material"": ""Polyester"", ""weight_kg"": 16.91}",True
3963,11,56,Smart Electronics Party,SXY-42-03963,201.35,145.82,High quality smart electronics party from TechCo.,"{""brand"": ""TechCo"", ""color"": ""Black"", ""weight_kg"": 5.44, ""warranty_years"": 1}",True
3964,27,24,Premium Toys Medical,AFD-42-03964,64.6,42.5,High quality premium toys medical from BrickBuilder.,"{""brand"": ""BrickBuilder"", ""weight_g"": 74}",True
3965,12,8,Smart Electronics Others,LCX-42-03965,314.22,198.84,High quality smart electronics others from Quant.,"{""brand"": ""Quant"", ""color"": ""Silver"", ""weight_kg"": 5.52, ""warranty_years"": 2}",True
3966,23,170,Premium Sports Least,CBX-42-03966,310.8,127.88,High quality premium sports least from TrailBlaze.,"{""brand"": ""TrailBlaze"", ""material"": ""Glass"", ""weight_kg"": 9.43}",True
3967,20,195,Pro Home Trouble,BBX-42-03967,488.39,241.34,High quality pro home trouble from CozyLiving.,"{""brand"": ""CozyLiving"", ""material"": ""Leather"", ""weight_kg"": 21.77}",True
3968,14,93,Pro Electronics Evening,SHD-42-03968,1198.11,793.11,High quality pro electronics evening from AudioMax.,"{""brand"": ""AudioMax"", ""color"": ""Red"", ""weight_kg"": 2.11, ""warranty_years"": 2}",True
3969,12,84,Smart Electronics Production,LCX-42-03969,779.48,496.82,High quality smart electronics production from AudioMax.,"{""brand"": ""AudioMax"", ""color"": ""Red"", ""weight_kg"": 5.38, ""warranty_years"": 2}",True
3970,2,85,Classic Apparel Rich,AXY-42-03970,25.84,12.91,High quality classic apparel rich from Vogue.,"{""brand"": ""Vogue"", ""color"": ""Yellow"", ""size"": ""M"", ""material"": ""Cotton""}",True
3971,26,173,Ultra Toys Maybe,BGX-42-03971,103.59,44.8,High quality ultra toys maybe from BrickBuilder.,"{""brand"": ""BrickBuilder"", ""weight_g"": 989}",True
3972,30,172,Deluxe Grocery Rule,SSX-42-03972,38.83,27.33,High quality deluxe grocery rule from SweetTreats.,"{""brand"": ""SweetTreats"", ""organic"": false, ""expiration_days"": 303}",True
3973,25,189,Smart Beauty Television,SCX-42-03973,104.58,58.2,High quality smart beauty television from GlowUp.,"{""brand"": ""GlowUp"", ""weight_g"": 1434}",True
3974,29,116,Smart Grocery Call,BXY-42-03974,38.82,15.59,High quality smart grocery call from NatureDrop.,"{""brand"": ""NatureDrop"", ""organic"": false, ""expiration_days"": 264}",True
3975,25,15,Smart Beauty Hour,SCX-42-03975,122.21,68.47,High quality smart beauty hour from GlowUp.,"{""brand"": ""GlowUp"", ""weight_g"": 793}",True
3976,17,85,Smart Apparel Music,FSX-42-03976,126.92,68.14,High quality smart apparel music from ThreadWear.,"{""brand"": ""ThreadWear"", ""color"": ""Red"", ""size"": ""M"", ""material"": ""Cotton""}",True
3977,17,12,Classic Apparel Significant,FSX-42-03977,50.17,34.46,High quality classic apparel significant from UrbanStyle.,"{""brand"": ""UrbanStyle"", ""color"": ""Green"", ""size"": ""S"", ""material"": ""Metal""}",True
3978,24,7,Classic Beauty Parent,MCX-42-03978,102.71,57.05,High quality classic beauty parent from HerbEssentials.,"{""brand"": ""HerbEssentials"", ""weight_g"": 104}",True
3979,19,138,Ultra Home Adult,FXY-42-03979,468.38,258.95,High quality ultra home adult from CozyLiving.,"{""brand"": ""CozyLiving"", ""material"": ""Plastic"", ""weight_kg"": 19.24}",True
3980,11,84,Premium Electronics Through,SXY-42-03980,1948.55,1281.8,High quality premium electronics through from TechCo.,"{""brand"": ""TechCo"", ""color"": ""White"", ""weight_kg"": 0.82, ""warranty_years"": 1}",True
3981,30,155,Premium Grocery Event,SSX-42-03981,19.85,12.75,High quality premium grocery event from NatureDrop.,"{""brand"": ""NatureDrop"", ""organic"": false, ""expiration_days"": 356}",True
3982,14,174,Eco Electronics Commercial,SHD-42-03982,1033.12,613.53,High quality eco electronics commercial from Volt.,"{""brand"": ""Volt"", ""color"": ""Navy"", ""weight_kg"": 1.86, ""warranty_years"": 2}",True
3983,3,48,Premium Home Party,HKX-42-03983,295.22,177.69,High quality premium home party from DecoHome.,"{""brand"": ""DecoHome"", ""material"": ""Cotton"", ""weight_kg"": 20.56}",True
3984,15,193,Eco Apparel Article,FXY-42-03984,141.94,89.11,High quality eco apparel article from UrbanStyle.,"{""brand"": ""UrbanStyle"", ""color"": ""Black"", ""size"": ""XS"", ""material"": ""Wool""}",True
3985,5,140,Classic Beauty Child,BPC-42-03985,129.47,63.78,High quality classic beauty child from LuxeHair.,"{""brand"": ""LuxeHair"", ""weight_g"": 1407}",True
3986,30,31,Classic Grocery Front,SSX-42-03986,2.42,1.69,High quality classic grocery front from TastyBites.,"{""brand"": ""TastyBites"", ""organic"": false, ""expiration_days"": 290}",True
3987,28,40,Premium Automotive Main,CCX-42-03987,216.89,97.45,High quality premium automotive main from MotorMax.,"{""brand"": ""MotorMax"", ""weight_g"": 1013}",True
3988,22,83,Pro Sports Unit,ORX-42-03988,306.38,180.44,High quality pro sports unit from FitPulse.,"{""brand"": ""FitPulse"", ""material"": ""Wood"", ""weight_kg"": 0.62}",True
3989,6,183,Premium Books Room,BXY-42-03989,25.85,14.46,High quality premium books room from Packt.,"{""brand"": ""Packt"", ""weight_g"": 1171}",True
3990,30,46,Ultra Grocery Central,SSX-42-03990,34.75,25.9,High quality ultra grocery central from OrganicWay.,"{""brand"": ""OrganicWay"", ""organic"": false, ""expiration_days"": 230}",True
3991,3,90,Premium Home Heavy,HKX-42-03991,158.78,82.18,High quality premium home heavy from CozyLiving.,"{""brand"": ""CozyLiving"", ""material"": ""Plastic"", ""weight_kg"": 20.11}",True
3992,20,29,Deluxe Home Common,BBX-42-03992,347.7,244.26,High quality deluxe home common from ChefChoice.,"{""brand"": ""ChefChoice"", ""material"": ""Glass"", ""weight_kg"": 14.95}",True
3993,18,106,Classic Home Argue,KAX-42-03993,376.9,212.84,High quality classic home argue from CozyLiving.,"{""brand"": ""CozyLiving"", ""material"": ""Plastic"", ""weight_kg"": 13.06}",True
3994,29,149,Ultra Grocery Explain,BXY-42-03994,38.41,28.36,High quality ultra grocery explain from NatureDrop.,"{""brand"": ""NatureDrop"", ""organic"": true, ""expiration_days"": 69}",True
3995,30,172,Smart Grocery Herself,SSX-42-03995,46.46,20.8,High quality smart grocery herself from TastyBites.,"{""brand"": ""TastyBites"", ""organic"": false, ""expiration_days"": 11}",True
3996,23,97,Eco Sports Kind,CBX-42-03996,481.47,265.89,High quality eco sports kind from AquaFlow.,"{""brand"": ""AquaFlow"", ""material"": ""Plastic"", ""weight_kg"": 16.76}",True
3997,3,148,Ultra Home Provide,HKX-42-03997,471.42,230.01,High quality ultra home provide from KitchenAid.,"{""brand"": ""KitchenAid"", ""material"": ""Polyester"", ""weight_kg"": 4.25}",True
3998,9,155,Smart Grocery Which,GGF-42-03998,15.74,7.92,High quality smart grocery which from TastyBites.,"{""brand"": ""TastyBites"", ""organic"": false, ""expiration_days"": 352}",True
3999,12,107,Classic Electronics Heart,LCX-42-03999,255.28,181.37,High quality classic electronics heart from Quant.,"{""brand"": ""Quant"", ""color"": ""Pink"", ""weight_kg"": 6.45, ""warranty_years"": 2}",True
4000,23,71,Premium Sports Anything,CBX-42-04000,352.11,170.42,High quality premium sports anything from AquaFlow.,"{""brand"": ""AquaFlow"", ""material"": ""Cotton"", ""weight_kg"": 16.6}",True
4001,11,126,Classic Electronics Figure,SXY-42-04001,519.6,213.34,High quality classic electronics figure from Sonyx.,"{""brand"": ""Sonyx"", ""color"": ""White"", ""weight_kg"": 3.09, ""warranty_years"": 2}",True
4002,23,71,Ultra Sports Film,CBX-42-04002,227.51,164.57,High quality ultra sports film from TrailBlaze.,"{""brand"": ""TrailBlaze"", ""material"": ""Cotton"", ""weight_kg"": 5.72}",True
4003,15,175,Eco Apparel Next,FXY-42-04003,43.49,30.87,High quality eco apparel next from DenimCo.,"{""brand"": ""DenimCo"", ""color"": ""White"", ""size"": ""XL"", ""material"": ""Wood""}",True
4004,21,166,Deluxe Sports Purpose,FGX-42-04004,85.17,42.96,High quality deluxe sports purpose from FitPulse.,"{""brand"": ""FitPulse"", ""material"": ""Wood"", ""weight_kg"": 5.11}",True
4005,3,195,Premium Home Would,HKX-42-04005,648.09,288.74,High quality premium home would from DecoHome.,"{""brand"": ""DecoHome"", ""material"": ""Cotton"", ""weight_kg"": 12.54}",True
4006,28,44,Deluxe Automotive Ball,CCX-42-04006,169.49,96.76,High quality deluxe automotive ball from AutoPro.,"{""brand"": ""AutoPro"", ""weight_g"": 859}",True
4007,14,56,Classic Electronics My,SHD-42-04007,651.52,461.73,High quality classic electronics my from LinkSys.,"{""brand"": ""LinkSys"", ""color"": ""Pink"", ""weight_kg"": 2.72, ""warranty_years"": 5}",True
4008,13,87,Deluxe Electronics Daughter,AHX-42-04008,720.21,370.29,High quality deluxe electronics daughter from Volt.,"{""brand"": ""Volt"", ""color"": ""White"", ""weight_kg"": 4.23, ""warranty_years"": 1}",True
4009,6,164,Ultra Books Space,BXY-42-04009,57.01,26.32,High quality ultra books space from Penguin.,"{""brand"": ""Penguin"", ""weight_g"": 400}",True
4010,30,197,Pro Grocery Production,SSX-42-04010,27.12,15.98,High quality pro grocery production from OrganicWay.,"{""brand"": ""OrganicWay"", ""organic"": false, ""expiration_days"": 324}",True
4011,9,116,Smart Grocery Cover,GGF-42-04011,30.29,19.69,High quality smart grocery cover from NatureDrop.,"{""brand"": ""NatureDrop"", ""organic"": true, ""expiration_days"": 284}",True
4012,17,49,Classic Apparel Southern,FSX-42-04012,198.77,137.99,High quality classic apparel southern from DenimCo.,"{""brand"": ""DenimCo"", ""color"": ""Black"", ""size"": ""M"", ""material"": ""Wool""}",True
4013,2,73,Eco Apparel Between,AXY-42-04013,25.06,11.96,High quality eco apparel between from Vogue.,"{""brand"": ""Vogue"", ""color"": ""Navy"", ""size"": ""XL"", ""material"": ""Glass""}",True
4014,3,195,Ultra Home Place,HKX-42-04014,590.87,415.21,High quality ultra home place from DecoHome.,"{""brand"": ""DecoHome"", ""material"": ""Cotton"", ""weight_kg"": 5.6}",True
4015,14,107,Ultra Electronics Soldier,SHD-42-04015,1055.45,784.26,High quality ultra electronics soldier from Quant.,"{""brand"": ""Quant"", ""color"": ""Yellow"", ""weight_kg"": 4.41, ""warranty_years"": 2}",True
4016,14,109,Ultra Electronics Computer,SHD-42-04016,1410.8,948.38,High quality ultra electronics computer from Quant.,"{""brand"": ""Quant"", ""color"": ""Silver"", ""weight_kg"": 4.28, ""warranty_years"": 5}",True
4017,1,139,Pro Electronics Of,EXY-42-04017,501.54,201.72,High quality pro electronics of from Quant.,"{""brand"": ""Quant"", ""color"": ""Pink"", ""weight_kg"": 1.89, ""warranty_years"": 3}",True
4018,15,25,Ultra Apparel Future,FXY-42-04018,191.75,77.19,High quality ultra apparel future from UrbanStyle.,"{""brand"": ""UrbanStyle"", ""color"": ""Gray"", ""size"": ""S"", ""material"": ""Metal""}",True
4019,21,166,Deluxe Sports Turn,FGX-42-04019,176.74,124.52,High quality deluxe sports turn from FitPulse.,"{""brand"": ""FitPulse"", ""material"": ""Glass"", ""weight_kg"": 6.45}",True
4020,29,129,Ultra Grocery Four,BXY-42-04020,10.33,7.58,High quality ultra grocery four from SweetTreats.,"{""brand"": ""SweetTreats"", ""organic"": false, ""expiration_days"": 339}",True
4021,23,190,Ultra Sports The,CBX-42-04021,23.09,11.29,High quality ultra sports the from FitPulse.,"{""brand"": ""FitPulse"", ""material"": ""Plastic"", ""weight_kg"": 17.79}",True
4022,16,59,Pro Apparel Through,FXY-42-04022,21.57,9.58,High quality pro apparel through from Vogue.,"{""brand"": ""Vogue"", ""color"": ""Silver"", ""size"": ""S"", ""material"": ""Plastic""}",True
4023,27,121,Eco Toys Reveal,AFD-42-04023,111.51,45.49,High quality eco toys reveal from BrickBuilder.,"{""brand"": ""BrickBuilder"", ""weight_g"": 571}",True
4024,2,193,Classic Apparel Such,AXY-42-04024,194.48,100.33,High quality classic apparel such from ActiveFit.,"{""brand"": ""ActiveFit"", ""color"": ""Green"", ""size"": ""XL"", ""material"": ""Leather""}",True
4025,19,195,Pro Home Fish,FXY-42-04025,368.15,265.22,High quality pro home fish from KitchenAid.,"{""brand"": ""KitchenAid"", ""material"": ""Metal"", ""weight_kg"": 3.05}",True
4026,14,108,Premium Electronics Experience,SHD-42-04026,1942.71,1142.51,High quality premium electronics experience from Volt.,"{""brand"": ""Volt"", ""color"": ""Navy"", ""weight_kg"": 3.43, ""warranty_years"": 3}",True
4027,13,158,Pro Electronics Reveal,AHX-42-04027,1296.95,624.48,High quality pro electronics reveal from Volt.,"{""brand"": ""Volt"", ""color"": ""Green"", ""weight_kg"": 4.91, ""warranty_years"": 3}",True
4028,9,155,Eco Grocery Save,GGF-42-04028,34.22,24.44,High quality eco grocery save from SweetTreats.,"{""brand"": ""SweetTreats"", ""organic"": false, ""expiration_days"": 126}",True
4029,7,26,Premium Toys Rise,TGX-42-04029,88.28,54.58,High quality premium toys rise from BrickBuilder.,"{""brand"": ""BrickBuilder"", ""weight_g"": 630}",True
4030,18,138,Eco Home Him,KAX-42-04030,274.28,161.04,High quality eco home him from ChefChoice.,"{""brand"": ""ChefChoice"", ""material"": ""Cotton"", ""weight_kg"": 0.76}",True
4031,28,145,Smart Automotive Big,CCX-42-04031,267.89,129.58,High quality smart automotive big from MotorMax.,"{""brand"": ""MotorMax"", ""weight_g"": 690}",True
4032,19,124,Ultra Home Nor,FXY-42-04032,546.83,272.14,High quality ultra home nor from ChefChoice.,"{""brand"": ""ChefChoice"", ""material"": ""Metal"", ""weight_kg"": 1.28}",True
4033,14,8,Ultra Electronics Particularly,SHD-42-04033,1279.64,778.18,High quality ultra electronics particularly from TechCo.,"{""brand"": ""TechCo"", ""color"": ""White"", ""weight_kg"": 1.12, ""warranty_years"": 1}",True
4034,8,67,Premium Automotive He,AXY-42-04034,174.9,71.73,High quality premium automotive he from DriveClean.,"{""brand"": ""DriveClean"", ""weight_g"": 1083}",True
4035,16,25,Smart Apparel Than,FXY-42-04035,174.76,92.9,High quality smart apparel than from Vogue.,"{""brand"": ""Vogue"", ""color"": ""Gray"", ""size"": ""M"", ""material"": ""Wood""}",True
4036,18,138,Smart Home Charge,KAX-42-04036,56.87,40.48,High quality smart home charge from KitchenAid.,"{""brand"": ""KitchenAid"", ""material"": ""Cotton"", ""weight_kg"": 13.75}",True
4037,1,56,Pro Electronics Add,EXY-42-04037,744.63,354.79,High quality pro electronics add from Volt.,"{""brand"": ""Volt"", ""color"": ""Gray"", ""weight_kg"": 2.68, ""warranty_years"": 5}",True
4038,1,84,Ultra Electronics Certain,EXY-42-04038,1279.06,713.01,High quality ultra electronics certain from LinkSys.,"{""brand"": ""LinkSys"", ""color"": ""Yellow"", ""weight_kg"": 0.66, ""warranty_years"": 3}",True
4039,30,116,Smart Grocery National,SSX-42-04039,19.56,10.78,High quality smart grocery national from NatureDrop.,"{""brand"": ""NatureDrop"", ""organic"": false, ""expiration_days"": 307}",True
4040,22,91,Smart Sports Father,ORX-42-04040,179.96,103.14,High quality smart sports father from FitPulse.,"{""brand"": ""FitPulse"", ""material"": ""Plastic"", ""weight_kg"": 24.42}",True
4041,1,174,Ultra Electronics Hotel,EXY-42-04041,698.35,498.48,High quality ultra electronics hotel from AudioMax.,"{""brand"": ""AudioMax"", ""color"": ""Green"", ""weight_kg"": 1.16, ""warranty_years"": 1}",True
4042,15,27,Deluxe Apparel Start,FXY-42-04042,67.07,35.39,High quality deluxe apparel start from ActiveFit.,"{""brand"": ""ActiveFit"", ""color"": ""White"", ""size"": ""XL"", ""material"": ""Leather""}",True
4043,20,75,Ultra Home Memory,BBX-42-04043,754.52,483.94,High quality ultra home memory from CozyLiving.,"{""brand"": ""CozyLiving"", ""material"": ""Wool"", ""weight_kg"": 20.32}",True
4044,2,117,Eco Apparel Its,AXY-42-04044,179.9,120.67,High quality eco apparel its from UrbanStyle.,"{""brand"": ""UrbanStyle"", ""color"": ""Silver"", ""size"": ""XS"", ""material"": ""Wood""}",True
4045,21,97,Eco Sports Grow,FGX-42-04045,52.66,22.3,High quality eco sports grow from TrailBlaze.,"{""brand"": ""TrailBlaze"", ""material"": ""Polyester"", ""weight_kg"": 7.83}",True
4046,30,86,Classic Grocery Will,SSX-42-04046,25.59,16.6,High quality classic grocery will from TastyBites.,"{""brand"": ""TastyBites"", ""organic"": true, ""expiration_days"": 114}",True
4047,2,175,Deluxe Apparel Whether,AXY-42-04047,35.75,22.19,High quality deluxe apparel whether from UrbanStyle.,"{""brand"": ""UrbanStyle"", ""color"": ""Red"", ""size"": ""L"", ""material"": ""Leather""}",True
4048,1,109,Classic Electronics Commercial,EXY-42-04048,1466.69,867.44,High quality classic electronics commercial from TechCo.,"{""brand"": ""TechCo"", ""color"": ""Gray"", ""weight_kg"": 6.6, ""warranty_years"": 3}",True
4049,22,78,Deluxe Sports Blue,ORX-42-04049,90.29,65.73,High quality deluxe sports blue from TrailBlaze.,"{""brand"": ""TrailBlaze"", ""material"": ""Metal"", ""weight_kg"": 22.01}",True
4050,10,5,Ultra Office Products Discover,OPX-42-04050,73.94,34.05,High quality ultra office products discover from DeskWork.,"{""brand"": ""DeskWork"", ""weight_g"": 528}",True
4051,10,5,Deluxe Office Products Clear,OPX-42-04051,58.01,25.04,High quality deluxe office products clear from PaperMate.,"{""brand"": ""PaperMate"", ""weight_g"": 1179}",True
4052,29,3,Ultra Grocery Most,BXY-42-04052,19.36,13.37,High quality ultra grocery most from NatureDrop.,"{""brand"": ""NatureDrop"", ""organic"": false, ""expiration_days"": 302}",True
4053,11,126,Classic Electronics Do,SXY-42-04053,1145.0,741.49,High quality classic electronics do from Quant.,"{""brand"": ""Quant"", ""color"": ""Navy"", ""weight_kg"": 7.31, ""warranty_years"": 1}",True
4054,5,189,Ultra Beauty Theory,BPC-42-04054,137.08,66.19,High quality ultra beauty theory from HerbEssentials.,"{""brand"": ""HerbEssentials"", ""weight_g"": 669}",True
4055,14,8,Premium Electronics Cup,SHD-42-04055,190.96,136.54,High quality premium electronics cup from TechCo.,"{""brand"": ""TechCo"", ""color"": ""Gray"", ""weight_kg"": 6.42, ""warranty_years"": 2}",True
4056,9,155,Ultra Grocery Stuff,GGF-42-04056,36.08,20.4,High quality ultra grocery stuff from TastyBites.,"{""brand"": ""TastyBites"", ""organic"": false, ""expiration_days"": 364}",True
4057,6,143,Ultra Books Watch,BXY-42-04057,38.78,21.16,High quality ultra books watch from Packt.,"{""brand"": ""Packt"", ""weight_g"": 539}",True
4058,10,62,Premium Office Products Operation,OPX-42-04058,12.48,5.5,High quality premium office products operation from OfficePro.,"{""brand"": ""OfficePro"", ""weight_g"": 1318}",True
4059,3,148,Ultra Home Positive,HKX-42-04059,570.58,328.58,High quality ultra home positive from KitchenAid.,"{""brand"": ""KitchenAid"", ""material"": ""Polyester"", ""weight_kg"": 7.6}",True
4060,28,105,Smart Automotive Road,CCX-42-04060,170.34,77.84,High quality smart automotive road from AutoPro.,"{""brand"": ""AutoPro"", ""weight_g"": 1188}",True
4061,18,146,Pro Home Theory,KAX-42-04061,429.71,182.45,High quality pro home theory from ChefChoice.,"{""brand"": ""ChefChoice"", ""material"": ""Metal"", ""weight_kg"": 20.33}",True
4062,6,52,Eco Books Never,BXY-42-04062,16.43,9.86,High quality eco books never from Springer.,"{""brand"": ""Springer"", ""weight_g"": 1258}",True
4063,2,122,Ultra Apparel Throughout,AXY-42-04063,39.28,24.93,High quality ultra apparel throughout from ActiveFit.,"{""brand"": ""ActiveFit"", ""color"": ""Green"", ""size"": ""XL"", ""material"": ""Leather""}",True
4064,4,119,Pro Sports Night,SOX-42-04064,479.75,231.11,High quality pro sports night from AquaFlow.,"{""brand"": ""AquaFlow"", ""material"": ""Glass"", ""weight_kg"": 1.82}",True
4065,10,17,Deluxe Office Products Seem,OPX-42-04065,91.22,39.2,High quality deluxe office products seem from OfficePro.,"{""brand"": ""OfficePro"", ""weight_g"": 1464}",True
4066,18,124,Smart Home Ok,KAX-42-04066,87.41,38.49,High quality smart home ok from ChefChoice.,"{""brand"": ""ChefChoice"", ""material"": ""Metal"", ""weight_kg"": 1.38}",True
4067,27,21,Deluxe Toys Scientist,AFD-42-04067,22.32,14.57,High quality deluxe toys scientist from BrickBuilder.,"{""brand"": ""BrickBuilder"", ""weight_g"": 96}",True
4068,25,200,Deluxe Beauty Something,SCX-42-04068,147.98,73.3,High quality deluxe beauty something from HerbEssentials.,"{""brand"": ""HerbEssentials"", ""weight_g"": 1263}",True
4069,12,107,Classic Electronics Suffer,LCX-42-04069,75.08,42.99,High quality classic electronics suffer from LinkSys.,"{""brand"": ""LinkSys"", ""color"": ""Yellow"", ""weight_kg"": 6.18, ""warranty_years"": 3}",True
4070,2,177,Eco Apparel Build,AXY-42-04070,104.23,54.34,High quality eco apparel build from Vogue.,"{""brand"": ""Vogue"", ""color"": ""Blue"", ""size"": ""XXL"", ""material"": ""Glass""}",True
4071,5,47,Eco Beauty Key,BPC-42-04071,15.91,8.47,High quality eco beauty key from SilkSkin.,"{""brand"": ""SilkSkin"", ""weight_g"": 290}",True
4072,13,8,Eco Electronics Magazine,AHX-42-04072,1673.79,1057.41,High quality eco electronics magazine from LinkSys.,"{""brand"": ""LinkSys"", ""color"": ""White"", ""weight_kg"": 0.83, ""warranty_years"": 1}",True
4073,11,150,Deluxe Electronics Whom,SXY-42-04073,1779.85,1182.29,High quality deluxe electronics whom from TechCo.,"{""brand"": ""TechCo"", ""color"": ""Gray"", ""weight_kg"": 6.1, ""warranty_years"": 5}",True
4074,28,55,Pro Automotive Ball,CCX-42-04074,22.83,12.32,High quality pro automotive ball from AutoPro.,"{""brand"": ""AutoPro"", ""weight_g"": 77}",True
4075,12,126,Smart Electronics But,LCX-42-04075,1222.92,661.49,High quality smart electronics but from Quant.,"{""brand"": ""Quant"", ""color"": ""Green"", ""weight_kg"": 5.52, ""warranty_years"": 2}",True
4076,28,41,Eco Automotive Tell,CCX-42-04076,296.11,144.13,High quality eco automotive tell from TireSafe.,"{""brand"": ""TireSafe"", ""weight_g"": 171}",True
4077,1,108,Smart Electronics Catch,EXY-42-04077,234.03,149.41,High quality smart electronics catch from TechCo.,"{""brand"": ""TechCo"", ""color"": ""Black"", ""weight_kg"": 4.68, ""warranty_years"": 1}",True
4078,9,191,Ultra Grocery Wind,GGF-42-04078,4.33,2.37,High quality ultra grocery wind from TastyBites.,"{""brand"": ""TastyBites"", ""organic"": true, ""expiration_days"": 162}",True
4079,7,21,Smart Toys Adult,TGX-42-04079,97.9,53.08,High quality smart toys adult from KidZone.,"{""brand"": ""KidZone"", ""weight_g"": 650}",True
4080,10,186,Smart Office Products Media,OPX-42-04080,69.66,41.32,High quality smart office products media from OfficePro.,"{""brand"": ""OfficePro"", ""weight_g"": 548}",True
4081,15,88,Smart Apparel Happen,FXY-42-04081,123.96,49.81,High quality smart apparel happen from DenimCo.,"{""brand"": ""DenimCo"", ""color"": ""Silver"", ""size"": ""S"", ""material"": ""Plastic""}",True
4082,30,167,Classic Grocery Forget,SSX-42-04082,42.25,18.99,High quality classic grocery forget from NatureDrop.,"{""brand"": ""NatureDrop"", ""organic"": false, ""expiration_days"": 192}",True
4083,11,158,Premium Electronics Rock,SXY-42-04083,242.89,149.88,High quality premium electronics rock from LinkSys.,"{""brand"": ""LinkSys"", ""color"": ""Green"", ""weight_kg"": 6.28, ""warranty_years"": 2}",True
4084,30,50,Deluxe Grocery Him,SSX-42-04084,26.93,12.33,High quality deluxe grocery him from TastyBites.,"{""brand"": ""TastyBites"", ""organic"": false, ""expiration_days"": 263}",True
4085,18,115,Pro Home Chair,KAX-42-04085,728.47,431.06,High quality pro home chair from DecoHome.,"{""brand"": ""DecoHome"", ""material"": ""Wood"", ""weight_kg"": 22.01}",True
4086,27,173,Smart Toys Technology,AFD-42-04086,31.18,22.87,High quality smart toys technology from PlayTime.,"{""brand"": ""PlayTime"", ""weight_g"": 116}",True
4087,9,45,Smart Grocery Letter,GGF-42-04087,21.74,12.04,High quality smart grocery letter from NatureDrop.,"{""brand"": ""NatureDrop"", ""organic"": false, ""expiration_days"": 225}",True
4088,29,46,Eco Grocery Voice,BXY-42-04088,26.83,17.66,High quality eco grocery voice from NatureDrop.,"{""brand"": ""NatureDrop"", ""organic"": true, ""expiration_days"": 211}",True
4089,8,176,Pro Automotive Picture,AXY-42-04089,231.18,103.01,High quality pro automotive picture from DriveClean.,"{""brand"": ""DriveClean"", ""weight_g"": 266}",True
4090,15,88,Pro Apparel Necessary,FXY-42-04090,75.59,34.7,High quality pro apparel necessary from DenimCo.,"{""brand"": ""DenimCo"", ""color"": ""Green"", ""size"": ""XS"", ""material"": ""Polyester""}",True
4091,9,86,Premium Grocery Source,GGF-42-04091,26.64,10.7,High quality premium grocery source from OrganicWay.,"{""brand"": ""OrganicWay"", ""organic"": false, ""expiration_days"": 139}",True
4092,26,24,Premium Toys Guess,BGX-42-04092,50.69,23.44,High quality premium toys guess from BoardFun.,"{""brand"": ""BoardFun"", ""weight_g"": 488}",True
4093,23,100,Smart Sports Consider,CBX-42-04093,446.36,189.9,High quality smart sports consider from AquaFlow.,"{""brand"": ""AquaFlow"", ""material"": ""Polyester"", ""weight_kg"": 3.0}",True
4094,13,174,Pro Electronics Security,AHX-42-04094,81.47,38.24,High quality pro electronics security from TechCo.,"{""brand"": ""TechCo"", ""color"": ""White"", ""weight_kg"": 4.18, ""warranty_years"": 2}",True
4095,13,139,Classic Electronics Fly,AHX-42-04095,1501.72,1012.07,High quality classic electronics fly from Volt.,"{""brand"": ""Volt"", ""color"": ""Red"", ""weight_kg"": 3.09, ""warranty_years"": 3}",True
4096,30,46,Ultra Grocery Air,SSX-42-04096,10.42,5.62,High quality ultra grocery air from SweetTreats.,"{""brand"": ""SweetTreats"", ""organic"": false, ""expiration_days"": 128}",True
4097,16,117,Premium Apparel Size,FXY-42-04097,27.01,13.33,High quality premium apparel size from Vogue.,"{""brand"": ""Vogue"", ""color"": ""Red"", ""size"": ""XXL"", ""material"": ""Metal""}",True
4098,21,170,Deluxe Sports Teacher,FGX-42-04098,160.81,120.15,High quality deluxe sports teacher from FitPulse.,"{""brand"": ""FitPulse"", ""material"": ""Wood"", ""weight_kg"": 19.8}",True
4099,1,8,Premium Electronics By,EXY-42-04099,477.12,192.01,High quality premium electronics by from TechCo.,"{""brand"": ""TechCo"", ""color"": ""Navy"", ""weight_kg"": 7.65, ""warranty_years"": 2}",True
4100,5,81,Smart Beauty Doctor,BPC-42-04100,117.44,86.29,High quality smart beauty doctor from LuxeHair.,"{""brand"": ""LuxeHair"", ""weight_g"": 1252}",True
4101,16,76,Eco Apparel Career,FXY-42-04101,140.53,90.17,High quality eco apparel career from DenimCo.,"{""brand"": ""DenimCo"", ""color"": ""Gray"", ""size"": ""L"", ""material"": ""Leather""}",True
4102,18,75,Smart Home Tough,KAX-42-04102,531.62,375.41,High quality smart home tough from CozyLiving.,"{""brand"": ""CozyLiving"", ""material"": ""Glass"", ""weight_kg"": 1.03}",True
4103,26,169,Eco Toys Rule,BGX-42-04103,31.3,12.84,High quality eco toys rule from PlayTime.,"{""brand"": ""PlayTime"", ""weight_g"": 882}",True
4104,22,99,Ultra Sports Change,ORX-42-04104,21.41,9.41,High quality ultra sports change from AquaFlow.,"{""brand"": ""AquaFlow"", ""material"": ""Metal"", ""weight_kg"": 21.48}",True
4105,25,189,Deluxe Beauty Rise,SCX-42-04105,142.34,68.92,High quality deluxe beauty rise from HerbEssentials.,"{""brand"": ""HerbEssentials"", ""weight_g"": 1200}",True
4106,9,43,Deluxe Grocery Dream,GGF-42-04106,43.84,32.28,High quality deluxe grocery dream from SweetTreats.,"{""brand"": ""SweetTreats"", ""organic"": true, ""expiration_days"": 17}",True
4107,23,118,Smart Sports Food,CBX-42-04107,90.5,51.63,High quality smart sports food from FitPulse.,"{""brand"": ""FitPulse"", ""material"": ""Plastic"", ""weight_kg"": 21.97}",True
4108,4,91,Classic Sports Car,SOX-42-04108,406.59,247.15,High quality classic sports car from FitPulse.,"{""brand"": ""FitPulse"", ""material"": ""Metal"", ""weight_kg"": 15.52}",True
4109,13,107,Deluxe Electronics Determine,AHX-42-04109,1160.63,583.55,High quality deluxe electronics determine from TechCo.,"{""brand"": ""TechCo"", ""color"": ""Yellow"", ""weight_kg"": 6.76, ""warranty_years"": 3}",True
4110,28,145,Smart Automotive Case,CCX-42-04110,43.48,22.61,High quality smart automotive case from AutoPro.,"{""brand"": ""AutoPro"", ""weight_g"": 74}",True
4111,4,118,Eco Sports Bar,SOX-42-04111,483.59,319.11,High quality eco sports bar from PeakGear.,"{""brand"": ""PeakGear"", ""material"": ""Glass"", ""weight_kg"": 5.51}",True
4112,10,144,Eco Office Products Large,OPX-42-04112,58.42,39.38,High quality eco office products large from StapleMax.,"{""brand"": ""StapleMax"", ""weight_g"": 1248}",True
4113,6,58,Pro Books Rock,BXY-42-04113,30.54,13.47,High quality pro books rock from Harper.,"{""brand"": ""Harper"", ""weight_g"": 1178}",True
4114,8,44,Smart Automotive Source,AXY-42-04114,129.66,93.14,High quality smart automotive source from TireSafe.,"{""brand"": ""TireSafe"", ""weight_g"": 236}",True
4115,22,170,Pro Sports Step,ORX-42-04115,426.86,178.67,High quality pro sports step from PeakGear.,"{""brand"": ""PeakGear"", ""material"": ""Glass"", ""weight_kg"": 14.13}",True
4116,4,71,Eco Sports Brother,SOX-42-04116,343.13,212.07,High quality eco sports brother from FitPulse.,"{""brand"": ""FitPulse"", ""material"": ""Glass"", ""weight_kg"": 10.42}",True
4117,3,163,Classic Home Bank,HKX-42-04117,594.67,246.39,High quality classic home bank from CozyLiving.,"{""brand"": ""CozyLiving"", ""material"": ""Metal"", ""weight_kg"": 2.7}",True
4118,30,50,Eco Grocery After,SSX-42-04118,10.34,6.69,High quality eco grocery after from TastyBites.,"{""brand"": ""TastyBites"", ""organic"": false, ""expiration_days"": 189}",True
4119,25,33,Smart Beauty Stage,SCX-42-04119,119.14,84.64,High quality smart beauty stage from SilkSkin.,"{""brand"": ""SilkSkin"", ""weight_g"": 1360}",True
4120,7,121,Pro Toys Member,TGX-42-04120,28.59,16.79,High quality pro toys member from BoardFun.,"{""brand"": ""BoardFun"", ""weight_g"": 880}",True
4121,22,123,Eco Sports Sometimes,ORX-42-04121,289.02,171.73,High quality eco sports sometimes from TrailBlaze.,"{""brand"": ""TrailBlaze"", ""material"": ""Cotton"", ""weight_kg"": 23.0}",True
4122,14,174,Pro Electronics Lawyer,SHD-42-04122,664.91,329.71,High quality pro electronics lawyer from AudioMax.,"{""brand"": ""AudioMax"", ""color"": ""Yellow"", ""weight_kg"": 0.86, ""warranty_years"": 1}",True
4123,11,109,Eco Electronics And,SXY-42-04123,1129.53,801.1,High quality eco electronics and from TechCo.,"{""brand"": ""TechCo"", ""color"": ""Pink"", ""weight_kg"": 6.94, ""warranty_years"": 5}",True
4124,2,175,Classic Apparel Debate,AXY-42-04124,179.12,121.2,High quality classic apparel debate from ThreadWear.,"{""brand"": ""ThreadWear"", ""color"": ""Black"", ""size"": ""L"", ""material"": ""Polyester""}",True
4125,4,118,Pro Sports Box,SOX-42-04125,64.03,32.35,High quality pro sports box from FitPulse.,"{""brand"": ""FitPulse"", ""material"": ""Metal"", ""weight_kg"": 9.85}",True
4126,21,65,Deluxe Sports Alone,FGX-42-04126,484.08,362.95,High quality deluxe sports alone from TrailBlaze.,"{""brand"": ""TrailBlaze"", ""material"": ""Cotton"", ""weight_kg"": 19.08}",True
4127,15,110,Deluxe Apparel Student,FXY-42-04127,162.05,74.6,High quality deluxe apparel student from ActiveFit.,"{""brand"": ""ActiveFit"", ""color"": ""Yellow"", ""size"": ""S"", ""material"": ""Plastic""}",True
4128,23,72,Eco Sports Receive,CBX-42-04128,124.38,93.28,High quality eco sports receive from AquaFlow.,"{""brand"": ""AquaFlow"", ""material"": ""Metal"", ""weight_kg"": 14.21}",True
4129,27,179,Pro Toys Must,AFD-42-04129,64.51,25.91,High quality pro toys must from PlayTime.,"{""brand"": ""PlayTime"", ""weight_g"": 1345}",True
4130,5,57,Premium Beauty Personal,BPC-42-04130,40.13,20.75,High quality premium beauty personal from SilkSkin.,"{""brand"": ""SilkSkin"", ""weight_g"": 227}",True
4131,25,140,Premium Beauty Artist,SCX-42-04131,110.43,65.62,High quality premium beauty artist from SilkSkin.,"{""brand"": ""SilkSkin"", ""weight_g"": 389}",True
4132,13,108,Smart Electronics Manager,AHX-42-04132,1152.07,696.94,High quality smart electronics manager from Quant.,"{""brand"": ""Quant"", ""color"": ""Green"", ""weight_kg"": 3.35, ""warranty_years"": 1}",True
4133,5,95,Deluxe Beauty By,BPC-42-04133,67.4,48.44,High quality deluxe beauty by from SilkSkin.,"{""brand"": ""SilkSkin"", ""weight_g"": 1174}",True
4134,7,169,Premium Toys When,TGX-42-04134,81.12,42.7,High quality premium toys when from KidZone.,"{""brand"": ""KidZone"", ""weight_g"": 679}",True
4135,13,150,Premium Electronics Environment,AHX-42-04135,1654.04,968.21,High quality premium electronics environment from AudioMax.,"{""brand"": ""AudioMax"", ""color"": ""Black"", ""weight_kg"": 6.65, ""warranty_years"": 2}",True
4136,22,184,Eco Sports Animal,ORX-42-04136,238.83,165.08,High quality eco sports animal from PeakGear.,"{""brand"": ""PeakGear"", ""material"": ""Glass"", ""weight_kg"": 1.64}",True
4137,8,176,Eco Automotive Attorney,AXY-42-04137,158.46,66.75,High quality eco automotive attorney from TireSafe.,"{""brand"": ""TireSafe"", ""weight_g"": 1493}",True
4138,25,80,Ultra Beauty Fish,SCX-42-04138,113.96,83.05,High quality ultra beauty fish from SilkSkin.,"{""brand"": ""SilkSkin"", ""weight_g"": 124}",True
4139,16,177,Smart Apparel Region,FXY-42-04139,16.67,12.29,High quality smart apparel region from Vogue.,"{""brand"": ""Vogue"", ""color"": ""Red"", ""size"": ""XL"", ""material"": ""Metal""}",True
4140,20,20,Pro Home Action,BBX-42-04140,542.82,348.52,High quality pro home action from CozyLiving.,"{""brand"": ""CozyLiving"", ""material"": ""Glass"", ""weight_kg"": 21.7}",True
4141,30,197,Premium Grocery Somebody,SSX-42-04141,10.45,5.68,High quality premium grocery somebody from SweetTreats.,"{""brand"": ""SweetTreats"", ""organic"": false, ""expiration_days"": 354}",True
4142,28,69,Pro Automotive Big,CCX-42-04142,244.56,131.63,High quality pro automotive big from DriveClean.,"{""brand"": ""DriveClean"", ""weight_g"": 924}",True
4143,16,111,Deluxe Apparel Stay,FXY-42-04143,78.49,38.98,High quality deluxe apparel stay from UrbanStyle.,"{""brand"": ""UrbanStyle"", ""color"": ""Pink"", ""size"": ""S"", ""material"": ""Polyester""}",True
4144,15,153,Classic Apparel Candidate,FXY-42-04144,61.57,34.9,High quality classic apparel candidate from ThreadWear.,"{""brand"": ""ThreadWear"", ""color"": ""Black"", ""size"": ""S"", ""material"": ""Metal""}",True
4145,11,150,Ultra Electronics Wife,SXY-42-04145,282.11,127.57,High quality ultra electronics wife from Quant.,"{""brand"": ""Quant"", ""color"": ""Silver"", ""weight_kg"": 3.24, ""warranty_years"": 2}",True
4146,2,59,Eco Apparel Play,AXY-42-04146,33.75,22.28,High quality eco apparel play from ActiveFit.,"{""brand"": ""ActiveFit"", ""color"": ""Blue"", ""size"": ""S"", ""material"": ""Plastic""}",True
4147,15,73,Eco Apparel Describe,FXY-42-04147,55.89,34.32,High quality eco apparel describe from ThreadWear.,"{""brand"": ""ThreadWear"", ""color"": ""Yellow"", ""size"": ""M"", ""material"": ""Cotton""}",True
4148,24,80,Smart Beauty People,MCX-42-04148,37.93,16.32,High quality smart beauty people from HerbEssentials.,"{""brand"": ""HerbEssentials"", ""weight_g"": 350}",True
4149,21,71,Pro Sports Wear,FGX-42-04149,139.52,75.33,High quality pro sports wear from FitPulse.,"{""brand"": ""FitPulse"", ""material"": ""Polyester"", ""weight_kg"": 3.57}",True
4150,23,136,Smart Sports Decision,CBX-42-04150,104.05,69.3,High quality smart sports decision from PeakGear.,"{""brand"": ""PeakGear"", ""material"": ""Cotton"", ""weight_kg"": 18.14}",True
4151,12,158,Eco Electronics Crime,LCX-42-04151,1679.8,795.35,High quality eco electronics crime from Quant.,"{""brand"": ""Quant"", ""color"": ""Navy"", ""weight_kg"": 7.45, ""warranty_years"": 2}",True
4152,5,81,Classic Beauty Religious,BPC-42-04152,68.0,32.37,High quality classic beauty religious from SilkSkin.,"{""brand"": ""SilkSkin"", ""weight_g"": 356}",True
4153,18,75,Deluxe Home Have,KAX-42-04153,562.26,256.26,High quality deluxe home have from DecoHome.,"{""brand"": ""DecoHome"", ""material"": ""Glass"", ""weight_kg"": 3.93}",True
4154,26,70,Classic Toys Air,BGX-42-04154,64.7,29.88,High quality classic toys air from BrickBuilder.,"{""brand"": ""BrickBuilder"", ""weight_g"": 258}",True
4155,2,73,Deluxe Apparel Believe,AXY-42-04155,163.88,106.7,High quality deluxe apparel believe from ThreadWear.,"{""brand"": ""ThreadWear"", ""color"": ""Black"", ""size"": ""XL"", ""material"": ""Metal""}",True
4156,5,140,Premium Beauty Child,BPC-42-04156,35.1,25.53,High quality premium beauty child from SilkSkin.,"{""brand"": ""SilkSkin"", ""weight_g"": 962}",True
4157,1,92,Deluxe Electronics Throughout,EXY-42-04157,411.08,197.99,High quality deluxe electronics throughout from Sonyx.,"{""brand"": ""Sonyx"", ""color"": ""White"", ""weight_kg"": 5.09, ""warranty_years"": 2}",True
4158,18,51,Premium Home Skin,KAX-42-04158,303.2,188.63,High quality premium home skin from DecoHome.,"{""brand"": ""DecoHome"", ""material"": ""Plastic"", ""weight_kg"": 16.32}",True
4159,29,167,Pro Grocery Year,BXY-42-04159,32.04,12.96,High quality pro grocery year from TastyBites.,"{""brand"": ""TastyBites"", ""organic"": false, ""expiration_days"": 61}",True
4160,19,106,Classic Home Fall,FXY-42-04160,643.74,402.08,High quality classic home fall from KitchenAid.,"{""brand"": ""KitchenAid"", ""material"": ""Glass"", ""weight_kg"": 23.76}",True
4161,19,147,Eco Home Particularly,FXY-42-04161,317.73,128.93,High quality eco home particularly from ChefChoice.,"{""brand"": ""ChefChoice"", ""material"": ""Metal"", ""weight_kg"": 9.55}",True
4162,23,99,Eco Sports Happen,CBX-42-04162,157.05,102.83,High quality eco sports happen from TrailBlaze.,"{""brand"": ""TrailBlaze"", ""material"": ""Polyester"", ""weight_kg"": 9.51}",True
4163,22,180,Smart Sports He,ORX-42-04163,271.99,129.97,High quality smart sports he from TrailBlaze.,"{""brand"": ""TrailBlaze"", ""material"": ""Wood"", ""weight_kg"": 7.59}",True
4164,11,87,Pro Electronics College,SXY-42-04164,1432.31,888.37,High quality pro electronics college from Sonyx.,"{""brand"": ""Sonyx"", ""color"": ""Navy"", ""weight_kg"": 3.49, ""warranty_years"": 3}",True
4165,20,42,Smart Home Top,BBX-42-04165,221.51,163.15,High quality smart home top from DecoHome.,"{""brand"": ""DecoHome"", ""material"": ""Cotton"", ""weight_kg"": 5.91}",True
4166,15,162,Eco Apparel Month,FXY-42-04166,182.93,103.18,High quality eco apparel month from UrbanStyle.,"{""brand"": ""UrbanStyle"", ""color"": ""Gray"", ""size"": ""XXL"", ""material"": ""Leather""}",True
4167,3,148,Premium Home Statement,HKX-42-04167,307.25,148.5,High quality premium home statement from CozyLiving.,"{""brand"": ""CozyLiving"", ""material"": ""Wood"", ""weight_kg"": 24.12}",True
4168,26,96,Eco Toys Shoulder,BGX-42-04168,95.73,61.11,High quality eco toys shoulder from PlayTime.,"{""brand"": ""PlayTime"", ""weight_g"": 311}",True
4169,11,8,Eco Electronics Position,SXY-42-04169,804.32,444.02,High quality eco electronics position from AudioMax.,"{""brand"": ""AudioMax"", ""color"": ""Pink"", ""weight_kg"": 3.3, ""warranty_years"": 1}",True
4170,13,137,Pro Electronics Effort,AHX-42-04170,926.33,691.66,High quality pro electronics effort from Quant.,"{""brand"": ""Quant"", ""color"": ""Yellow"", ""weight_kg"": 0.84, ""warranty_years"": 3}",True
4171,27,169,Ultra Toys Mouth,AFD-42-04171,73.47,43.07,High quality ultra toys mouth from BrickBuilder.,"{""brand"": ""BrickBuilder"", ""weight_g"": 1195}",True
4172,19,75,Eco Home Over,FXY-42-04172,583.46,251.56,High quality eco home over from KitchenAid.,"{""brand"": ""KitchenAid"", ""material"": ""Leather"", ""weight_kg"": 13.43}",True
4173,6,74,Ultra Books Author,BXY-42-04173,18.56,10.48,High quality ultra books author from Harper.,"{""brand"": ""Harper"", ""weight_g"": 261}",True
4174,11,93,Eco Electronics Bit,SXY-42-04174,1140.64,616.12,High quality eco electronics bit from Quant.,"{""brand"": ""Quant"", ""color"": ""Red"", ""weight_kg"": 1.73, ""warranty_years"": 5}",True
4175,8,188,Smart Automotive Ten,AXY-42-04175,183.1,112.66,High quality smart automotive ten from MotorMax.,"{""brand"": ""MotorMax"", ""weight_g"": 64}",True
4176,7,154,Eco Toys Particular,TGX-42-04176,71.92,36.83,High quality eco toys particular from BoardFun.,"{""brand"": ""BoardFun"", ""weight_g"": 899}",True
4177,12,107,Ultra Electronics Source,LCX-42-04177,1561.82,981.64,High quality ultra electronics source from TechCo.,"{""brand"": ""TechCo"", ""color"": ""Yellow"", ""weight_kg"": 0.56, ""warranty_years"": 5}",True
4178,7,21,Premium Toys Address,TGX-42-04178,15.89,10.46,High quality premium toys address from PlayTime.,"{""brand"": ""PlayTime"", ""weight_g"": 1406}",True
4179,5,159,Ultra Beauty Newspaper,BPC-42-04179,121.97,68.76,High quality ultra beauty newspaper from LuxeHair.,"{""brand"": ""LuxeHair"", ""weight_g"": 1425}",True
4180,13,87,Classic Electronics Director,AHX-42-04180,1372.13,1016.12,High quality classic electronics director from AudioMax.,"{""brand"": ""AudioMax"", ""color"": ""Green"", ""weight_kg"": 5.29, ""warranty_years"": 5}",True
4181,7,179,Eco Toys Senior,TGX-42-04181,87.49,40.69,High quality eco toys senior from BrickBuilder.,"{""brand"": ""BrickBuilder"", ""weight_g"": 633}",True
4182,30,155,Smart Grocery Dark,SSX-42-04182,23.7,14.16,High quality smart grocery dark from OrganicWay.,"{""brand"": ""OrganicWay"", ""organic"": false, ""expiration_days"": 351}",True
4183,13,8,Premium Electronics Father,AHX-42-04183,1597.96,963.72,High quality premium electronics father from LinkSys.,"{""brand"": ""LinkSys"", ""color"": ""Black"", ""weight_kg"": 2.49, ""warranty_years"": 5}",True
4184,13,139,Pro Electronics Congress,AHX-42-04184,1940.97,791.95,High quality pro electronics congress from Sonyx.,"{""brand"": ""Sonyx"", ""color"": ""Silver"", ""weight_kg"": 3.37, ""warranty_years"": 3}",True
4185,30,149,Smart Grocery Week,SSX-42-04185,39.13,23.29,High quality smart grocery week from TastyBites.,"{""brand"": ""TastyBites"", ""organic"": false, ""expiration_days"": 273}",True
4186,12,126,Premium Electronics Somebody,LCX-42-04186,738.87,538.49,High quality premium electronics somebody from Quant.,"{""brand"": ""Quant"", ""color"": ""Green"", ""weight_kg"": 6.38, ""warranty_years"": 1}",True
4187,20,42,Classic Home Note,BBX-42-04187,404.08,291.53,High quality classic home note from CozyLiving.,"{""brand"": ""CozyLiving"", ""material"": ""Polyester"", ""weight_kg"": 0.85}",True
4188,12,150,Classic Electronics Above,LCX-42-04188,991.87,482.47,High quality classic electronics above from Quant.,"{""brand"": ""Quant"", ""color"": ""Green"", ""weight_kg"": 7.69, ""warranty_years"": 3}",True
4189,9,152,Ultra Grocery Share,GGF-42-04189,40.05,25.67,High quality ultra grocery share from SweetTreats.,"{""brand"": ""SweetTreats"", ""organic"": true, ""expiration_days"": 176}",True
4190,5,95,Classic Beauty Bit,BPC-42-04190,141.79,58.2,High quality classic beauty bit from LuxeHair.,"{""brand"": ""LuxeHair"", ""weight_g"": 944}",True
4191,12,174,Pro Electronics Window,LCX-42-04191,1974.98,1172.34,High quality pro electronics window from LinkSys.,"{""brand"": ""LinkSys"", ""color"": ""Red"", ""weight_kg"": 5.95, ""warranty_years"": 5}",True
4192,3,124,Smart Home Difficult,HKX-42-04192,430.0,285.42,High quality smart home difficult from DecoHome.,"{""brand"": ""DecoHome"", ""material"": ""Glass"", ""weight_kg"": 7.2}",True
4193,27,89,Pro Toys Wife,AFD-42-04193,49.02,30.01,High quality pro toys wife from BoardFun.,"{""brand"": ""BoardFun"", ""weight_g"": 1317}",True
4194,7,154,Classic Toys Mother,TGX-42-04194,14.46,6.58,High quality classic toys mother from PlayTime.,"{""brand"": ""PlayTime"", ""weight_g"": 356}",True
4195,8,30,Smart Automotive Today,AXY-42-04195,155.89,93.49,High quality smart automotive today from TireSafe.,"{""brand"": ""TireSafe"", ""weight_g"": 624}",True
4196,13,150,Classic Electronics Second,AHX-42-04196,1224.35,763.9,High quality classic electronics second from Sonyx.,"{""brand"": ""Sonyx"", ""color"": ""Red"", ""weight_kg"": 6.22, ""warranty_years"": 2}",True
4197,12,92,Ultra Electronics May,LCX-42-04197,1066.21,648.47,High quality ultra electronics may from TechCo.,"{""brand"": ""TechCo"", ""color"": ""Silver"", ""weight_kg"": 6.58, ""warranty_years"": 3}",True
4198,13,8,Premium Electronics Hit,AHX-42-04198,1648.64,950.51,High quality premium electronics hit from TechCo.,"{""brand"": ""TechCo"", ""color"": ""Pink"", ""weight_kg"": 4.41, ""warranty_years"": 2}",True
4199,11,158,Pro Electronics Save,SXY-42-04199,634.48,391.9,High quality pro electronics save from Quant.,"{""brand"": ""Quant"", ""color"": ""Black"", ""weight_kg"": 7.25, ""warranty_years"": 1}",True
4200,7,121,Pro Toys Perform,TGX-42-04200,54.26,30.08,High quality pro toys perform from KidZone.,"{""brand"": ""KidZone"", ""weight_g"": 1243}",True
4201,4,170,Premium Sports Crime,SOX-42-04201,372.13,159.52,High quality premium sports crime from TrailBlaze.,"{""brand"": ""TrailBlaze"", ""material"": ""Wool"", ""weight_kg"": 3.34}",True
4202,11,8,Smart Electronics Less,SXY-42-04202,1970.33,952.08,High quality smart electronics less from AudioMax.,"{""brand"": ""AudioMax"", ""color"": ""Green"", ""weight_kg"": 5.62, ""warranty_years"": 3}",True
4203,18,195,Eco Home Report,KAX-42-04203,335.89,193.46,High quality eco home report from KitchenAid.,"{""brand"": ""KitchenAid"", ""material"": ""Cotton"", ""weight_kg"": 1.54}",True
4204,27,89,Ultra Toys Both,AFD-42-04204,23.49,13.68,High quality ultra toys both from BrickBuilder.,"{""brand"": ""BrickBuilder"", ""weight_g"": 493}",True
4205,12,84,Eco Electronics Course,LCX-42-04205,1693.28,923.84,High quality eco electronics course from AudioMax.,"{""brand"": ""AudioMax"", ""color"": ""Green"", ""weight_kg"": 0.11, ""warranty_years"": 2}",True
4206,17,88,Deluxe Apparel They,FSX-42-04206,69.97,28.0,High quality deluxe apparel they from ThreadWear.,"{""brand"": ""ThreadWear"", ""color"": ""Silver"", ""size"": ""XL"", ""material"": ""Plastic""}",True
4207,26,121,Premium Toys Hear,BGX-42-04207,31.23,18.16,High quality premium toys hear from PlayTime.,"{""brand"": ""PlayTime"", ""weight_g"": 190}",True
4208,6,74,Premium Books Hundred,BXY-42-04208,66.37,46.44,High quality premium books hundred from Springer.,"{""brand"": ""Springer"", ""weight_g"": 239}",True
4209,30,86,Eco Grocery Language,SSX-42-04209,28.83,15.41,High quality eco grocery language from OrganicWay.,"{""brand"": ""OrganicWay"", ""organic"": false, ""expiration_days"": 321}",True
4210,19,194,Pro Home Difficult,FXY-42-04210,469.04,218.76,High quality pro home difficult from CozyLiving.,"{""brand"": ""CozyLiving"", ""material"": ""Cotton"", ""weight_kg"": 21.99}",True
4211,11,56,Eco Electronics My,SXY-42-04211,1159.66,736.55,High quality eco electronics my from LinkSys.,"{""brand"": ""LinkSys"", ""color"": ""Gray"", ""weight_kg"": 6.68, ""warranty_years"": 5}",True
4212,18,90,Eco Home Drive,KAX-42-04212,78.96,43.55,High quality eco home drive from ChefChoice.,"{""brand"": ""ChefChoice"", ""material"": ""Polyester"", ""weight_kg"": 12.33}",True
4213,18,1,Ultra Home Involve,KAX-42-04213,518.98,318.45,High quality ultra home involve from DecoHome.,"{""brand"": ""DecoHome"", ""material"": ""Wool"", ""weight_kg"": 18.9}",True
4214,28,181,Deluxe Automotive Budget,CCX-42-04214,272.62,200.1,High quality deluxe automotive budget from MotorMax.,"{""brand"": ""MotorMax"", ""weight_g"": 85}",True
4215,16,177,Ultra Apparel Sort,FXY-42-04215,29.27,16.04,High quality ultra apparel sort from UrbanStyle.,"{""brand"": ""UrbanStyle"", ""color"": ""Gray"", ""size"": ""S"", ""material"": ""Wool""}",True
4216,3,194,Ultra Home Former,HKX-42-04216,167.85,101.01,High quality ultra home former from DecoHome.,"{""brand"": ""DecoHome"", ""material"": ""Cotton"", ""weight_kg"": 14.28}",True
4217,28,69,Deluxe Automotive Candidate,CCX-42-04217,17.2,7.19,High quality deluxe automotive candidate from DriveClean.,"{""brand"": ""DriveClean"", ""weight_g"": 1028}",True
4218,28,35,Classic Automotive Man,CCX-42-04218,281.01,158.75,High quality classic automotive man from MotorMax.,"{""brand"": ""MotorMax"", ""weight_g"": 839}",True
4219,5,159,Pro Beauty Break,BPC-42-04219,70.1,41.31,High quality pro beauty break from LuxeHair.,"{""brand"": ""LuxeHair"", ""weight_g"": 267}",True
4220,3,148,Ultra Home Nature,HKX-42-04220,735.74,538.22,High quality ultra home nature from ChefChoice.,"{""brand"": ""ChefChoice"", ""material"": ""Wool"", ""weight_kg"": 18.16}",True
4221,21,78,Smart Sports Century,FGX-42-04221,458.84,343.28,High quality smart sports century from FitPulse.,"{""brand"": ""FitPulse"", ""material"": ""Polyester"", ""weight_kg"": 11.02}",True
4222,16,175,Smart Apparel Mission,FXY-42-04222,27.73,12.16,High quality smart apparel mission from DenimCo.,"{""brand"": ""DenimCo"", ""color"": ""Black"", ""size"": ""XXL"", ""material"": ""Polyester""}",True
4223,18,16,Ultra Home Sound,KAX-42-04223,720.89,456.7,High quality ultra home sound from DecoHome.,"{""brand"": ""DecoHome"", ""material"": ""Leather"", ""weight_kg"": 5.29}",True
4224,6,102,Smart Books Herself,BXY-42-04224,33.72,23.81,High quality smart books herself from Packt.,"{""brand"": ""Packt"", ""weight_g"": 1239}",True
4225,24,200,Ultra Beauty Sea,MCX-42-04225,24.67,13.57,High quality ultra beauty sea from SilkSkin.,"{""brand"": ""SilkSkin"", ""weight_g"": 285}",True
4226,26,89,Pro Toys Fight,BGX-42-04226,99.76,51.8,High quality pro toys fight from PlayTime.,"{""brand"": ""PlayTime"", ""weight_g"": 91}",True
4227,29,171,Smart Grocery Onto,BXY-42-04227,35.79,22.25,High quality smart grocery onto from SweetTreats.,"{""brand"": ""SweetTreats"", ""organic"": true, ""expiration_days"": 157}",True
4228,12,8,Ultra Electronics Seven,LCX-42-04228,700.68,302.11,High quality ultra electronics seven from TechCo.,"{""brand"": ""TechCo"", ""color"": ""Gray"", ""weight_kg"": 6.36, ""warranty_years"": 1}",True
4229,17,27,Premium Apparel Amount,FSX-42-04229,86.94,43.12,High quality premium apparel amount from UrbanStyle.,"{""brand"": ""UrbanStyle"", ""color"": ""Black"", ""size"": ""M"", ""material"": ""Metal""}",True
4230,24,189,Smart Beauty Beautiful,MCX-42-04230,122.05,84.7,High quality smart beauty beautiful from GlowUp.,"{""brand"": ""GlowUp"", ""weight_g"": 1466}",True
4231,20,98,Deluxe Home Generation,BBX-42-04231,727.02,356.12,High quality deluxe home generation from DecoHome.,"{""brand"": ""DecoHome"", ""material"": ""Metal"", ""weight_kg"": 10.91}",True
4232,11,92,Premium Electronics Minute,SXY-42-04232,575.37,406.41,High quality premium electronics minute from Quant.,"{""brand"": ""Quant"", ""color"": ""Black"", ""weight_kg"": 4.77, ""warranty_years"": 3}",True
4233,27,154,Eco Toys Business,AFD-42-04233,13.82,9.53,High quality eco toys business from KidZone.,"{""brand"": ""KidZone"", ""weight_g"": 587}",True
4234,11,107,Eco Electronics Image,SXY-42-04234,875.75,521.18,High quality eco electronics image from LinkSys.,"{""brand"": ""LinkSys"", ""color"": ""Pink"", ""weight_kg"": 7.32, ""warranty_years"": 3}",True
4235,19,146,Smart Home Federal,FXY-42-04235,46.89,22.99,High quality smart home federal from CozyLiving.,"{""brand"": ""CozyLiving"", ""material"": ""Polyester"", ""weight_kg"": 7.97}",True
4236,22,161,Classic Sports Loss,ORX-42-04236,330.67,165.87,High quality classic sports loss from AquaFlow.,"{""brand"": ""AquaFlow"", ""material"": ""Glass"", ""weight_kg"": 22.74}",True
4237,6,102,Eco Books Plan,BXY-42-04237,69.05,43.92,High quality eco books plan from Springer.,"{""brand"": ""Springer"", ""weight_g"": 639}",True
4238,15,111,Smart Apparel Simply,FXY-42-04238,153.02,93.6,High quality smart apparel simply from ActiveFit.,"{""brand"": ""ActiveFit"", ""color"": ""Gray"", ""size"": ""XS"", ""material"": ""Polyester""}",True
4239,13,158,Smart Electronics Forget,AHX-42-04239,1935.04,1109.51,High quality smart electronics forget from AudioMax.,"{""brand"": ""AudioMax"", ""color"": ""Green"", ""weight_kg"": 1.08, ""warranty_years"": 3}",True
4240,22,180,Smart Sports Right,ORX-42-04240,190.79,110.96,High quality smart sports right from PeakGear.,"{""brand"": ""PeakGear"", ""material"": ""Wool"", ""weight_kg"": 24.17}",True
4241,22,100,Pro Sports Thought,ORX-42-04241,69.09,47.14,High quality pro sports thought from PeakGear.,"{""brand"": ""PeakGear"", ""material"": ""Polyester"", ""weight_kg"": 19.08}",True
4242,13,84,Pro Electronics Life,AHX-42-04242,1542.08,908.36,High quality pro electronics life from TechCo.,"{""brand"": ""TechCo"", ""color"": ""Gray"", ""weight_kg"": 2.54, ""warranty_years"": 2}",True
4243,9,116,Eco Grocery Draw,GGF-42-04243,44.05,26.79,High quality eco grocery draw from SweetTreats.,"{""brand"": ""SweetTreats"", ""organic"": false, ""expiration_days"": 343}",True
4244,2,27,Deluxe Apparel Once,AXY-42-04244,85.21,45.37,High quality deluxe apparel once from DenimCo.,"{""brand"": ""DenimCo"", ""color"": ""Yellow"", ""size"": ""XXL"", ""material"": ""Metal""}",True
4245,2,49,Pro Apparel Involve,AXY-42-04245,21.95,11.58,High quality pro apparel involve from Vogue.,"{""brand"": ""Vogue"", ""color"": ""Gray"", ""size"": ""XS"", ""material"": ""Wool""}",True
4246,11,84,Classic Electronics Fill,SXY-42-04246,561.56,413.51,High quality classic electronics fill from Sonyx.,"{""brand"": ""Sonyx"", ""color"": ""Blue"", ""weight_kg"": 6.64, ""warranty_years"": 5}",True
4247,27,21,Deluxe Toys Top,AFD-42-04247,10.08,5.16,High quality deluxe toys top from BoardFun.,"{""brand"": ""BoardFun"", ""weight_g"": 1279}",True
4248,13,174,Classic Electronics Later,AHX-42-04248,143.79,66.56,High quality classic electronics later from TechCo.,"{""brand"": ""TechCo"", ""color"": ""Blue"", ""weight_kg"": 6.2, ""warranty_years"": 1}",True
4249,21,99,Classic Sports Current,FGX-42-04249,454.56,324.55,High quality classic sports current from TrailBlaze.,"{""brand"": ""TrailBlaze"", ""material"": ""Polyester"", ""weight_kg"": 5.12}",True
4250,4,125,Premium Sports Tough,SOX-42-04250,139.74,100.82,High quality premium sports tough from FitPulse.,"{""brand"": ""FitPulse"", ""material"": ""Leather"", ""weight_kg"": 7.56}",True
4251,5,47,Eco Beauty Available,BPC-42-04251,26.67,17.44,High quality eco beauty available from GlowUp.,"{""brand"": ""GlowUp"", ""weight_g"": 63}",True
4252,20,16,Smart Home Want,BBX-42-04252,708.31,511.74,High quality smart home want from CozyLiving.,"{""brand"": ""CozyLiving"", ""material"": ""Metal"", ""weight_kg"": 22.28}",True
4253,8,40,Eco Automotive Thought,AXY-42-04253,238.88,118.73,High quality eco automotive thought from AutoPro.,"{""brand"": ""AutoPro"", ""weight_g"": 625}",True
4254,28,23,Deluxe Automotive Suffer,CCX-42-04254,243.2,143.1,High quality deluxe automotive suffer from TireSafe.,"{""brand"": ""TireSafe"", ""weight_g"": 1098}",True
4255,8,69,Ultra Automotive Maybe,AXY-42-04255,209.93,142.78,High quality ultra automotive maybe from TireSafe.,"{""brand"": ""TireSafe"", ""weight_g"": 1036}",True
4256,19,194,Classic Home Wrong,FXY-42-04256,442.03,283.43,High quality classic home wrong from KitchenAid.,"{""brand"": ""KitchenAid"", ""material"": ""Wool"", ""weight_kg"": 2.87}",True
4257,4,118,Premium Sports Respond,SOX-42-04257,465.63,210.25,High quality premium sports respond from TrailBlaze.,"{""brand"": ""TrailBlaze"", ""material"": ""Glass"", ""weight_kg"": 15.76}",True
4258,19,147,Smart Home Hold,FXY-42-04258,722.44,419.71,High quality smart home hold from KitchenAid.,"{""brand"": ""KitchenAid"", ""material"": ""Cotton"", ""weight_kg"": 24.02}",True
4259,26,173,Classic Toys Country,BGX-42-04259,72.35,32.75,High quality classic toys country from BrickBuilder.,"{""brand"": ""BrickBuilder"", ""weight_g"": 886}",True
4260,12,108,Deluxe Electronics Add,LCX-42-04260,1048.25,645.51,High quality deluxe electronics add from Quant.,"{""brand"": ""Quant"", ""color"": ""Gray"", ""weight_kg"": 5.47, ""warranty_years"": 3}",True
4261,17,120,Deluxe Apparel Represent,FSX-42-04261,95.82,47.79,High quality deluxe apparel represent from ActiveFit.,"{""brand"": ""ActiveFit"", ""color"": ""Silver"", ""size"": ""L"", ""material"": ""Leather""}",True
4262,25,159,Smart Beauty Million,SCX-42-04262,48.57,28.31,High quality smart beauty million from SilkSkin.,"{""brand"": ""SilkSkin"", ""weight_g"": 450}",True
4263,24,189,Ultra Beauty Remember,MCX-42-04263,148.86,102.47,High quality ultra beauty remember from HerbEssentials.,"{""brand"": ""HerbEssentials"", ""weight_g"": 686}",True
4264,10,64,Classic Office Products Book,OPX-42-04264,13.7,7.02,High quality classic office products book from PaperMate.,"{""brand"": ""PaperMate"", ""weight_g"": 188}",True
4265,29,149,Deluxe Grocery Individual,BXY-42-04265,48.56,30.97,High quality deluxe grocery individual from TastyBites.,"{""brand"": ""TastyBites"", ""organic"": true, ""expiration_days"": 179}",True
4266,2,73,Smart Apparel Left,AXY-42-04266,57.84,30.54,High quality smart apparel left from UrbanStyle.,"{""brand"": ""UrbanStyle"", ""color"": ""Silver"", ""size"": ""XL"", ""material"": ""Glass""}",True
4267,6,11,Pro Books Necessary,BXY-42-04267,79.06,43.84,High quality pro books necessary from Packt.,"{""brand"": ""Packt"", ""weight_g"": 827}",True
4268,30,116,Smart Grocery Reason,SSX-42-04268,36.01,21.11,High quality smart grocery reason from SweetTreats.,"{""brand"": ""SweetTreats"", ""organic"": false, ""expiration_days"": 174}",True
4269,23,180,Eco Sports Require,CBX-42-04269,414.76,230.76,High quality eco sports require from TrailBlaze.,"{""brand"": ""TrailBlaze"", ""material"": ""Cotton"", ""weight_kg"": 15.83}",True
4270,11,87,Ultra Electronics Bed,SXY-42-04270,163.07,113.28,High quality ultra electronics bed from AudioMax.,"{""brand"": ""AudioMax"", ""color"": ""Green"", ""weight_kg"": 4.49, ""warranty_years"": 2}",True
4271,4,99,Pro Sports Call,SOX-42-04271,389.68,252.62,High quality pro sports call from TrailBlaze.,"{""brand"": ""TrailBlaze"", ""material"": ""Polyester"", ""weight_kg"": 16.59}",True
4272,2,120,Premium Apparel Character,AXY-42-04272,169.87,110.27,High quality premium apparel character from ActiveFit.,"{""brand"": ""ActiveFit"", ""color"": ""Red"", ""size"": ""S"", ""material"": ""Cotton""}",True
4273,21,66,Classic Sports Indicate,FGX-42-04273,12.54,6.72,High quality classic sports indicate from FitPulse.,"{""brand"": ""FitPulse"", ""material"": ""Plastic"", ""weight_kg"": 3.99}",True
4274,26,169,Eco Toys Institution,BGX-42-04274,52.01,26.37,High quality eco toys institution from KidZone.,"{""brand"": ""KidZone"", ""weight_g"": 688}",True
4275,9,43,Smart Grocery Run,GGF-42-04275,12.25,7.45,High quality smart grocery run from SweetTreats.,"{""brand"": ""SweetTreats"", ""organic"": true, ""expiration_days"": 72}",True
4276,22,99,Classic Sports Performance,ORX-42-04276,117.26,80.5,High quality classic sports performance from AquaFlow.,"{""brand"": ""AquaFlow"", ""material"": ""Wool"", ""weight_kg"": 15.74}",True
4277,27,169,Deluxe Toys Blue,AFD-42-04277,61.41,26.55,High quality deluxe toys blue from PlayTime.,"{""brand"": ""PlayTime"", ""weight_g"": 471}",True
4278,26,173,Smart Toys Site,BGX-42-04278,43.28,21.77,High quality smart toys site from KidZone.,"{""brand"": ""KidZone"", ""weight_g"": 796}",True
4279,24,159,Smart Beauty Wish,MCX-42-04279,83.7,43.91,High quality smart beauty wish from LuxeHair.,"{""brand"": ""LuxeHair"", ""weight_g"": 1333}",True
4280,3,163,Deluxe Home Wait,HKX-42-04280,431.59,249.16,High quality deluxe home wait from ChefChoice.,"{""brand"": ""ChefChoice"", ""material"": ""Wood"", ""weight_kg"": 1.82}",True
4281,23,192,Smart Sports Concern,CBX-42-04281,441.91,194.64,High quality smart sports concern from TrailBlaze.,"{""brand"": ""TrailBlaze"", ""material"": ""Glass"", ""weight_kg"": 15.37}",True
4282,7,121,Smart Toys Attention,TGX-42-04282,58.08,41.9,High quality smart toys attention from BrickBuilder.,"{""brand"": ""BrickBuilder"", ""weight_g"": 1055}",True
4283,29,50,Ultra Grocery Himself,BXY-42-04283,30.0,12.47,High quality ultra grocery himself from TastyBites.,"{""brand"": ""TastyBites"", ""organic"": true, ""expiration_days"": 92}",True
4284,6,38,Classic Books Decide,BXY-42-04284,24.5,14.96,High quality classic books decide from Springer.,"{""brand"": ""Springer"", ""weight_g"": 133}",True
4285,30,149,Eco Grocery Ground,SSX-42-04285,2.66,1.48,High quality eco grocery ground from OrganicWay.,"{""brand"": ""OrganicWay"", ""organic"": false, ""expiration_days"": 278}",True
4286,7,112,Pro Toys Deep,TGX-42-04286,71.11,36.15,High quality pro toys deep from KidZone.,"{""brand"": ""KidZone"", ""weight_g"": 573}",True
4287,1,108,Pro Electronics Physical,EXY-42-04287,55.64,30.1,High quality pro electronics physical from Volt.,"{""brand"": ""Volt"", ""color"": ""Green"", ""weight_kg"": 0.2, ""warranty_years"": 5}",True
4288,13,139,Smart Electronics Three,AHX-42-04288,295.71,206.76,High quality smart electronics three from Sonyx.,"{""brand"": ""Sonyx"", ""color"": ""White"", ""weight_kg"": 6.94, ""warranty_years"": 2}",True
4289,26,173,Smart Toys International,BGX-42-04289,80.95,35.98,High quality smart toys international from BrickBuilder.,"{""brand"": ""BrickBuilder"", ""weight_g"": 1081}",True
4290,14,158,Smart Electronics Can,SHD-42-04290,1917.61,877.81,High quality smart electronics can from Volt.,"{""brand"": ""Volt"", ""color"": ""Yellow"", ""weight_kg"": 1.16, ""warranty_years"": 3}",True
4291,23,192,Deluxe Sports Early,CBX-42-04291,111.67,52.72,High quality deluxe sports early from PeakGear.,"{""brand"": ""PeakGear"", ""material"": ""Metal"", ""weight_kg"": 18.19}",True
4292,12,137,Smart Electronics This,LCX-42-04292,1180.73,818.82,High quality smart electronics this from Sonyx.,"{""brand"": ""Sonyx"", ""color"": ""Black"", ""weight_kg"": 7.21, ""warranty_years"": 5}",True
4293,22,100,Classic Sports Language,ORX-42-04293,21.07,10.44,High quality classic sports language from TrailBlaze.,"{""brand"": ""TrailBlaze"", ""material"": ""Polyester"", ""weight_kg"": 4.95}",True
4294,9,191,Classic Grocery Share,GGF-42-04294,45.88,21.65,High quality classic grocery share from NatureDrop.,"{""brand"": ""NatureDrop"", ""organic"": true, ""expiration_days"": 67}",True
4295,17,175,Pro Apparel Money,FSX-42-04295,68.76,48.21,High quality pro apparel money from ActiveFit.,"{""brand"": ""ActiveFit"", ""color"": ""White"", ""size"": ""S"", ""material"": ""Metal""}",True
4296,6,28,Ultra Books Family,BXY-42-04296,10.09,5.41,High quality ultra books family from Packt.,"{""brand"": ""Packt"", ""weight_g"": 1191}",True
4297,22,65,Classic Sports Southern,ORX-42-04297,239.55,155.14,High quality classic sports southern from TrailBlaze.,"{""brand"": ""TrailBlaze"", ""material"": ""Wood"", ""weight_kg"": 6.68}",True
4298,17,27,Classic Apparel Sell,FSX-42-04298,25.8,14.03,High quality classic apparel sell from UrbanStyle.,"{""brand"": ""UrbanStyle"", ""color"": ""Blue"", ""size"": ""M"", ""material"": ""Plastic""}",True
4299,19,51,Pro Home Space,FXY-42-04299,146.03,90.24,High quality pro home space from DecoHome.,"{""brand"": ""DecoHome"", ""material"": ""Polyester"", ""weight_kg"": 5.61}",True
4300,28,145,Classic Automotive Party,CCX-42-04300,62.06,39.8,High quality classic automotive party from TireSafe.,"{""brand"": ""TireSafe"", ""weight_g"": 413}",True
4301,16,111,Pro Apparel Personal,FXY-42-04301,97.63,56.81,High quality pro apparel personal from DenimCo.,"{""brand"": ""DenimCo"", ""color"": ""Blue"", ""size"": ""XL"", ""material"": ""Leather""}",True
4302,12,150,Deluxe Electronics Explain,LCX-42-04302,1126.82,479.09,High quality deluxe electronics explain from Volt.,"{""brand"": ""Volt"", ""color"": ""White"", ""weight_kg"": 3.94, ""warranty_years"": 1}",True
4303,19,75,Smart Home Something,FXY-42-04303,187.75,128.59,High quality smart home something from KitchenAid.,"{""brand"": ""KitchenAid"", ""material"": ""Metal"", ""weight_kg"": 4.89}",True
4304,26,121,Smart Toys Strategy,BGX-42-04304,104.05,48.61,High quality smart toys strategy from PlayTime.,"{""brand"": ""PlayTime"", ""weight_g"": 1441}",True
4305,26,121,Deluxe Toys Suddenly,BGX-42-04305,103.45,45.54,High quality deluxe toys suddenly from PlayTime.,"{""brand"": ""PlayTime"", ""weight_g"": 117}",True
4306,4,65,Classic Sports Quickly,SOX-42-04306,45.59,27.97,High quality classic sports quickly from FitPulse.,"{""brand"": ""FitPulse"", ""material"": ""Cotton"", ""weight_kg"": 8.04}",True
4307,6,52,Smart Books Yes,BXY-42-04307,37.71,18.4,High quality smart books yes from Harper.,"{""brand"": ""Harper"", ""weight_g"": 202}",True
4308,9,171,Deluxe Grocery Instead,GGF-42-04308,30.98,13.34,High quality deluxe grocery instead from SweetTreats.,"{""brand"": ""SweetTreats"", ""organic"": true, ""expiration_days"": 206}",True
4309,25,199,Pro Beauty Heart,SCX-42-04309,136.58,66.59,High quality pro beauty heart from GlowUp.,"{""brand"": ""GlowUp"", ""weight_g"": 688}",True
4310,27,173,Smart Toys Maybe,AFD-42-04310,117.88,74.33,High quality smart toys maybe from PlayTime.,"{""brand"": ""PlayTime"", ""weight_g"": 751}",True
4311,29,152,Premium Grocery Reflect,BXY-42-04311,12.76,8.06,High quality premium grocery reflect from SweetTreats.,"{""brand"": ""SweetTreats"", ""organic"": false, ""expiration_days"": 323}",True
4312,19,79,Pro Home Player,FXY-42-04312,377.51,181.55,High quality pro home player from DecoHome.,"{""brand"": ""DecoHome"", ""material"": ""Cotton"", ""weight_kg"": 14.81}",True
4313,13,56,Ultra Electronics Interview,AHX-42-04313,109.21,50.61,High quality ultra electronics interview from Quant.,"{""brand"": ""Quant"", ""color"": ""Silver"", ""weight_kg"": 3.52, ""warranty_years"": 2}",True
4314,22,72,Pro Sports Memory,ORX-42-04314,33.28,19.24,High quality pro sports memory from AquaFlow.,"{""brand"": ""AquaFlow"", ""material"": ""Wool"", ""weight_kg"": 22.45}",True
4315,30,86,Eco Grocery Much,SSX-42-04315,31.78,17.93,High quality eco grocery much from NatureDrop.,"{""brand"": ""NatureDrop"", ""organic"": false, ""expiration_days"": 359}",True
4316,15,162,Pro Apparel Family,FXY-42-04316,47.14,31.53,High quality pro apparel family from DenimCo.,"{""brand"": ""DenimCo"", ""color"": ""Black"", ""size"": ""XS"", ""material"": ""Polyester""}",True
4317,22,97,Deluxe Sports Choice,ORX-42-04317,157.59,97.15,High quality deluxe sports choice from AquaFlow.,"{""brand"": ""AquaFlow"", ""material"": ""Glass"", ""weight_kg"": 5.54}",True
4318,26,26,Premium Toys Special,BGX-42-04318,90.32,63.0,High quality premium toys special from KidZone.,"{""brand"": ""KidZone"", ""weight_g"": 1090}",True
4319,11,107,Deluxe Electronics Look,SXY-42-04319,1026.6,657.79,High quality deluxe electronics look from AudioMax.,"{""brand"": ""AudioMax"", ""color"": ""Pink"", ""weight_kg"": 3.42, ""warranty_years"": 1}",True
4320,2,122,Ultra Apparel Box,AXY-42-04320,75.17,45.98,High quality ultra apparel box from ActiveFit.,"{""brand"": ""ActiveFit"", ""color"": ""Pink"", ""size"": ""L"", ""material"": ""Glass""}",True
4321,28,187,Eco Automotive Can,CCX-42-04321,91.54,43.43,High quality eco automotive can from DriveClean.,"{""brand"": ""DriveClean"", ""weight_g"": 891}",True
4322,9,46,Pro Grocery Enough,GGF-42-04322,44.42,18.56,High quality pro grocery enough from TastyBites.,"{""brand"": ""TastyBites"", ""organic"": true, ""expiration_days"": 260}",True
4323,13,158,Deluxe Electronics Might,AHX-42-04323,995.73,546.16,High quality deluxe electronics might from Volt.,"{""brand"": ""Volt"", ""color"": ""Navy"", ""weight_kg"": 3.21, ""warranty_years"": 3}",True
4324,24,57,Pro Beauty Modern,MCX-42-04324,80.15,50.46,High quality pro beauty modern from LuxeHair.,"{""brand"": ""LuxeHair"", ""weight_g"": 1317}",True
4325,9,171,Eco Grocery During,GGF-42-04325,32.38,23.97,High quality eco grocery during from OrganicWay.,"{""brand"": ""OrganicWay"", ""organic"": false, ""expiration_days"": 191}",True
4326,27,173,Deluxe Toys Production,AFD-42-04326,99.01,47.87,High quality deluxe toys production from KidZone.,"{""brand"": ""KidZone"", ""weight_g"": 567}",True
4327,28,130,Ultra Automotive Yes,CCX-42-04327,196.09,127.64,High quality ultra automotive yes from MotorMax.,"{""brand"": ""MotorMax"", ""weight_g"": 98}",True
4328,25,57,Smart Beauty Center,SCX-42-04328,39.99,22.93,High quality smart beauty center from GlowUp.,"{""brand"": ""GlowUp"", ""weight_g"": 1195}",True
4329,24,53,Smart Beauty All,MCX-42-04329,103.49,68.49,High quality smart beauty all from LuxeHair.,"{""brand"": ""LuxeHair"", ""weight_g"": 694}",True
4330,29,45,Premium Grocery Bit,BXY-42-04330,32.8,16.09,High quality premium grocery bit from TastyBites.,"{""brand"": ""TastyBites"", ""organic"": false, ""expiration_days"": 188}",True
4331,9,167,Pro Grocery Sing,GGF-42-04331,43.61,17.94,High quality pro grocery sing from OrganicWay.,"{""brand"": ""OrganicWay"", ""organic"": false, ""expiration_days"": 127}",True
4332,18,42,Pro Home Argue,KAX-42-04332,171.0,100.34,High quality pro home argue from DecoHome.,"{""brand"": ""DecoHome"", ""material"": ""Wool"", ""weight_kg"": 18.18}",True
4333,4,78,Eco Sports Then,SOX-42-04333,206.51,110.05,High quality eco sports then from PeakGear.,"{""brand"": ""PeakGear"", ""material"": ""Metal"", ""weight_kg"": 20.38}",True
4334,1,108,Deluxe Electronics Author,EXY-42-04334,458.39,216.89,High quality deluxe electronics author from Volt.,"{""brand"": ""Volt"", ""color"": ""White"", ""weight_kg"": 2.88, ""warranty_years"": 5}",True
4335,7,26,Deluxe Toys Moment,TGX-42-04335,99.19,64.2,High quality deluxe toys moment from PlayTime.,"{""brand"": ""PlayTime"", ""weight_g"": 693}",True
4336,4,39,Pro Sports Resource,SOX-42-04336,402.07,284.6,High quality pro sports resource from FitPulse.,"{""brand"": ""FitPulse"", ""material"": ""Leather"", ""weight_kg"": 21.8}",True
4337,15,165,Classic Apparel Agreement,FXY-42-04337,120.47,56.87,High quality classic apparel agreement from DenimCo.,"{""brand"": ""DenimCo"", ""color"": ""Yellow"", ""size"": ""M"", ""material"": ""Wood""}",True
4338,9,116,Ultra Grocery Country,GGF-42-04338,43.46,28.72,High quality ultra grocery country from TastyBites.,"{""brand"": ""TastyBites"", ""organic"": true, ""expiration_days"": 258}",True
4339,7,169,Classic Toys Idea,TGX-42-04339,78.13,38.48,High quality classic toys idea from BrickBuilder.,"{""brand"": ""BrickBuilder"", ""weight_g"": 159}",True
4340,23,190,Premium Sports Point,CBX-42-04340,289.91,198.98,High quality premium sports point from PeakGear.,"{""brand"": ""PeakGear"", ""material"": ""Polyester"", ""weight_kg"": 1.02}",True
4341,21,123,Smart Sports Respond,FGX-42-04341,220.92,125.71,High quality smart sports respond from PeakGear.,"{""brand"": ""PeakGear"", ""material"": ""Plastic"", ""weight_kg"": 3.32}",True
4342,10,182,Pro Office Products General,OPX-42-04342,26.97,19.11,High quality pro office products general from DeskWork.,"{""brand"": ""DeskWork"", ""weight_g"": 464}",True
4343,17,59,Premium Apparel Claim,FSX-42-04343,199.21,139.86,High quality premium apparel claim from DenimCo.,"{""brand"": ""DenimCo"", ""color"": ""White"", ""size"": ""M"", ""material"": ""Metal""}",True
4344,7,96,Classic Toys Floor,TGX-42-04344,59.19,37.25,High quality classic toys floor from KidZone.,"{""brand"": ""KidZone"", ""weight_g"": 1131}",True
4345,19,42,Deluxe Home Pretty,FXY-42-04345,686.19,279.98,High quality deluxe home pretty from CozyLiving.,"{""brand"": ""CozyLiving"", ""material"": ""Wool"", ""weight_kg"": 10.54}",True
4346,6,143,Smart Books Price,BXY-42-04346,10.09,5.46,High quality smart books price from Packt.,"{""brand"": ""Packt"", ""weight_g"": 734}",True
4347,14,150,Eco Electronics Big,SHD-42-04347,951.48,540.74,High quality eco electronics big from AudioMax.,"{""brand"": ""AudioMax"", ""color"": ""Pink"", ""weight_kg"": 5.47, ""warranty_years"": 1}",True
4348,6,185,Pro Books Soon,BXY-42-04348,21.13,14.98,High quality pro books soon from Penguin.,"{""brand"": ""Penguin"", ""weight_g"": 497}",True
4349,19,19,Classic Home Ball,FXY-42-04349,114.99,65.8,High quality classic home ball from CozyLiving.,"{""brand"": ""CozyLiving"", ""material"": ""Metal"", ""weight_kg"": 24.02}",True
4350,4,180,Ultra Sports Recent,SOX-42-04350,369.53,174.6,High quality ultra sports recent from AquaFlow.,"{""brand"": ""AquaFlow"", ""material"": ""Wood"", ""weight_kg"": 23.41}",True
4351,15,9,Deluxe Apparel Society,FXY-42-04351,73.55,47.27,High quality deluxe apparel society from ThreadWear.,"{""brand"": ""ThreadWear"", ""color"": ""Yellow"", ""size"": ""XL"", ""material"": ""Polyester""}",True
4352,25,7,Deluxe Beauty Nature,SCX-42-04352,96.06,63.77,High quality deluxe beauty nature from HerbEssentials.,"{""brand"": ""HerbEssentials"", ""weight_g"": 293}",True
4353,29,2,Pro Grocery Speak,BXY-42-04353,41.3,20.38,High quality pro grocery speak from OrganicWay.,"{""brand"": ""OrganicWay"", ""organic"": false, ""expiration_days"": 280}",True
4354,7,154,Smart Toys Mind,TGX-42-04354,84.88,42.91,High quality smart toys mind from BoardFun.,"{""brand"": ""BoardFun"", ""weight_g"": 1099}",True
4355,7,21,Deluxe Toys Structure,TGX-42-04355,35.08,20.39,High quality deluxe toys structure from BoardFun.,"{""brand"": ""BoardFun"", ""weight_g"": 997}",True
4356,7,112,Classic Toys Man,TGX-42-04356,112.27,57.82,High quality classic toys man from PlayTime.,"{""brand"": ""PlayTime"", ""weight_g"": 646}",True
4357,29,46,Smart Grocery Defense,BXY-42-04357,31.77,18.04,High quality smart grocery defense from OrganicWay.,"{""brand"": ""OrganicWay"", ""organic"": true, ""expiration_days"": 106}",True
4358,4,119,Ultra Sports Finally,SOX-42-04358,279.27,191.78,High quality ultra sports finally from AquaFlow.,"{""brand"": ""AquaFlow"", ""material"": ""Metal"", ""weight_kg"": 6.52}",True
4359,3,82,Eco Home Recently,HKX-42-04359,401.57,233.61,High quality eco home recently from CozyLiving.,"{""brand"": ""CozyLiving"", ""material"": ""Metal"", ""weight_kg"": 24.85}",True
4360,29,3,Classic Grocery Modern,BXY-42-04360,28.44,17.94,High quality classic grocery modern from TastyBites.,"{""brand"": ""TastyBites"", ""organic"": true, ""expiration_days"": 112}",True
4361,6,14,Pro Books Military,BXY-42-04361,41.2,29.28,High quality pro books military from Penguin.,"{""brand"": ""Penguin"", ""weight_g"": 750}",True
4362,5,80,Premium Beauty Mother,BPC-42-04362,94.8,63.84,High quality premium beauty mother from HerbEssentials.,"{""brand"": ""HerbEssentials"", ""weight_g"": 375}",True
4363,7,173,Smart Toys Every,TGX-42-04363,14.15,6.31,High quality smart toys every from KidZone.,"{""brand"": ""KidZone"", ""weight_g"": 830}",True
4364,7,70,Ultra Toys Occur,TGX-42-04364,12.35,7.54,High quality ultra toys occur from BrickBuilder.,"{""brand"": ""BrickBuilder"", ""weight_g"": 783}",True
4365,28,141,Ultra Automotive Gun,CCX-42-04365,109.02,80.58,High quality ultra automotive gun from AutoPro.,"{""brand"": ""AutoPro"", ""weight_g"": 951}",True
4366,20,146,Classic Home Table,BBX-42-04366,480.64,327.38,High quality classic home table from KitchenAid.,"{""brand"": ""KitchenAid"", ""material"": ""Wool"", ""weight_kg"": 17.22}",True
4367,7,26,Eco Toys Trade,TGX-42-04367,12.83,5.79,High quality eco toys trade from BoardFun.,"{""brand"": ""BoardFun"", ""weight_g"": 490}",True
4368,3,115,Premium Home Now,HKX-42-04368,781.47,401.85,High quality premium home now from CozyLiving.,"{""brand"": ""CozyLiving"", ""material"": ""Wool"", ""weight_kg"": 5.41}",True
4369,22,136,Eco Sports Office,ORX-42-04369,74.32,30.74,High quality eco sports office from AquaFlow.,"{""brand"": ""AquaFlow"", ""material"": ""Wool"", ""weight_kg"": 20.29}",True
4370,2,85,Eco Apparel Affect,AXY-42-04370,110.39,48.96,High quality eco apparel affect from ThreadWear.,"{""brand"": ""ThreadWear"", ""color"": ""Navy"", ""size"": ""S"", ""material"": ""Cotton""}",True
4371,30,86,Pro Grocery South,SSX-42-04371,16.27,8.15,High quality pro grocery south from TastyBites.,"{""brand"": ""TastyBites"", ""organic"": false, ""expiration_days"": 237}",True
4372,25,199,Ultra Beauty Almost,SCX-42-04372,75.38,41.95,High quality ultra beauty almost from SilkSkin.,"{""brand"": ""SilkSkin"", ""weight_g"": 604}",True
4373,27,179,Ultra Toys Law,AFD-42-04373,46.25,29.51,High quality ultra toys law from PlayTime.,"{""brand"": ""PlayTime"", ""weight_g"": 817}",True
4374,28,35,Deluxe Automotive Up,CCX-42-04374,163.06,92.96,High quality deluxe automotive up from DriveClean.,"{""brand"": ""DriveClean"", ""weight_g"": 1105}",True
4375,28,41,Ultra Automotive Who,CCX-42-04375,133.79,66.37,High quality ultra automotive who from MotorMax.,"{""brand"": ""MotorMax"", ""weight_g"": 251}",True
4376,17,88,Eco Apparel By,FSX-42-04376,45.09,23.75,High quality eco apparel by from DenimCo.,"{""brand"": ""DenimCo"", ""color"": ""Green"", ""size"": ""XL"", ""material"": ""Polyester""}",True
4377,11,174,Premium Electronics Identify,SXY-42-04377,690.13,285.96,High quality premium electronics identify from LinkSys.,"{""brand"": ""LinkSys"", ""color"": ""White"", ""weight_kg"": 4.64, ""warranty_years"": 3}",True
4378,28,105,Pro Automotive Listen,CCX-42-04378,82.23,47.33,High quality pro automotive listen from AutoPro.,"{""brand"": ""AutoPro"", ""weight_g"": 1432}",True
4379,26,96,Classic Toys Forward,BGX-42-04379,11.64,7.54,High quality classic toys forward from BoardFun.,"{""brand"": ""BoardFun"", ""weight_g"": 1248}",True
4380,24,15,Eco Beauty Tonight,MCX-42-04380,133.29,92.75,High quality eco beauty tonight from GlowUp.,"{""brand"": ""GlowUp"", ""weight_g"": 1095}",True
4381,19,20,Eco Home However,FXY-42-04381,528.71,264.8,High quality eco home however from CozyLiving.,"{""brand"": ""CozyLiving"", ""material"": ""Cotton"", ""weight_kg"": 6.31}",True
4382,11,8,Smart Electronics Level,SXY-42-04382,898.37,626.82,High quality smart electronics level from Volt.,"{""brand"": ""Volt"", ""color"": ""Blue"", ""weight_kg"": 6.29, ""warranty_years"": 2}",True
4383,12,158,Deluxe Electronics Machine,LCX-42-04383,678.63,392.77,High quality deluxe electronics machine from TechCo.,"{""brand"": ""TechCo"", ""color"": ""Pink"", ""weight_kg"": 6.08, ""warranty_years"": 2}",True
4384,22,71,Classic Sports Also,ORX-42-04384,226.09,151.84,High quality classic sports also from AquaFlow.,"{""brand"": ""AquaFlow"", ""material"": ""Glass"", ""weight_kg"": 15.88}",True
4385,30,152,Ultra Grocery Alone,SSX-42-04385,15.03,9.03,High quality ultra grocery alone from NatureDrop.,"{""brand"": ""NatureDrop"", ""organic"": false, ""expiration_days"": 70}",True
4386,5,47,Classic Beauty Cost,BPC-42-04386,79.58,35.96,High quality classic beauty cost from SilkSkin.,"{""brand"": ""SilkSkin"", ""weight_g"": 1038}",True
4387,20,98,Premium Home Onto,BBX-42-04387,498.32,202.3,High quality premium home onto from CozyLiving.,"{""brand"": ""CozyLiving"", ""material"": ""Plastic"", ""weight_kg"": 22.37}",True
4388,20,54,Eco Home Receive,BBX-42-04388,444.72,226.22,High quality eco home receive from ChefChoice.,"{""brand"": ""ChefChoice"", ""material"": ""Glass"", ""weight_kg"": 22.46}",True
4389,30,13,Eco Grocery Traditional,SSX-42-04389,22.95,10.24,High quality eco grocery traditional from NatureDrop.,"{""brand"": ""NatureDrop"", ""organic"": false, ""expiration_days"": 347}",True
4390,28,176,Smart Automotive State,CCX-42-04390,39.64,20.43,High quality smart automotive state from DriveClean.,"{""brand"": ""DriveClean"", ""weight_g"": 753}",True
4391,29,2,Pro Grocery Floor,BXY-42-04391,46.65,31.34,High quality pro grocery floor from SweetTreats.,"{""brand"": ""SweetTreats"", ""organic"": false, ""expiration_days"": 329}",True
4392,24,189,Deluxe Beauty Usually,MCX-42-04392,8.02,4.05,High quality deluxe beauty usually from SilkSkin.,"{""brand"": ""SilkSkin"", ""weight_g"": 363}",True
4393,16,34,Ultra Apparel Seat,FXY-42-04393,139.11,74.99,High quality ultra apparel seat from ThreadWear.,"{""brand"": ""ThreadWear"", ""color"": ""Red"", ""size"": ""M"", ""material"": ""Polyester""}",True
4394,23,166,Eco Sports Community,CBX-42-04394,104.97,45.78,High quality eco sports community from PeakGear.,"{""brand"": ""PeakGear"", ""material"": ""Cotton"", ""weight_kg"": 8.81}",True
4395,12,93,Classic Electronics Million,LCX-42-04395,1120.26,757.98,High quality classic electronics million from Volt.,"{""brand"": ""Volt"", ""color"": ""Navy"", ""weight_kg"": 7.71, ""warranty_years"": 3}",True
4396,30,129,Pro Grocery Lawyer,SSX-42-04396,40.47,29.76,High quality pro grocery lawyer from TastyBites.,"{""brand"": ""TastyBites"", ""organic"": true, ""expiration_days"": 200}",True
4397,26,173,Deluxe Toys Center,BGX-42-04397,63.2,46.75,High quality deluxe toys center from KidZone.,"{""brand"": ""KidZone"", ""weight_g"": 899}",True
4398,17,12,Classic Apparel Forget,FSX-42-04398,116.49,78.49,High quality classic apparel forget from ThreadWear.,"{""brand"": ""ThreadWear"", ""color"": ""Red"", ""size"": ""XXL"", ""material"": ""Polyester""}",True
4399,1,109,Classic Electronics Senior,EXY-42-04399,846.4,551.12,High quality classic electronics senior from Sonyx.,"{""brand"": ""Sonyx"", ""color"": ""White"", ""weight_kg"": 3.84, ""warranty_years"": 3}",True
4400,30,60,Deluxe Grocery Improve,SSX-42-04400,34.66,20.65,High quality deluxe grocery improve from TastyBites.,"{""brand"": ""TastyBites"", ""organic"": true, ""expiration_days"": 330}",True
4401,23,160,Pro Sports Method,CBX-42-04401,231.11,111.17,High quality pro sports method from AquaFlow.,"{""brand"": ""AquaFlow"", ""material"": ""Cotton"", ""weight_kg"": 19.57}",True
4402,20,147,Eco Home South,BBX-42-04402,772.94,544.63,High quality eco home south from ChefChoice.,"{""brand"": ""ChefChoice"", ""material"": ""Cotton"", ""weight_kg"": 13.33}",True
4403,29,155,Eco Grocery Break,BXY-42-04403,49.2,29.09,High quality eco grocery break from OrganicWay.,"{""brand"": ""OrganicWay"", ""organic"": true, ""expiration_days"": 27}",True
4404,12,93,Smart Electronics Outside,LCX-42-04404,1584.31,939.74,High quality smart electronics outside from TechCo.,"{""brand"": ""TechCo"", ""color"": ""White"", ""weight_kg"": 0.95, ""warranty_years"": 2}",True
4405,6,14,Premium Books Republican,BXY-42-04405,19.65,9.82,High quality premium books republican from Springer.,"{""brand"": ""Springer"", ""weight_g"": 1500}",True
4406,7,173,Ultra Toys Military,TGX-42-04406,84.57,40.85,High quality ultra toys military from KidZone.,"{""brand"": ""KidZone"", ""weight_g"": 547}",True
4407,16,153,Eco Apparel Receive,FXY-42-04407,18.09,13.0,High quality eco apparel receive from Vogue.,"{""brand"": ""Vogue"", ""color"": ""Pink"", ""size"": ""XL"", ""material"": ""Glass""}",True
4408,17,49,Premium Apparel Once,FSX-42-04408,189.29,141.59,High quality premium apparel once from UrbanStyle.,"{""brand"": ""UrbanStyle"", ""color"": ""Pink"", ""size"": ""XL"", ""material"": ""Leather""}",True
4409,17,85,Smart Apparel Reveal,FSX-42-04409,63.83,46.51,High quality smart apparel reveal from ThreadWear.,"{""brand"": ""ThreadWear"", ""color"": ""Green"", ""size"": ""L"", ""material"": ""Wood""}",True
4410,13,87,Deluxe Electronics Notice,AHX-42-04410,1500.51,743.56,High quality deluxe electronics notice from Sonyx.,"{""brand"": ""Sonyx"", ""color"": ""Black"", ""weight_kg"": 4.4, ""warranty_years"": 3}",True
4411,17,177,Eco Apparel Owner,FSX-42-04411,27.61,13.88,High quality eco apparel owner from DenimCo.,"{""brand"": ""DenimCo"", ""color"": ""Green"", ""size"": ""M"", ""material"": ""Glass""}",True
4412,9,31,Classic Grocery Many,GGF-42-04412,36.94,20.12,High quality classic grocery many from OrganicWay.,"{""brand"": ""OrganicWay"", ""organic"": false, ""expiration_days"": 247}",True
4413,21,136,Ultra Sports Maybe,FGX-42-04413,101.09,64.64,High quality ultra sports maybe from AquaFlow.,"{""brand"": ""AquaFlow"", ""material"": ""Wood"", ""weight_kg"": 10.46}",True
4414,15,162,Premium Apparel Or,FXY-42-04414,159.13,81.88,High quality premium apparel or from UrbanStyle.,"{""brand"": ""UrbanStyle"", ""color"": ""Yellow"", ""size"": ""L"", ""material"": ""Metal""}",True
4415,9,172,Smart Grocery Too,GGF-42-04415,29.19,14.85,High quality smart grocery too from SweetTreats.,"{""brand"": ""SweetTreats"", ""organic"": true, ""expiration_days"": 166}",True
4416,30,46,Deluxe Grocery Close,SSX-42-04416,20.43,12.53,High quality deluxe grocery close from NatureDrop.,"{""brand"": ""NatureDrop"", ""organic"": true, ""expiration_days"": 57}",True
4417,26,96,Classic Toys Move,BGX-42-04417,46.33,25.62,High quality classic toys move from BrickBuilder.,"{""brand"": ""BrickBuilder"", ""weight_g"": 451}",True
4418,20,51,Pro Home Arrive,BBX-42-04418,23.04,10.45,High quality pro home arrive from KitchenAid.,"{""brand"": ""KitchenAid"", ""material"": ""Wood"", ""weight_kg"": 7.07}",True
4419,19,79,Deluxe Home Include,FXY-42-04419,321.52,203.74,High quality deluxe home include from KitchenAid.,"{""brand"": ""KitchenAid"", ""material"": ""Polyester"", ""weight_kg"": 16.7}",True
4420,18,29,Deluxe Home Everyone,KAX-42-04420,674.23,405.74,High quality deluxe home everyone from DecoHome.,"{""brand"": ""DecoHome"", ""material"": ""Leather"", ""weight_kg"": 16.79}",True
4421,21,166,Classic Sports Miss,FGX-42-04421,487.51,305.16,High quality classic sports miss from AquaFlow.,"{""brand"": ""AquaFlow"", ""material"": ""Glass"", ""weight_kg"": 3.87}",True
4422,29,3,Pro Grocery Perhaps,BXY-42-04422,12.87,6.08,High quality pro grocery perhaps from NatureDrop.,"{""brand"": ""NatureDrop"", ""organic"": true, ""expiration_days"": 208}",True
4423,22,180,Pro Sports Huge,ORX-42-04423,36.84,21.37,High quality pro sports huge from FitPulse.,"{""brand"": ""FitPulse"", ""material"": ""Plastic"", ""weight_kg"": 12.65}",True
4424,8,30,Classic Automotive Practice,AXY-42-04424,278.83,188.36,High quality classic automotive practice from TireSafe.,"{""brand"": ""TireSafe"", ""weight_g"": 1455}",True
4425,26,96,Pro Toys Require,BGX-42-04425,84.34,47.0,High quality pro toys require from BoardFun.,"{""brand"": ""BoardFun"", ""weight_g"": 992}",True
4426,17,111,Classic Apparel Head,FSX-42-04426,116.71,46.77,High quality classic apparel head from ActiveFit.,"{""brand"": ""ActiveFit"", ""color"": ""White"", ""size"": ""XXL"", ""material"": ""Wool""}",True
4427,30,116,Pro Grocery Space,SSX-42-04427,32.59,18.5,High quality pro grocery space from NatureDrop.,"{""brand"": ""NatureDrop"", ""organic"": false, ""expiration_days"": 318}",True
4428,9,43,Ultra Grocery Feel,GGF-42-04428,48.47,34.92,High quality ultra grocery feel from SweetTreats.,"{""brand"": ""SweetTreats"", ""organic"": true, ""expiration_days"": 198}",True
4429,14,56,Ultra Electronics Full,SHD-42-04429,525.61,290.16,High quality ultra electronics full from Volt.,"{""brand"": ""Volt"", ""color"": ""Red"", ""weight_kg"": 1.5, ""warranty_years"": 1}",True
4430,10,62,Pro Office Products Ask,OPX-42-04430,9.69,6.2,High quality pro office products ask from DeskWork.,"{""brand"": ""DeskWork"", ""weight_g"": 562}",True
4431,15,177,Premium Apparel Ahead,FXY-42-04431,28.95,15.32,High quality premium apparel ahead from Vogue.,"{""brand"": ""Vogue"", ""color"": ""Blue"", ""size"": ""XS"", ""material"": ""Polyester""}",True
4432,19,106,Premium Home Performance,FXY-42-04432,287.87,210.27,High quality premium home performance from CozyLiving.,"{""brand"": ""CozyLiving"", ""material"": ""Wood"", ""weight_kg"": 9.66}",True
4433,4,78,Smart Sports Answer,SOX-42-04433,115.78,81.94,High quality smart sports answer from FitPulse.,"{""brand"": ""FitPulse"", ""material"": ""Cotton"", ""weight_kg"": 13.81}",True
4434,21,83,Deluxe Sports Career,FGX-42-04434,494.5,355.72,High quality deluxe sports career from TrailBlaze.,"{""brand"": ""TrailBlaze"", ""material"": ""Glass"", ""weight_kg"": 22.53}",True
4435,14,139,Pro Electronics Third,SHD-42-04435,1990.3,925.8,High quality pro electronics third from AudioMax.,"{""brand"": ""AudioMax"", ""color"": ""Navy"", ""weight_kg"": 5.57, ""warranty_years"": 1}",True
4436,25,53,Premium Beauty Hit,SCX-42-04436,23.68,11.17,High quality premium beauty hit from GlowUp.,"{""brand"": ""GlowUp"", ""weight_g"": 873}",True
4437,2,193,Premium Apparel Happy,AXY-42-04437,162.08,99.75,High quality premium apparel happy from DenimCo.,"{""brand"": ""DenimCo"", ""color"": ""Black"", ""size"": ""XS"", ""material"": ""Plastic""}",True
4438,5,33,Classic Beauty Table,BPC-42-04438,92.46,54.09,High quality classic beauty table from LuxeHair.,"{""brand"": ""LuxeHair"", ""weight_g"": 1390}",True
4439,25,199,Deluxe Beauty Site,SCX-42-04439,138.15,83.32,High quality deluxe beauty site from LuxeHair.,"{""brand"": ""LuxeHair"", ""weight_g"": 791}",True
4440,20,138,Pro Home Past,BBX-42-04440,31.43,21.89,High quality pro home past from KitchenAid.,"{""brand"": ""KitchenAid"", ""material"": ""Wool"", ""weight_kg"": 9.11}",True
4441,20,82,Classic Home Agreement,BBX-42-04441,90.11,39.61,High quality classic home agreement from DecoHome.,"{""brand"": ""DecoHome"", ""material"": ""Plastic"", ""weight_kg"": 22.64}",True
4442,17,59,Premium Apparel Southern,FSX-42-04442,18.5,13.5,High quality premium apparel southern from DenimCo.,"{""brand"": ""DenimCo"", ""color"": ""Yellow"", ""size"": ""XXL"", ""material"": ""Plastic""}",True
4443,4,78,Smart Sports Vote,SOX-42-04443,24.87,10.62,High quality smart sports vote from TrailBlaze.,"{""brand"": ""TrailBlaze"", ""material"": ""Wool"", ""weight_kg"": 3.16}",True
4444,18,124,Ultra Home Process,KAX-42-04444,372.78,193.36,High quality ultra home process from ChefChoice.,"{""brand"": ""ChefChoice"", ""material"": ""Polyester"", ""weight_kg"": 7.42}",True
4445,15,73,Classic Apparel Growth,FXY-42-04445,193.62,87.95,High quality classic apparel growth from Vogue.,"{""brand"": ""Vogue"", ""color"": ""White"", ""size"": ""XL"", ""material"": ""Wool""}",True
4446,15,85,Pro Apparel Husband,FXY-42-04446,57.29,24.66,High quality pro apparel husband from DenimCo.,"{""brand"": ""DenimCo"", ""color"": ""Green"", ""size"": ""M"", ""material"": ""Wood""}",True
4447,28,30,Premium Automotive Bill,CCX-42-04447,56.78,26.71,High quality premium automotive bill from TireSafe.,"{""brand"": ""TireSafe"", ""weight_g"": 778}",True
4448,11,109,Classic Electronics Later,SXY-42-04448,63.9,42.62,High quality classic electronics later from Quant.,"{""brand"": ""Quant"", ""color"": ""Blue"", ""weight_kg"": 2.72, ""warranty_years"": 2}",True
4449,14,108,Eco Electronics Hair,SHD-42-04449,1881.55,1341.52,High quality eco electronics hair from Sonyx.,"{""brand"": ""Sonyx"", ""color"": ""Green"", ""weight_kg"": 5.07, ""warranty_years"": 5}",True
4450,24,7,Premium Beauty Heavy,MCX-42-04450,25.88,16.91,High quality premium beauty heavy from GlowUp.,"{""brand"": ""GlowUp"", ""weight_g"": 65}",True
4451,29,86,Eco Grocery Its,BXY-42-04451,45.36,31.57,High quality eco grocery its from SweetTreats.,"{""brand"": ""SweetTreats"", ""organic"": false, ""expiration_days"": 31}",True
4452,14,126,Premium Electronics Have,SHD-42-04452,25.43,14.29,High quality premium electronics have from TechCo.,"{""brand"": ""TechCo"", ""color"": ""Silver"", ""weight_kg"": 0.76, ""warranty_years"": 1}",True
4453,28,141,Ultra Automotive Arrive,CCX-42-04453,138.82,88.96,High quality ultra automotive arrive from DriveClean.,"{""brand"": ""DriveClean"", ""weight_g"": 543}",True
4454,12,150,Ultra Electronics Recently,LCX-42-04454,1595.57,958.97,High quality ultra electronics recently from AudioMax.,"{""brand"": ""AudioMax"", ""color"": ""Gray"", ""weight_kg"": 0.23, ""warranty_years"": 3}",True
4455,9,155,Classic Grocery Election,GGF-42-04455,15.53,9.38,High quality classic grocery election from OrganicWay.,"{""brand"": ""OrganicWay"", ""organic"": false, ""expiration_days"": 179}",True
4456,16,12,Ultra Apparel End,FXY-42-04456,180.31,108.83,High quality ultra apparel end from Vogue.,"{""brand"": ""Vogue"", ""color"": ""White"", ""size"": ""XXL"", ""material"": ""Leather""}",True
4457,2,34,Classic Apparel Easy,AXY-42-04457,61.57,33.16,High quality classic apparel easy from DenimCo.,"{""brand"": ""DenimCo"", ""color"": ""Pink"", ""size"": ""M"", ""material"": ""Plastic""}",True
4458,24,15,Premium Beauty Raise,MCX-42-04458,88.16,39.67,High quality premium beauty raise from HerbEssentials.,"{""brand"": ""HerbEssentials"", ""weight_g"": 190}",True
4459,28,196,Classic Automotive Forget,CCX-42-04459,272.25,139.68,High quality classic automotive forget from AutoPro.,"{""brand"": ""AutoPro"", ""weight_g"": 697}",True
4460,4,39,Pro Sports Person,SOX-42-04460,305.36,142.49,High quality pro sports person from FitPulse.,"{""brand"": ""FitPulse"", ""material"": ""Leather"", ""weight_kg"": 5.99}",True
4461,14,87,Pro Electronics Become,SHD-42-04461,1532.63,616.55,High quality pro electronics become from AudioMax.,"{""brand"": ""AudioMax"", ""color"": ""Blue"", ""weight_kg"": 5.63, ""warranty_years"": 2}",True
4462,15,177,Deluxe Apparel Whether,FXY-42-04462,175.4,70.34,High quality deluxe apparel whether from UrbanStyle.,"{""brand"": ""UrbanStyle"", ""color"": ""Red"", ""size"": ""XS"", ""material"": ""Wood""}",True
4463,25,53,Premium Beauty Rise,SCX-42-04463,38.83,28.16,High quality premium beauty rise from SilkSkin.,"{""brand"": ""SilkSkin"", ""weight_g"": 246}",True
4464,26,121,Classic Toys Attorney,BGX-42-04464,11.18,8.25,High quality classic toys attorney from KidZone.,"{""brand"": ""KidZone"", ""weight_g"": 175}",True
4465,4,72,Smart Sports Trouble,SOX-42-04465,173.8,112.11,High quality smart sports trouble from TrailBlaze.,"{""brand"": ""TrailBlaze"", ""material"": ""Leather"", ""weight_kg"": 21.63}",True
4466,30,191,Premium Grocery Focus,SSX-42-04466,41.35,27.32,High quality premium grocery focus from SweetTreats.,"{""brand"": ""SweetTreats"", ""organic"": false, ""expiration_days"": 204}",True
4467,17,27,Classic Apparel Building,FSX-42-04467,96.26,58.89,High quality classic apparel building from ThreadWear.,"{""brand"": ""ThreadWear"", ""color"": ""Blue"", ""size"": ""XL"", ""material"": ""Polyester""}",True
4468,16,193,Smart Apparel Green,FXY-42-04468,54.98,35.26,High quality smart apparel green from Vogue.,"{""brand"": ""Vogue"", ""color"": ""Black"", ""size"": ""XXL"", ""material"": ""Polyester""}",True
4469,2,175,Deluxe Apparel Condition,AXY-42-04469,75.96,40.04,High quality deluxe apparel condition from UrbanStyle.,"{""brand"": ""UrbanStyle"", ""color"": ""White"", ""size"": ""L"", ""material"": ""Leather""}",True
4470,8,196,Pro Automotive Again,AXY-42-04470,26.72,16.2,High quality pro automotive again from MotorMax.,"{""brand"": ""MotorMax"", ""weight_g"": 1368}",True
4471,16,9,Classic Apparel Nothing,FXY-42-04471,108.64,70.58,High quality classic apparel nothing from ActiveFit.,"{""brand"": ""ActiveFit"", ""color"": ""Black"", ""size"": ""L"", ""material"": ""Plastic""}",True
4472,23,180,Deluxe Sports Gas,CBX-42-04472,401.71,202.3,High quality deluxe sports gas from FitPulse.,"{""brand"": ""FitPulse"", ""material"": ""Wool"", ""weight_kg"": 24.49}",True
4473,11,126,Pro Electronics Always,SXY-42-04473,421.21,292.46,High quality pro electronics always from TechCo.,"{""brand"": ""TechCo"", ""color"": ""Yellow"", ""weight_kg"": 6.83, ""warranty_years"": 5}",True
4474,28,135,Ultra Automotive Magazine,CCX-42-04474,6.98,3.43,High quality ultra automotive magazine from AutoPro.,"{""brand"": ""AutoPro"", ""weight_g"": 1010}",True
4475,18,146,Eco Home Really,KAX-42-04475,266.47,120.32,High quality eco home really from DecoHome.,"{""brand"": ""DecoHome"", ""material"": ""Glass"", ""weight_kg"": 3.21}",True
4476,22,72,Deluxe Sports Treat,ORX-42-04476,208.28,138.72,High quality deluxe sports treat from AquaFlow.,"{""brand"": ""AquaFlow"", ""material"": ""Polyester"", ""weight_kg"": 3.47}",True
4477,14,109,Premium Electronics Knowledge,SHD-42-04477,1724.27,701.76,High quality premium electronics knowledge from TechCo.,"{""brand"": ""TechCo"", ""color"": ""Navy"", ""weight_kg"": 7.1, ""warranty_years"": 2}",True
4478,14,158,Smart Electronics Out,SHD-42-04478,26.39,16.55,High quality smart electronics out from Volt.,"{""brand"": ""Volt"", ""color"": ""Navy"", ""weight_kg"": 0.13, ""warranty_years"": 1}",True
4479,21,119,Ultra Sports Myself,FGX-42-04479,29.23,20.62,High quality ultra sports myself from AquaFlow.,"{""brand"": ""AquaFlow"", ""material"": ""Wood"", ""weight_kg"": 16.84}",True
4480,17,9,Eco Apparel Week,FSX-42-04480,75.5,52.5,High quality eco apparel week from UrbanStyle.,"{""brand"": ""UrbanStyle"", ""color"": ""Yellow"", ""size"": ""L"", ""material"": ""Glass""}",True
4481,28,176,Eco Automotive Know,CCX-42-04481,236.54,101.62,High quality eco automotive know from TireSafe.,"{""brand"": ""TireSafe"", ""weight_g"": 324}",True
4482,23,100,Premium Sports Example,CBX-42-04482,255.73,181.14,High quality premium sports example from PeakGear.,"{""brand"": ""PeakGear"", ""material"": ""Plastic"", ""weight_kg"": 10.96}",True
4483,21,190,Classic Sports Again,FGX-42-04483,368.95,264.93,High quality classic sports again from AquaFlow.,"{""brand"": ""AquaFlow"", ""material"": ""Cotton"", ""weight_kg"": 24.12}",True
4484,15,59,Classic Apparel Safe,FXY-42-04484,130.79,96.34,High quality classic apparel safe from DenimCo.,"{""brand"": ""DenimCo"", ""color"": ""Navy"", ""size"": ""XXL"", ""material"": ""Polyester""}",True
4485,19,29,Deluxe Home Manager,FXY-42-04485,132.2,69.26,High quality deluxe home manager from KitchenAid.,"{""brand"": ""KitchenAid"", ""material"": ""Leather"", ""weight_kg"": 9.53}",True
4486,8,187,Deluxe Automotive Per,AXY-42-04486,280.46,177.25,High quality deluxe automotive per from MotorMax.,"{""brand"": ""MotorMax"", ""weight_g"": 1136}",True
4487,26,173,Premium Toys Age,BGX-42-04487,77.08,40.32,High quality premium toys age from KidZone.,"{""brand"": ""KidZone"", ""weight_g"": 780}",True
4488,4,118,Deluxe Sports Free,SOX-42-04488,236.15,116.42,High quality deluxe sports free from AquaFlow.,"{""brand"": ""AquaFlow"", ""material"": ""Glass"", ""weight_kg"": 5.13}",True
4489,18,19,Pro Home Huge,KAX-42-04489,447.53,293.48,High quality pro home huge from ChefChoice.,"{""brand"": ""ChefChoice"", ""material"": ""Metal"", ""weight_kg"": 12.99}",True
4490,10,151,Deluxe Office Products Own,OPX-42-04490,45.66,22.08,High quality deluxe office products own from StapleMax.,"{""brand"": ""StapleMax"", ""weight_g"": 1390}",True
4491,18,54,Pro Home In,KAX-42-04491,184.69,89.08,High quality pro home in from ChefChoice.,"{""brand"": ""ChefChoice"", ""material"": ""Polyester"", ""weight_kg"": 4.85}",True
4492,5,189,Ultra Beauty Future,BPC-42-04492,10.23,4.38,High quality ultra beauty future from GlowUp.,"{""brand"": ""GlowUp"", ""weight_g"": 1477}",True
4493,13,174,Premium Electronics Page,AHX-42-04493,523.26,326.59,High quality premium electronics page from Sonyx.,"{""brand"": ""Sonyx"", ""color"": ""Green"", ""weight_kg"": 6.5, ""warranty_years"": 1}",True
4494,19,16,Smart Home Billion,FXY-42-04494,461.35,339.9,High quality smart home billion from DecoHome.,"{""brand"": ""DecoHome"", ""material"": ""Leather"", ""weight_kg"": 9.55}",True
4495,22,39,Deluxe Sports System,ORX-42-04495,110.38,47.1,High quality deluxe sports system from AquaFlow.,"{""brand"": ""AquaFlow"", ""material"": ""Leather"", ""weight_kg"": 1.47}",True
4496,21,100,Eco Sports Middle,FGX-42-04496,267.53,155.29,High quality eco sports middle from AquaFlow.,"{""brand"": ""AquaFlow"", ""material"": ""Plastic"", ""weight_kg"": 6.19}",True
4497,11,158,Ultra Electronics Black,SXY-42-04497,676.34,370.79,High quality ultra electronics black from TechCo.,"{""brand"": ""TechCo"", ""color"": ""Silver"", ""weight_kg"": 4.83, ""warranty_years"": 3}",True
4498,25,95,Smart Beauty Rock,SCX-42-04498,143.64,70.2,High quality smart beauty rock from GlowUp.,"{""brand"": ""GlowUp"", ""weight_g"": 282}",True
4499,6,164,Eco Books Republican,BXY-42-04499,19.35,11.74,High quality eco books republican from Springer.,"{""brand"": ""Springer"", ""weight_g"": 453}",True
4500,10,131,Ultra Office Products Describe,OPX-42-04500,13.1,6.3,High quality ultra office products describe from OfficePro.,"{""brand"": ""OfficePro"", ""weight_g"": 331}",True
4501,19,48,Smart Home Great,FXY-42-04501,79.92,50.0,High quality smart home great from ChefChoice.,"{""brand"": ""ChefChoice"", ""material"": ""Plastic"", ""weight_kg"": 22.69}",True
4502,1,150,Eco Electronics Model,EXY-42-04502,503.7,316.25,High quality eco electronics model from AudioMax.,"{""brand"": ""AudioMax"", ""color"": ""Yellow"", ""weight_kg"": 3.05, ""warranty_years"": 1}",True
4503,11,93,Pro Electronics Morning,SXY-42-04503,1931.56,1240.94,High quality pro electronics morning from AudioMax.,"{""brand"": ""AudioMax"", ""color"": ""Yellow"", ""weight_kg"": 6.27, ""warranty_years"": 1}",True
4504,15,85,Eco Apparel Talk,FXY-42-04504,48.73,35.09,High quality eco apparel talk from ActiveFit.,"{""brand"": ""ActiveFit"", ""color"": ""Gray"", ""size"": ""M"", ""material"": ""Plastic""}",True
4505,7,96,Premium Toys Southern,TGX-42-04505,37.24,26.95,High quality premium toys southern from PlayTime.,"{""brand"": ""PlayTime"", ""weight_g"": 1462}",True
4506,11,108,Ultra Electronics Region,SXY-42-04506,716.4,501.46,High quality ultra electronics region from Quant.,"{""brand"": ""Quant"", ""color"": ""Silver"", ""weight_kg"": 0.5, ""warranty_years"": 3}",True
4507,17,12,Smart Apparel Group,FSX-42-04507,149.28,69.54,High quality smart apparel group from ActiveFit.,"{""brand"": ""ActiveFit"", ""color"": ""Yellow"", ""size"": ""XXL"", ""material"": ""Plastic""}",True
4508,14,84,Ultra Electronics Compare,SHD-42-04508,1766.48,865.23,High quality ultra electronics compare from LinkSys.,"{""brand"": ""LinkSys"", ""color"": ""White"", ""weight_kg"": 3.31, ""warranty_years"": 5}",True
4509,29,149,Smart Grocery Possible,BXY-42-04509,48.87,33.34,High quality smart grocery possible from NatureDrop.,"{""brand"": ""NatureDrop"", ""organic"": false, ""expiration_days"": 18}",True
4510,13,126,Smart Electronics Firm,AHX-42-04510,1522.85,730.57,High quality smart electronics firm from AudioMax.,"{""brand"": ""AudioMax"", ""color"": ""Red"", ""weight_kg"": 2.2, ""warranty_years"": 1}",True
4511,2,177,Deluxe Apparel Himself,AXY-42-04511,22.82,11.52,High quality deluxe apparel himself from DenimCo.,"{""brand"": ""DenimCo"", ""color"": ""Navy"", ""size"": ""L"", ""material"": ""Metal""}",True
4512,20,42,Ultra Home Least,BBX-42-04512,288.81,200.59,High quality ultra home least from KitchenAid.,"{""brand"": ""KitchenAid"", ""material"": ""Cotton"", ""weight_kg"": 3.12}",True
4513,17,25,Smart Apparel Defense,FSX-42-04513,105.94,74.91,High quality smart apparel defense from DenimCo.,"{""brand"": ""DenimCo"", ""color"": ""Navy"", ""size"": ""XL"", ""material"": ""Polyester""}",True
4514,7,26,Smart Toys Model,TGX-42-04514,93.89,65.9,High quality smart toys model from BrickBuilder.,"{""brand"": ""BrickBuilder"", ""weight_g"": 807}",True
4515,15,88,Smart Apparel Prove,FXY-42-04515,49.93,25.33,High quality smart apparel prove from ThreadWear.,"{""brand"": ""ThreadWear"", ""color"": ""White"", ""size"": ""XS"", ""material"": ""Plastic""}",True
4516,23,123,Pro Sports Throw,CBX-42-04516,23.6,11.0,High quality pro sports throw from FitPulse.,"{""brand"": ""FitPulse"", ""material"": ""Wood"", ""weight_kg"": 1.8}",True
4517,3,82,Eco Home Store,HKX-42-04517,239.74,174.18,High quality eco home store from DecoHome.,"{""brand"": ""DecoHome"", ""material"": ""Wood"", ""weight_kg"": 5.09}",True
4518,27,96,Ultra Toys Bag,AFD-42-04518,109.95,54.9,High quality ultra toys bag from PlayTime.,"{""brand"": ""PlayTime"", ""weight_g"": 414}",True
4519,4,78,Pro Sports Though,SOX-42-04519,174.13,84.93,High quality pro sports though from TrailBlaze.,"{""brand"": ""TrailBlaze"", ""material"": ""Wool"", ""weight_kg"": 16.76}",True
4520,19,54,Premium Home To,FXY-42-04520,18.11,12.55,High quality premium home to from ChefChoice.,"{""brand"": ""ChefChoice"", ""material"": ""Leather"", ""weight_kg"": 16.83}",True
4521,8,69,Deluxe Automotive North,AXY-42-04521,118.55,85.31,High quality deluxe automotive north from MotorMax.,"{""brand"": ""MotorMax"", ""weight_g"": 580}",True
4522,16,175,Pro Apparel Difficult,FXY-42-04522,19.42,12.27,High quality pro apparel difficult from ThreadWear.,"{""brand"": ""ThreadWear"", ""color"": ""Gray"", ""size"": ""XL"", ""material"": ""Polyester""}",True
4523,2,117,Premium Apparel Field,AXY-42-04523,119.84,80.39,High quality premium apparel field from DenimCo.,"{""brand"": ""DenimCo"", ""color"": ""Gray"", ""size"": ""M"", ""material"": ""Wool""}",True
4524,3,51,Eco Home Evidence,HKX-42-04524,511.44,336.71,High quality eco home evidence from DecoHome.,"{""brand"": ""DecoHome"", ""material"": ""Cotton"", ""weight_kg"": 22.86}",True
4525,6,74,Pro Books Anyone,BXY-42-04525,53.58,30.58,High quality pro books anyone from Penguin.,"{""brand"": ""Penguin"", ""weight_g"": 834}",True
4526,17,12,Classic Apparel Finish,FSX-42-04526,182.03,94.31,High quality classic apparel finish from ThreadWear.,"{""brand"": ""ThreadWear"", ""color"": ""Pink"", ""size"": ""XXL"", ""material"": ""Plastic""}",True
4527,9,13,Pro Grocery Painting,GGF-42-04527,11.2,7.12,High quality pro grocery painting from SweetTreats.,"{""brand"": ""SweetTreats"", ""organic"": false, ""expiration_days"": 16}",True
4528,5,95,Deluxe Beauty Interest,BPC-42-04528,54.38,39.65,High quality deluxe beauty interest from GlowUp.,"{""brand"": ""GlowUp"", ""weight_g"": 723}",True
4529,29,129,Smart Grocery Summer,BXY-42-04529,35.44,25.08,High quality smart grocery summer from OrganicWay.,"{""brand"": ""OrganicWay"", ""organic"": false, ""expiration_days"": 341}",True
4530,20,19,Smart Home Draw,BBX-42-04530,538.58,352.48,High quality smart home draw from DecoHome.,"{""brand"": ""DecoHome"", ""material"": ""Cotton"", ""weight_kg"": 17.75}",True
4531,6,74,Deluxe Books Probably,BXY-42-04531,50.67,23.29,High quality deluxe books probably from Springer.,"{""brand"": ""Springer"", ""weight_g"": 287}",True
4532,21,170,Smart Sports Situation,FGX-42-04532,55.81,27.85,High quality smart sports situation from FitPulse.,"{""brand"": ""FitPulse"", ""material"": ""Polyester"", ""weight_kg"": 7.61}",True
4533,10,5,Smart Office Products Best,OPX-42-04533,75.36,35.85,High quality smart office products best from StapleMax.,"{""brand"": ""StapleMax"", ""weight_g"": 1470}",True
4534,23,100,Smart Sports Series,CBX-42-04534,451.13,272.2,High quality smart sports series from PeakGear.,"{""brand"": ""PeakGear"", ""material"": ""Metal"", ""weight_kg"": 21.44}",True
4535,14,93,Deluxe Electronics Three,SHD-42-04535,324.6,232.74,High quality deluxe electronics three from Sonyx.,"{""brand"": ""Sonyx"", ""color"": ""Black"", ""weight_kg"": 0.95, ""warranty_years"": 3}",True
4536,29,3,Smart Grocery Particular,BXY-42-04536,9.3,5.74,High quality smart grocery particular from NatureDrop.,"{""brand"": ""NatureDrop"", ""organic"": false, ""expiration_days"": 233}",True
4537,20,106,Pro Home Beyond,BBX-42-04537,418.09,243.41,High quality pro home beyond from CozyLiving.,"{""brand"": ""CozyLiving"", ""material"": ""Metal"", ""weight_kg"": 13.82}",True
4538,23,136,Deluxe Sports Person,CBX-42-04538,77.7,36.16,High quality deluxe sports person from PeakGear.,"{""brand"": ""PeakGear"", ""material"": ""Leather"", ""weight_kg"": 16.72}",True
4539,15,175,Premium Apparel Great,FXY-42-04539,72.12,44.16,High quality premium apparel great from DenimCo.,"{""brand"": ""DenimCo"", ""color"": ""Red"", ""size"": ""M"", ""material"": ""Polyester""}",True
4540,30,60,Premium Grocery Explain,SSX-42-04540,11.19,5.06,High quality premium grocery explain from OrganicWay.,"{""brand"": ""OrganicWay"", ""organic"": true, ""expiration_days"": 60}",True
4541,7,21,Ultra Toys Audience,TGX-42-04541,66.91,47.43,High quality ultra toys audience from PlayTime.,"{""brand"": ""PlayTime"", ""weight_g"": 785}",True
4542,13,158,Ultra Electronics Our,AHX-42-04542,1758.09,1175.5,High quality ultra electronics our from Volt.,"{""brand"": ""Volt"", ""color"": ""Silver"", ""weight_kg"": 4.39, ""warranty_years"": 1}",True
4543,24,33,Eco Beauty Suddenly,MCX-42-04543,26.39,17.27,High quality eco beauty suddenly from HerbEssentials.,"{""brand"": ""HerbEssentials"", ""weight_g"": 858}",True
4544,6,113,Ultra Books Nice,BXY-42-04544,42.32,18.14,High quality ultra books nice from Harper.,"{""brand"": ""Harper"", ""weight_g"": 70}",True
4545,5,57,Deluxe Beauty May,BPC-42-04545,40.8,28.24,High quality deluxe beauty may from HerbEssentials.,"{""brand"": ""HerbEssentials"", ""weight_g"": 375}",True
4546,8,181,Deluxe Automotive Late,AXY-42-04546,130.05,88.43,High quality deluxe automotive late from TireSafe.,"{""brand"": ""TireSafe"", ""weight_g"": 1020}",True
4547,13,8,Eco Electronics Determine,AHX-42-04547,635.65,284.21,High quality eco electronics determine from Sonyx.,"{""brand"": ""Sonyx"", ""color"": ""Navy"", ""weight_kg"": 6.04, ""warranty_years"": 5}",True
4548,21,180,Pro Sports Hand,FGX-42-04548,455.41,250.16,High quality pro sports hand from AquaFlow.,"{""brand"": ""AquaFlow"", ""material"": ""Metal"", ""weight_kg"": 1.77}",True
4549,18,148,Pro Home Stuff,KAX-42-04549,703.06,494.12,High quality pro home stuff from DecoHome.,"{""brand"": ""DecoHome"", ""material"": ""Polyester"", ""weight_kg"": 1.47}",True
4550,21,97,Eco Sports Ball,FGX-42-04550,93.35,46.88,High quality eco sports ball from PeakGear.,"{""brand"": ""PeakGear"", ""material"": ""Cotton"", ""weight_kg"": 6.41}",True
4551,7,179,Deluxe Toys Reach,TGX-42-04551,13.94,9.44,High quality deluxe toys reach from PlayTime.,"{""brand"": ""PlayTime"", ""weight_g"": 88}",True
4552,23,170,Eco Sports Than,CBX-42-04552,408.12,271.0,High quality eco sports than from AquaFlow.,"{""brand"": ""AquaFlow"", ""material"": ""Wool"", ""weight_kg"": 7.45}",True
4553,15,34,Classic Apparel Five,FXY-42-04553,75.49,35.03,High quality classic apparel five from ActiveFit.,"{""brand"": ""ActiveFit"", ""color"": ""White"", ""size"": ""L"", ""material"": ""Leather""}",True
4554,19,29,Deluxe Home Mother,FXY-42-04554,396.04,275.41,High quality deluxe home mother from DecoHome.,"{""brand"": ""DecoHome"", ""material"": ""Plastic"", ""weight_kg"": 17.63}",True
4555,8,181,Ultra Automotive Summer,AXY-42-04555,198.98,135.65,High quality ultra automotive summer from DriveClean.,"{""brand"": ""DriveClean"", ""weight_g"": 830}",True
4556,21,77,Deluxe Sports First,FGX-42-04556,485.27,300.53,High quality deluxe sports first from AquaFlow.,"{""brand"": ""AquaFlow"", ""material"": ""Wood"", ""weight_kg"": 13.14}",True
4557,16,193,Eco Apparel Lead,FXY-42-04557,184.54,91.53,High quality eco apparel lead from Vogue.,"{""brand"": ""Vogue"", ""color"": ""Blue"", ""size"": ""L"", ""material"": ""Leather""}",True
4558,3,106,Ultra Home Record,HKX-42-04558,497.14,262.75,High quality ultra home record from KitchenAid.,"{""brand"": ""KitchenAid"", ""material"": ""Polyester"", ""weight_kg"": 18.27}",True
4559,22,160,Eco Sports Notice,ORX-42-04559,298.62,189.94,High quality eco sports notice from TrailBlaze.,"{""brand"": ""TrailBlaze"", ""material"": ""Plastic"", ""weight_kg"": 6.61}",True
4560,23,119,Deluxe Sports Form,CBX-42-04560,361.36,188.33,High quality deluxe sports form from AquaFlow.,"{""brand"": ""AquaFlow"", ""material"": ""Cotton"", ""weight_kg"": 12.64}",True
4561,12,8,Deluxe Electronics Decision,LCX-42-04561,1451.96,861.09,High quality deluxe electronics decision from Volt.,"{""brand"": ""Volt"", ""color"": ""Navy"", ""weight_kg"": 2.33, ""warranty_years"": 5}",True
4562,7,96,Eco Toys Join,TGX-42-04562,60.17,34.69,High quality eco toys join from KidZone.,"{""brand"": ""KidZone"", ""weight_g"": 306}",True
4563,25,15,Deluxe Beauty Interest,SCX-42-04563,39.46,28.69,High quality deluxe beauty interest from HerbEssentials.,"{""brand"": ""HerbEssentials"", ""weight_g"": 1235}",True
4564,12,56,Smart Electronics Enter,LCX-42-04564,1229.56,846.09,High quality smart electronics enter from Volt.,"{""brand"": ""Volt"", ""color"": ""Blue"", ""weight_kg"": 2.3, ""warranty_years"": 2}",True
4565,6,103,Ultra Books Probably,BXY-42-04565,49.95,25.87,High quality ultra books probably from Harper.,"{""brand"": ""Harper"", ""weight_g"": 1499}",True
4566,2,193,Classic Apparel Myself,AXY-42-04566,72.21,30.59,High quality classic apparel myself from ThreadWear.,"{""brand"": ""ThreadWear"", ""color"": ""Navy"", ""size"": ""L"", ""material"": ""Leather""}",True
4567,22,180,Eco Sports Long,ORX-42-04567,180.42,130.31,High quality eco sports long from PeakGear.,"{""brand"": ""PeakGear"", ""material"": ""Cotton"", ""weight_kg"": 15.12}",True
4568,16,85,Deluxe Apparel Remain,FXY-42-04568,75.1,47.72,High quality deluxe apparel remain from DenimCo.,"{""brand"": ""DenimCo"", ""color"": ""Gray"", ""size"": ""L"", ""material"": ""Plastic""}",True
4569,24,127,Eco Beauty Source,MCX-42-04569,6.42,4.49,High quality eco beauty source from GlowUp.,"{""brand"": ""GlowUp"", ""weight_g"": 565}",True
4570,3,98,Ultra Home Officer,HKX-42-04570,201.32,142.74,High quality ultra home officer from DecoHome.,"{""brand"": ""DecoHome"", ""material"": ""Leather"", ""weight_kg"": 6.89}",True
4571,14,158,Deluxe Electronics Couple,SHD-42-04571,1410.08,980.21,High quality deluxe electronics couple from Quant.,"{""brand"": ""Quant"", ""color"": ""Black"", ""weight_kg"": 7.95, ""warranty_years"": 2}",True
4572,29,197,Smart Grocery Upon,BXY-42-04572,10.28,6.39,High quality smart grocery upon from OrganicWay.,"{""brand"": ""OrganicWay"", ""organic"": true, ""expiration_days"": 274}",True
4573,3,90,Smart Home After,HKX-42-04573,64.56,43.73,High quality smart home after from DecoHome.,"{""brand"": ""DecoHome"", ""material"": ""Plastic"", ""weight_kg"": 23.64}",True
4574,10,144,Classic Office Products Product,OPX-42-04574,74.43,51.96,High quality classic office products product from OfficePro.,"{""brand"": ""OfficePro"", ""weight_g"": 295}",True
4575,3,29,Smart Home Score,HKX-42-04575,361.37,184.66,High quality smart home score from ChefChoice.,"{""brand"": ""ChefChoice"", ""material"": ""Leather"", ""weight_kg"": 19.06}",True
4576,16,59,Deluxe Apparel Name,FXY-42-04576,23.36,11.84,High quality deluxe apparel name from Vogue.,"{""brand"": ""Vogue"", ""color"": ""Gray"", ""size"": ""XS"", ""material"": ""Cotton""}",True
4577,18,106,Premium Home Travel,KAX-42-04577,331.16,245.36,High quality premium home travel from ChefChoice.,"{""brand"": ""ChefChoice"", ""material"": ""Plastic"", ""weight_kg"": 19.65}",True
4578,19,51,Ultra Home Culture,FXY-42-04578,543.57,222.44,High quality ultra home culture from KitchenAid.,"{""brand"": ""KitchenAid"", ""material"": ""Cotton"", ""weight_kg"": 6.46}",True
4579,14,92,Premium Electronics Part,SHD-42-04579,1103.34,585.08,High quality premium electronics part from AudioMax.,"{""brand"": ""AudioMax"", ""color"": ""Black"", ""weight_kg"": 7.35, ""warranty_years"": 2}",True
4580,3,106,Classic Home Money,HKX-42-04580,135.16,57.65,High quality classic home money from KitchenAid.,"{""brand"": ""KitchenAid"", ""material"": ""Polyester"", ""weight_kg"": 11.47}",True
4581,5,95,Pro Beauty Different,BPC-42-04581,42.96,23.54,High quality pro beauty different from LuxeHair.,"{""brand"": ""LuxeHair"", ""weight_g"": 1141}",True
4582,15,165,Deluxe Apparel Recent,FXY-42-04582,160.58,75.0,High quality deluxe apparel recent from ThreadWear.,"{""brand"": ""ThreadWear"", ""color"": ""Red"", ""size"": ""XL"", ""material"": ""Glass""}",True
4583,28,23,Premium Automotive Than,CCX-42-04583,66.84,29.74,High quality premium automotive than from MotorMax.,"{""brand"": ""MotorMax"", ""weight_g"": 434}",True
4584,21,91,Eco Sports Situation,FGX-42-04584,333.82,163.42,High quality eco sports situation from TrailBlaze.,"{""brand"": ""TrailBlaze"", ""material"": ""Metal"", ""weight_kg"": 7.98}",True
4585,4,39,Premium Sports Writer,SOX-42-04585,208.62,88.29,High quality premium sports writer from PeakGear.,"{""brand"": ""PeakGear"", ""material"": ""Metal"", ""weight_kg"": 21.16}",True
4586,1,56,Ultra Electronics Manage,EXY-42-04586,43.73,21.97,High quality ultra electronics manage from TechCo.,"{""brand"": ""TechCo"", ""color"": ""Gray"", ""weight_kg"": 2.76, ""warranty_years"": 3}",True
4587,24,81,Eco Beauty Executive,MCX-42-04587,87.83,39.23,High quality eco beauty executive from LuxeHair.,"{""brand"": ""LuxeHair"", ""weight_g"": 350}",True
4588,22,170,Classic Sports Write,ORX-42-04588,68.31,32.87,High quality classic sports write from AquaFlow.,"{""brand"": ""AquaFlow"", ""material"": ""Glass"", ""weight_kg"": 3.7}",True
4589,3,98,Eco Home Pull,HKX-42-04589,311.55,209.79,High quality eco home pull from ChefChoice.,"{""brand"": ""ChefChoice"", ""material"": ""Glass"", ""weight_kg"": 12.53}",True
4590,16,193,Premium Apparel No,FXY-42-04590,93.21,49.39,High quality premium apparel no from Vogue.,"{""brand"": ""Vogue"", ""color"": ""Pink"", ""size"": ""L"", ""material"": ""Glass""}",True
4591,22,65,Smart Sports Table,ORX-42-04591,68.75,32.63,High quality smart sports table from PeakGear.,"{""brand"": ""PeakGear"", ""material"": ""Leather"", ""weight_kg"": 15.56}",True
4592,21,166,Smart Sports Possible,FGX-42-04592,400.94,166.23,High quality smart sports possible from AquaFlow.,"{""brand"": ""AquaFlow"", ""material"": ""Leather"", ""weight_kg"": 1.45}",True
4593,12,56,Eco Electronics Tonight,LCX-42-04593,1182.12,604.87,High quality eco electronics tonight from LinkSys.,"{""brand"": ""LinkSys"", ""color"": ""Green"", ""weight_kg"": 7.44, ""warranty_years"": 1}",True
4594,21,184,Ultra Sports Specific,FGX-42-04594,396.23,273.36,High quality ultra sports specific from FitPulse.,"{""brand"": ""FitPulse"", ""material"": ""Polyester"", ""weight_kg"": 13.69}",True
4595,29,197,Smart Grocery What,BXY-42-04595,3.47,2.56,High quality smart grocery what from SweetTreats.,"{""brand"": ""SweetTreats"", ""organic"": false, ""expiration_days"": 356}",True
4596,2,73,Classic Apparel Leader,AXY-42-04596,129.01,87.52,High quality classic apparel leader from DenimCo.,"{""brand"": ""DenimCo"", ""color"": ""Blue"", ""size"": ""XL"", ""material"": ""Plastic""}",True
4597,20,42,Smart Home Worry,BBX-42-04597,727.13,317.84,High quality smart home worry from CozyLiving.,"{""brand"": ""CozyLiving"", ""material"": ""Leather"", ""weight_kg"": 16.71}",True
4598,24,33,Deluxe Beauty Others,MCX-42-04598,9.78,6.99,High quality deluxe beauty others from HerbEssentials.,"{""brand"": ""HerbEssentials"", ""weight_g"": 1280}",True
4599,7,70,Eco Toys Short,TGX-42-04599,74.19,41.31,High quality eco toys short from BoardFun.,"{""brand"": ""BoardFun"", ""weight_g"": 565}",True
4600,1,107,Pro Electronics Produce,EXY-42-04600,471.25,240.29,High quality pro electronics produce from Quant.,"{""brand"": ""Quant"", ""color"": ""Black"", ""weight_kg"": 1.21, ""warranty_years"": 1}",True
4601,24,81,Classic Beauty As,MCX-42-04601,144.71,61.67,High quality classic beauty as from SilkSkin.,"{""brand"": ""SilkSkin"", ""weight_g"": 989}",True
4602,18,147,Classic Home Nearly,KAX-42-04602,234.1,98.16,High quality classic home nearly from CozyLiving.,"{""brand"": ""CozyLiving"", ""material"": ""Plastic"", ""weight_kg"": 18.12}",True
4603,25,47,Deluxe Beauty Deep,SCX-42-04603,102.7,50.68,High quality deluxe beauty deep from GlowUp.,"{""brand"": ""GlowUp"", ""weight_g"": 971}",True
4604,25,200,Pro Beauty His,SCX-42-04604,79.84,48.52,High quality pro beauty his from LuxeHair.,"{""brand"": ""LuxeHair"", ""weight_g"": 1008}",True
4605,23,125,Deluxe Sports Maintain,CBX-42-04605,437.89,257.62,High quality deluxe sports maintain from TrailBlaze.,"{""brand"": ""TrailBlaze"", ""material"": ""Wool"", ""weight_kg"": 24.39}",True
4606,26,24,Premium Toys Choose,BGX-42-04606,93.85,38.57,High quality premium toys choose from KidZone.,"{""brand"": ""KidZone"", ""weight_g"": 336}",True
4607,22,170,Deluxe Sports Effect,ORX-42-04607,9.53,4.74,High quality deluxe sports effect from FitPulse.,"{""brand"": ""FitPulse"", ""material"": ""Glass"", ""weight_kg"": 19.12}",True
4608,3,19,Premium Home City,HKX-42-04608,629.1,316.6,High quality premium home city from ChefChoice.,"{""brand"": ""ChefChoice"", ""material"": ""Plastic"", ""weight_kg"": 16.88}",True
4609,18,148,Premium Home Skin,KAX-42-04609,27.26,19.91,High quality premium home skin from KitchenAid.,"{""brand"": ""KitchenAid"", ""material"": ""Metal"", ""weight_kg"": 14.02}",True
4610,14,108,Classic Electronics Reveal,SHD-42-04610,182.0,99.45,High quality classic electronics reveal from Sonyx.,"{""brand"": ""Sonyx"", ""color"": ""Green"", ""weight_kg"": 1.1, ""warranty_years"": 3}",True
4611,10,151,Smart Office Products Southern,OPX-42-04611,6.87,3.37,High quality smart office products southern from DeskWork.,"{""brand"": ""DeskWork"", ""weight_g"": 1012}",True
4612,3,19,Smart Home First,HKX-42-04612,647.09,480.71,High quality smart home first from ChefChoice.,"{""brand"": ""ChefChoice"", ""material"": ""Glass"", ""weight_kg"": 19.58}",True
4613,8,67,Premium Automotive Three,AXY-42-04613,51.32,28.85,High quality premium automotive three from MotorMax.,"{""brand"": ""MotorMax"", ""weight_g"": 1400}",True
4614,10,94,Ultra Office Products Learn,OPX-42-04614,78.8,32.32,High quality ultra office products learn from OfficePro.,"{""brand"": ""OfficePro"", ""weight_g"": 680}",True
4615,27,112,Smart Toys Item,AFD-42-04615,82.53,55.33,High quality smart toys item from KidZone.,"{""brand"": ""KidZone"", ""weight_g"": 1396}",True
4616,29,46,Premium Grocery From,BXY-42-04616,30.83,21.08,High quality premium grocery from from TastyBites.,"{""brand"": ""TastyBites"", ""organic"": true, ""expiration_days"": 143}",True
4617,26,70,Pro Toys Trade,BGX-42-04617,66.48,28.94,High quality pro toys trade from KidZone.,"{""brand"": ""KidZone"", ""weight_g"": 1328}",True
4618,20,163,Ultra Home Then,BBX-42-04618,407.67,247.24,High quality ultra home then from CozyLiving.,"{""brand"": ""CozyLiving"", ""material"": ""Wood"", ""weight_kg"": 21.12}",True
4619,6,74,Smart Books Which,BXY-42-04619,41.63,20.77,High quality smart books which from Penguin.,"{""brand"": ""Penguin"", ""weight_g"": 265}",True
4620,30,197,Pro Grocery Attack,SSX-42-04620,11.2,4.85,High quality pro grocery attack from NatureDrop.,"{""brand"": ""NatureDrop"", ""organic"": true, ""expiration_days"": 79}",True
4621,8,35,Eco Automotive Protect,AXY-42-04621,245.15,177.2,High quality eco automotive protect from TireSafe.,"{""brand"": ""TireSafe"", ""weight_g"": 811}",True
4622,4,125,Classic Sports Democrat,SOX-42-04622,394.64,180.79,High quality classic sports democrat from PeakGear.,"{""brand"": ""PeakGear"", ""material"": ""Glass"", ""weight_kg"": 1.89}",True
4623,8,69,Classic Automotive Throughout,AXY-42-04623,76.4,50.85,High quality classic automotive throughout from DriveClean.,"{""brand"": ""DriveClean"", ""weight_g"": 366}",True
4624,12,174,Classic Electronics Itself,LCX-42-04624,775.04,495.19,High quality classic electronics itself from TechCo.,"{""brand"": ""TechCo"", ""color"": ""Blue"", ""weight_kg"": 1.76, ""warranty_years"": 2}",True
4625,11,56,Ultra Electronics Example,SXY-42-04625,1753.17,1113.46,High quality ultra electronics example from TechCo.,"{""brand"": ""TechCo"", ""color"": ""White"", ""weight_kg"": 6.59, ""warranty_years"": 3}",True
4626,4,166,Premium Sports Than,SOX-42-04626,37.9,23.01,High quality premium sports than from TrailBlaze.,"{""brand"": ""TrailBlaze"", ""material"": ""Cotton"", ""weight_kg"": 9.79}",True
4627,16,27,Smart Apparel Few,FXY-42-04627,57.09,30.87,High quality smart apparel few from Vogue.,"{""brand"": ""Vogue"", ""color"": ""Black"", ""size"": ""XS"", ""material"": ""Plastic""}",True
4628,28,41,Classic Automotive Race,CCX-42-04628,57.08,42.37,High quality classic automotive race from MotorMax.,"{""brand"": ""MotorMax"", ""weight_g"": 385}",True
4629,21,118,Ultra Sports College,FGX-42-04629,393.17,217.51,High quality ultra sports college from FitPulse.,"{""brand"": ""FitPulse"", ""material"": ""Leather"", ""weight_kg"": 14.23}",True
4630,22,71,Premium Sports Establish,ORX-42-04630,161.4,88.54,High quality premium sports establish from AquaFlow.,"{""brand"": ""AquaFlow"", ""material"": ""Polyester"", ""weight_kg"": 24.1}",True
4631,11,137,Smart Electronics Right,SXY-42-04631,1533.61,919.87,High quality smart electronics right from Volt.,"{""brand"": ""Volt"", ""color"": ""Red"", ""weight_kg"": 5.9, ""warranty_years"": 5}",True
4632,26,179,Deluxe Toys Plant,BGX-42-04632,19.38,9.62,High quality deluxe toys plant from BoardFun.,"{""brand"": ""BoardFun"", ""weight_g"": 694}",True
4633,7,121,Classic Toys Eat,TGX-42-04633,93.95,70.36,High quality classic toys eat from BrickBuilder.,"{""brand"": ""BrickBuilder"", ""weight_g"": 872}",True
4634,17,34,Premium Apparel Into,FSX-42-04634,146.77,90.81,High quality premium apparel into from UrbanStyle.,"{""brand"": ""UrbanStyle"", ""color"": ""White"", ""size"": ""M"", ""material"": ""Metal""}",True
4635,2,49,Classic Apparel Edge,AXY-42-04635,161.82,72.29,High quality classic apparel edge from UrbanStyle.,"{""brand"": ""UrbanStyle"", ""color"": ""Blue"", ""size"": ""XL"", ""material"": ""Leather""}",True
4636,27,96,Eco Toys Build,AFD-42-04636,66.23,42.57,High quality eco toys build from BoardFun.,"{""brand"": ""BoardFun"", ""weight_g"": 1370}",True
4637,6,157,Deluxe Books Citizen,BXY-42-04637,45.29,23.44,High quality deluxe books citizen from Packt.,"{""brand"": ""Packt"", ""weight_g"": 697}",True
4638,2,120,Smart Apparel Dark,AXY-42-04638,146.05,84.41,High quality smart apparel dark from DenimCo.,"{""brand"": ""DenimCo"", ""color"": ""Gray"", ""size"": ""M"", ""material"": ""Metal""}",True
4639,26,89,Classic Toys Ahead,BGX-42-04639,110.33,57.96,High quality classic toys ahead from KidZone.,"{""brand"": ""KidZone"", ""weight_g"": 1058}",True
4640,16,120,Classic Apparel Else,FXY-42-04640,58.09,39.07,High quality classic apparel else from UrbanStyle.,"{""brand"": ""UrbanStyle"", ""color"": ""Green"", ""size"": ""M"", ""material"": ""Leather""}",True
4641,2,85,Premium Apparel Subject,AXY-42-04641,91.16,62.2,High quality premium apparel subject from DenimCo.,"{""brand"": ""DenimCo"", ""color"": ""Black"", ""size"": ""L"", ""material"": ""Wool""}",True
4642,13,92,Eco Electronics Their,AHX-42-04642,1101.75,489.25,High quality eco electronics their from AudioMax.,"{""brand"": ""AudioMax"", ""color"": ""Yellow"", ""weight_kg"": 2.98, ""warranty_years"": 3}",True
4643,26,70,Deluxe Toys Force,BGX-42-04643,64.65,39.29,High quality deluxe toys force from BoardFun.,"{""brand"": ""BoardFun"", ""weight_g"": 1384}",True
4644,28,105,Smart Automotive Majority,CCX-42-04644,197.7,105.36,High quality smart automotive majority from AutoPro.,"{""brand"": ""AutoPro"", ""weight_g"": 336}",True
4645,4,37,Pro Sports Mention,SOX-42-04645,443.55,216.88,High quality pro sports mention from TrailBlaze.,"{""brand"": ""TrailBlaze"", ""material"": ""Plastic"", ""weight_kg"": 6.71}",True
4646,12,139,Premium Electronics Opportunity,LCX-42-04646,412.27,227.69,High quality premium electronics opportunity from Quant.,"{""brand"": ""Quant"", ""color"": ""Black"", ""weight_kg"": 4.63, ""warranty_years"": 2}",True
4647,5,199,Premium Beauty Least,BPC-42-04647,96.67,47.22,High quality premium beauty least from LuxeHair.,"{""brand"": ""LuxeHair"", ""weight_g"": 1204}",True
4648,5,80,Deluxe Beauty Knowledge,BPC-42-04648,143.07,75.28,High quality deluxe beauty knowledge from GlowUp.,"{""brand"": ""GlowUp"", ""weight_g"": 1497}",True
4649,16,85,Deluxe Apparel Radio,FXY-42-04649,48.25,30.88,High quality deluxe apparel radio from ThreadWear.,"{""brand"": ""ThreadWear"", ""color"": ""Gray"", ""size"": ""S"", ""material"": ""Plastic""}",True
4650,2,165,Eco Apparel Western,AXY-42-04650,166.79,110.47,High quality eco apparel western from UrbanStyle.,"{""brand"": ""UrbanStyle"", ""color"": ""Red"", ""size"": ""S"", ""material"": ""Metal""}",True
4651,9,31,Ultra Grocery Although,GGF-42-04651,24.08,14.46,High quality ultra grocery although from TastyBites.,"{""brand"": ""TastyBites"", ""organic"": false, ""expiration_days"": 56}",True
4652,26,121,Pro Toys Defense,BGX-42-04652,75.07,36.98,High quality pro toys defense from BoardFun.,"{""brand"": ""BoardFun"", ""weight_g"": 738}",True
4653,30,50,Classic Grocery Collection,SSX-42-04653,31.02,20.53,High quality classic grocery collection from NatureDrop.,"{""brand"": ""NatureDrop"", ""organic"": false, ""expiration_days"": 269}",True
4654,29,13,Eco Grocery Explain,BXY-42-04654,10.32,6.75,High quality eco grocery explain from OrganicWay.,"{""brand"": ""OrganicWay"", ""organic"": false, ""expiration_days"": 157}",True
4655,22,184,Pro Sports Century,ORX-42-04655,432.27,294.1,High quality pro sports century from PeakGear.,"{""brand"": ""PeakGear"", ""material"": ""Leather"", ""weight_kg"": 3.75}",True
4656,5,200,Ultra Beauty Air,BPC-42-04656,104.0,74.44,High quality ultra beauty air from SilkSkin.,"{""brand"": ""SilkSkin"", ""weight_g"": 1278}",True
4657,7,112,Pro Toys Evening,TGX-42-04657,104.87,75.5,High quality pro toys evening from KidZone.,"{""brand"": ""KidZone"", ""weight_g"": 259}",True
4658,15,114,Premium Apparel Strategy,FXY-42-04658,184.44,91.25,High quality premium apparel strategy from ActiveFit.,"{""brand"": ""ActiveFit"", ""color"": ""Black"", ""size"": ""M"", ""material"": ""Wood""}",True
4659,11,137,Smart Electronics Suggest,SXY-42-04659,745.83,319.42,High quality smart electronics suggest from Quant.,"{""brand"": ""Quant"", ""color"": ""Gray"", ""weight_kg"": 4.09, ""warranty_years"": 1}",True
4660,1,93,Deluxe Electronics Fall,EXY-42-04660,32.97,14.76,High quality deluxe electronics fall from Sonyx.,"{""brand"": ""Sonyx"", ""color"": ""Pink"", ""weight_kg"": 5.78, ""warranty_years"": 2}",True
4661,2,120,Eco Apparel Reason,AXY-42-04661,157.24,78.96,High quality eco apparel reason from ActiveFit.,"{""brand"": ""ActiveFit"", ""color"": ""Navy"", ""size"": ""M"", ""material"": ""Wool""}",True
4662,26,154,Pro Toys Oil,BGX-42-04662,117.5,85.96,High quality pro toys oil from KidZone.,"{""brand"": ""KidZone"", ""weight_g"": 1054}",True
4663,16,76,Classic Apparel Control,FXY-42-04663,44.69,27.65,High quality classic apparel control from ActiveFit.,"{""brand"": ""ActiveFit"", ""color"": ""Gray"", ""size"": ""S"", ""material"": ""Glass""}",True
4664,7,179,Smart Toys Quickly,TGX-42-04664,96.63,62.85,High quality smart toys quickly from BrickBuilder.,"{""brand"": ""BrickBuilder"", ""weight_g"": 1295}",True
4665,14,150,Deluxe Electronics Together,SHD-42-04665,1497.44,697.04,High quality deluxe electronics together from Volt.,"{""brand"": ""Volt"", ""color"": ""White"", ""weight_kg"": 0.42, ""warranty_years"": 2}",True
4666,13,8,Premium Electronics And,AHX-42-04666,989.64,657.92,High quality premium electronics and from Volt.,"{""brand"": ""Volt"", ""color"": ""Gray"", ""weight_kg"": 7.16, ""warranty_years"": 3}",True
4667,23,125,Eco Sports Seven,CBX-42-04667,195.76,138.41,High quality eco sports seven from AquaFlow.,"{""brand"": ""AquaFlow"", ""material"": ""Plastic"", ""weight_kg"": 5.81}",True
4668,16,25,Ultra Apparel Mention,FXY-42-04668,78.63,41.26,High quality ultra apparel mention from ThreadWear.,"{""brand"": ""ThreadWear"", ""color"": ""Black"", ""size"": ""M"", ""material"": ""Wool""}",True
4669,1,109,Smart Electronics Stay,EXY-42-04669,1144.23,535.6,High quality smart electronics stay from Quant.,"{""brand"": ""Quant"", ""color"": ""Gray"", ""weight_kg"": 0.34, ""warranty_years"": 3}",True
4670,2,120,Pro Apparel Again,AXY-42-04670,128.31,89.11,High quality pro apparel again from DenimCo.,"{""brand"": ""DenimCo"", ""color"": ""Gray"", ""size"": ""XS"", ""material"": ""Wool""}",True
4671,20,98,Classic Home Around,BBX-42-04671,791.29,562.75,High quality classic home around from KitchenAid.,"{""brand"": ""KitchenAid"", ""material"": ""Metal"", ""weight_kg"": 13.17}",True
4672,2,49,Classic Apparel Trade,AXY-42-04672,140.03,78.26,High quality classic apparel trade from UrbanStyle.,"{""brand"": ""UrbanStyle"", ""color"": ""Black"", ""size"": ""XL"", ""material"": ""Wool""}",True
4673,14,109,Premium Electronics Watch,SHD-42-04673,1438.04,575.35,High quality premium electronics watch from Quant.,"{""brand"": ""Quant"", ""color"": ""Silver"", ""weight_kg"": 1.47, ""warranty_years"": 5}",True
4674,3,29,Smart Home Because,HKX-42-04674,755.86,334.42,High quality smart home because from CozyLiving.,"{""brand"": ""CozyLiving"", ""material"": ""Plastic"", ""weight_kg"": 4.91}",True
4675,20,146,Deluxe Home Former,BBX-42-04675,564.25,338.31,High quality deluxe home former from KitchenAid.,"{""brand"": ""KitchenAid"", ""material"": ""Wool"", ""weight_kg"": 6.25}",True
4676,3,61,Smart Home Play,HKX-42-04676,651.39,467.32,High quality smart home play from ChefChoice.,"{""brand"": ""ChefChoice"", ""material"": ""Plastic"", ""weight_kg"": 3.32}",True
4677,12,108,Ultra Electronics Fire,LCX-42-04677,1583.33,649.71,High quality ultra electronics fire from Sonyx.,"{""brand"": ""Sonyx"", ""color"": ""Black"", ""weight_kg"": 6.57, ""warranty_years"": 1}",True
4678,26,112,Classic Toys Trial,BGX-42-04678,105.01,74.57,High quality classic toys trial from PlayTime.,"{""brand"": ""PlayTime"", ""weight_g"": 1002}",True
4679,11,8,Classic Electronics Attack,SXY-42-04679,355.21,240.96,High quality classic electronics attack from TechCo.,"{""brand"": ""TechCo"", ""color"": ""Gray"", ""weight_kg"": 7.47, ""warranty_years"": 1}",True
4680,15,122,Eco Apparel Wear,FXY-42-04680,128.8,70.6,High quality eco apparel wear from ActiveFit.,"{""brand"": ""ActiveFit"", ""color"": ""Pink"", ""size"": ""XXL"", ""material"": ""Glass""}",True
4681,11,93,Premium Electronics Investment,SXY-42-04681,1371.89,711.09,High quality premium electronics investment from LinkSys.,"{""brand"": ""LinkSys"", ""color"": ""Blue"", ""weight_kg"": 4.64, ""warranty_years"": 1}",True
4682,10,128,Pro Office Products Watch,OPX-42-04682,5.27,3.25,High quality pro office products watch from OfficePro.,"{""brand"": ""OfficePro"", ""weight_g"": 558}",True
4683,13,107,Ultra Electronics Himself,AHX-42-04683,1251.61,797.28,High quality ultra electronics himself from Quant.,"{""brand"": ""Quant"", ""color"": ""Silver"", ""weight_kg"": 4.06, ""warranty_years"": 3}",True
4684,4,136,Eco Sports Remain,SOX-42-04684,456.08,228.41,High quality eco sports remain from TrailBlaze.,"{""brand"": ""TrailBlaze"", ""material"": ""Cotton"", ""weight_kg"": 8.06}",True
4685,30,45,Eco Grocery Really,SSX-42-04685,33.26,16.45,High quality eco grocery really from NatureDrop.,"{""brand"": ""NatureDrop"", ""organic"": true, ""expiration_days"": 359}",True
4686,23,83,Pro Sports Value,CBX-42-04686,453.8,204.75,High quality pro sports value from AquaFlow.,"{""brand"": ""AquaFlow"", ""material"": ""Metal"", ""weight_kg"": 16.73}",True
4687,30,50,Smart Grocery Believe,SSX-42-04687,31.03,14.6,High quality smart grocery believe from NatureDrop.,"{""brand"": ""NatureDrop"", ""organic"": true, ""expiration_days"": 227}",True
4688,26,179,Classic Toys Industry,BGX-42-04688,92.74,49.35,High quality classic toys industry from PlayTime.,"{""brand"": ""PlayTime"", ""weight_g"": 954}",True
4689,18,147,Pro Home Yes,KAX-42-04689,454.4,321.24,High quality pro home yes from CozyLiving.,"{""brand"": ""CozyLiving"", ""material"": ""Plastic"", ""weight_kg"": 11.44}",True
4690,20,16,Pro Home Those,BBX-42-04690,766.82,329.82,High quality pro home those from ChefChoice.,"{""brand"": ""ChefChoice"", ""material"": ""Glass"", ""weight_kg"": 16.21}",True
4691,14,92,Smart Electronics Shake,SHD-42-04691,1900.24,1095.3,High quality smart electronics shake from Sonyx.,"{""brand"": ""Sonyx"", ""color"": ""Navy"", ""weight_kg"": 3.66, ""warranty_years"": 3}",True
4692,7,121,Ultra Toys Thousand,TGX-42-04692,62.0,26.37,High quality ultra toys thousand from BoardFun.,"{""brand"": ""BoardFun"", ""weight_g"": 1227}",True
4693,7,24,Eco Toys Challenge,TGX-42-04693,57.43,28.32,High quality eco toys challenge from BrickBuilder.,"{""brand"": ""BrickBuilder"", ""weight_g"": 579}",True
4694,8,168,Premium Automotive Eat,AXY-42-04694,166.24,82.23,High quality premium automotive eat from MotorMax.,"{""brand"": ""MotorMax"", ""weight_g"": 130}",True
4695,16,165,Premium Apparel Brother,FXY-42-04695,121.94,65.38,High quality premium apparel brother from UrbanStyle.,"{""brand"": ""UrbanStyle"", ""color"": ""Yellow"", ""size"": ""M"", ""material"": ""Wood""}",True
4696,26,169,Eco Toys Own,BGX-42-04696,29.63,16.33,High quality eco toys own from BrickBuilder.,"{""brand"": ""BrickBuilder"", ""weight_g"": 152}",True
4697,27,70,Ultra Toys Simple,AFD-42-04697,83.51,61.13,High quality ultra toys simple from KidZone.,"{""brand"": ""KidZone"", ""weight_g"": 476}",True
4698,11,150,Pro Electronics Month,SXY-42-04698,1002.71,450.56,High quality pro electronics month from Quant.,"{""brand"": ""Quant"", ""color"": ""Silver"", ""weight_kg"": 7.91, ""warranty_years"": 2}",True
4699,28,67,Classic Automotive Worker,CCX-42-04699,6.43,3.82,High quality classic automotive worker from TireSafe.,"{""brand"": ""TireSafe"", ""weight_g"": 1401}",True
4700,17,153,Classic Apparel Camera,FSX-42-04700,76.3,46.2,High quality classic apparel camera from Vogue.,"{""brand"": ""Vogue"", ""color"": ""Silver"", ""size"": ""XXL"", ""material"": ""Metal""}",True
4701,6,102,Premium Books Nearly,BXY-42-04701,63.84,34.04,High quality premium books nearly from Springer.,"{""brand"": ""Springer"", ""weight_g"": 1155}",True
4702,26,179,Classic Toys Red,BGX-42-04702,103.95,73.43,High quality classic toys red from KidZone.,"{""brand"": ""KidZone"", ""weight_g"": 1151}",True
4703,7,112,Ultra Toys Them,TGX-42-04703,81.87,34.07,High quality ultra toys them from PlayTime.,"{""brand"": ""PlayTime"", ""weight_g"": 464}",True
4704,29,46,Ultra Grocery Partner,BXY-42-04704,5.51,3.96,High quality ultra grocery partner from SweetTreats.,"{""brand"": ""SweetTreats"", ""organic"": false, ""expiration_days"": 344}",True
4705,7,26,Eco Toys Stage,TGX-42-04705,74.71,38.33,High quality eco toys stage from BoardFun.,"{""brand"": ""BoardFun"", ""weight_g"": 1312}",True
4706,29,197,Deluxe Grocery Word,BXY-42-04706,30.9,21.65,High quality deluxe grocery word from SweetTreats.,"{""brand"": ""SweetTreats"", ""organic"": true, ""expiration_days"": 265}",True
4707,26,21,Classic Toys Network,BGX-42-04707,56.88,23.25,High quality classic toys network from KidZone.,"{""brand"": ""KidZone"", ""weight_g"": 253}",True
4708,27,89,Pro Toys Enter,AFD-42-04708,96.59,47.0,High quality pro toys enter from PlayTime.,"{""brand"": ""PlayTime"", ""weight_g"": 154}",True
4709,26,89,Deluxe Toys Model,BGX-42-04709,90.66,38.78,High quality deluxe toys model from KidZone.,"{""brand"": ""KidZone"", ""weight_g"": 682}",True
4710,29,50,Premium Grocery Usually,BXY-42-04710,11.45,6.82,High quality premium grocery usually from SweetTreats.,"{""brand"": ""SweetTreats"", ""organic"": true, ""expiration_days"": 267}",True
4711,30,149,Classic Grocery Believe,SSX-42-04711,22.96,16.22,High quality classic grocery believe from SweetTreats.,"{""brand"": ""SweetTreats"", ""organic"": false, ""expiration_days"": 164}",True
4712,27,21,Classic Toys Economy,AFD-42-04712,91.3,44.67,High quality classic toys economy from KidZone.,"{""brand"": ""KidZone"", ""weight_g"": 928}",True
4713,4,125,Eco Sports Plan,SOX-42-04713,78.87,52.54,High quality eco sports plan from AquaFlow.,"{""brand"": ""AquaFlow"", ""material"": ""Metal"", ""weight_kg"": 2.14}",True
4714,6,156,Eco Books Can,BXY-42-04714,44.43,31.49,High quality eco books can from Penguin.,"{""brand"": ""Penguin"", ""weight_g"": 563}",True
4715,4,184,Pro Sports Spring,SOX-42-04715,368.34,212.2,High quality pro sports spring from TrailBlaze.,"{""brand"": ""TrailBlaze"", ""material"": ""Wood"", ""weight_kg"": 5.58}",True
4716,9,197,Ultra Grocery Surface,GGF-42-04716,29.45,12.63,High quality ultra grocery surface from TastyBites.,"{""brand"": ""TastyBites"", ""organic"": true, ""expiration_days"": 122}",True
4717,19,124,Deluxe Home Form,FXY-42-04717,670.08,390.96,High quality deluxe home form from DecoHome.,"{""brand"": ""DecoHome"", ""material"": ""Polyester"", ""weight_kg"": 8.19}",True
4718,26,21,Premium Toys Girl,BGX-42-04718,11.57,7.46,High quality premium toys girl from BrickBuilder.,"{""brand"": ""BrickBuilder"", ""weight_g"": 333}",True
4719,22,180,Smart Sports There,ORX-42-04719,8.33,5.43,High quality smart sports there from FitPulse.,"{""brand"": ""FitPulse"", ""material"": ""Plastic"", ""weight_kg"": 10.79}",True
4720,30,152,Eco Grocery Pattern,SSX-42-04720,5.41,3.74,High quality eco grocery pattern from NatureDrop.,"{""brand"": ""NatureDrop"", ""organic"": true, ""expiration_days"": 247}",True
4721,21,180,Classic Sports Since,FGX-42-04721,193.04,77.69,High quality classic sports since from AquaFlow.,"{""brand"": ""AquaFlow"", ""material"": ""Leather"", ""weight_kg"": 14.63}",True
4722,29,13,Classic Grocery In,BXY-42-04722,21.29,14.62,High quality classic grocery in from NatureDrop.,"{""brand"": ""NatureDrop"", ""organic"": false, ""expiration_days"": 344}",True
4723,13,108,Pro Electronics Sure,AHX-42-04723,1842.84,1265.54,High quality pro electronics sure from Quant.,"{""brand"": ""Quant"", ""color"": ""Blue"", ""weight_kg"": 6.55, ""warranty_years"": 5}",True
4724,13,107,Pro Electronics Smile,AHX-42-04724,1725.43,980.44,High quality pro electronics smile from TechCo.,"{""brand"": ""TechCo"", ""color"": ""Pink"", ""weight_kg"": 2.89, ""warranty_years"": 1}",True
4725,17,175,Eco Apparel Six,FSX-42-04725,150.1,78.01,High quality eco apparel six from Vogue.,"{""brand"": ""Vogue"", ""color"": ""Navy"", ""size"": ""L"", ""material"": ""Metal""}",True
4726,11,174,Pro Electronics Eat,SXY-42-04726,654.9,304.38,High quality pro electronics eat from Volt.,"{""brand"": ""Volt"", ""color"": ""Black"", ""weight_kg"": 2.37, ""warranty_years"": 5}",True
4727,17,34,Ultra Apparel Worry,FSX-42-04727,122.72,70.62,High quality ultra apparel worry from DenimCo.,"{""brand"": ""DenimCo"", ""color"": ""Blue"", ""size"": ""M"", ""material"": ""Metal""}",True
4728,5,33,Eco Beauty Land,BPC-42-04728,5.72,2.44,High quality eco beauty land from HerbEssentials.,"{""brand"": ""HerbEssentials"", ""weight_g"": 1467}",True
4729,2,114,Deluxe Apparel Discover,AXY-42-04729,179.18,82.34,High quality deluxe apparel discover from UrbanStyle.,"{""brand"": ""UrbanStyle"", ""color"": ""Yellow"", ""size"": ""XXL"", ""material"": ""Leather""}",True
4730,21,125,Premium Sports Charge,FGX-42-04730,218.74,139.98,High quality premium sports charge from PeakGear.,"{""brand"": ""PeakGear"", ""material"": ""Wood"", ""weight_kg"": 20.11}",True
4731,5,53,Ultra Beauty Both,BPC-42-04731,65.16,47.96,High quality ultra beauty both from GlowUp.,"{""brand"": ""GlowUp"", ""weight_g"": 553}",True
4732,6,22,Premium Books Continue,BXY-42-04732,26.5,11.12,High quality premium books continue from Springer.,"{""brand"": ""Springer"", ""weight_g"": 1476}",True
4733,7,169,Deluxe Toys Difficult,TGX-42-04733,100.28,48.5,High quality deluxe toys difficult from PlayTime.,"{""brand"": ""PlayTime"", ""weight_g"": 211}",True
4734,4,66,Eco Sports Face,SOX-42-04734,401.48,232.02,High quality eco sports face from PeakGear.,"{""brand"": ""PeakGear"", ""material"": ""Wood"", ""weight_kg"": 9.16}",True
4735,17,142,Classic Apparel Less,FSX-42-04735,71.44,41.65,High quality classic apparel less from ActiveFit.,"{""brand"": ""ActiveFit"", ""color"": ""Silver"", ""size"": ""XXL"", ""material"": ""Metal""}",True
4736,12,84,Premium Electronics Issue,LCX-42-04736,1147.64,500.97,High quality premium electronics issue from Volt.,"{""brand"": ""Volt"", ""color"": ""Gray"", ""weight_kg"": 3.36, ""warranty_years"": 5}",True
4737,30,46,Smart Grocery Environmental,SSX-42-04737,18.63,12.07,High quality smart grocery environmental from TastyBites.,"{""brand"": ""TastyBites"", ""organic"": false, ""expiration_days"": 47}",True
4738,30,149,Ultra Grocery Travel,SSX-42-04738,47.97,33.96,High quality ultra grocery travel from SweetTreats.,"{""brand"": ""SweetTreats"", ""organic"": true, ""expiration_days"": 346}",True
4739,8,130,Pro Automotive Perform,AXY-42-04739,107.98,58.21,High quality pro automotive perform from TireSafe.,"{""brand"": ""TireSafe"", ""weight_g"": 556}",True
4740,22,77,Deluxe Sports Arrive,ORX-42-04740,404.9,238.86,High quality deluxe sports arrive from FitPulse.,"{""brand"": ""FitPulse"", ""material"": ""Wood"", ""weight_kg"": 16.78}",True
4741,3,90,Classic Home Military,HKX-42-04741,527.86,381.75,High quality classic home military from ChefChoice.,"{""brand"": ""ChefChoice"", ""material"": ""Cotton"", ""weight_kg"": 17.47}",True
4742,20,138,Deluxe Home None,BBX-42-04742,603.73,451.36,High quality deluxe home none from ChefChoice.,"{""brand"": ""ChefChoice"", ""material"": ""Wool"", ""weight_kg"": 6.96}",True
4743,14,174,Pro Electronics House,SHD-42-04743,1213.46,754.57,High quality pro electronics house from AudioMax.,"{""brand"": ""AudioMax"", ""color"": ""Silver"", ""weight_kg"": 4.78, ""warranty_years"": 5}",True
4744,26,173,Pro Toys Scene,BGX-42-04744,112.94,56.4,High quality pro toys scene from BoardFun.,"{""brand"": ""BoardFun"", ""weight_g"": 289}",True
4745,16,153,Smart Apparel Budget,FXY-42-04745,96.94,53.5,High quality smart apparel budget from UrbanStyle.,"{""brand"": ""UrbanStyle"", ""color"": ""Black"", ""size"": ""XS"", ""material"": ""Cotton""}",True
4746,5,140,Pro Beauty Free,BPC-42-04746,148.27,101.69,High quality pro beauty free from GlowUp.,"{""brand"": ""GlowUp"", ""weight_g"": 1292}",True
4747,25,7,Classic Beauty Offer,SCX-42-04747,103.55,77.55,High quality classic beauty offer from SilkSkin.,"{""brand"": ""SilkSkin"", ""weight_g"": 68}",True
4748,7,154,Premium Toys Land,TGX-42-04748,115.06,64.31,High quality premium toys land from BrickBuilder.,"{""brand"": ""BrickBuilder"", ""weight_g"": 304}",True
4749,25,199,Smart Beauty May,SCX-42-04749,121.24,75.52,High quality smart beauty may from GlowUp.,"{""brand"": ""GlowUp"", ""weight_g"": 1348}",True
4750,9,86,Deluxe Grocery Result,GGF-42-04750,37.09,19.8,High quality deluxe grocery result from NatureDrop.,"{""brand"": ""NatureDrop"", ""organic"": false, ""expiration_days"": 223}",True
4751,23,72,Classic Sports Employee,CBX-42-04751,79.5,34.41,High quality classic sports employee from AquaFlow.,"{""brand"": ""AquaFlow"", ""material"": ""Wood"", ""weight_kg"": 5.82}",True
4752,26,70,Classic Toys Fall,BGX-42-04752,76.18,56.75,High quality classic toys fall from PlayTime.,"{""brand"": ""PlayTime"", ""weight_g"": 1118}",True
4753,5,53,Ultra Beauty Until,BPC-42-04753,32.35,14.43,High quality ultra beauty until from HerbEssentials.,"{""brand"": ""HerbEssentials"", ""weight_g"": 542}",True
4754,22,136,Ultra Sports Still,ORX-42-04754,50.22,24.95,High quality ultra sports still from PeakGear.,"{""brand"": ""PeakGear"", ""material"": ""Glass"", ""weight_kg"": 8.19}",True
4755,28,188,Premium Automotive Write,CCX-42-04755,228.23,158.25,High quality premium automotive write from MotorMax.,"{""brand"": ""MotorMax"", ""weight_g"": 376}",True
4756,2,34,Ultra Apparel Check,AXY-42-04756,177.99,104.16,High quality ultra apparel check from ActiveFit.,"{""brand"": ""ActiveFit"", ""color"": ""Black"", ""size"": ""L"", ""material"": ""Metal""}",True
4757,12,8,Ultra Electronics Him,LCX-42-04757,1524.73,1007.8,High quality ultra electronics him from AudioMax.,"{""brand"": ""AudioMax"", ""color"": ""Gray"", ""weight_kg"": 7.54, ""warranty_years"": 1}",True
4758,28,187,Smart Automotive May,CCX-42-04758,193.7,137.27,High quality smart automotive may from TireSafe.,"{""brand"": ""TireSafe"", ""weight_g"": 100}",True
4759,5,53,Deluxe Beauty Senior,BPC-42-04759,44.13,22.32,High quality deluxe beauty senior from SilkSkin.,"{""brand"": ""SilkSkin"", ""weight_g"": 226}",True
4760,1,174,Premium Electronics Hold,EXY-42-04760,1247.08,703.13,High quality premium electronics hold from AudioMax.,"{""brand"": ""AudioMax"", ""color"": ""Pink"", ""weight_kg"": 1.47, ""warranty_years"": 3}",True
4761,23,180,Deluxe Sports Term,CBX-42-04761,124.56,90.31,High quality deluxe sports term from AquaFlow.,"{""brand"": ""AquaFlow"", ""material"": ""Glass"", ""weight_kg"": 15.93}",True
4762,8,176,Pro Automotive Foot,AXY-42-04762,133.67,69.52,High quality pro automotive foot from TireSafe.,"{""brand"": ""TireSafe"", ""weight_g"": 182}",True
4763,15,34,Ultra Apparel Against,FXY-42-04763,94.32,53.44,High quality ultra apparel against from ActiveFit.,"{""brand"": ""ActiveFit"", ""color"": ""Blue"", ""size"": ""M"", ""material"": ""Polyester""}",True
4764,10,144,Pro Office Products Quite,OPX-42-04764,93.82,43.43,High quality pro office products quite from DeskWork.,"{""brand"": ""DeskWork"", ""weight_g"": 926}",True
4765,4,97,Ultra Sports West,SOX-42-04765,446.2,217.06,High quality ultra sports west from TrailBlaze.,"{""brand"": ""TrailBlaze"", ""material"": ""Metal"", ""weight_kg"": 4.89}",True
4766,23,39,Classic Sports Police,CBX-42-04766,416.97,307.14,High quality classic sports police from PeakGear.,"{""brand"": ""PeakGear"", ""material"": ""Polyester"", ""weight_kg"": 5.59}",True
4767,9,45,Pro Grocery Already,GGF-42-04767,32.56,19.51,High quality pro grocery already from TastyBites.,"{""brand"": ""TastyBites"", ""organic"": false, ""expiration_days"": 326}",True
4768,28,181,Classic Automotive Thought,CCX-42-04768,291.87,182.54,High quality classic automotive thought from DriveClean.,"{""brand"": ""DriveClean"", ""weight_g"": 639}",True
4769,26,121,Deluxe Toys Sister,BGX-42-04769,62.05,29.49,High quality deluxe toys sister from PlayTime.,"{""brand"": ""PlayTime"", ""weight_g"": 319}",True
4770,20,138,Premium Home Recognize,BBX-42-04770,693.67,331.13,High quality premium home recognize from KitchenAid.,"{""brand"": ""KitchenAid"", ""material"": ""Wool"", ""weight_kg"": 24.67}",True
4771,12,126,Classic Electronics Successful,LCX-42-04771,499.99,321.94,High quality classic electronics successful from Volt.,"{""brand"": ""Volt"", ""color"": ""Yellow"", ""weight_kg"": 5.38, ""warranty_years"": 1}",True
4772,10,64,Pro Office Products Yeah,OPX-42-04772,9.34,6.15,High quality pro office products yeah from OfficePro.,"{""brand"": ""OfficePro"", ""weight_g"": 413}",True
4773,2,177,Eco Apparel Arm,AXY-42-04773,84.4,53.06,High quality eco apparel arm from ActiveFit.,"{""brand"": ""ActiveFit"", ""color"": ""Navy"", ""size"": ""XS"", ""material"": ""Cotton""}",True
4774,1,139,Pro Electronics Rock,EXY-42-04774,566.69,276.54,High quality pro electronics rock from Volt.,"{""brand"": ""Volt"", ""color"": ""Gray"", ""weight_kg"": 3.2, ""warranty_years"": 3}",True
4775,9,43,Smart Grocery Whose,GGF-42-04775,41.54,27.5,High quality smart grocery whose from SweetTreats.,"{""brand"": ""SweetTreats"", ""organic"": true, ""expiration_days"": 139}",True
4776,5,33,Eco Beauty Story,BPC-42-04776,105.05,78.07,High quality eco beauty story from GlowUp.,"{""brand"": ""GlowUp"", ""weight_g"": 1343}",True
4777,2,117,Pro Apparel Remain,AXY-42-04777,129.56,59.31,High quality pro apparel remain from DenimCo.,"{""brand"": ""DenimCo"", ""color"": ""Pink"", ""size"": ""S"", ""material"": ""Plastic""}",True
4778,6,143,Smart Books Education,BXY-42-04778,44.62,31.08,High quality smart books education from Packt.,"{""brand"": ""Packt"", ""weight_g"": 1166}",True
4779,11,137,Ultra Electronics Environment,SXY-42-04779,975.16,409.31,High quality ultra electronics environment from Sonyx.,"{""brand"": ""Sonyx"", ""color"": ""Pink"", ""weight_kg"": 6.03, ""warranty_years"": 2}",True
4780,2,9,Premium Apparel Old,AXY-42-04780,18.28,7.59,High quality premium apparel old from DenimCo.,"{""brand"": ""DenimCo"", ""color"": ""Gray"", ""size"": ""XXL"", ""material"": ""Wool""}",True
4781,11,109,Pro Electronics If,SXY-42-04781,1467.15,804.65,High quality pro electronics if from Quant.,"{""brand"": ""Quant"", ""color"": ""Blue"", ""weight_kg"": 2.34, ""warranty_years"": 3}",True
4782,18,82,Eco Home For,KAX-42-04782,109.67,50.23,High quality eco home for from CozyLiving.,"{""brand"": ""CozyLiving"", ""material"": ""Glass"", ""weight_kg"": 16.53}",True
4783,8,105,Ultra Automotive Purpose,AXY-42-04783,85.89,47.02,High quality ultra automotive purpose from DriveClean.,"{""brand"": ""DriveClean"", ""weight_g"": 426}",True
4784,23,91,Deluxe Sports School,CBX-42-04784,410.92,215.24,High quality deluxe sports school from AquaFlow.,"{""brand"": ""AquaFlow"", ""material"": ""Metal"", ""weight_kg"": 23.49}",True
4785,25,15,Eco Beauty Him,SCX-42-04785,53.46,35.39,High quality eco beauty him from SilkSkin.,"{""brand"": ""SilkSkin"", ""weight_g"": 731}",True
4786,4,119,Deluxe Sports Weight,SOX-42-04786,159.74,75.3,High quality deluxe sports weight from PeakGear.,"{""brand"": ""PeakGear"", ""material"": ""Plastic"", ""weight_kg"": 3.15}",True
4787,24,199,Eco Beauty Task,MCX-42-04787,148.9,80.19,High quality eco beauty task from LuxeHair.,"{""brand"": ""LuxeHair"", ""weight_g"": 785}",True
4788,23,160,Classic Sports Reveal,CBX-42-04788,183.66,110.74,High quality classic sports reveal from AquaFlow.,"{""brand"": ""AquaFlow"", ""material"": ""Cotton"", ""weight_kg"": 1.52}",True
4789,30,191,Ultra Grocery Campaign,SSX-42-04789,46.23,33.35,High quality ultra grocery campaign from TastyBites.,"{""brand"": ""TastyBites"", ""organic"": false, ""expiration_days"": 171}",True
4790,5,33,Classic Beauty Nor,BPC-42-04790,87.56,47.13,High quality classic beauty nor from HerbEssentials.,"{""brand"": ""HerbEssentials"", ""weight_g"": 1355}",True
4791,5,15,Ultra Beauty Trial,BPC-42-04791,6.26,2.85,High quality ultra beauty trial from HerbEssentials.,"{""brand"": ""HerbEssentials"", ""weight_g"": 239}",True
4792,24,53,Smart Beauty Economic,MCX-42-04792,54.08,30.72,High quality smart beauty economic from HerbEssentials.,"{""brand"": ""HerbEssentials"", ""weight_g"": 455}",True
4793,15,165,Pro Apparel Toward,FXY-42-04793,34.79,19.82,High quality pro apparel toward from ThreadWear.,"{""brand"": ""ThreadWear"", ""color"": ""Red"", ""size"": ""XS"", ""material"": ""Metal""}",True
4794,5,200,Ultra Beauty Level,BPC-42-04794,67.3,31.96,High quality ultra beauty level from LuxeHair.,"{""brand"": ""LuxeHair"", ""weight_g"": 144}",True
4795,18,16,Ultra Home Important,KAX-42-04795,188.23,107.36,High quality ultra home important from DecoHome.,"{""brand"": ""DecoHome"", ""material"": ""Polyester"", ""weight_kg"": 0.9}",True
4796,25,47,Classic Beauty Across,SCX-42-04796,57.45,38.21,High quality classic beauty across from SilkSkin.,"{""brand"": ""SilkSkin"", ""weight_g"": 1291}",True
4797,5,33,Premium Beauty Where,BPC-42-04797,93.07,49.26,High quality premium beauty where from HerbEssentials.,"{""brand"": ""HerbEssentials"", ""weight_g"": 1212}",True
4798,13,174,Pro Electronics Increase,AHX-42-04798,283.51,139.23,High quality pro electronics increase from Quant.,"{""brand"": ""Quant"", ""color"": ""Navy"", ""weight_kg"": 6.5, ""warranty_years"": 2}",True
4799,20,4,Ultra Home Within,BBX-42-04799,738.1,416.1,High quality ultra home within from CozyLiving.,"{""brand"": ""CozyLiving"", ""material"": ""Glass"", ""weight_kg"": 10.37}",True
4800,22,161,Pro Sports Whose,ORX-42-04800,16.9,12.38,High quality pro sports whose from TrailBlaze.,"{""brand"": ""TrailBlaze"", ""material"": ""Metal"", ""weight_kg"": 7.93}",True
4801,14,107,Smart Electronics Especially,SHD-42-04801,767.03,389.66,High quality smart electronics especially from Sonyx.,"{""brand"": ""Sonyx"", ""color"": ""Green"", ""weight_kg"": 7.44, ""warranty_years"": 1}",True
4802,22,160,Pro Sports Fish,ORX-42-04802,318.72,150.95,High quality pro sports fish from TrailBlaze.,"{""brand"": ""TrailBlaze"", ""material"": ""Plastic"", ""weight_kg"": 22.68}",True
4803,1,109,Classic Electronics Believe,EXY-42-04803,667.42,402.29,High quality classic electronics believe from AudioMax.,"{""brand"": ""AudioMax"", ""color"": ""Green"", ""weight_kg"": 1.4, ""warranty_years"": 5}",True
4804,26,26,Deluxe Toys Would,BGX-42-04804,51.47,30.78,High quality deluxe toys would from BrickBuilder.,"{""brand"": ""BrickBuilder"", ""weight_g"": 481}",True
4805,26,26,Ultra Toys Test,BGX-42-04805,46.01,30.23,High quality ultra toys test from KidZone.,"{""brand"": ""KidZone"", ""weight_g"": 551}",True
4806,21,91,Smart Sports Something,FGX-42-04806,360.33,255.36,High quality smart sports something from TrailBlaze.,"{""brand"": ""TrailBlaze"", ""material"": ""Glass"", ""weight_kg"": 24.04}",True
4807,24,140,Deluxe Beauty Eat,MCX-42-04807,44.22,20.42,High quality deluxe beauty eat from SilkSkin.,"{""brand"": ""SilkSkin"", ""weight_g"": 568}",True
4808,21,83,Pro Sports Finish,FGX-42-04808,438.24,325.33,High quality pro sports finish from AquaFlow.,"{""brand"": ""AquaFlow"", ""material"": ""Polyester"", ""weight_kg"": 1.63}",True
4809,4,91,Premium Sports Develop,SOX-42-04809,301.75,199.24,High quality premium sports develop from PeakGear.,"{""brand"": ""PeakGear"", ""material"": ""Wood"", ""weight_kg"": 21.82}",True
4810,13,84,Deluxe Electronics Trade,AHX-42-04810,1014.26,600.56,High quality deluxe electronics trade from AudioMax.,"{""brand"": ""AudioMax"", ""color"": ""Pink"", ""weight_kg"": 5.59, ""warranty_years"": 5}",True
4811,20,29,Classic Home Voice,BBX-42-04811,228.39,111.39,High quality classic home voice from KitchenAid.,"{""brand"": ""KitchenAid"", ""material"": ""Leather"", ""weight_kg"": 17.16}",True
4812,26,173,Premium Toys College,BGX-42-04812,84.34,52.12,High quality premium toys college from KidZone.,"{""brand"": ""KidZone"", ""weight_g"": 1323}",True
4813,23,97,Eco Sports Whole,CBX-42-04813,211.46,91.0,High quality eco sports whole from FitPulse.,"{""brand"": ""FitPulse"", ""material"": ""Metal"", ""weight_kg"": 1.65}",True
4814,18,115,Deluxe Home Leg,KAX-42-04814,193.87,122.05,High quality deluxe home leg from KitchenAid.,"{""brand"": ""KitchenAid"", ""material"": ""Leather"", ""weight_kg"": 13.84}",True
4815,4,100,Pro Sports Program,SOX-42-04815,291.75,136.16,High quality pro sports program from AquaFlow.,"{""brand"": ""AquaFlow"", ""material"": ""Polyester"", ""weight_kg"": 20.21}",True
4816,21,192,Pro Sports Free,FGX-42-04816,459.62,263.31,High quality pro sports free from TrailBlaze.,"{""brand"": ""TrailBlaze"", ""material"": ""Cotton"", ""weight_kg"": 2.73}",True
4817,22,72,Premium Sports Until,ORX-42-04817,84.17,57.23,High quality premium sports until from AquaFlow.,"{""brand"": ""AquaFlow"", ""material"": ""Leather"", ""weight_kg"": 2.85}",True
4818,25,57,Ultra Beauty Task,SCX-42-04818,31.16,12.53,High quality ultra beauty task from SilkSkin.,"{""brand"": ""SilkSkin"", ""weight_g"": 1237}",True
4819,4,99,Ultra Sports Speak,SOX-42-04819,80.19,34.13,High quality ultra sports speak from TrailBlaze.,"{""brand"": ""TrailBlaze"", ""material"": ""Wood"", ""weight_kg"": 16.11}",True
4820,22,77,Premium Sports Quickly,ORX-42-04820,341.05,171.17,High quality premium sports quickly from TrailBlaze.,"{""brand"": ""TrailBlaze"", ""material"": ""Polyester"", ""weight_kg"": 4.62}",True
4821,2,49,Pro Apparel Investment,AXY-42-04821,56.44,33.43,High quality pro apparel investment from DenimCo.,"{""brand"": ""DenimCo"", ""color"": ""Silver"", ""size"": ""XS"", ""material"": ""Polyester""}",True
4822,6,185,Deluxe Books Strategy,BXY-42-04822,33.03,13.42,High quality deluxe books strategy from Harper.,"{""brand"": ""Harper"", ""weight_g"": 250}",True
4823,22,190,Pro Sports Along,ORX-42-04823,230.97,143.77,High quality pro sports along from PeakGear.,"{""brand"": ""PeakGear"", ""material"": ""Cotton"", ""weight_kg"": 17.63}",True
4824,23,66,Deluxe Sports Eye,CBX-42-04824,329.8,205.66,High quality deluxe sports eye from PeakGear.,"{""brand"": ""PeakGear"", ""material"": ""Glass"", ""weight_kg"": 9.72}",True
4825,11,158,Deluxe Electronics Trial,SXY-42-04825,1919.78,910.74,High quality deluxe electronics trial from Sonyx.,"{""brand"": ""Sonyx"", ""color"": ""Red"", ""weight_kg"": 6.81, ""warranty_years"": 2}",True
4826,9,43,Deluxe Grocery Be,GGF-42-04826,39.64,22.94,High quality deluxe grocery be from SweetTreats.,"{""brand"": ""SweetTreats"", ""organic"": true, ""expiration_days"": 200}",True
4827,30,10,Classic Grocery Test,SSX-42-04827,17.01,11.08,High quality classic grocery test from SweetTreats.,"{""brand"": ""SweetTreats"", ""organic"": true, ""expiration_days"": 68}",True
4828,15,165,Smart Apparel State,FXY-42-04828,21.13,13.74,High quality smart apparel state from DenimCo.,"{""brand"": ""DenimCo"", ""color"": ""Black"", ""size"": ""S"", ""material"": ""Glass""}",True
4829,5,95,Deluxe Beauty Yeah,BPC-42-04829,145.27,104.18,High quality deluxe beauty yeah from HerbEssentials.,"{""brand"": ""HerbEssentials"", ""weight_g"": 159}",True
4830,2,162,Eco Apparel Million,AXY-42-04830,55.11,41.16,High quality eco apparel million from UrbanStyle.,"{""brand"": ""UrbanStyle"", ""color"": ""Black"", ""size"": ""XL"", ""material"": ""Leather""}",True
4831,10,198,Ultra Office Products Market,OPX-42-04831,64.51,29.84,High quality ultra office products market from OfficePro.,"{""brand"": ""OfficePro"", ""weight_g"": 281}",True
4832,13,137,Deluxe Electronics Since,AHX-42-04832,1368.9,559.54,High quality deluxe electronics since from LinkSys.,"{""brand"": ""LinkSys"", ""color"": ""Gray"", ""weight_kg"": 1.51, ""warranty_years"": 1}",True
4833,18,48,Classic Home Itself,KAX-42-04833,123.98,81.53,High quality classic home itself from DecoHome.,"{""brand"": ""DecoHome"", ""material"": ""Glass"", ""weight_kg"": 9.92}",True
4834,12,84,Ultra Electronics With,LCX-42-04834,1317.97,546.99,High quality ultra electronics with from TechCo.,"{""brand"": ""TechCo"", ""color"": ""Gray"", ""weight_kg"": 0.98, ""warranty_years"": 5}",True
4835,15,153,Smart Apparel Thought,FXY-42-04835,75.8,38.02,High quality smart apparel thought from Vogue.,"{""brand"": ""Vogue"", ""color"": ""Silver"", ""size"": ""L"", ""material"": ""Glass""}",True
4836,22,37,Pro Sports Go,ORX-42-04836,55.25,36.75,High quality pro sports go from AquaFlow.,"{""brand"": ""AquaFlow"", ""material"": ""Polyester"", ""weight_kg"": 3.27}",True
4837,14,174,Smart Electronics Series,SHD-42-04837,947.2,653.82,High quality smart electronics series from Quant.,"{""brand"": ""Quant"", ""color"": ""Silver"", ""weight_kg"": 7.63, ""warranty_years"": 1}",True
4838,6,102,Pro Books Knowledge,BXY-42-04838,14.9,6.94,High quality pro books knowledge from OReilly.,"{""brand"": ""OReilly"", ""weight_g"": 396}",True
4839,14,108,Ultra Electronics Under,SHD-42-04839,483.05,195.88,High quality ultra electronics under from TechCo.,"{""brand"": ""TechCo"", ""color"": ""Navy"", ""weight_kg"": 4.63, ""warranty_years"": 1}",True
4840,16,175,Ultra Apparel Why,FXY-42-04840,163.31,119.21,High quality ultra apparel why from ThreadWear.,"{""brand"": ""ThreadWear"", ""color"": ""Red"", ""size"": ""XXL"", ""material"": ""Cotton""}",True
4841,12,150,Classic Electronics Ten,LCX-42-04841,410.82,251.8,High quality classic electronics ten from TechCo.,"{""brand"": ""TechCo"", ""color"": ""Black"", ""weight_kg"": 5.35, ""warranty_years"": 1}",True
4842,15,88,Classic Apparel Black,FXY-42-04842,161.12,64.6,High quality classic apparel black from UrbanStyle.,"{""brand"": ""UrbanStyle"", ""color"": ""Blue"", ""size"": ""S"", ""material"": ""Metal""}",True
4843,14,174,Deluxe Electronics Thank,SHD-42-04843,988.99,417.16,High quality deluxe electronics thank from Quant.,"{""brand"": ""Quant"", ""color"": ""Pink"", ""weight_kg"": 2.08, ""warranty_years"": 5}",True
4844,20,98,Eco Home College,BBX-42-04844,53.87,21.68,High quality eco home college from DecoHome.,"{""brand"": ""DecoHome"", ""material"": ""Cotton"", ""weight_kg"": 16.44}",True
4845,13,92,Classic Electronics Say,AHX-42-04845,1326.56,916.35,High quality classic electronics say from LinkSys.,"{""brand"": ""LinkSys"", ""color"": ""Gray"", ""weight_kg"": 2.64, ""warranty_years"": 1}",True
4846,3,98,Pro Home Every,HKX-42-04846,723.67,401.39,High quality pro home every from ChefChoice.,"{""brand"": ""ChefChoice"", ""material"": ""Leather"", ""weight_kg"": 23.28}",True
4847,5,95,Deluxe Beauty Move,BPC-42-04847,32.17,13.16,High quality deluxe beauty move from SilkSkin.,"{""brand"": ""SilkSkin"", ""weight_g"": 317}",True
4848,1,93,Premium Electronics Attorney,EXY-42-04848,233.72,154.95,High quality premium electronics attorney from Sonyx.,"{""brand"": ""Sonyx"", ""color"": ""Red"", ""weight_kg"": 0.32, ""warranty_years"": 2}",True
4849,28,141,Smart Automotive He,CCX-42-04849,162.58,69.19,High quality smart automotive he from AutoPro.,"{""brand"": ""AutoPro"", ""weight_g"": 795}",True
4850,1,84,Premium Electronics Kitchen,EXY-42-04850,619.64,334.87,High quality premium electronics kitchen from TechCo.,"{""brand"": ""TechCo"", ""color"": ""Yellow"", ""weight_kg"": 5.14, ""warranty_years"": 3}",True
4851,28,176,Pro Automotive Play,CCX-42-04851,241.58,157.43,High quality pro automotive play from AutoPro.,"{""brand"": ""AutoPro"", ""weight_g"": 1418}",True
4852,13,92,Deluxe Electronics Shoulder,AHX-42-04852,1090.72,794.81,High quality deluxe electronics shoulder from Quant.,"{""brand"": ""Quant"", ""color"": ""Navy"", ""weight_kg"": 3.54, ""warranty_years"": 5}",True
4853,7,173,Deluxe Toys Tax,TGX-42-04853,82.31,37.63,High quality deluxe toys tax from BoardFun.,"{""brand"": ""BoardFun"", ""weight_g"": 164}",True
4854,15,193,Eco Apparel Officer,FXY-42-04854,135.45,55.38,High quality eco apparel officer from ActiveFit.,"{""brand"": ""ActiveFit"", ""color"": ""Pink"", ""size"": ""XXL"", ""material"": ""Polyester""}",True
4855,8,181,Smart Automotive Sing,AXY-42-04855,294.89,171.75,High quality smart automotive sing from AutoPro.,"{""brand"": ""AutoPro"", ""weight_g"": 304}",True
4856,4,190,Classic Sports General,SOX-42-04856,474.67,235.45,High quality classic sports general from AquaFlow.,"{""brand"": ""AquaFlow"", ""material"": ""Glass"", ""weight_kg"": 20.0}",True
4857,13,108,Smart Electronics Long,AHX-42-04857,889.18,636.42,High quality smart electronics long from Volt.,"{""brand"": ""Volt"", ""color"": ""Silver"", ""weight_kg"": 2.22, ""warranty_years"": 5}",True
4858,24,7,Ultra Beauty Run,MCX-42-04858,18.98,7.85,High quality ultra beauty run from GlowUp.,"{""brand"": ""GlowUp"", ""weight_g"": 971}",True
4859,14,92,Pro Electronics Ahead,SHD-42-04859,675.59,490.61,High quality pro electronics ahead from Quant.,"{""brand"": ""Quant"", ""color"": ""Black"", ""weight_kg"": 1.12, ""warranty_years"": 2}",True
4860,22,77,Classic Sports Sound,ORX-42-04860,279.78,136.55,High quality classic sports sound from TrailBlaze.,"{""brand"": ""TrailBlaze"", ""material"": ""Metal"", ""weight_kg"": 11.58}",True
4861,28,44,Classic Automotive Area,CCX-42-04861,134.93,85.0,High quality classic automotive area from DriveClean.,"{""brand"": ""DriveClean"", ""weight_g"": 354}",True
4862,2,162,Eco Apparel Put,AXY-42-04862,184.31,114.76,High quality eco apparel put from Vogue.,"{""brand"": ""Vogue"", ""color"": ""Pink"", ""size"": ""M"", ""material"": ""Glass""}",True
4863,26,70,Ultra Toys Put,BGX-42-04863,49.68,28.6,High quality ultra toys put from KidZone.,"{""brand"": ""KidZone"", ""weight_g"": 401}",True
4864,20,138,Eco Home Create,BBX-42-04864,702.98,327.98,High quality eco home create from CozyLiving.,"{""brand"": ""CozyLiving"", ""material"": ""Glass"", ""weight_kg"": 22.35}",True
4865,21,37,Premium Sports Professor,FGX-42-04865,85.89,61.45,High quality premium sports professor from TrailBlaze.,"{""brand"": ""TrailBlaze"", ""material"": ""Wood"", ""weight_kg"": 16.82}",True
4866,7,179,Deluxe Toys Life,TGX-42-04866,76.71,44.87,High quality deluxe toys life from KidZone.,"{""brand"": ""KidZone"", ""weight_g"": 636}",True
4867,18,54,Ultra Home Strong,KAX-42-04867,224.26,142.87,High quality ultra home strong from DecoHome.,"{""brand"": ""DecoHome"", ""material"": ""Plastic"", ""weight_kg"": 18.21}",True
4868,13,150,Ultra Electronics Put,AHX-42-04868,1360.53,606.53,High quality ultra electronics put from LinkSys.,"{""brand"": ""LinkSys"", ""color"": ""White"", ""weight_kg"": 4.47, ""warranty_years"": 5}",True
4869,22,119,Ultra Sports Century,ORX-42-04869,205.6,139.02,High quality ultra sports century from AquaFlow.,"{""brand"": ""AquaFlow"", ""material"": ""Leather"", ""weight_kg"": 8.67}",True
4870,28,67,Premium Automotive About,CCX-42-04870,249.98,174.96,High quality premium automotive about from TireSafe.,"{""brand"": ""TireSafe"", ""weight_g"": 1341}",True
4871,6,14,Ultra Books Institution,BXY-42-04871,69.35,37.72,High quality ultra books institution from Harper.,"{""brand"": ""Harper"", ""weight_g"": 603}",True
4872,25,7,Ultra Beauty Decision,SCX-42-04872,21.92,14.07,High quality ultra beauty decision from GlowUp.,"{""brand"": ""GlowUp"", ""weight_g"": 816}",True
4873,13,139,Classic Electronics Production,AHX-42-04873,408.57,289.59,High quality classic electronics production from Sonyx.,"{""brand"": ""Sonyx"", ""color"": ""Green"", ""weight_kg"": 1.77, ""warranty_years"": 2}",True
4874,26,154,Ultra Toys Focus,BGX-42-04874,71.23,33.03,High quality ultra toys focus from BrickBuilder.,"{""brand"": ""BrickBuilder"", ""weight_g"": 796}",True
4875,15,12,Classic Apparel Former,FXY-42-04875,63.83,31.48,High quality classic apparel former from ThreadWear.,"{""brand"": ""ThreadWear"", ""color"": ""Red"", ""size"": ""S"", ""material"": ""Metal""}",True
4876,28,105,Premium Automotive Parent,CCX-42-04876,280.53,120.46,High quality premium automotive parent from TireSafe.,"{""brand"": ""TireSafe"", ""weight_g"": 745}",True
4877,9,171,Classic Grocery Beautiful,GGF-42-04877,14.72,11.0,High quality classic grocery beautiful from SweetTreats.,"{""brand"": ""SweetTreats"", ""organic"": false, ""expiration_days"": 95}",True
4878,25,199,Eco Beauty Bring,SCX-42-04878,16.75,9.95,High quality eco beauty bring from HerbEssentials.,"{""brand"": ""HerbEssentials"", ""weight_g"": 417}",True
4879,28,196,Smart Automotive Coach,CCX-42-04879,231.64,123.35,High quality smart automotive coach from AutoPro.,"{""brand"": ""AutoPro"", ""weight_g"": 801}",True
4880,3,29,Pro Home Enjoy,HKX-42-04880,504.87,223.69,High quality pro home enjoy from CozyLiving.,"{""brand"": ""CozyLiving"", ""material"": ""Glass"", ""weight_kg"": 16.22}",True
4881,6,63,Smart Books Name,BXY-42-04881,55.57,27.83,High quality smart books name from Springer.,"{""brand"": ""Springer"", ""weight_g"": 1076}",True
4882,15,49,Classic Apparel Sell,FXY-42-04882,58.11,38.06,High quality classic apparel sell from Vogue.,"{""brand"": ""Vogue"", ""color"": ""Navy"", ""size"": ""XL"", ""material"": ""Glass""}",True
4883,12,150,Classic Electronics Special,LCX-42-04883,1297.39,887.67,High quality classic electronics special from Sonyx.,"{""brand"": ""Sonyx"", ""color"": ""Black"", ""weight_kg"": 0.58, ""warranty_years"": 3}",True
4884,26,24,Eco Toys Then,BGX-42-04884,38.72,28.79,High quality eco toys then from PlayTime.,"{""brand"": ""PlayTime"", ""weight_g"": 1133}",True
4885,8,69,Eco Automotive Range,AXY-42-04885,146.63,87.84,High quality eco automotive range from DriveClean.,"{""brand"": ""DriveClean"", ""weight_g"": 149}",True
4886,11,108,Classic Electronics Source,SXY-42-04886,1629.28,969.74,High quality classic electronics source from Volt.,"{""brand"": ""Volt"", ""color"": ""Gray"", ""weight_kg"": 7.98, ""warranty_years"": 1}",True
4887,24,95,Classic Beauty Case,MCX-42-04887,18.31,8.93,High quality classic beauty case from SilkSkin.,"{""brand"": ""SilkSkin"", ""weight_g"": 1029}",True
4888,18,146,Ultra Home Throw,KAX-42-04888,549.24,407.79,High quality ultra home throw from CozyLiving.,"{""brand"": ""CozyLiving"", ""material"": ""Leather"", ""weight_kg"": 18.75}",True
4889,27,173,Pro Toys Phone,AFD-42-04889,17.81,8.8,High quality pro toys phone from PlayTime.,"{""brand"": ""PlayTime"", ""weight_g"": 921}",True
4890,14,139,Eco Electronics Rich,SHD-42-04890,1492.02,800.08,High quality eco electronics rich from TechCo.,"{""brand"": ""TechCo"", ""color"": ""Green"", ""weight_kg"": 6.49, ""warranty_years"": 5}",True
4891,8,168,Deluxe Automotive Item,AXY-42-04891,274.37,168.05,High quality deluxe automotive item from DriveClean.,"{""brand"": ""DriveClean"", ""weight_g"": 180}",True
4892,17,120,Premium Apparel Structure,FSX-42-04892,123.57,79.7,High quality premium apparel structure from DenimCo.,"{""brand"": ""DenimCo"", ""color"": ""Blue"", ""size"": ""XS"", ""material"": ""Wood""}",True
4893,3,194,Smart Home Wrong,HKX-42-04893,224.01,96.15,High quality smart home wrong from KitchenAid.,"{""brand"": ""KitchenAid"", ""material"": ""Polyester"", ""weight_kg"": 3.13}",True
4894,6,102,Ultra Books Front,BXY-42-04894,8.16,5.34,High quality ultra books front from Penguin.,"{""brand"": ""Penguin"", ""weight_g"": 900}",True
4895,2,9,Ultra Apparel Live,AXY-42-04895,182.86,121.88,High quality ultra apparel live from DenimCo.,"{""brand"": ""DenimCo"", ""color"": ""Silver"", ""size"": ""XL"", ""material"": ""Wood""}",True
4896,26,154,Premium Toys Mean,BGX-42-04896,115.81,72.22,High quality premium toys mean from BrickBuilder.,"{""brand"": ""BrickBuilder"", ""weight_g"": 173}",True
4897,18,79,Eco Home Tv,KAX-42-04897,712.52,350.91,High quality eco home tv from CozyLiving.,"{""brand"": ""CozyLiving"", ""material"": ""Wool"", ""weight_kg"": 9.61}",True
4898,28,168,Smart Automotive Simple,CCX-42-04898,187.45,125.03,High quality smart automotive simple from TireSafe.,"{""brand"": ""TireSafe"", ""weight_g"": 1084}",True
4899,29,46,Eco Grocery Cell,BXY-42-04899,9.87,7.17,High quality eco grocery cell from OrganicWay.,"{""brand"": ""OrganicWay"", ""organic"": false, ""expiration_days"": 53}",True
4900,9,46,Eco Grocery Ever,GGF-42-04900,8.55,4.59,High quality eco grocery ever from SweetTreats.,"{""brand"": ""SweetTreats"", ""organic"": true, ""expiration_days"": 260}",True
4901,6,58,Pro Books Consumer,BXY-42-04901,58.8,34.49,High quality pro books consumer from Penguin.,"{""brand"": ""Penguin"", ""weight_g"": 774}",True
4902,19,75,Deluxe Home Right,FXY-42-04902,148.18,95.82,High quality deluxe home right from CozyLiving.,"{""brand"": ""CozyLiving"", ""material"": ""Metal"", ""weight_kg"": 11.7}",True
4903,11,137,Deluxe Electronics Personal,SXY-42-04903,951.67,526.16,High quality deluxe electronics personal from Quant.,"{""brand"": ""Quant"", ""color"": ""Navy"", ""weight_kg"": 4.08, ""warranty_years"": 2}",True
4904,1,93,Pro Electronics The,EXY-42-04904,642.5,364.46,High quality pro electronics the from AudioMax.,"{""brand"": ""AudioMax"", ""color"": ""Navy"", ""weight_kg"": 5.17, ""warranty_years"": 2}",True
4905,13,108,Eco Electronics Generation,AHX-42-04905,880.41,496.7,High quality eco electronics generation from AudioMax.,"{""brand"": ""AudioMax"", ""color"": ""White"", ""weight_kg"": 0.42, ""warranty_years"": 2}",True
4906,20,51,Classic Home Successful,BBX-42-04906,587.86,345.32,High quality classic home successful from KitchenAid.,"{""brand"": ""KitchenAid"", ""material"": ""Metal"", ""weight_kg"": 20.52}",True
4907,8,187,Deluxe Automotive Father,AXY-42-04907,21.42,10.34,High quality deluxe automotive father from TireSafe.,"{""brand"": ""TireSafe"", ""weight_g"": 102}",True
4908,28,41,Eco Automotive Decide,CCX-42-04908,161.57,108.03,High quality eco automotive decide from TireSafe.,"{""brand"": ""TireSafe"", ""weight_g"": 1317}",True
4909,21,100,Smart Sports Become,FGX-42-04909,215.64,87.39,High quality smart sports become from AquaFlow.,"{""brand"": ""AquaFlow"", ""material"": ""Leather"", ""weight_kg"": 9.25}",True
4910,22,119,Pro Sports Join,ORX-42-04910,454.06,244.05,High quality pro sports join from FitPulse.,"{""brand"": ""FitPulse"", ""material"": ""Polyester"", ""weight_kg"": 20.03}",True
4911,3,4,Pro Home Hold,HKX-42-04911,84.55,42.43,High quality pro home hold from DecoHome.,"{""brand"": ""DecoHome"", ""material"": ""Wool"", ""weight_kg"": 9.8}",True
4912,27,173,Premium Toys Court,AFD-42-04912,41.43,18.08,High quality premium toys court from BrickBuilder.,"{""brand"": ""BrickBuilder"", ""weight_g"": 618}",True
4913,12,126,Deluxe Electronics Increase,LCX-42-04913,600.92,345.89,High quality deluxe electronics increase from LinkSys.,"{""brand"": ""LinkSys"", ""color"": ""Gray"", ""weight_kg"": 2.64, ""warranty_years"": 3}",True
4914,8,130,Ultra Automotive Under,AXY-42-04914,51.46,25.56,High quality ultra automotive under from TireSafe.,"{""brand"": ""TireSafe"", ""weight_g"": 978}",True
4915,25,159,Deluxe Beauty Huge,SCX-42-04915,142.06,73.27,High quality deluxe beauty huge from LuxeHair.,"{""brand"": ""LuxeHair"", ""weight_g"": 904}",True
4916,30,197,Classic Grocery You,SSX-42-04916,46.47,31.17,High quality classic grocery you from SweetTreats.,"{""brand"": ""SweetTreats"", ""organic"": true, ""expiration_days"": 258}",True
4917,29,46,Eco Grocery They,BXY-42-04917,28.89,19.13,High quality eco grocery they from NatureDrop.,"{""brand"": ""NatureDrop"", ""organic"": true, ""expiration_days"": 179}",True
4918,3,29,Deluxe Home Usually,HKX-42-04918,148.87,76.79,High quality deluxe home usually from CozyLiving.,"{""brand"": ""CozyLiving"", ""material"": ""Wood"", ""weight_kg"": 11.72}",True
4919,19,146,Deluxe Home Own,FXY-42-04919,55.33,34.91,High quality deluxe home own from CozyLiving.,"{""brand"": ""CozyLiving"", ""material"": ""Wool"", ""weight_kg"": 21.38}",True
4920,28,176,Ultra Automotive Door,CCX-42-04920,178.75,111.2,High quality ultra automotive door from MotorMax.,"{""brand"": ""MotorMax"", ""weight_g"": 1202}",True
4921,22,190,Ultra Sports Against,ORX-42-04921,424.52,233.42,High quality ultra sports against from TrailBlaze.,"{""brand"": ""TrailBlaze"", ""material"": ""Wood"", ""weight_kg"": 12.66}",True
4922,22,160,Premium Sports Yourself,ORX-42-04922,475.35,283.93,High quality premium sports yourself from TrailBlaze.,"{""brand"": ""TrailBlaze"", ""material"": ""Cotton"", ""weight_kg"": 20.59}",True
4923,22,125,Premium Sports Agency,ORX-42-04923,173.01,71.51,High quality premium sports agency from PeakGear.,"{""brand"": ""PeakGear"", ""material"": ""Metal"", ""weight_kg"": 19.11}",True
4924,11,126,Classic Electronics Wind,SXY-42-04924,1434.71,1046.58,High quality classic electronics wind from Sonyx.,"{""brand"": ""Sonyx"", ""color"": ""Green"", ""weight_kg"": 4.56, ""warranty_years"": 3}",True
4925,16,88,Classic Apparel Open,FXY-42-04925,52.06,33.48,High quality classic apparel open from ThreadWear.,"{""brand"": ""ThreadWear"", ""color"": ""Gray"", ""size"": ""XXL"", ""material"": ""Glass""}",True
4926,13,139,Classic Electronics Radio,AHX-42-04926,510.36,232.91,High quality classic electronics radio from Quant.,"{""brand"": ""Quant"", ""color"": ""White"", ""weight_kg"": 2.57, ""warranty_years"": 5}",True
4927,24,33,Classic Beauty Population,MCX-42-04927,8.16,3.43,High quality classic beauty population from SilkSkin.,"{""brand"": ""SilkSkin"", ""weight_g"": 95}",True
4928,13,150,Pro Electronics Produce,AHX-42-04928,507.21,249.65,High quality pro electronics produce from TechCo.,"{""brand"": ""TechCo"", ""color"": ""White"", ""weight_kg"": 4.26, ""warranty_years"": 5}",True
4929,17,120,Ultra Apparel Drop,FSX-42-04929,45.88,20.66,High quality ultra apparel drop from DenimCo.,"{""brand"": ""DenimCo"", ""color"": ""Blue"", ""size"": ""XL"", ""material"": ""Leather""}",True
4930,22,77,Premium Sports What,ORX-42-04930,347.31,143.92,High quality premium sports what from PeakGear.,"{""brand"": ""PeakGear"", ""material"": ""Glass"", ""weight_kg"": 2.58}",True
4931,29,116,Deluxe Grocery Behind,BXY-42-04931,4.32,2.1,High quality deluxe grocery behind from TastyBites.,"{""brand"": ""TastyBites"", ""organic"": true, ""expiration_days"": 268}",True
4932,27,96,Eco Toys Maintain,AFD-42-04932,42.11,18.12,High quality eco toys maintain from BoardFun.,"{""brand"": ""BoardFun"", ""weight_g"": 561}",True
4933,14,137,Eco Electronics Decide,SHD-42-04933,1612.59,887.67,High quality eco electronics decide from Sonyx.,"{""brand"": ""Sonyx"", ""color"": ""Black"", ""weight_kg"": 5.08, ""warranty_years"": 2}",True
4934,3,48,Premium Home Everybody,HKX-42-04934,384.91,228.51,High quality premium home everybody from DecoHome.,"{""brand"": ""DecoHome"", ""material"": ""Polyester"", ""weight_kg"": 1.27}",True
4935,8,145,Pro Automotive Science,AXY-42-04935,148.23,109.95,High quality pro automotive science from TireSafe.,"{""brand"": ""TireSafe"", ""weight_g"": 987}",True
4936,26,121,Classic Toys Together,BGX-42-04936,60.04,41.95,High quality classic toys together from KidZone.,"{""brand"": ""KidZone"", ""weight_g"": 823}",True
4937,10,131,Premium Office Products Concern,OPX-42-04937,35.51,18.32,High quality premium office products concern from OfficePro.,"{""brand"": ""OfficePro"", ""weight_g"": 562}",True
4938,29,155,Deluxe Grocery Appear,BXY-42-04938,7.32,3.78,High quality deluxe grocery appear from NatureDrop.,"{""brand"": ""NatureDrop"", ""organic"": true, ""expiration_days"": 193}",True
4939,25,159,Premium Beauty Institution,SCX-42-04939,109.68,48.01,High quality premium beauty institution from SilkSkin.,"{""brand"": ""SilkSkin"", ""weight_g"": 831}",True
4940,20,42,Ultra Home Prepare,BBX-42-04940,465.75,246.85,High quality ultra home prepare from KitchenAid.,"{""brand"": ""KitchenAid"", ""material"": ""Wool"", ""weight_kg"": 5.21}",True
4941,8,55,Ultra Automotive Laugh,AXY-42-04941,197.58,139.8,High quality ultra automotive laugh from MotorMax.,"{""brand"": ""MotorMax"", ""weight_g"": 1440}",True
4942,24,15,Classic Beauty Plan,MCX-42-04942,50.14,31.55,High quality classic beauty plan from HerbEssentials.,"{""brand"": ""HerbEssentials"", ""weight_g"": 108}",True
4943,15,9,Pro Apparel Ever,FXY-42-04943,37.22,18.15,High quality pro apparel ever from Vogue.,"{""brand"": ""Vogue"", ""color"": ""Green"", ""size"": ""XS"", ""material"": ""Wood""}",True
4944,15,85,Premium Apparel Church,FXY-42-04944,146.29,74.89,High quality premium apparel church from ActiveFit.,"{""brand"": ""ActiveFit"", ""color"": ""Red"", ""size"": ""XL"", ""material"": ""Glass""}",True
4945,14,84,Pro Electronics Behind,SHD-42-04945,232.58,169.25,High quality pro electronics behind from Volt.,"{""brand"": ""Volt"", ""color"": ""Pink"", ""weight_kg"": 7.87, ""warranty_years"": 3}",True
4946,22,71,Smart Sports Hold,ORX-42-04946,229.32,162.26,High quality smart sports hold from AquaFlow.,"{""brand"": ""AquaFlow"", ""material"": ""Leather"", ""weight_kg"": 1.84}",True
4947,19,54,Deluxe Home Conference,FXY-42-04947,57.14,34.19,High quality deluxe home conference from ChefChoice.,"{""brand"": ""ChefChoice"", ""material"": ""Wool"", ""weight_kg"": 8.95}",True
4948,22,39,Deluxe Sports Your,ORX-42-04948,83.05,54.75,High quality deluxe sports your from FitPulse.,"{""brand"": ""FitPulse"", ""material"": ""Leather"", ""weight_kg"": 11.62}",True
4949,25,15,Smart Beauty Our,SCX-42-04949,28.32,16.74,High quality smart beauty our from HerbEssentials.,"{""brand"": ""HerbEssentials"", ""weight_g"": 1136}",True
4950,25,95,Eco Beauty Buy,SCX-42-04950,92.37,39.68,High quality eco beauty buy from HerbEssentials.,"{""brand"": ""HerbEssentials"", ""weight_g"": 1285}",True
4951,12,56,Smart Electronics Address,LCX-42-04951,780.5,510.31,High quality smart electronics address from LinkSys.,"{""brand"": ""LinkSys"", ""color"": ""White"", ""weight_kg"": 6.02, ""warranty_years"": 3}",True
4952,11,158,Classic Electronics Serious,SXY-42-04952,1636.67,1030.91,High quality classic electronics serious from Volt.,"{""brand"": ""Volt"", ""color"": ""Green"", ""weight_kg"": 2.09, ""warranty_years"": 3}",True
4953,5,47,Classic Beauty Never,BPC-42-04953,124.58,50.09,High quality classic beauty never from GlowUp.,"{""brand"": ""GlowUp"", ""weight_g"": 808}",True
4954,6,74,Deluxe Books Learn,BXY-42-04954,70.86,52.61,High quality deluxe books learn from Springer.,"{""brand"": ""Springer"", ""weight_g"": 819}",True
4955,16,142,Premium Apparel Spring,FXY-42-04955,79.44,38.88,High quality premium apparel spring from ThreadWear.,"{""brand"": ""ThreadWear"", ""color"": ""Pink"", ""size"": ""XL"", ""material"": ""Glass""}",True
4956,25,81,Premium Beauty Wife,SCX-42-04956,91.87,47.89,High quality premium beauty wife from GlowUp.,"{""brand"": ""GlowUp"", ""weight_g"": 1452}",True
4957,10,132,Smart Office Products Without,OPX-42-04957,45.69,18.97,High quality smart office products without from OfficePro.,"{""brand"": ""OfficePro"", ""weight_g"": 917}",True
4958,16,34,Premium Apparel Long,FXY-42-04958,154.17,113.09,High quality premium apparel long from Vogue.,"{""brand"": ""Vogue"", ""color"": ""Pink"", ""size"": ""XXL"", ""material"": ""Cotton""}",True
4959,2,177,Pro Apparel Their,AXY-42-04959,68.82,29.38,High quality pro apparel their from ThreadWear.,"{""brand"": ""ThreadWear"", ""color"": ""Yellow"", ""size"": ""S"", ""material"": ""Metal""}",True
4960,23,118,Pro Sports Report,CBX-42-04960,26.23,12.77,High quality pro sports report from PeakGear.,"{""brand"": ""PeakGear"", ""material"": ""Leather"", ""weight_kg"": 16.76}",True
4961,1,139,Deluxe Electronics Miss,EXY-42-04961,984.91,607.03,High quality deluxe electronics miss from AudioMax.,"{""brand"": ""AudioMax"", ""color"": ""White"", ""weight_kg"": 3.14, ""warranty_years"": 3}",True
4962,12,108,Classic Electronics By,LCX-42-04962,660.76,305.35,High quality classic electronics by from Volt.,"{""brand"": ""Volt"", ""color"": ""Silver"", ""weight_kg"": 5.77, ""warranty_years"": 2}",True
4963,28,41,Pro Automotive Door,CCX-42-04963,229.28,152.25,High quality pro automotive door from MotorMax.,"{""brand"": ""MotorMax"", ""weight_g"": 234}",True
4964,12,137,Pro Electronics Sell,LCX-42-04964,123.41,88.55,High quality pro electronics sell from LinkSys.,"{""brand"": ""LinkSys"", ""color"": ""Pink"", ""weight_kg"": 0.65, ""warranty_years"": 3}",True
4965,24,81,Deluxe Beauty Democrat,MCX-42-04965,20.92,10.75,High quality deluxe beauty democrat from LuxeHair.,"{""brand"": ""LuxeHair"", ""weight_g"": 1437}",True
4966,14,56,Smart Electronics Cut,SHD-42-04966,1722.02,938.68,High quality smart electronics cut from Volt.,"{""brand"": ""Volt"", ""color"": ""Black"", ""weight_kg"": 4.57, ""warranty_years"": 5}",True
4967,30,45,Premium Grocery Young,SSX-42-04967,20.62,11.19,High quality premium grocery young from NatureDrop.,"{""brand"": ""NatureDrop"", ""organic"": false, ""expiration_days"": 170}",True
4968,4,180,Premium Sports Training,SOX-42-04968,209.59,147.19,High quality premium sports training from TrailBlaze.,"{""brand"": ""TrailBlaze"", ""material"": ""Leather"", ""weight_kg"": 14.88}",True
4969,14,87,Classic Electronics Tax,SHD-42-04969,390.98,192.08,High quality classic electronics tax from TechCo.,"{""brand"": ""TechCo"", ""color"": ""Pink"", ""weight_kg"": 1.27, ""warranty_years"": 5}",True
4970,20,79,Ultra Home Station,BBX-42-04970,67.89,30.21,High quality ultra home station from ChefChoice.,"{""brand"": ""ChefChoice"", ""material"": ""Glass"", ""weight_kg"": 21.22}",True
4971,29,50,Pro Grocery Exactly,BXY-42-04971,28.79,19.17,High quality pro grocery exactly from SweetTreats.,"{""brand"": ""SweetTreats"", ""organic"": false, ""expiration_days"": 279}",True
4972,16,153,Smart Apparel Field,FXY-42-04972,153.2,88.49,High quality smart apparel field from DenimCo.,"{""brand"": ""DenimCo"", ""color"": ""Gray"", ""size"": ""XS"", ""material"": ""Wood""}",True
4973,30,45,Eco Grocery Skin,SSX-42-04973,4.81,2.2,High quality eco grocery skin from OrganicWay.,"{""brand"": ""OrganicWay"", ""organic"": false, ""expiration_days"": 114}",True
4974,13,126,Ultra Electronics Miss,AHX-42-04974,1752.61,1307.85,High quality ultra electronics miss from Volt.,"{""brand"": ""Volt"", ""color"": ""Navy"", ""weight_kg"": 5.88, ""warranty_years"": 5}",True
4975,9,31,Ultra Grocery Idea,GGF-42-04975,13.28,9.69,High quality ultra grocery idea from SweetTreats.,"{""brand"": ""SweetTreats"", ""organic"": false, ""expiration_days"": 217}",True
4976,19,148,Pro Home Case,FXY-42-04976,616.43,270.43,High quality pro home case from DecoHome.,"{""brand"": ""DecoHome"", ""material"": ""Polyester"", ""weight_kg"": 18.95}",True
4977,3,124,Ultra Home Lawyer,HKX-42-04977,663.01,465.29,High quality ultra home lawyer from ChefChoice.,"{""brand"": ""ChefChoice"", ""material"": ""Cotton"", ""weight_kg"": 21.0}",True
4978,12,137,Premium Electronics Total,LCX-42-04978,704.88,482.35,High quality premium electronics total from Quant.,"{""brand"": ""Quant"", ""color"": ""Silver"", ""weight_kg"": 1.47, ""warranty_years"": 1}",True
4979,14,87,Eco Electronics Design,SHD-42-04979,709.63,400.7,High quality eco electronics design from AudioMax.,"{""brand"": ""AudioMax"", ""color"": ""Blue"", ""weight_kg"": 3.97, ""warranty_years"": 3}",True
4980,13,126,Smart Electronics Plan,AHX-42-04980,1468.19,672.68,High quality smart electronics plan from LinkSys.,"{""brand"": ""LinkSys"", ""color"": ""Red"", ""weight_kg"": 6.42, ""warranty_years"": 1}",True
4981,26,89,Eco Toys Dinner,BGX-42-04981,106.79,74.04,High quality eco toys dinner from PlayTime.,"{""brand"": ""PlayTime"", ""weight_g"": 494}",True
4982,28,44,Deluxe Automotive Than,CCX-42-04982,143.29,58.24,High quality deluxe automotive than from DriveClean.,"{""brand"": ""DriveClean"", ""weight_g"": 681}",True
4983,25,95,Deluxe Beauty Fear,SCX-42-04983,30.25,16.81,High quality deluxe beauty fear from LuxeHair.,"{""brand"": ""LuxeHair"", ""weight_g"": 473}",True
4984,24,189,Ultra Beauty Short,MCX-42-04984,52.11,33.31,High quality ultra beauty short from HerbEssentials.,"{""brand"": ""HerbEssentials"", ""weight_g"": 896}",True
4985,3,19,Ultra Home Research,HKX-42-04985,452.08,290.09,High quality ultra home research from KitchenAid.,"{""brand"": ""KitchenAid"", ""material"": ""Leather"", ""weight_kg"": 20.95}",True
4986,18,1,Deluxe Home Current,KAX-42-04986,554.08,304.88,High quality deluxe home current from CozyLiving.,"{""brand"": ""CozyLiving"", ""material"": ""Wood"", ""weight_kg"": 24.18}",True
4987,22,65,Eco Sports Kid,ORX-42-04987,283.28,133.13,High quality eco sports kid from PeakGear.,"{""brand"": ""PeakGear"", ""material"": ""Polyester"", ""weight_kg"": 2.8}",True
4988,30,36,Pro Grocery Couple,SSX-42-04988,26.12,11.17,High quality pro grocery couple from OrganicWay.,"{""brand"": ""OrganicWay"", ""organic"": true, ""expiration_days"": 336}",True
4989,13,107,Eco Electronics Issue,AHX-42-04989,782.18,375.44,High quality eco electronics issue from AudioMax.,"{""brand"": ""AudioMax"", ""color"": ""Navy"", ""weight_kg"": 2.5, ""warranty_years"": 2}",True
4990,17,25,Deluxe Apparel Structure,FSX-42-04990,133.51,60.8,High quality deluxe apparel structure from ActiveFit.,"{""brand"": ""ActiveFit"", ""color"": ""Navy"", ""size"": ""XL"", ""material"": ""Metal""}",True
4991,11,8,Pro Electronics Child,SXY-42-04991,401.14,297.65,High quality pro electronics child from LinkSys.,"{""brand"": ""LinkSys"", ""color"": ""Black"", ""weight_kg"": 5.77, ""warranty_years"": 3}",True
4992,1,158,Classic Electronics Air,EXY-42-04992,465.33,244.96,High quality classic electronics air from AudioMax.,"{""brand"": ""AudioMax"", ""color"": ""Gray"", ""weight_kg"": 5.36, ""warranty_years"": 1}",True
4993,22,77,Classic Sports Fill,ORX-42-04993,81.87,39.94,High quality classic sports fill from TrailBlaze.,"{""brand"": ""TrailBlaze"", ""material"": ""Glass"", ""weight_kg"": 23.84}",True
4994,11,107,Eco Electronics Everybody,SXY-42-04994,914.22,397.09,High quality eco electronics everybody from Volt.,"{""brand"": ""Volt"", ""color"": ""Black"", ""weight_kg"": 6.53, ""warranty_years"": 2}",True
4995,2,110,Premium Apparel Eat,AXY-42-04995,86.53,48.39,High quality premium apparel eat from DenimCo.,"{""brand"": ""DenimCo"", ""color"": ""White"", ""size"": ""S"", ""material"": ""Wood""}",True
4996,11,84,Classic Electronics Prepare,SXY-42-04996,582.4,407.1,High quality classic electronics prepare from LinkSys.,"{""brand"": ""LinkSys"", ""color"": ""Navy"", ""weight_kg"": 0.67, ""warranty_years"": 3}",True
4997,6,185,Smart Books Little,BXY-42-04997,76.85,37.14,High quality smart books little from Harper.,"{""brand"": ""Harper"", ""weight_g"": 58}",True
4998,30,10,Pro Grocery Whatever,SSX-42-04998,17.74,8.81,High quality pro grocery whatever from SweetTreats.,"{""brand"": ""SweetTreats"", ""organic"": false, ""expiration_days"": 221}",True
4999,9,171,Premium Grocery Energy,GGF-42-04999,6.28,3.39,High quality premium grocery energy from SweetTreats.,"{""brand"": ""SweetTreats"", ""organic"": false, ""expiration_days"": 235}",True
5000,14,158,Ultra Electronics Hope,SHD-42-05000,705.83,407.86,High quality ultra electronics hope from Sonyx.,"{""brand"": ""Sonyx"", ""color"": ""Green"", ""weight_kg"": 0.96, ""warranty_years"": 3}",True
