id,order_item_id,employee_id,reason,status,refund_amount,return_date
1,167,238,Size Mismatch,Completed,112.06,2024-10-21 02:22:31
2,168,217,Not as Described,Completed,133.91,2024-10-23 01:22:31
3,193,200,Not as Described,Completed,362.97,2024-06-18 11:37:37
4,194,223,Wrong Item,Approved,673.15,2024-06-18 11:37:37
5,907,250,Not as Described,Completed,88.99,2025-11-03 16:30:49
6,952,274,Size Mismatch,Completed,21.99,2024-09-10 12:09:31
7,953,270,Defective,Completed,420.09,2024-09-09 08:09:31
8,1134,267,Buyer Remorse,Completed,685.17,2024-12-02 17:07:01
9,1913,275,Wrong Item,Completed,332.59,2024-08-05 21:22:19
10,1914,236,Size Mismatch,Completed,249.45,2024-08-04 16:22:19
11,3169,201,Not as Described,Approved,279.0,2025-12-28 10:59:31
12,3171,227,Defective,Completed,126.4,2025-12-26 09:59:31
13,3172,275,Defective,Completed,93.66,2025-12-29 14:59:31
14,3174,216,Not as Described,Completed,61.36,2025-12-27 09:59:31
15,3276,221,Defective,Completed,110.82,2024-05-02 22:55:05
16,3278,204,Not as Described,Completed,4355.88,2024-05-04 20:55:05
17,3279,288,Size Mismatch,Approved,835.82,2024-05-01 17:55:05
18,3280,206,Buyer Remorse,Approved,783.35,2024-05-04 23:55:05
19,3281,246,Wrong Item,Completed,134.73,2024-05-04 15:55:05
20,3310,252,Size Mismatch,Completed,589.74,2025-05-11 09:58:26
21,3748,202,Wrong Item,Completed,661.64,2023-09-22 12:58:44
22,3749,200,Not as Described,Completed,423.31,2023-09-21 06:58:44
23,3750,264,Size Mismatch,Completed,101.16,2023-09-23 12:58:44
24,3812,242,Size Mismatch,Completed,566.3,2023-12-29 16:06:35
25,3813,201,Size Mismatch,Approved,3.46,2023-12-30 10:06:35
26,3814,275,Not as Described,Completed,1247.38,2024-01-02 09:06:35
27,3815,233,Not as Described,Completed,186.17,2023-12-30 16:06:35
28,4142,218,Size Mismatch,Completed,13.63,2024-07-08 14:22:03
29,4144,253,Size Mismatch,Completed,1386.95,2024-07-07 17:22:03
30,4145,281,Wrong Item,Completed,68.77,2024-07-07 12:22:03
31,4347,254,Size Mismatch,Completed,1595.57,2023-10-10 08:07:34
32,4383,263,Not as Described,Completed,85.32,2024-05-12 04:39:59
33,4384,284,Defective,Approved,875.75,2024-05-16 10:39:59
34,4386,200,Not as Described,Approved,1903.44,2024-05-14 10:39:59
35,4654,273,Buyer Remorse,Completed,124.51,2024-12-27 13:36:24
36,4655,238,Size Mismatch,Inspected,77.7,2024-12-26 14:36:24
37,4656,206,Not as Described,Completed,451.75,2024-12-30 08:36:24
38,4657,238,Not as Described,Completed,44.46,2024-12-30 07:36:24
39,4796,233,Size Mismatch,Completed,73.34,2024-04-22 09:46:41
40,4798,292,Wrong Item,Approved,10.41,2024-04-19 12:46:41
41,5363,214,Wrong Item,Completed,240.76,2025-09-02 10:18:21
42,5364,257,Not as Described,Completed,367.43,2025-09-04 08:18:21
43,5365,216,Buyer Remorse,Completed,226.2,2025-09-03 14:18:21
44,5366,202,Not as Described,Inspected,432.85,2025-09-04 10:18:21
45,5367,220,Size Mismatch,Completed,68.36,2025-09-02 13:18:21
46,5368,213,Not as Described,Completed,185.95,2025-09-03 07:18:21
47,5667,274,Buyer Remorse,Approved,25.19,2025-08-20 23:11:08
48,5668,225,Size Mismatch,Approved,531.43,2025-08-20 23:11:08
49,5796,248,Size Mismatch,Approved,120.89,2023-06-26 16:41:36
50,5797,281,Not as Described,Completed,329.29,2023-06-26 11:41:36
51,5798,228,Buyer Remorse,Approved,134.21,2023-06-25 16:41:36
52,5799,234,Defective,Completed,83.24,2023-06-25 18:41:36
53,5801,295,Defective,Completed,125.94,2023-06-22 11:41:36
54,5850,200,Wrong Item,Completed,138.48,2024-12-16 05:49:48
55,5851,239,Wrong Item,Completed,133.7,2024-12-19 01:49:48
56,5852,290,Size Mismatch,Completed,159.99,2024-12-16 06:49:48
57,5855,215,Not as Described,Completed,121.51,2024-12-16 07:49:48
58,6005,278,Wrong Item,Completed,61.36,2023-10-30 15:16:41
59,6006,256,Wrong Item,Completed,35.51,2023-10-28 18:16:41
60,6007,233,Not as Described,Completed,128.16,2023-10-29 21:16:41
61,6008,261,Size Mismatch,Completed,23.46,2023-10-28 20:16:41
62,6009,258,Wrong Item,Completed,297.54,2023-11-01 23:16:41
63,6182,251,Defective,Completed,54.5,2025-04-17 11:05:10
64,6185,213,Defective,Completed,112.11,2025-04-17 16:05:10
65,6186,279,Size Mismatch,Completed,62.7,2025-04-18 15:05:10
66,6192,294,Defective,Completed,334.94,2025-04-19 19:02:17
67,6193,297,Buyer Remorse,Completed,1810.94,2025-04-15 11:02:17
68,6194,202,Not as Described,Completed,365.22,2025-04-15 18:02:17
69,6195,231,Buyer Remorse,Approved,596.55,2025-04-18 15:02:17
70,6683,234,Wrong Item,Completed,7.11,2025-09-12 13:49:32
71,6684,239,Not as Described,Completed,882.14,2025-09-09 10:49:32
72,6943,221,Wrong Item,Completed,387.06,2026-06-29 10:49:56
73,6944,230,Not as Described,Approved,12.86,2026-07-01 14:49:56
74,6945,240,Wrong Item,Completed,393.85,2026-07-01 12:49:56
75,8496,271,Size Mismatch,Approved,1237.67,2025-07-05 20:54:19
76,9309,266,Defective,Completed,537.36,2026-05-10 01:09:50
77,9310,235,Buyer Remorse,Completed,391.05,2026-05-08 22:09:50
78,9311,227,Size Mismatch,Approved,250.3,2026-05-10 04:09:50
79,9312,229,Wrong Item,Inspected,1455.32,2026-05-10 00:09:50
80,9313,280,Wrong Item,Completed,207.34,2026-05-07 02:09:50
81,9415,248,Buyer Remorse,Completed,706.06,2026-01-24 17:38:43
82,9969,219,Not as Described,Approved,1612.59,2024-04-28 00:27:34
83,9970,257,Wrong Item,Inspected,2.5,2024-04-30 00:27:34
84,9971,290,Buyer Remorse,Completed,1148.46,2024-04-28 03:27:34
85,9972,213,Not as Described,Completed,386.13,2024-05-01 01:27:34
86,9973,261,Buyer Remorse,Completed,211.55,2024-04-29 03:27:34
87,10089,247,Defective,Completed,56.14,2025-06-09 15:04:38
88,10090,279,Defective,Completed,697.43,2025-06-13 08:04:38
89,10091,295,Not as Described,Completed,46.52,2025-06-13 12:04:38
90,10250,202,Not as Described,Completed,193.38,2024-09-29 22:45:19
91,10252,269,Defective,Completed,207.06,2024-10-02 02:45:19
92,10269,217,Not as Described,Completed,2287.68,2025-12-11 20:15:04
93,10270,259,Buyer Remorse,Completed,218.39,2025-12-11 15:15:04
94,10271,283,Wrong Item,Completed,203.4,2025-12-14 20:15:04
95,10302,286,Size Mismatch,Completed,1466.86,2024-12-14 13:43:45
96,10303,257,Wrong Item,Completed,144.92,2024-12-18 18:43:45
97,10304,235,Defective,Completed,147.88,2024-12-16 10:43:45
98,10305,206,Size Mismatch,Completed,51.94,2024-12-16 16:43:45
99,10306,247,Wrong Item,Completed,41.46,2024-12-17 12:43:45
100,10381,279,Defective,Completed,68.15,2024-04-09 16:32:02
101,10383,249,Not as Described,Completed,513.69,2024-04-12 18:32:02
102,10772,281,Size Mismatch,Completed,66.47,2024-12-11 10:22:57
103,10774,274,Defective,Completed,189.63,2024-12-08 04:22:57
104,12253,236,Buyer Remorse,Completed,53.08,2023-04-05 12:57:50
105,12637,237,Size Mismatch,Completed,123.14,2025-05-31 06:15:24
106,12638,231,Not as Described,Completed,1920.4,2025-05-30 06:15:24
107,12639,287,Not as Described,Completed,35.99,2025-05-30 04:15:24
108,12674,241,Size Mismatch,Completed,535.06,2023-12-06 14:51:06
109,12675,258,Size Mismatch,Inspected,885.56,2023-12-04 20:51:06
110,12964,222,Size Mismatch,Approved,78.08,2025-07-19 15:17:28
111,12965,295,Wrong Item,Completed,84.45,2025-07-21 16:17:28
112,12966,254,Wrong Item,Completed,1660.92,2025-07-20 08:17:28
113,13204,295,Buyer Remorse,Completed,163.61,2025-08-02 13:36:44
114,13281,210,Wrong Item,Completed,186.3,2023-05-13 13:44:42
115,13282,225,Wrong Item,Completed,425.79,2023-05-13 16:44:42
116,13440,227,Defective,Completed,23.36,2024-05-22 17:57:13
117,13619,207,Size Mismatch,Completed,656.97,2026-01-23 23:23:22
118,13620,237,Wrong Item,Completed,83.57,2026-01-24 01:23:22
119,13621,241,Size Mismatch,Completed,83.79,2026-01-26 22:23:22
120,13841,235,Size Mismatch,Completed,10.82,2024-02-28 16:54:49
121,13842,259,Defective,Completed,318.21,2024-02-26 15:54:49
122,14346,251,Defective,Completed,73.52,2023-07-10 19:13:48
123,14347,258,Size Mismatch,Completed,690.87,2023-07-07 17:13:48
124,14348,225,Wrong Item,Completed,93.59,2023-07-07 00:13:48
125,14349,236,Size Mismatch,Completed,117.73,2023-07-06 21:13:48
126,14350,276,Buyer Remorse,Completed,272.8,2023-07-07 16:13:48
127,14361,263,Not as Described,Completed,127.05,2025-06-18 21:15:54
128,14362,239,Size Mismatch,Approved,353.72,2025-06-18 14:15:54
129,14708,300,Defective,Completed,61.86,2025-04-23 13:30:06
130,14709,266,Wrong Item,Completed,72.35,2025-04-21 11:30:06
131,15140,298,Buyer Remorse,Completed,145.71,2023-05-21 12:21:07
132,15141,207,Size Mismatch,Completed,195.0,2023-05-21 14:21:07
133,15142,276,Defective,Completed,22.09,2023-05-19 15:21:07
134,15266,282,Wrong Item,Approved,88.66,2023-08-07 20:33:39
135,15267,200,Size Mismatch,Approved,1575.42,2023-08-04 15:33:39
136,15268,234,Not as Described,Completed,61.0,2023-08-07 12:33:39
137,16165,300,Not as Described,Completed,27.74,2024-07-26 15:15:31
138,16166,257,Buyer Remorse,Completed,1519.26,2024-07-26 11:15:31
139,16168,290,Wrong Item,Inspected,58.65,2024-07-25 11:15:31
140,16324,203,Wrong Item,Completed,2909.26,2024-12-29 04:02:19
141,16325,238,Size Mismatch,Approved,65.47,2024-12-28 03:02:19
142,16327,297,Defective,Completed,283.58,2024-12-29 03:02:19
143,16328,233,Wrong Item,Completed,372.17,2024-12-27 00:02:19
144,16329,267,Size Mismatch,Completed,36.79,2024-12-29 22:02:19
145,16884,285,Wrong Item,Completed,40.91,2025-07-28 09:40:17
146,16885,296,Wrong Item,Completed,111.41,2025-07-27 08:40:17
147,16886,244,Not as Described,Approved,219.92,2025-07-27 13:40:17
148,16905,296,Size Mismatch,Completed,727.66,2026-05-23 16:00:33
149,16907,244,Size Mismatch,Approved,2341.83,2026-05-20 13:00:33
150,16908,258,Size Mismatch,Completed,118.54,2026-05-20 12:00:33
151,17070,250,Buyer Remorse,Completed,190.14,2024-04-16 11:27:16
152,17073,238,Defective,Completed,5259.51,2024-04-15 10:27:16
153,17074,299,Size Mismatch,Completed,216.6,2024-04-18 12:27:16
154,17120,261,Not as Described,Completed,92.0,2025-01-02 18:57:45
155,17121,230,Not as Described,Completed,529.31,2025-01-03 19:57:45
156,17122,250,Not as Described,Completed,1415.24,2025-01-03 23:57:45
157,17208,272,Not as Described,Completed,4387.14,2023-12-14 14:28:44
158,17209,243,Defective,Completed,1039.2,2023-12-12 15:28:44
159,17210,248,Buyer Remorse,Completed,372.6,2023-12-14 14:28:44
160,17468,235,Not as Described,Completed,531.87,2023-02-16 07:46:03
161,17469,235,Buyer Remorse,Completed,256.83,2023-02-18 04:46:03
162,17470,291,Wrong Item,Completed,38.63,2023-02-16 06:46:03
163,17471,207,Not as Described,Approved,12.65,2023-02-17 04:46:03
164,17472,271,Not as Described,Completed,132.63,2023-02-15 07:46:03
165,18341,208,Wrong Item,Completed,4262.73,2026-07-09 20:18:27
166,18343,205,Defective,Completed,2841.6,2026-07-09 21:18:27
167,18350,290,Defective,Completed,21.29,2025-02-25 19:04:32
168,18351,218,Wrong Item,Inspected,294.08,2025-02-25 12:04:32
169,18352,228,Wrong Item,Approved,1216.26,2025-02-23 13:04:32
170,18353,269,Buyer Remorse,Completed,46.74,2025-02-25 18:04:32
171,18634,217,Wrong Item,Completed,88.16,2025-11-11 12:46:19
172,18635,297,Not as Described,Completed,780.15,2025-11-11 10:46:19
173,18636,288,Buyer Remorse,Approved,307.62,2025-11-11 11:46:19
174,18711,239,Buyer Remorse,Completed,1754.31,2025-09-13 12:20:18
175,18856,283,Wrong Item,Completed,34.31,2025-07-03 03:40:36
176,18857,298,Defective,Completed,32.14,2025-07-02 04:40:36
177,18858,269,Size Mismatch,Completed,63.5,2025-07-04 07:40:36
178,18942,297,Buyer Remorse,Completed,434.82,2024-11-28 22:35:42
179,18943,275,Defective,Completed,1494.96,2024-12-01 22:35:42
180,19061,263,Defective,Completed,179.56,2025-06-27 18:16:51
181,19065,270,Wrong Item,Completed,71.46,2025-06-30 15:16:51
182,19212,257,Wrong Item,Completed,553.98,2025-07-09 22:45:23
183,19213,272,Wrong Item,Completed,26.37,2025-07-09 23:45:23
184,19214,209,Size Mismatch,Approved,1888.98,2025-07-08 23:45:23
185,19215,210,Size Mismatch,Approved,412.29,2025-07-06 21:45:23
186,19217,241,Not as Described,Completed,64.62,2025-07-09 03:45:23
187,19955,253,Defective,Completed,1930.37,2024-12-23 00:33:39
188,19956,230,Wrong Item,Completed,210.45,2024-12-23 01:33:39
189,19957,206,Buyer Remorse,Completed,44.71,2024-12-22 05:33:39
190,19958,287,Size Mismatch,Completed,97.73,2024-12-23 01:33:39
191,19959,205,Not as Described,Completed,7.63,2024-12-21 07:33:39
192,19960,205,Size Mismatch,Completed,330.12,2024-12-23 03:33:39
193,20296,210,Buyer Remorse,Completed,135.7,2026-06-11 13:29:05
194,20297,246,Wrong Item,Completed,257.94,2026-06-08 08:29:05
195,20377,290,Wrong Item,Completed,66.48,2023-11-24 06:38:42
196,20379,278,Not as Described,Completed,124.0,2023-11-24 03:38:42
197,20381,224,Not as Described,Completed,128.14,2023-11-22 07:38:42
198,20382,260,Wrong Item,Completed,16.22,2023-11-23 08:38:42
199,20496,266,Wrong Item,Completed,58.66,2025-12-22 17:38:11
200,20497,226,Not as Described,Completed,1249.58,2025-12-24 17:38:11
201,20863,218,Defective,Completed,1978.63,2025-07-23 12:02:38
202,20864,221,Defective,Completed,4804.18,2025-07-23 09:02:38
203,20866,202,Size Mismatch,Completed,27.08,2025-07-27 11:02:38
204,20867,242,Wrong Item,Completed,169.2,2025-07-24 16:02:38
205,21248,245,Defective,Completed,78.96,2023-12-05 11:11:41
206,21249,280,Wrong Item,Completed,880.29,2023-12-03 07:11:41
207,21250,290,Not as Described,Completed,35.05,2023-12-06 07:11:41
208,21251,239,Defective,Completed,1728.11,2023-12-05 08:11:41
209,21252,238,Wrong Item,Approved,733.88,2023-12-06 07:11:41
210,21967,273,Buyer Remorse,Completed,1249.85,2023-12-21 16:21:52
211,21968,232,Wrong Item,Completed,231.82,2023-12-22 10:21:52
212,21971,274,Wrong Item,Approved,186.77,2023-12-25 16:21:52
213,21972,243,Defective,Completed,83.57,2023-12-24 10:21:52
214,22260,243,Wrong Item,Completed,523.56,2024-11-20 13:54:43
215,22261,235,Buyer Remorse,Completed,1537.83,2024-11-19 09:54:43
216,22429,221,Not as Described,Completed,21.73,2023-08-01 23:10:22
217,22430,201,Defective,Approved,1105.63,2023-07-30 23:10:22
218,22431,262,Not as Described,Completed,462.83,2023-07-31 21:10:22
219,22432,216,Wrong Item,Completed,772.85,2023-07-30 00:10:22
220,22433,279,Wrong Item,Completed,98.56,2023-07-31 21:10:22
221,22492,299,Defective,Completed,518.97,2026-04-08 17:56:35
222,22493,245,Wrong Item,Inspected,54.42,2026-04-04 21:56:35
223,22494,253,Not as Described,Completed,122.12,2026-04-07 21:56:35
224,22602,201,Not as Described,Completed,43.09,2024-07-09 18:55:05
225,22603,258,Size Mismatch,Approved,29.68,2024-07-13 16:55:05
226,22604,201,Not as Described,Completed,77.27,2024-07-10 16:55:05
227,23254,246,Not as Described,Approved,114.99,2024-09-09 16:24:17
228,23255,260,Buyer Remorse,Completed,3734.76,2024-09-08 17:24:17
229,23256,259,Defective,Completed,71.58,2024-09-09 11:24:17
230,23259,299,Not as Described,Completed,2301.09,2024-09-11 14:24:17
231,23311,291,Not as Described,Completed,1038.22,2024-12-17 06:10:05
232,23312,289,Not as Described,Approved,280.74,2024-12-19 06:10:05
233,23313,293,Buyer Remorse,Completed,54.93,2024-12-17 10:10:05
234,23335,246,Not as Described,Approved,13.93,2024-06-26 11:11:02
235,23336,282,Wrong Item,Completed,208.77,2024-06-24 17:11:02
236,23723,210,Defective,Inspected,13.55,2025-07-14 07:15:26
237,24462,268,Defective,Completed,54.0,2024-12-23 15:05:02
238,25125,215,Not as Described,Approved,1880.01,2026-06-26 14:11:10
239,25126,263,Wrong Item,Inspected,91.23,2026-06-27 09:11:10
240,25375,249,Wrong Item,Approved,124.98,2024-08-22 20:19:35
241,25423,230,Defective,Approved,123.86,2024-12-22 15:13:27
242,25425,276,Wrong Item,Completed,472.65,2024-12-22 16:13:27
243,25427,226,Not as Described,Completed,38.92,2024-12-20 19:13:27
244,25531,245,Not as Described,Completed,41.3,2026-02-14 23:21:14
245,25532,275,Not as Described,Completed,481.35,2026-02-14 22:21:14
246,25533,247,Wrong Item,Approved,1506.63,2026-02-14 16:21:14
247,25534,224,Size Mismatch,Approved,87.3,2026-02-13 18:21:14
248,25535,220,Size Mismatch,Completed,25.56,2026-02-16 23:21:14
249,26038,288,Wrong Item,Completed,278.67,2023-09-15 09:25:18
250,26039,237,Size Mismatch,Approved,90.64,2023-09-16 10:25:18
251,26040,288,Not as Described,Completed,57.45,2023-09-13 14:25:18
252,26189,262,Defective,Approved,3996.28,2024-10-21 23:16:06
253,26190,261,Not as Described,Completed,98.2,2024-10-22 20:16:06
254,26192,299,Not as Described,Completed,40.13,2024-10-22 22:16:06
255,26194,272,Wrong Item,Completed,382.98,2024-10-22 23:16:06
256,26211,202,Size Mismatch,Completed,169.98,2024-03-29 12:24:47
257,26212,300,Defective,Completed,1419.03,2024-03-26 06:24:47
258,26237,270,Size Mismatch,Approved,1979.59,2025-09-08 17:17:46
259,26238,269,Size Mismatch,Completed,139.17,2025-09-12 18:17:46
260,26556,291,Defective,Completed,40.21,2024-08-23 01:12:03
261,26557,276,Buyer Remorse,Completed,314.7,2024-08-22 00:12:03
262,27081,206,Wrong Item,Completed,321.37,2023-12-28 11:18:44
263,27082,250,Wrong Item,Approved,1163.94,2023-12-24 14:18:44
264,27083,293,Defective,Completed,39.7,2023-12-28 15:18:44
265,27438,296,Defective,Completed,16.63,2023-07-19 23:04:51
266,28152,276,Wrong Item,Completed,372.98,2026-01-06 17:06:46
267,28154,285,Buyer Remorse,Completed,596.8,2026-01-04 17:06:46
268,28596,257,Not as Described,Completed,271.13,2023-08-05 15:00:57
269,28746,293,Wrong Item,Completed,31.65,2025-08-16 06:19:21
270,28749,248,Wrong Item,Completed,83.03,2025-08-12 07:19:21
271,28750,296,Defective,Approved,146.3,2025-08-16 08:19:21
272,29566,263,Size Mismatch,Completed,160.05,2024-02-12 02:19:41
273,29567,280,Wrong Item,Completed,231.15,2024-02-12 22:19:41
274,29569,247,Size Mismatch,Completed,1948.55,2024-02-14 01:19:41
275,29633,228,Size Mismatch,Completed,109.77,2025-07-22 11:15:17
276,30010,218,Defective,Completed,216.36,2024-05-03 19:37:31
277,30011,240,Defective,Completed,1723.68,2024-05-01 17:37:31
278,30012,223,Buyer Remorse,Approved,190.03,2024-05-04 18:37:31
279,30217,221,Defective,Approved,4.6,2024-08-18 10:25:17
280,30218,285,Defective,Approved,118.29,2024-08-18 16:25:17
281,30219,269,Defective,Completed,198.39,2024-08-16 17:25:17
282,30350,241,Wrong Item,Inspected,166.83,2024-06-08 13:45:37
283,30351,201,Not as Described,Completed,407.78,2024-06-08 11:45:37
284,30352,278,Buyer Remorse,Completed,26.27,2024-06-07 09:45:37
285,30353,268,Size Mismatch,Completed,20.81,2024-06-08 14:45:37
286,30354,233,Size Mismatch,Completed,208.39,2024-06-07 10:45:37
287,30355,264,Buyer Remorse,Completed,1632.32,2024-06-11 12:45:37
288,31435,230,Defective,Completed,1208.49,2024-11-28 21:50:17
289,31436,228,Wrong Item,Completed,294.51,2024-11-29 23:50:17
290,31438,224,Not as Described,Completed,399.54,2024-12-02 00:50:17
291,31439,234,Defective,Completed,847.1,2024-11-29 21:50:17
292,31498,232,Size Mismatch,Completed,64.59,2025-03-16 21:26:09
293,31499,270,Not as Described,Completed,967.11,2025-03-14 22:26:09
294,31500,229,Buyer Remorse,Completed,27.66,2025-03-14 18:26:09
295,31558,231,Buyer Remorse,Completed,1401.06,2025-12-16 03:35:38
296,31654,258,Wrong Item,Completed,461.3,2024-10-13 19:33:42
297,31655,252,Not as Described,Completed,65.91,2024-10-14 15:33:42
298,31656,281,Defective,Completed,14.82,2024-10-14 13:33:42
299,31657,279,Wrong Item,Completed,2491.29,2024-10-12 18:33:42
300,31658,213,Wrong Item,Approved,51.58,2024-10-10 15:33:42
301,31999,227,Defective,Completed,729.93,2025-08-18 09:48:52
302,32000,280,Buyer Remorse,Completed,195.72,2025-08-21 11:48:52
303,32001,215,Buyer Remorse,Completed,65.8,2025-08-19 13:48:52
304,32002,271,Defective,Approved,63.66,2025-08-18 06:48:52
305,32003,219,Wrong Item,Completed,94.19,2025-08-21 09:48:52
306,32004,271,Defective,Completed,84.71,2025-08-17 11:48:52
307,32113,277,Buyer Remorse,Completed,68.75,2024-09-08 13:58:56
308,32114,214,Buyer Remorse,Completed,885.79,2024-09-06 18:58:56
309,32115,238,Wrong Item,Completed,2514.47,2024-09-05 15:58:56
310,33261,246,Wrong Item,Completed,6.24,2024-07-14 20:00:33
311,33262,222,Size Mismatch,Completed,61.38,2024-07-16 16:00:33
312,33263,294,Size Mismatch,Completed,12.67,2024-07-14 23:00:33
313,33265,247,Wrong Item,Completed,59.11,2024-07-14 22:00:33
314,33266,246,Size Mismatch,Completed,201.99,2024-07-15 19:00:33
315,33505,289,Size Mismatch,Completed,142.83,2023-12-19 12:45:36
316,33506,296,Wrong Item,Completed,170.64,2023-12-18 16:45:36
317,33507,296,Size Mismatch,Completed,514.35,2023-12-16 08:45:36
318,33508,222,Wrong Item,Completed,377.4,2023-12-16 14:45:36
319,33509,207,Buyer Remorse,Completed,332.31,2023-12-17 13:45:36
320,34252,230,Defective,Inspected,121.26,2025-12-02 13:20:10
321,34405,269,Size Mismatch,Completed,691.24,2025-06-25 17:01:08
322,34406,296,Size Mismatch,Completed,42.69,2025-06-24 17:01:08
323,34453,291,Size Mismatch,Completed,2885.35,2024-08-16 05:05:27
324,34454,273,Wrong Item,Completed,147.99,2024-08-14 07:05:27
325,34456,208,Wrong Item,Completed,72.5,2024-08-17 08:05:27
326,34457,261,Not as Described,Completed,3365.3,2024-08-17 10:05:27
327,34551,249,Size Mismatch,Completed,3953.91,2024-03-27 18:08:06
328,34552,213,Size Mismatch,Completed,118.92,2024-03-27 18:08:06
329,34554,239,Size Mismatch,Completed,114.15,2024-03-23 10:08:06
330,34555,280,Size Mismatch,Approved,293.42,2024-03-23 15:08:06
331,34841,281,Defective,Inspected,123.42,2026-02-21 22:25:50
332,34842,217,Defective,Approved,93.82,2026-02-18 00:25:50
333,34914,278,Size Mismatch,Approved,3860.18,2026-06-01 14:48:01
334,34915,233,Wrong Item,Completed,6.18,2026-06-04 12:48:01
335,34916,234,Not as Described,Completed,1573.89,2026-06-03 19:48:01
336,35176,279,Wrong Item,Completed,3763.1,2023-12-11 16:20:32
337,35177,270,Not as Described,Completed,251.7,2023-12-12 17:20:32
338,35746,290,Defective,Completed,1438.04,2026-07-10 04:27:06
339,35977,246,Wrong Item,Completed,1398.78,2023-04-23 09:07:23
340,35978,278,Size Mismatch,Completed,223.2,2023-04-25 13:07:23
341,35979,275,Not as Described,Completed,253.3,2023-04-26 15:07:23
342,35980,236,Not as Described,Inspected,103.2,2023-04-27 11:07:23
343,35981,225,Defective,Completed,7.34,2023-04-27 07:07:23
344,36104,269,Wrong Item,Completed,6.04,2025-07-03 19:58:28
345,36105,215,Buyer Remorse,Completed,91.87,2025-07-04 13:58:28
346,36106,227,Buyer Remorse,Completed,47.57,2025-07-05 19:58:28
347,36107,262,Size Mismatch,Completed,3445.28,2023-09-23 20:06:14
348,36108,204,Not as Described,Completed,559.76,2023-09-22 19:06:14
349,36390,214,Wrong Item,Approved,230.27,2023-06-11 12:10:05
350,36391,279,Size Mismatch,Completed,1794.27,2023-06-10 09:10:05
351,36392,263,Not as Described,Completed,174.75,2023-06-13 08:10:05
352,36393,208,Buyer Remorse,Completed,851.24,2023-06-10 12:10:05
353,36394,269,Wrong Item,Completed,158.33,2023-06-12 13:10:05
354,36395,207,Not as Described,Completed,123.34,2023-06-09 10:10:05
355,36800,252,Not as Described,Completed,1028.97,2025-11-12 10:01:03
356,36801,270,Not as Described,Approved,967.11,2025-11-14 11:01:03
357,36802,275,Buyer Remorse,Completed,36.62,2025-11-16 10:01:03
358,37167,206,Not as Described,Approved,165.24,2025-03-25 00:50:05
359,37168,246,Size Mismatch,Completed,830.26,2025-03-23 21:50:05
360,37169,232,Wrong Item,Completed,46.23,2025-03-28 03:50:05
361,37296,224,Not as Described,Completed,173.02,2026-03-21 11:38:34
362,37297,269,Not as Described,Completed,28.34,2026-03-17 13:38:34
363,37298,268,Size Mismatch,Completed,1285.71,2026-03-20 07:38:34
364,37592,228,Buyer Remorse,Completed,50.17,2025-05-25 07:40:20
365,37594,214,Not as Described,Completed,173.06,2025-05-29 04:40:20
366,37995,263,Wrong Item,Completed,52.32,2025-12-03 21:05:06
367,37996,285,Defective,Completed,306.76,2025-11-30 21:05:06
368,37997,269,Not as Described,Completed,106.75,2025-12-03 18:05:06
369,37998,263,Defective,Inspected,160.74,2025-12-04 22:05:06
370,37999,294,Not as Described,Completed,61.89,2025-12-04 18:05:06
371,38000,220,Size Mismatch,Completed,17.01,2025-11-30 22:05:06
372,38578,248,Wrong Item,Completed,285.45,2026-05-13 13:55:54
373,38579,215,Defective,Completed,21.63,2026-05-15 09:55:54
374,38580,206,Defective,Completed,839.64,2026-05-17 12:55:54
375,38587,225,Not as Described,Completed,313.35,2024-12-06 00:15:50
376,38588,211,Wrong Item,Completed,7.81,2024-12-05 20:15:50
377,38589,265,Size Mismatch,Approved,682.33,2024-12-02 17:15:50
378,38811,206,Defective,Completed,14.0,2025-11-10 12:21:54
379,38812,220,Not as Described,Completed,133.9,2025-11-13 19:21:54
380,39476,298,Not as Described,Completed,1313.34,2025-10-12 05:38:11
381,39477,224,Size Mismatch,Completed,10.68,2025-10-12 12:38:11
382,39798,218,Size Mismatch,Completed,151.88,2026-01-19 20:38:40
383,39799,225,Size Mismatch,Completed,4915.26,2026-01-18 21:38:40
384,39801,212,Buyer Remorse,Completed,431.37,2026-01-18 20:38:40
385,39802,215,Buyer Remorse,Completed,428.26,2026-01-19 20:38:40
386,40386,259,Wrong Item,Completed,114.51,2023-04-18 19:58:40
387,40387,245,Wrong Item,Completed,189.21,2023-04-18 15:58:40
388,40389,262,Size Mismatch,Approved,264.84,2023-04-19 22:58:40
389,40390,268,Wrong Item,Inspected,22.28,2023-04-20 23:58:40
390,40900,291,Size Mismatch,Approved,51.13,2024-08-03 18:17:05
391,40901,219,Size Mismatch,Completed,688.58,2024-08-01 12:17:05
392,40919,285,Buyer Remorse,Approved,84.77,2026-03-12 13:25:53
393,40920,244,Defective,Completed,642.63,2026-03-13 09:25:53
394,40921,268,Defective,Completed,64.04,2026-03-10 09:25:53
395,40923,279,Not as Described,Completed,1629.28,2026-03-09 14:25:53
396,41134,262,Defective,Completed,355.84,2024-01-18 05:24:57
397,41135,202,Not as Described,Completed,182.19,2024-01-16 08:24:57
398,41136,246,Wrong Item,Completed,166.93,2024-01-19 00:24:57
399,41308,213,Buyer Remorse,Completed,43.73,2025-07-02 14:16:51
400,41309,290,Wrong Item,Inspected,52.76,2025-07-02 21:16:51
401,41310,218,Wrong Item,Completed,118.72,2025-06-30 20:16:51
402,41837,257,Size Mismatch,Completed,414.13,2023-06-13 15:57:30
403,41838,269,Defective,Completed,34.09,2023-06-15 09:57:30
404,41839,283,Size Mismatch,Completed,129.88,2023-06-12 09:57:30
405,41840,250,Buyer Remorse,Completed,1147.79,2023-06-16 10:57:30
406,42078,233,Buyer Remorse,Completed,4505.16,2023-03-01 10:21:36
407,42079,235,Buyer Remorse,Completed,402.07,2023-02-28 12:21:36
408,42284,218,Wrong Item,Completed,530.61,2025-08-24 06:11:40
409,42285,292,Buyer Remorse,Inspected,21.37,2025-08-21 10:11:40
410,42369,255,Defective,Completed,383.97,2023-12-10 18:57:07
411,42427,299,Not as Described,Completed,1054.8,2024-09-13 12:16:03
412,42428,238,Defective,Completed,87.46,2024-09-14 14:16:03
413,42429,233,Defective,Completed,3293.55,2024-09-14 16:16:03
414,42431,205,Wrong Item,Completed,42.46,2024-09-13 17:16:03
415,42432,225,Defective,Completed,17.64,2024-09-14 10:16:03
416,42997,275,Buyer Remorse,Completed,25.66,2025-02-09 11:24:16
417,42998,262,Wrong Item,Completed,2688.66,2025-02-13 17:24:16
418,43218,248,Defective,Approved,3072.14,2023-09-13 19:32:54
419,43220,260,Wrong Item,Completed,262.55,2023-09-10 15:32:54
420,43221,284,Buyer Remorse,Completed,4752.93,2023-09-10 14:32:54
421,43222,227,Wrong Item,Inspected,231.42,2023-09-09 19:32:54
422,43423,219,Size Mismatch,Completed,483.05,2025-09-20 10:15:43
423,43527,279,Buyer Remorse,Completed,202.58,2025-08-06 07:41:23
424,43782,204,Wrong Item,Completed,967.11,2023-05-13 20:10:30
425,43783,235,Defective,Completed,136.58,2023-05-12 17:10:30
426,43784,295,Buyer Remorse,Inspected,2223.12,2023-05-12 22:10:30
427,43786,247,Defective,Approved,117.98,2023-05-10 20:10:30
428,44402,241,Wrong Item,Approved,391.1,2025-04-28 14:34:06
429,44403,227,Wrong Item,Completed,3481.89,2025-04-29 14:34:06
430,44404,275,Defective,Completed,53.7,2025-04-26 22:34:06
431,44405,281,Defective,Completed,1418.13,2025-04-28 14:34:06
432,44406,261,Wrong Item,Completed,92.02,2025-04-27 14:34:06
433,44468,288,Size Mismatch,Completed,259.32,2025-11-27 08:54:45
434,44469,282,Buyer Remorse,Completed,1056.9,2025-11-24 11:54:45
435,44866,209,Buyer Remorse,Completed,49.32,2026-06-09 09:32:01
436,44867,258,Wrong Item,Completed,65.04,2026-06-10 15:32:01
437,44868,297,Buyer Remorse,Approved,226.24,2026-06-11 10:32:01
438,45240,255,Not as Described,Approved,145.09,2024-12-07 18:49:57
439,45242,245,Size Mismatch,Approved,266.57,2024-12-06 11:49:57
440,45243,260,Buyer Remorse,Completed,162.62,2024-12-06 19:49:57
441,45244,269,Size Mismatch,Completed,36.34,2024-12-06 18:49:57
442,45245,287,Size Mismatch,Completed,16.79,2024-12-07 12:49:57
443,45381,274,Defective,Completed,57.48,2023-11-09 00:00:11
444,46108,200,Defective,Completed,96.94,2023-10-21 09:16:30
445,46109,224,Buyer Remorse,Completed,138.63,2023-10-20 11:16:30
446,46111,265,Not as Described,Completed,279.48,2023-10-22 06:16:30
447,46182,242,Not as Described,Completed,443.36,2023-12-04 11:13:11
448,46566,268,Not as Described,Completed,191.38,2025-12-11 17:29:19
449,46568,254,Buyer Remorse,Completed,462.15,2025-12-09 19:29:19
450,46748,201,Buyer Remorse,Completed,1661.89,2024-03-07 14:08:36
451,46749,227,Buyer Remorse,Completed,2267.7,2024-03-11 12:08:36
452,46750,284,Not as Described,Completed,285.96,2024-03-10 13:08:36
453,46752,225,Wrong Item,Completed,832.38,2024-03-11 14:08:36
454,46979,228,Defective,Completed,595.58,2023-08-23 15:15:10
455,46980,204,Buyer Remorse,Completed,34.75,2023-08-21 16:15:10
456,46981,221,Buyer Remorse,Completed,3622.05,2023-08-22 15:15:10
457,47170,270,Not as Described,Completed,239.78,2026-06-26 23:39:05
458,47172,252,Not as Described,Completed,1486.46,2026-06-26 22:39:05
459,47173,231,Wrong Item,Completed,264.93,2026-06-27 22:39:05
460,47174,202,Defective,Completed,193.04,2026-06-25 00:39:05
461,48207,290,Size Mismatch,Inspected,419.07,2023-09-04 03:46:20
462,48208,270,Defective,Completed,63.68,2023-09-05 05:46:20
463,48957,253,Defective,Completed,1331.83,2025-04-03 14:44:04
464,49214,281,Not as Described,Completed,98.17,2025-11-23 13:05:56
465,49215,267,Defective,Completed,546.24,2025-11-22 07:05:56
466,49216,287,Size Mismatch,Completed,89.77,2025-11-21 11:05:56
467,49218,270,Not as Described,Completed,587.92,2025-11-21 11:05:56
468,49219,201,Buyer Remorse,Completed,32.74,2025-11-22 12:05:56
469,49333,235,Defective,Completed,632.62,2024-08-16 04:57:49
470,49334,220,Not as Described,Completed,243.98,2024-08-14 03:57:49
471,49398,267,Wrong Item,Completed,275.85,2025-11-28 19:17:22
472,49399,206,Size Mismatch,Approved,838.96,2025-11-26 19:17:22
473,49400,251,Not as Described,Completed,130.48,2025-11-24 20:17:22
474,49401,250,Buyer Remorse,Completed,70.14,2025-11-27 19:17:22
475,49402,255,Buyer Remorse,Completed,502.76,2025-11-27 21:17:22
476,49403,220,Buyer Remorse,Completed,104.54,2025-11-27 15:17:22
477,49781,265,Buyer Remorse,Completed,61.87,2024-01-05 19:06:01
478,49782,278,Buyer Remorse,Completed,1429.23,2024-01-09 02:06:01
479,50107,219,Wrong Item,Approved,98.09,2024-10-11 11:32:15
480,50108,202,Buyer Remorse,Completed,27.05,2024-10-09 14:32:15
481,50635,296,Defective,Approved,19.19,2025-07-23 04:31:48
482,50637,228,Not as Described,Completed,106.49,2025-07-24 04:31:48
483,50639,223,Defective,Completed,4670.19,2025-07-25 08:31:48
484,50640,267,Defective,Completed,42.95,2025-07-24 04:31:48
485,50980,217,Defective,Completed,73.59,2025-05-09 13:53:15
486,50981,219,Size Mismatch,Completed,70.12,2025-05-09 11:53:15
487,50982,202,Size Mismatch,Completed,186.9,2025-05-10 07:53:15
488,50983,254,Wrong Item,Approved,62.0,2025-05-12 11:53:15
489,50985,263,Defective,Completed,17.18,2025-05-11 08:53:15
490,51247,230,Defective,Completed,1342.18,2023-07-07 05:40:52
491,51248,270,Defective,Completed,67.66,2023-07-09 07:40:52
492,51249,218,Size Mismatch,Completed,97.84,2023-07-10 06:40:52
493,51278,273,Size Mismatch,Completed,718.0,2025-08-10 09:03:31
494,51280,211,Not as Described,Approved,417.63,2025-08-08 09:03:31
495,51282,276,Not as Described,Completed,1883.75,2025-08-12 08:03:31
496,51402,259,Not as Described,Completed,219.72,2023-10-03 18:15:57
497,51403,289,Wrong Item,Completed,294.48,2023-10-01 15:15:57
498,51660,237,Wrong Item,Approved,98.84,2023-04-18 00:35:11
499,51661,290,Not as Described,Completed,23.36,2023-04-21 01:35:11
500,51746,214,Defective,Approved,181.32,2024-12-22 01:53:43
501,51747,227,Wrong Item,Completed,9.53,2024-12-19 02:53:43
502,52417,241,Size Mismatch,Completed,79.84,2023-02-23 12:46:19
503,52418,201,Buyer Remorse,Approved,218.04,2023-02-24 15:46:19
504,52437,268,Buyer Remorse,Completed,199.73,2024-12-30 08:01:46
505,52438,240,Defective,Completed,97.48,2025-01-01 04:01:46
506,52440,217,Defective,Approved,174.54,2024-12-29 01:01:46
507,52441,285,Not as Described,Completed,354.84,2024-12-29 02:01:46
508,52515,300,Wrong Item,Completed,19.26,2024-10-06 18:50:40
509,52619,278,Not as Described,Completed,98.78,2024-03-05 15:14:13
510,52620,300,Not as Described,Completed,553.32,2024-03-05 11:14:13
511,52622,274,Defective,Completed,19.38,2024-03-07 09:14:13
512,52631,290,Not as Described,Completed,852.1,2026-03-28 15:01:13
513,52632,222,Wrong Item,Completed,1175.72,2026-03-29 23:01:13
514,52634,250,Defective,Completed,91.05,2026-03-31 20:01:13
515,52888,231,Size Mismatch,Completed,12.98,2023-07-19 23:23:21
516,52945,252,Defective,Completed,74.32,2025-08-17 05:19:16
517,52946,240,Defective,Completed,133.09,2025-08-17 08:19:16
518,53781,258,Buyer Remorse,Approved,206.56,2025-06-21 14:43:59
519,53782,234,Size Mismatch,Completed,46.11,2025-06-21 11:43:59
520,53783,204,Buyer Remorse,Approved,241.59,2025-06-20 09:43:59
521,53784,215,Not as Described,Approved,576.62,2025-06-22 17:43:59
522,53785,277,Buyer Remorse,Completed,36.85,2025-06-23 14:43:59
523,53942,232,Defective,Completed,96.78,2025-01-31 12:08:36
524,54166,264,Wrong Item,Completed,134.21,2025-07-04 11:07:14
525,54663,234,Defective,Completed,399.87,2023-10-04 12:39:18
526,54666,257,Size Mismatch,Approved,471.92,2023-10-03 07:39:18
527,54667,202,Not as Described,Completed,91.82,2023-10-03 12:39:18
528,54718,254,Not as Described,Completed,363.96,2024-05-08 12:49:41
529,54719,279,Not as Described,Completed,1406.84,2024-05-10 19:49:41
530,55133,283,Defective,Completed,1761.99,2025-11-25 16:21:05
531,55135,263,Wrong Item,Completed,530.6,2025-11-22 17:21:05
532,55137,280,Defective,Approved,497.14,2025-11-22 21:21:05
533,55702,298,Defective,Completed,150.51,2024-10-25 18:04:05
534,55792,268,Wrong Item,Completed,64.85,2023-08-22 09:51:38
535,55793,221,Not as Described,Completed,269.09,2023-08-20 13:51:38
536,55794,218,Defective,Approved,42.28,2023-08-22 08:51:38
537,55795,252,Size Mismatch,Completed,59.6,2023-08-20 13:51:38
538,55837,274,Wrong Item,Completed,1527.99,2024-03-16 14:37:51
539,55838,275,Buyer Remorse,Completed,51.46,2024-03-17 14:37:51
540,55839,259,Size Mismatch,Completed,1124.52,2024-03-16 22:37:51
541,55890,236,Not as Described,Completed,206.54,2024-12-26 06:56:55
542,55891,278,Buyer Remorse,Completed,49.34,2024-12-25 07:56:55
543,55892,218,Wrong Item,Approved,44.65,2024-12-27 09:56:55
544,55893,217,Defective,Approved,132.83,2024-12-27 06:56:55
545,55894,233,Wrong Item,Completed,53.57,2024-12-27 11:56:55
546,56059,235,Size Mismatch,Completed,75.26,2025-06-09 18:02:53
547,56060,262,Not as Described,Approved,931.87,2025-06-12 10:02:53
548,56061,214,Size Mismatch,Completed,177.22,2025-06-10 15:02:53
549,56788,219,Defective,Completed,4437.64,2025-09-03 23:32:16
550,56789,291,Buyer Remorse,Completed,158.75,2025-09-03 22:32:16
551,56984,238,Buyer Remorse,Completed,921.83,2024-07-15 13:04:57
552,56985,256,Defective,Completed,3078.6,2024-07-15 14:04:57
553,57059,224,Defective,Completed,96.78,2026-04-03 13:40:48
554,57060,218,Defective,Completed,395.4,2026-04-02 14:40:48
555,57061,227,Not as Described,Inspected,54.18,2026-04-06 16:40:48
556,57124,264,Buyer Remorse,Completed,26.62,2024-03-19 15:33:06
557,57125,212,Wrong Item,Completed,33.63,2024-03-17 13:33:06
558,57126,233,Buyer Remorse,Completed,1943.77,2024-03-17 17:33:06
559,57212,209,Buyer Remorse,Completed,6.44,2023-11-11 15:33:37
560,57213,288,Wrong Item,Completed,194.82,2023-11-15 22:33:37
561,57214,290,Size Mismatch,Completed,7.58,2023-11-15 19:33:37
562,57453,221,Not as Described,Approved,1093.66,2026-06-16 19:36:37
563,57456,260,Buyer Remorse,Completed,192.42,2026-06-15 18:36:37
564,57458,208,Defective,Completed,271.76,2026-06-18 14:36:37
565,57886,294,Buyer Remorse,Completed,795.9,2024-05-29 07:47:15
566,57887,285,Buyer Remorse,Completed,72.63,2024-05-26 03:47:15
567,57888,207,Size Mismatch,Completed,803.14,2024-05-29 05:47:15
568,57889,204,Size Mismatch,Completed,22.71,2024-05-26 05:47:15
569,57890,270,Wrong Item,Completed,128.01,2024-05-27 07:47:15
570,57922,238,Buyer Remorse,Completed,396.51,2025-10-20 11:47:31
571,57923,270,Size Mismatch,Completed,97.35,2025-10-22 13:47:31
572,57924,207,Wrong Item,Completed,1087.14,2025-10-20 13:47:31
573,57925,201,Wrong Item,Completed,100.28,2025-10-18 14:47:31
574,57926,276,Size Mismatch,Inspected,318.98,2025-10-21 10:47:31
575,58106,273,Buyer Remorse,Completed,85.81,2024-01-13 20:13:23
576,58107,268,Buyer Remorse,Completed,699.49,2024-01-13 18:13:23
577,58108,256,Size Mismatch,Approved,89.11,2024-01-12 19:13:23
578,58110,253,Not as Described,Completed,2137.78,2024-01-11 00:13:23
579,59190,242,Buyer Remorse,Completed,49.68,2025-12-05 09:47:59
580,59191,262,Wrong Item,Approved,177.1,2025-12-07 10:47:59
581,59193,272,Not as Described,Completed,112.41,2025-12-04 09:47:59
582,59299,236,Buyer Remorse,Inspected,340.86,2023-03-15 19:49:11
583,59300,240,Buyer Remorse,Completed,1413.2,2023-03-19 21:49:11
584,59507,208,Wrong Item,Completed,102.31,2023-12-11 12:20:49
585,59508,234,Wrong Item,Completed,614.28,2023-12-13 18:20:49
586,59589,209,Size Mismatch,Completed,114.63,2026-06-08 22:02:01
587,59590,221,Not as Described,Completed,185.34,2026-06-11 20:02:01
588,59592,204,Size Mismatch,Approved,214.62,2026-06-13 00:02:01
589,59762,238,Not as Described,Completed,49.39,2023-03-01 15:52:36
590,59764,296,Not as Described,Completed,44.51,2023-03-01 11:52:36
591,59765,300,Buyer Remorse,Approved,136.08,2023-02-26 12:52:36
592,59865,246,Wrong Item,Approved,279.87,2023-03-03 13:49:20
593,60839,225,Wrong Item,Approved,667.64,2025-01-11 10:55:55
594,60840,222,Wrong Item,Completed,90.18,2025-01-13 11:55:55
595,60843,298,Defective,Approved,3230.97,2025-01-11 17:55:55
596,61003,263,Size Mismatch,Completed,94.65,2026-02-09 23:45:01
597,61004,202,Not as Described,Completed,39.31,2026-02-10 23:45:01
598,61005,238,Buyer Remorse,Completed,284.92,2026-02-07 23:45:01
599,61403,221,Not as Described,Approved,96.5,2023-03-05 03:34:46
600,61404,200,Size Mismatch,Completed,238.44,2023-03-04 21:34:46
601,61405,211,Not as Described,Completed,1378.81,2023-03-04 23:34:46
602,61407,227,Not as Described,Completed,49.02,2023-03-08 02:34:46
603,61408,254,Not as Described,Completed,288.2,2023-03-05 01:34:46
604,62063,242,Buyer Remorse,Completed,31.9,2023-12-01 14:32:20
605,62188,256,Buyer Remorse,Approved,58.58,2023-12-27 20:37:00
606,62190,279,Size Mismatch,Completed,450.91,2023-12-26 23:37:00
607,62623,233,Defective,Completed,143.24,2023-06-27 20:47:16
608,62625,293,Defective,Completed,34.95,2023-06-25 15:47:16
609,62626,223,Not as Described,Completed,200.51,2023-06-26 20:47:16
610,62627,266,Defective,Completed,1138.22,2023-06-26 22:47:16
611,62895,251,Buyer Remorse,Completed,192.22,2024-11-04 07:06:35
612,62896,258,Size Mismatch,Completed,512.73,2024-11-06 12:06:35
613,62897,261,Defective,Completed,79.74,2024-11-03 08:06:35
614,63592,292,Size Mismatch,Approved,142.83,2026-05-14 23:16:35
615,63593,283,Buyer Remorse,Completed,309.08,2026-05-12 21:16:35
616,63594,201,Buyer Remorse,Completed,42.45,2026-05-10 18:16:35
617,63885,207,Defective,Completed,380.82,2023-01-27 18:50:13
618,63886,283,Wrong Item,Completed,63.55,2023-01-27 23:50:13
619,63887,279,Size Mismatch,Completed,878.88,2023-01-24 17:50:13
620,63888,256,Not as Described,Completed,740.82,2023-01-25 00:50:13
621,64137,248,Wrong Item,Completed,753.33,2025-12-18 16:55:38
622,64427,218,Defective,Inspected,1125.26,2024-07-08 15:48:41
623,64428,245,Defective,Approved,171.28,2024-07-07 20:48:41
624,64672,288,Size Mismatch,Completed,422.16,2023-05-19 15:45:03
625,64673,209,Buyer Remorse,Completed,338.52,2023-05-19 13:45:03
626,64762,231,Not as Described,Completed,6.0,2025-06-29 13:15:00
627,64763,287,Defective,Completed,4134.69,2025-07-01 20:15:00
628,64764,246,Defective,Completed,2554.02,2025-06-29 19:15:00
629,65060,240,Not as Described,Completed,170.95,2024-07-21 06:17:21
630,65061,297,Not as Described,Completed,93.82,2024-07-17 05:17:21
631,65062,273,Defective,Completed,692.44,2024-07-17 08:17:21
632,65063,298,Buyer Remorse,Completed,32.13,2024-07-17 09:17:21
633,65151,229,Wrong Item,Completed,334.35,2023-01-16 09:18:44
634,65152,295,Not as Described,Completed,32.05,2023-01-17 11:18:44
635,65223,251,Not as Described,Completed,104.03,2024-04-03 17:51:35
636,65224,241,Size Mismatch,Completed,255.06,2024-03-31 21:51:35
637,65225,273,Buyer Remorse,Completed,1448.91,2024-04-01 21:51:35
638,65226,283,Buyer Remorse,Completed,126.93,2024-03-31 20:51:35
639,65227,269,Not as Described,Completed,168.74,2024-04-01 16:51:35
640,65228,256,Wrong Item,Inspected,403.53,2024-03-30 15:51:35
641,65378,248,Not as Described,Completed,304.32,2024-12-30 16:10:32
642,65379,242,Buyer Remorse,Completed,429.72,2024-12-30 17:10:32
643,65423,272,Size Mismatch,Completed,14.43,2025-01-24 12:11:33
644,65424,261,Buyer Remorse,Completed,580.86,2025-01-22 16:11:33
645,65426,255,Buyer Remorse,Approved,32.04,2025-01-24 11:11:33
646,65768,220,Wrong Item,Approved,4422.86,2025-07-13 11:57:02
647,65769,274,Wrong Item,Completed,742.31,2025-07-13 09:57:02
648,65770,215,Size Mismatch,Approved,979.01,2025-07-12 14:57:02
649,66616,255,Defective,Completed,592.3,2023-08-04 16:52:50
650,66757,244,Buyer Remorse,Completed,471.82,2024-12-17 19:25:22
651,66762,237,Defective,Completed,11.4,2024-12-18 15:25:22
652,67005,219,Buyer Remorse,Completed,993.68,2023-06-23 12:04:58
653,67006,236,Size Mismatch,Completed,231.69,2023-06-24 17:04:58
654,67455,214,Not as Described,Completed,136.31,2024-07-22 20:18:39
655,67456,214,Defective,Completed,141.55,2024-07-21 14:18:39
656,67457,204,Buyer Remorse,Completed,23.57,2024-07-18 22:18:39
657,67511,244,Wrong Item,Completed,104.57,2025-06-30 16:55:19
658,68003,280,Defective,Completed,111.22,2025-12-16 23:46:47
659,68004,252,Not as Described,Approved,252.2,2025-12-16 19:46:47
660,68005,266,Not as Described,Completed,1570.75,2025-12-19 01:46:47
661,68078,222,Not as Described,Completed,282.33,2025-12-26 20:52:50
662,68079,231,Buyer Remorse,Completed,158.12,2025-12-23 20:52:50
663,68081,250,Defective,Completed,2441.48,2025-12-26 16:52:50
664,68083,225,Buyer Remorse,Completed,1623.87,2025-12-25 22:52:50
665,68428,211,Buyer Remorse,Approved,12.73,2023-07-13 15:21:15
666,68429,220,Size Mismatch,Completed,404.35,2023-07-14 19:21:15
667,68430,218,Defective,Completed,460.07,2023-07-13 17:21:15
668,68431,233,Not as Described,Completed,137.77,2023-07-13 17:21:15
669,68432,206,Size Mismatch,Completed,246.43,2023-07-11 19:21:15
670,69266,257,Size Mismatch,Approved,79.24,2026-04-23 11:12:57
671,69808,262,Defective,Approved,86.08,2025-09-01 20:14:32
672,69809,245,Not as Described,Completed,170.81,2025-08-30 17:14:32
673,69855,295,Size Mismatch,Completed,127.02,2025-12-01 00:42:19
674,69856,241,Not as Described,Completed,682.59,2025-12-01 20:42:19
675,69857,275,Wrong Item,Completed,44.3,2025-12-01 02:42:19
676,69858,203,Buyer Remorse,Completed,4411.56,2025-11-29 19:42:19
677,70048,299,Size Mismatch,Completed,225.45,2024-06-16 17:18:12
678,70049,208,Wrong Item,Approved,116.13,2024-06-16 15:18:12
679,70050,289,Wrong Item,Completed,405.03,2024-06-17 20:18:12
680,70052,282,Buyer Remorse,Completed,127.67,2024-06-17 16:18:12
681,70053,289,Buyer Remorse,Completed,43.23,2024-06-18 18:18:12
682,70538,268,Buyer Remorse,Completed,35.28,2026-01-29 23:17:48
683,70539,222,Wrong Item,Completed,40.94,2026-01-29 17:17:48
684,70791,251,Wrong Item,Approved,803.42,2025-05-25 13:10:32
685,70792,298,Not as Described,Completed,508.5,2025-05-24 12:10:32
686,70795,250,Not as Described,Completed,313.89,2025-05-21 13:10:32
687,70925,244,Not as Described,Completed,209.43,2025-05-27 14:48:59
688,70951,206,Buyer Remorse,Completed,3276.96,2024-03-02 10:25:34
689,70954,263,Defective,Completed,75.74,2024-03-04 11:25:34
690,70956,239,Size Mismatch,Approved,80.9,2024-03-05 08:25:34
691,71212,241,Not as Described,Completed,133.72,2025-07-09 17:51:05
692,71213,287,Size Mismatch,Approved,97.65,2025-07-08 18:51:05
693,71214,215,Defective,Completed,107.01,2025-07-08 18:51:05
694,71215,272,Wrong Item,Completed,48.82,2025-07-07 21:51:05
695,71216,207,Wrong Item,Completed,402.64,2025-07-09 16:51:05
696,71217,245,Buyer Remorse,Completed,362.38,2025-07-09 16:51:05
697,71244,260,Not as Described,Completed,180.58,2025-10-27 17:06:21
698,71245,296,Size Mismatch,Completed,207.08,2025-10-27 01:06:21
699,71246,294,Wrong Item,Completed,116.49,2025-10-07 17:11:34
700,71247,208,Not as Described,Approved,105.0,2025-10-04 20:11:34
701,71248,297,Not as Described,Approved,170.08,2025-10-06 14:11:34
702,72217,234,Defective,Completed,389.74,2025-06-14 18:09:53
703,72218,280,Size Mismatch,Completed,71.07,2025-06-10 12:09:53
704,72219,248,Size Mismatch,Completed,353.08,2025-06-14 18:09:53
705,72220,217,Buyer Remorse,Completed,1772.17,2025-06-12 13:09:53
706,72222,263,Not as Described,Completed,301.2,2025-06-14 10:09:53
707,72690,299,Buyer Remorse,Approved,104.65,2025-07-11 08:21:09
708,72691,245,Buyer Remorse,Approved,1093.72,2025-07-10 09:21:09
709,72692,252,Buyer Remorse,Completed,15.79,2025-07-13 14:21:09
710,72693,256,Size Mismatch,Inspected,95.64,2025-07-12 10:21:09
711,73316,252,Not as Described,Approved,187.64,2023-11-25 08:11:45
712,73317,272,Buyer Remorse,Completed,78.27,2023-11-27 12:11:45
713,73319,244,Defective,Completed,284.2,2023-11-25 07:11:45
714,73320,218,Buyer Remorse,Completed,69.24,2023-11-28 04:11:45
715,73321,298,Size Mismatch,Completed,312.9,2023-11-25 07:11:45
716,73407,202,Size Mismatch,Completed,35.54,2025-01-08 11:15:27
717,73408,275,Buyer Remorse,Completed,64.11,2025-01-04 12:15:27
718,73418,251,Buyer Remorse,Completed,352.5,2023-01-19 15:43:03
719,73419,293,Not as Described,Completed,81.6,2023-01-23 10:43:03
720,73422,260,Defective,Completed,816.92,2023-01-19 14:43:03
721,73423,233,Defective,Inspected,914.6,2023-01-19 16:43:03
722,73424,282,Buyer Remorse,Completed,423.22,2023-06-29 13:04:55
723,73425,282,Defective,Completed,341.45,2023-06-26 21:04:55
724,73426,294,Buyer Remorse,Completed,352.92,2023-06-30 17:04:55
725,73427,258,Buyer Remorse,Completed,143.79,2023-06-30 13:04:55
726,73428,271,Wrong Item,Completed,32.59,2023-06-29 17:04:55
727,73515,216,Not as Described,Completed,67.82,2024-12-28 08:36:19
728,74144,244,Wrong Item,Approved,4360.92,2025-09-25 21:07:27
729,74145,254,Wrong Item,Completed,286.26,2025-09-26 16:07:27
730,74146,205,Not as Described,Approved,214.13,2025-09-26 21:07:27
731,74160,214,Wrong Item,Completed,262.75,2025-09-04 12:38:07
732,74162,236,Buyer Remorse,Completed,2703.64,2025-09-04 07:38:07
733,74163,250,Wrong Item,Completed,4848.24,2025-09-04 09:38:07
734,74673,232,Defective,Approved,41.34,2025-09-15 18:42:56
735,74674,279,Buyer Remorse,Completed,54.41,2025-09-15 00:42:56
736,74675,201,Size Mismatch,Completed,55.57,2025-09-14 01:42:56
737,74820,281,Defective,Approved,413.74,2024-11-21 09:46:43
738,74821,280,Size Mismatch,Completed,83.27,2024-11-22 09:46:43
739,75263,205,Not as Described,Completed,2753.65,2025-06-11 02:17:31
740,75264,275,Buyer Remorse,Completed,273.2,2025-06-12 10:17:31
741,75265,293,Not as Described,Approved,41.65,2025-06-09 04:17:31
742,75266,226,Size Mismatch,Completed,28.68,2025-06-09 07:17:31
743,75413,294,Buyer Remorse,Completed,93.83,2023-06-22 16:06:06
744,75414,257,Defective,Completed,131.07,2023-06-22 16:06:06
745,75415,250,Buyer Remorse,Completed,200.4,2023-06-23 17:06:06
746,75417,293,Size Mismatch,Completed,234.58,2023-06-25 12:06:06
747,75419,292,Wrong Item,Completed,77.7,2026-01-25 18:44:39
748,75674,253,Not as Described,Completed,210.56,2024-05-05 16:02:28
749,75675,299,Defective,Approved,111.87,2024-05-09 18:02:28
750,76120,284,Wrong Item,Approved,310.35,2023-09-29 12:04:02
751,76121,233,Not as Described,Approved,1875.38,2023-09-29 15:04:02
752,76122,257,Buyer Remorse,Approved,100.41,2023-09-29 14:04:02
753,76219,248,Defective,Completed,969.8,2025-12-12 18:01:46
754,76326,258,Size Mismatch,Completed,1424.01,2024-12-12 14:08:34
755,76327,287,Defective,Completed,32.55,2024-12-15 12:08:34
756,76329,284,Wrong Item,Completed,311.91,2024-12-14 12:08:34
757,76330,243,Buyer Remorse,Completed,19.04,2024-12-16 11:08:34
758,76537,286,Wrong Item,Completed,123.82,2024-06-09 18:10:04
759,76538,298,Defective,Completed,70.92,2024-06-08 01:10:04
760,76595,296,Size Mismatch,Completed,414.33,2025-12-12 10:10:45
761,76597,273,Buyer Remorse,Completed,200.58,2025-12-13 13:10:45
762,76598,274,Not as Described,Approved,229.72,2025-12-14 10:10:45
763,76599,280,Buyer Remorse,Approved,117.88,2025-12-10 15:10:45
764,76867,297,Defective,Inspected,211.79,2024-08-19 14:02:32
765,76868,264,Buyer Remorse,Completed,177.11,2024-08-16 13:02:32
766,76869,228,Buyer Remorse,Completed,484.99,2024-08-15 18:02:32
767,76870,218,Size Mismatch,Completed,372.86,2024-08-18 10:02:32
768,76871,210,Buyer Remorse,Completed,269.2,2024-08-16 10:02:32
769,76872,271,Size Mismatch,Completed,871.35,2024-08-19 16:02:32
770,76955,272,Wrong Item,Completed,1327.96,2024-07-18 13:25:36
771,76956,213,Defective,Completed,746.32,2024-07-17 09:25:36
772,77724,228,Defective,Completed,14.43,2023-08-02 22:09:45
773,77726,211,Not as Described,Completed,50.52,2023-08-02 22:09:45
774,77758,293,Size Mismatch,Completed,70.41,2023-07-22 19:35:40
775,77759,221,Wrong Item,Approved,339.15,2023-07-23 18:35:40
776,78161,266,Size Mismatch,Completed,46.85,2023-06-09 17:12:54
777,78162,237,Wrong Item,Approved,220.83,2023-06-13 09:12:54
778,78653,200,Buyer Remorse,Completed,457.69,2024-04-01 16:44:14
779,78654,286,Buyer Remorse,Approved,27.0,2024-03-31 18:44:14
780,78655,221,Not as Described,Completed,1025.02,2024-04-02 17:44:14
781,78656,213,Not as Described,Completed,362.64,2024-04-02 18:44:14
782,78658,201,Not as Described,Approved,68.88,2024-03-31 17:44:14
783,78873,228,Wrong Item,Completed,177.87,2023-03-02 10:30:34
784,78876,214,Not as Described,Completed,91.14,2023-03-01 04:30:34
785,78878,233,Defective,Approved,1405.96,2023-02-26 09:30:34
786,78943,210,Defective,Completed,271.98,2024-12-11 18:36:14
787,78945,226,Size Mismatch,Completed,210.9,2024-12-14 15:36:14
788,78946,244,Defective,Completed,1977.01,2024-12-13 19:36:14
789,78947,296,Not as Described,Completed,48.51,2024-12-13 15:36:14
790,78948,215,Size Mismatch,Completed,110.85,2024-12-14 16:36:14
791,79844,239,Buyer Remorse,Completed,46.36,2026-05-14 09:45:11
792,79845,272,Not as Described,Completed,1317.0,2026-05-14 06:45:11
793,79920,261,Wrong Item,Completed,50.23,2023-12-12 10:46:56
794,79921,206,Buyer Remorse,Completed,127.32,2023-12-12 07:46:56
795,79922,239,Size Mismatch,Inspected,3294.99,2023-12-12 06:46:56
796,79923,213,Buyer Remorse,Completed,205.05,2023-12-13 07:46:56
797,79924,276,Defective,Completed,215.08,2023-12-14 11:46:56
798,80668,217,Buyer Remorse,Completed,698.28,2025-12-14 19:01:25
799,80669,221,Defective,Completed,110.38,2025-12-12 18:01:25
800,80670,207,Buyer Remorse,Approved,11.02,2025-12-10 22:01:25
801,80671,230,Size Mismatch,Completed,620.46,2025-12-14 16:01:25
802,80672,226,Buyer Remorse,Completed,695.91,2025-12-12 23:01:25
803,80673,292,Wrong Item,Completed,182.62,2025-12-14 19:01:25
804,80792,289,Wrong Item,Completed,89.96,2023-01-26 17:39:35
805,80793,205,Wrong Item,Completed,295.08,2023-01-25 18:39:35
806,80919,283,Buyer Remorse,Completed,67.34,2023-01-20 03:39:20
807,80920,277,Defective,Completed,245.61,2023-01-20 03:39:20
808,81179,251,Size Mismatch,Inspected,124.56,2025-09-21 11:28:37
809,81180,251,Not as Described,Completed,331.75,2025-09-25 12:28:37
810,81181,269,Defective,Completed,309.96,2025-09-25 11:28:37
811,81182,246,Size Mismatch,Completed,696.72,2025-09-23 06:28:37
812,81184,248,Wrong Item,Completed,86.14,2025-09-25 12:28:37
813,81232,300,Wrong Item,Completed,92.67,2023-12-06 22:15:54
814,81233,216,Not as Described,Completed,271.95,2023-12-08 23:15:54
815,81235,288,Wrong Item,Completed,50.75,2023-12-06 16:15:54
816,81501,254,Defective,Completed,1977.98,2023-09-09 21:58:04
817,81597,207,Defective,Completed,58.01,2023-05-25 12:27:45
818,81599,289,Size Mismatch,Approved,1903.44,2023-05-25 13:27:45
819,81600,289,Not as Described,Completed,1294.18,2023-05-22 09:27:45
820,81601,232,Wrong Item,Completed,249.16,2023-05-22 10:27:45
821,81675,250,Not as Described,Completed,150.6,2023-01-20 18:26:35
822,81676,210,Size Mismatch,Completed,334.94,2023-01-24 18:26:35
823,81677,282,Defective,Completed,34.71,2023-01-24 22:26:35
824,81678,227,Buyer Remorse,Completed,173.92,2026-03-21 19:02:06
825,81679,231,Wrong Item,Completed,483.16,2026-03-24 15:02:06
826,81681,274,Size Mismatch,Approved,440.16,2026-03-24 14:02:06
827,81950,211,Wrong Item,Completed,434.19,2023-10-15 19:58:54
828,81951,210,Size Mismatch,Completed,103.76,2023-10-12 19:58:54
829,81954,280,Buyer Remorse,Completed,171.76,2023-10-12 16:58:54
830,82073,289,Buyer Remorse,Completed,5.31,2024-06-05 14:12:07
831,82074,239,Wrong Item,Completed,84.26,2024-06-04 16:12:07
832,82075,216,Buyer Remorse,Completed,384.73,2024-06-06 22:12:07
833,82076,277,Buyer Remorse,Completed,74.43,2024-06-02 18:12:07
834,82290,215,Defective,Approved,3103.25,2024-12-27 15:48:52
835,82291,254,Size Mismatch,Approved,650.23,2024-12-24 22:48:52
836,82292,293,Buyer Remorse,Completed,75.72,2024-12-27 21:48:52
837,82293,205,Wrong Item,Completed,80.11,2024-12-27 15:48:52
838,82294,290,Buyer Remorse,Completed,665.9,2024-12-24 15:48:52
839,82368,285,Buyer Remorse,Completed,114.06,2025-01-23 13:30:31
840,82369,233,Not as Described,Completed,96.06,2025-01-22 08:30:31
841,82494,296,Not as Described,Completed,230.28,2025-09-01 13:43:16
842,82726,213,Wrong Item,Completed,86.57,2023-12-07 21:42:45
843,82728,211,Not as Described,Completed,131.32,2023-12-05 23:42:45
844,82729,290,Size Mismatch,Approved,1499.97,2023-12-07 21:42:45
845,82817,208,Size Mismatch,Completed,114.04,2023-06-13 12:58:01
846,83092,290,Wrong Item,Approved,39.62,2025-01-11 00:37:11
847,83093,286,Defective,Completed,93.42,2025-01-09 21:37:11
848,83094,262,Not as Described,Approved,37.87,2025-01-11 22:37:11
849,83095,212,Defective,Completed,139.1,2025-01-12 00:37:11
850,83096,265,Not as Described,Completed,326.14,2025-01-11 17:37:11
851,83097,215,Defective,Completed,501.48,2025-01-08 16:37:11
852,83179,268,Defective,Completed,204.62,2023-12-06 19:28:35
853,83180,296,Not as Described,Completed,779.36,2023-12-06 14:28:35
854,83181,278,Buyer Remorse,Completed,394.59,2023-12-05 20:28:35
855,83277,250,Wrong Item,Completed,149.79,2023-10-09 17:33:51
856,83745,286,Defective,Completed,1637.4,2023-12-28 10:09:32
857,83747,244,Defective,Completed,181.94,2023-12-26 06:09:32
858,83748,245,Defective,Completed,530.21,2023-12-26 04:09:32
859,83749,203,Buyer Remorse,Completed,390.19,2023-12-29 11:09:32
860,84135,222,Not as Described,Completed,817.09,2023-07-13 11:53:49
861,84136,233,Wrong Item,Completed,415.86,2023-07-11 12:53:49
862,84764,227,Not as Described,Inspected,64.16,2023-07-24 11:09:28
863,84765,283,Defective,Completed,176.89,2023-07-21 15:09:28
864,84902,286,Size Mismatch,Completed,341.25,2023-04-20 13:34:53
865,84904,232,Not as Described,Completed,10.23,2023-04-22 10:34:53
866,84905,293,Wrong Item,Completed,81.46,2023-04-20 15:34:53
867,85098,205,Not as Described,Completed,2114.96,2024-02-08 21:59:17
868,85099,214,Size Mismatch,Completed,59.55,2024-02-10 02:59:17
869,85229,297,Size Mismatch,Completed,36.01,2025-02-12 20:33:08
870,85230,297,Not as Described,Completed,33.44,2025-02-10 16:33:08
871,85231,265,Buyer Remorse,Completed,1506.63,2025-02-13 14:33:08
872,85232,263,Wrong Item,Completed,145.98,2025-02-10 16:33:08
873,85233,261,Defective,Approved,540.06,2025-02-10 19:33:08
874,85339,225,Defective,Completed,2864.94,2025-12-05 13:29:40
875,85340,204,Wrong Item,Approved,258.36,2025-12-09 12:29:40
876,85341,243,Wrong Item,Completed,766.67,2025-12-08 17:29:40
877,85527,227,Not as Described,Completed,477.39,2023-10-03 11:26:27
878,85528,250,Size Mismatch,Completed,50.79,2023-09-29 14:26:27
879,85864,215,Defective,Completed,68.13,2026-04-07 23:46:36
880,85865,270,Wrong Item,Completed,97.65,2026-04-04 17:46:36
881,85867,236,Size Mismatch,Completed,8.19,2026-04-05 19:46:36
882,85868,286,Buyer Remorse,Approved,2954.73,2026-04-03 18:46:36
883,86065,249,Not as Described,Completed,30.47,2025-09-17 12:05:27
884,86066,209,Defective,Completed,587.32,2025-09-21 09:05:27
885,86067,266,Not as Described,Completed,40.92,2025-09-19 06:05:27
886,86092,298,Buyer Remorse,Completed,3775.08,2024-03-12 20:44:37
887,86137,206,Defective,Completed,50.56,2025-11-27 07:28:09
888,86138,229,Buyer Remorse,Completed,3113.82,2025-12-01 06:28:09
889,86139,250,Wrong Item,Completed,1532.46,2025-11-27 03:28:09
890,86140,237,Defective,Approved,270.33,2025-11-30 06:28:09
891,86398,254,Defective,Approved,191.52,2025-11-24 01:52:33
892,86400,207,Defective,Completed,11.2,2025-11-23 00:52:33
893,86401,276,Wrong Item,Inspected,790.84,2025-11-21 01:52:33
894,86402,266,Defective,Completed,2872.86,2025-11-21 08:52:33
895,86577,266,Buyer Remorse,Completed,54.76,2023-06-27 05:14:30
896,86578,269,Not as Described,Completed,74.34,2023-06-27 05:14:30
897,87343,270,Defective,Approved,166.68,2025-11-02 14:30:20
898,87362,275,Defective,Completed,167.5,2023-12-17 15:05:50
899,87489,278,Wrong Item,Inspected,2181.39,2025-12-06 21:06:42
900,88681,253,Defective,Inspected,1556.94,2026-05-13 12:38:02
901,88683,212,Buyer Remorse,Approved,612.76,2026-05-11 12:38:02
902,88684,209,Not as Described,Completed,449.25,2026-05-10 13:38:02
903,88968,258,Buyer Remorse,Approved,462.7,2024-01-03 11:12:43
904,88969,220,Not as Described,Completed,154.08,2023-12-31 11:12:43
905,89466,269,Buyer Remorse,Completed,233.28,2025-12-19 16:49:36
906,89467,258,Buyer Remorse,Approved,103.36,2025-12-17 13:49:36
907,89650,251,Wrong Item,Completed,11.85,2023-06-01 19:33:07
908,89651,290,Not as Described,Completed,589.45,2023-05-31 12:33:07
909,89652,262,Wrong Item,Completed,156.98,2023-06-03 13:33:07
910,89965,221,Defective,Completed,2077.8,2025-03-01 09:51:03
911,89966,235,Defective,Completed,275.95,2025-02-27 16:51:03
912,89967,253,Buyer Remorse,Completed,2124.93,2025-02-26 15:51:03
913,89968,203,Buyer Remorse,Completed,1807.9,2025-02-26 13:51:03
914,89969,247,Wrong Item,Approved,134.18,2025-02-26 12:51:03
915,90306,209,Wrong Item,Completed,187.92,2024-09-18 19:03:59
916,90307,212,Size Mismatch,Completed,151.26,2024-09-17 22:03:59
917,90308,200,Not as Described,Completed,114.15,2024-09-15 18:03:59
918,90309,219,Buyer Remorse,Approved,71.0,2024-09-19 14:03:59
919,90310,229,Not as Described,Completed,69.12,2024-09-17 15:03:59
920,90378,249,Wrong Item,Completed,56.33,2025-06-20 15:56:12
921,90379,214,Defective,Completed,217.96,2025-06-16 11:56:12
922,90380,278,Not as Described,Completed,635.55,2025-06-19 14:56:12
923,90633,246,Defective,Completed,211.29,2024-02-02 13:38:30
924,90634,220,Buyer Remorse,Completed,13.03,2024-02-04 17:38:30
925,90640,295,Defective,Completed,194.42,2025-12-11 13:32:38
926,90641,284,Size Mismatch,Approved,243.2,2025-12-11 16:32:38
927,90644,236,Defective,Completed,1314.03,2025-12-11 11:32:38
928,91630,213,Not as Described,Completed,2802.7,2025-12-22 05:35:28
929,91632,240,Buyer Remorse,Completed,210.0,2025-12-24 05:35:28
930,91633,235,Buyer Remorse,Completed,545.49,2025-12-24 09:35:28
931,91634,255,Not as Described,Completed,234.03,2025-12-22 05:35:28
932,91636,240,Wrong Item,Completed,128.82,2025-06-23 10:59:41
933,91639,275,Wrong Item,Completed,58.91,2025-06-21 13:59:41
934,91640,205,Not as Described,Completed,70.95,2025-06-22 12:59:41
935,91641,238,Not as Described,Completed,83.07,2025-06-23 14:59:41
936,91920,230,Not as Described,Completed,33.75,2024-07-14 15:50:10
937,91921,281,Defective,Approved,29.4,2024-07-15 15:50:10
938,91922,285,Size Mismatch,Completed,344.66,2024-07-15 15:50:10
939,91923,275,Not as Described,Approved,1161.3,2024-07-12 14:50:10
940,91924,300,Defective,Completed,160.82,2024-07-12 19:50:10
941,91925,281,Not as Described,Completed,3251.33,2024-07-13 16:50:10
942,92682,235,Size Mismatch,Completed,527.86,2025-01-01 22:03:53
943,94015,239,Buyer Remorse,Completed,354.87,2025-06-04 11:00:10
944,94016,293,Defective,Completed,54.18,2025-06-01 16:00:10
945,94017,259,Buyer Remorse,Approved,397.16,2025-06-01 12:00:10
946,94018,293,Not as Described,Completed,617.1,2025-06-04 12:00:10
947,94019,238,Size Mismatch,Completed,83.2,2025-06-02 11:00:10
948,94038,298,Buyer Remorse,Completed,1136.43,2023-11-09 19:59:43
949,94039,226,Defective,Approved,13.96,2023-11-07 22:59:43
950,94040,286,Not as Described,Completed,366.36,2023-11-11 01:59:43
951,94041,233,Not as Described,Completed,38.96,2023-11-08 22:59:43
952,94042,276,Defective,Approved,40.62,2023-11-07 22:59:43
953,94344,258,Size Mismatch,Completed,978.82,2025-01-25 20:38:43
954,94345,240,Not as Described,Completed,469.41,2025-01-25 21:38:43
955,94346,296,Not as Described,Completed,59.9,2025-01-27 01:38:43
956,94513,221,Buyer Remorse,Completed,176.4,2025-12-26 13:13:57
957,94832,262,Wrong Item,Approved,470.58,2023-06-22 13:19:44
958,94946,203,Size Mismatch,Approved,3003.44,2023-12-15 23:41:05
959,94947,214,Size Mismatch,Completed,167.5,2023-12-17 01:41:05
960,94949,205,Defective,Completed,320.32,2023-12-16 00:41:05
961,95021,268,Defective,Completed,78.63,2024-02-16 01:59:21
962,95022,259,Buyer Remorse,Completed,599.31,2024-02-12 20:59:21
963,95023,269,Wrong Item,Completed,3918.82,2024-02-12 00:59:21
964,95253,288,Wrong Item,Approved,338.9,2023-12-18 17:55:01
965,95254,217,Size Mismatch,Completed,942.66,2023-12-18 17:55:01
966,95255,275,Wrong Item,Completed,260.61,2023-12-17 23:55:01
967,95256,291,Buyer Remorse,Completed,330.15,2023-12-17 16:55:01
968,95585,216,Buyer Remorse,Completed,10.42,2024-11-08 10:14:24
969,95857,276,Not as Described,Completed,5959.32,2026-07-01 04:45:46
970,96563,268,Wrong Item,Completed,65.22,2026-06-20 09:00:29
971,96564,266,Size Mismatch,Completed,366.87,2026-06-22 08:00:29
972,96565,273,Not as Described,Completed,882.56,2026-06-20 07:00:29
973,96566,269,Not as Described,Completed,880.41,2026-06-21 08:00:29
974,96567,271,Not as Described,Completed,6.43,2026-06-21 11:00:29
975,96706,260,Buyer Remorse,Completed,38.45,2023-12-26 19:39:24
976,97863,298,Size Mismatch,Completed,1390.98,2025-05-05 17:10:25
977,97865,240,Not as Described,Completed,125.25,2025-05-07 00:10:25
978,97866,266,Defective,Completed,67.07,2025-05-04 21:10:25
979,97867,236,Not as Described,Completed,248.2,2025-05-07 18:10:25
980,97868,274,Defective,Completed,41.59,2025-05-07 18:10:25
981,98378,246,Not as Described,Completed,37.57,2024-12-30 07:48:57
982,98379,254,Not as Described,Completed,133.25,2024-12-31 10:48:57
983,98731,250,Not as Described,Completed,19.5,2025-08-16 03:39:51
984,98922,231,Not as Described,Completed,969.79,2024-06-20 05:34:10
985,98924,223,Defective,Completed,1047.59,2024-06-19 05:34:10
986,99264,248,Buyer Remorse,Completed,46.5,2023-04-03 18:03:30
987,99359,214,Not as Described,Completed,114.9,2023-12-13 16:18:08
988,99361,225,Not as Described,Approved,1206.21,2023-12-15 17:18:08
989,99363,273,Wrong Item,Completed,447.53,2023-12-15 15:18:08
990,100188,262,Defective,Completed,1006.5,2023-12-20 16:55:27
991,100189,212,Defective,Approved,3072.14,2023-12-20 20:55:27
992,100190,240,Wrong Item,Completed,459.62,2023-12-21 16:55:27
993,100191,230,Wrong Item,Completed,99.72,2023-12-21 22:55:27
994,100192,210,Size Mismatch,Completed,133.95,2023-12-21 16:55:27
995,100193,218,Size Mismatch,Completed,157.59,2023-12-18 19:55:27
996,100236,261,Buyer Remorse,Completed,283.7,2023-12-07 22:45:24
997,100237,292,Defective,Completed,1287.99,2023-12-06 05:45:24
998,100393,267,Not as Described,Completed,194.64,2026-01-04 09:56:02
999,100394,259,Buyer Remorse,Completed,61.98,2026-01-02 14:56:02
1000,100498,241,Defective,Completed,206.64,2025-12-27 07:16:30
1001,100499,230,Buyer Remorse,Completed,119.47,2025-12-30 04:16:30
1002,100500,261,Wrong Item,Completed,26.64,2025-12-27 08:16:30
1003,100501,249,Size Mismatch,Completed,2094.7,2025-12-28 08:16:30
1004,100502,284,Not as Described,Completed,115.68,2025-12-27 08:16:30
1005,101090,263,Size Mismatch,Approved,480.69,2023-06-28 15:30:10
1006,101091,253,Defective,Completed,91.06,2023-06-28 10:30:10
1007,101092,235,Not as Described,Approved,4581.46,2023-06-25 10:30:10
1008,101093,300,Size Mismatch,Inspected,102.98,2023-06-24 18:30:10
1009,101142,246,Defective,Completed,1455.07,2025-08-06 04:15:54
1010,101143,244,Not as Described,Completed,21.94,2025-08-05 10:15:54
1011,101144,217,Not as Described,Completed,4.48,2025-08-05 09:15:54
1012,101522,237,Buyer Remorse,Inspected,9.54,2023-11-26 22:03:56
1013,101523,299,Buyer Remorse,Completed,1391.66,2023-11-27 21:03:56
1014,101525,240,Buyer Remorse,Approved,1426.48,2023-11-26 18:03:56
1015,101526,277,Defective,Completed,330.93,2023-11-24 17:03:56
1016,101527,249,Buyer Remorse,Completed,30.47,2023-11-24 23:03:56
1017,101856,242,Size Mismatch,Completed,1594.86,2024-10-10 21:46:48
1018,101858,276,Wrong Item,Completed,13.81,2024-10-09 15:46:48
1019,101859,242,Defective,Completed,211.44,2024-10-11 23:46:48
1020,101860,296,Wrong Item,Inspected,151.01,2024-10-10 16:46:48
1021,101861,220,Not as Described,Completed,32.74,2024-10-07 18:46:48
1022,102865,219,Wrong Item,Approved,616.8,2026-03-12 20:42:11
1023,102866,288,Wrong Item,Completed,612.3,2026-03-09 20:42:11
1024,102867,276,Wrong Item,Completed,58.98,2026-03-12 17:42:11
1025,102868,229,Buyer Remorse,Completed,1660.86,2026-03-12 18:42:11
1026,102870,278,Not as Described,Inspected,42.38,2026-03-10 22:42:11
1027,103293,236,Defective,Completed,91.09,2024-12-12 03:33:04
1028,103295,243,Not as Described,Approved,33.96,2024-12-15 20:33:04
1029,103297,284,Not as Described,Approved,186.42,2024-12-12 23:33:04
1030,103384,273,Defective,Completed,10.24,2024-12-12 20:26:47
1031,103386,288,Defective,Completed,82.88,2024-12-12 16:26:47
1032,103387,228,Not as Described,Completed,93.61,2024-12-13 16:26:47
1033,103388,249,Not as Described,Completed,191.28,2024-12-12 20:26:47
1034,103651,251,Buyer Remorse,Completed,63.93,2024-12-23 06:28:39
1035,103652,285,Buyer Remorse,Completed,60.44,2024-12-20 07:28:39
1036,103653,290,Not as Described,Completed,54.18,2024-12-24 05:28:39
1037,103672,259,Wrong Item,Completed,220.76,2024-12-28 07:33:25
1038,103673,272,Buyer Remorse,Completed,222.98,2024-12-27 09:33:25
1039,103674,226,Defective,Completed,27.77,2024-12-27 07:33:25
1040,103675,201,Wrong Item,Completed,70.05,2024-12-29 04:33:25
1041,103948,287,Size Mismatch,Completed,241.8,2025-12-07 19:50:09
1042,103949,290,Not as Described,Approved,242.12,2025-12-07 19:50:09
1043,103950,234,Defective,Completed,161.34,2025-12-06 22:50:09
1044,103951,289,Wrong Item,Completed,52.24,2025-12-07 00:50:09
1045,103952,254,Defective,Completed,611.49,2025-12-10 20:50:09
1046,104384,237,Buyer Remorse,Completed,72.84,2025-09-01 15:58:19
1047,104385,206,Buyer Remorse,Completed,108.72,2025-08-30 08:58:19
1048,104386,230,Not as Described,Completed,3241.18,2025-09-02 12:58:19
1049,104387,266,Not as Described,Completed,272.49,2025-08-29 12:58:19
1050,104446,259,Defective,Completed,176.06,2025-12-27 11:13:31
1051,104680,283,Size Mismatch,Completed,657.28,2025-05-15 15:21:15
1052,104681,211,Wrong Item,Approved,221.82,2025-05-16 08:21:15
1053,104704,286,Size Mismatch,Completed,110.22,2026-06-27 10:00:05
1054,104705,274,Buyer Remorse,Completed,56.46,2026-06-29 05:00:05
1055,104707,204,Wrong Item,Completed,126.06,2026-06-26 07:00:05
1056,104708,233,Buyer Remorse,Approved,122.31,2026-06-25 08:00:05
1057,104709,292,Not as Described,Approved,29.39,2026-06-25 10:00:05
1058,105208,273,Not as Described,Completed,387.67,2025-12-31 15:50:52
1059,105209,254,Defective,Completed,598.03,2026-01-01 13:50:52
1060,105211,245,Size Mismatch,Completed,558.9,2026-01-03 12:50:52
1061,105213,279,Defective,Completed,636.63,2025-12-30 10:50:52
1062,105235,282,Defective,Completed,208.83,2023-12-12 18:30:36
1063,105236,227,Not as Described,Approved,332.03,2023-12-12 14:30:36
1064,105939,273,Not as Described,Completed,33.28,2023-06-27 10:16:26
1065,105940,278,Wrong Item,Completed,42.64,2023-06-24 08:16:26
1066,105941,215,Not as Described,Inspected,2498.57,2023-06-28 05:16:26
1067,105942,291,Wrong Item,Approved,207.49,2023-06-25 11:16:26
1068,105943,229,Wrong Item,Completed,46.12,2023-06-24 10:16:26
1069,106103,283,Defective,Completed,53.22,2023-05-03 15:28:07
1070,106106,238,Buyer Remorse,Approved,617.66,2023-05-02 10:28:07
1071,106107,218,Buyer Remorse,Completed,153.99,2023-04-29 15:28:07
1072,106354,262,Defective,Completed,97.1,2025-03-19 08:10:19
1073,106355,275,Defective,Inspected,42.86,2025-03-17 10:10:19
1074,106356,237,Buyer Remorse,Approved,668.1,2025-03-19 06:10:19
1075,106414,226,Wrong Item,Completed,165.98,2024-08-15 15:17:14
1076,106415,234,Size Mismatch,Completed,589.51,2024-08-15 12:17:14
1077,106416,212,Defective,Completed,1956.26,2024-08-14 13:17:14
1078,106417,242,Size Mismatch,Completed,19.26,2024-08-12 09:17:14
1079,106418,247,Not as Described,Completed,16.78,2024-08-13 15:17:14
1080,106571,245,Wrong Item,Completed,166.56,2025-10-18 02:53:08
1081,106572,214,Size Mismatch,Completed,136.98,2025-10-15 22:53:08
1082,106851,202,Size Mismatch,Completed,34.41,2024-12-07 14:53:37
1083,106853,211,Buyer Remorse,Completed,121.97,2024-12-04 16:53:37
1084,106854,247,Not as Described,Inspected,3324.99,2024-12-04 12:53:37
1085,106855,246,Defective,Approved,11.42,2024-12-07 16:53:37
1086,106856,204,Defective,Completed,1323.4,2024-12-07 12:53:37
1087,106974,296,Defective,Completed,137.88,2025-07-17 12:37:58
1088,106975,292,Size Mismatch,Completed,99.41,2025-07-17 15:37:58
1089,106976,265,Buyer Remorse,Completed,18.11,2025-07-16 12:37:58
1090,106977,281,Size Mismatch,Completed,336.23,2025-07-17 07:37:58
1091,107477,223,Wrong Item,Completed,46.98,2024-10-21 03:42:25
1092,107478,299,Not as Described,Completed,97.32,2024-10-23 00:42:25
1093,107479,285,Size Mismatch,Completed,55.52,2024-10-20 01:42:25
1094,107481,245,Buyer Remorse,Inspected,4411.56,2024-10-23 01:42:25
1095,107801,202,Size Mismatch,Completed,74.23,2024-12-01 23:26:10
1096,107802,231,Buyer Remorse,Completed,478.47,2024-12-01 20:26:10
1097,107803,239,Buyer Remorse,Completed,323.49,2024-11-28 02:26:10
1098,107946,256,Size Mismatch,Approved,320.44,2025-08-05 13:59:01
1099,107947,267,Wrong Item,Completed,23.94,2025-08-09 18:59:01
1100,107948,249,Wrong Item,Completed,519.62,2025-08-05 13:59:01
1101,108560,247,Not as Described,Completed,188.18,2023-01-11 10:20:29
1102,108561,232,Wrong Item,Completed,1478.92,2023-01-08 15:20:29
1103,108562,252,Buyer Remorse,Completed,43.84,2023-01-08 10:20:29
1104,108564,232,Wrong Item,Completed,238.95,2023-01-12 09:20:29
1105,109389,248,Wrong Item,Approved,130.07,2024-06-09 15:04:33
1106,109391,287,Size Mismatch,Approved,629.82,2024-06-10 16:04:33
1107,109392,229,Defective,Completed,2418.34,2024-06-10 16:04:33
1108,109588,249,Not as Described,Completed,49.07,2025-08-20 09:53:51
1109,110015,267,Size Mismatch,Completed,29.95,2026-06-21 22:18:02
1110,110018,300,Buyer Remorse,Approved,1365.36,2026-06-23 21:18:02
1111,110019,211,Size Mismatch,Completed,285.74,2026-06-20 23:18:02
1112,110193,268,Size Mismatch,Completed,595.57,2025-07-10 18:57:29
1113,110194,271,Defective,Completed,15.27,2025-07-10 18:57:29
1114,110252,238,Buyer Remorse,Completed,471.82,2024-12-18 06:17:11
1115,110254,292,Wrong Item,Completed,2718.08,2024-12-18 07:17:11
1116,110255,225,Wrong Item,Completed,91.41,2024-12-21 08:17:11
1117,110256,267,Not as Described,Completed,401.71,2024-12-19 13:17:11
1118,110833,235,Size Mismatch,Completed,2941.04,2024-02-29 09:07:19
1119,110834,207,Size Mismatch,Completed,1360.53,2024-03-01 12:07:19
1120,110835,274,Size Mismatch,Completed,2692.72,2024-03-03 13:07:19
1121,111051,299,Buyer Remorse,Completed,173.14,2023-11-05 08:15:48
1122,111052,289,Not as Described,Completed,20.04,2023-11-02 10:15:48
1123,111053,224,Wrong Item,Completed,93.92,2023-11-01 10:15:48
1124,111241,244,Size Mismatch,Completed,83.95,2025-05-04 09:46:13
1125,111243,237,Size Mismatch,Completed,2087.73,2025-05-04 12:46:13
1126,112052,221,Not as Described,Completed,75.22,2026-04-24 12:04:57
1127,112053,217,Defective,Completed,1102.74,2026-04-25 13:04:57
1128,113547,219,Buyer Remorse,Completed,768.14,2025-09-29 19:32:06
1129,113549,276,Buyer Remorse,Completed,453.9,2025-09-30 15:32:06
1130,113550,257,Not as Described,Completed,220.62,2025-09-27 22:32:06
1131,113551,240,Wrong Item,Inspected,97.5,2025-09-30 22:32:06
1132,113552,268,Not as Described,Completed,458.39,2025-09-30 19:32:06
1133,113812,280,Wrong Item,Completed,122.12,2025-12-03 17:17:45
1134,113813,264,Wrong Item,Completed,48.13,2025-12-01 19:17:45
1135,113814,293,Defective,Completed,41.76,2025-12-03 17:17:45
1136,113980,248,Not as Described,Completed,562.4,2025-12-10 14:32:21
1137,113981,294,Buyer Remorse,Completed,1056.17,2025-12-10 21:32:21
1138,114539,282,Wrong Item,Completed,13.75,2024-12-14 21:41:36
1139,114540,260,Defective,Completed,264.93,2024-12-11 14:41:36
1140,114541,202,Not as Described,Completed,302.4,2024-12-12 18:41:36
1141,114596,253,Defective,Completed,394.49,2025-05-11 10:17:30
1142,114597,218,Buyer Remorse,Approved,87.42,2025-05-12 07:17:30
1143,114598,293,Size Mismatch,Completed,41.24,2025-05-12 06:17:30
1144,114599,278,Defective,Completed,121.51,2025-05-11 10:17:30
1145,114637,250,Size Mismatch,Completed,48.58,2024-03-25 17:37:33
1146,114638,244,Size Mismatch,Completed,71.67,2024-03-28 17:37:33
1147,114639,266,Buyer Remorse,Approved,874.74,2024-03-27 12:37:33
1148,114640,278,Buyer Remorse,Completed,191.11,2024-03-28 17:37:33
1149,114641,238,Buyer Remorse,Completed,71.18,2024-03-25 18:37:33
1150,114642,239,Wrong Item,Completed,225.68,2024-03-25 16:37:33
1151,115182,205,Size Mismatch,Completed,140.16,2023-05-02 12:11:18
1152,115186,271,Size Mismatch,Completed,103.14,2023-05-01 11:11:18
1153,115193,261,Buyer Remorse,Approved,38.38,2024-12-29 12:57:57
1154,115194,297,Size Mismatch,Completed,108.79,2024-12-28 18:57:57
1155,115195,238,Defective,Completed,916.82,2024-12-31 16:57:57
1156,115196,238,Buyer Remorse,Inspected,155.54,2024-12-27 15:57:57
1157,115198,224,Not as Described,Completed,59.54,2024-12-28 12:57:57
1158,115336,221,Not as Described,Completed,1088.0,2024-01-01 15:59:18
1159,115337,252,Not as Described,Completed,278.73,2024-01-01 14:59:18
1160,115338,285,Not as Described,Completed,374.14,2024-01-02 18:59:18
1161,115339,256,Size Mismatch,Approved,20.06,2023-12-30 14:59:18
1162,115340,233,Wrong Item,Approved,218.93,2024-01-01 16:59:18
1163,115717,258,Wrong Item,Completed,379.56,2025-06-10 14:07:17
1164,115718,254,Defective,Completed,39.33,2025-06-12 10:07:17
1165,115922,257,Size Mismatch,Completed,331.43,2026-03-24 12:54:17
1166,115923,293,Wrong Item,Completed,146.04,2026-03-23 12:54:17
1167,115924,212,Buyer Remorse,Approved,397.54,2026-03-23 16:54:17
1168,116676,279,Size Mismatch,Completed,66.23,2023-03-29 13:15:20
1169,116677,223,Not as Described,Completed,42.67,2023-03-27 08:15:20
1170,116731,230,Wrong Item,Completed,346.89,2025-07-07 22:22:49
1171,116732,226,Size Mismatch,Completed,78.19,2025-07-07 19:22:49
1172,117401,248,Defective,Completed,166.71,2024-01-17 14:46:39
1173,117402,241,Size Mismatch,Completed,165.88,2024-01-17 09:46:39
1174,117596,274,Size Mismatch,Approved,1842.82,2023-04-18 13:17:44
1175,117597,245,Wrong Item,Approved,439.0,2023-04-19 07:17:44
1176,117772,225,Size Mismatch,Completed,126.81,2024-08-13 17:51:49
1177,117774,210,Size Mismatch,Completed,71.74,2024-08-13 13:51:49
1178,117775,251,Not as Described,Completed,70.28,2024-08-12 20:51:49
1179,117862,266,Defective,Completed,852.12,2024-12-21 22:52:04
1180,118168,219,Buyer Remorse,Approved,190.35,2023-04-18 09:13:50
1181,118335,299,Buyer Remorse,Completed,133.82,2024-03-29 01:08:03
1182,118336,234,Defective,Completed,73.36,2024-03-30 21:08:03
1183,120218,265,Not as Described,Completed,3183.19,2025-06-15 04:21:14
1184,120219,240,Wrong Item,Completed,89.49,2025-06-14 06:21:14
1185,120220,296,Wrong Item,Completed,5.75,2025-06-16 11:21:14
1186,120221,289,Size Mismatch,Completed,103.49,2025-06-17 09:21:14
1187,120222,278,Size Mismatch,Completed,293.86,2025-06-14 11:21:14
1188,120509,290,Size Mismatch,Completed,175.07,2026-05-15 16:58:04
1189,120648,265,Size Mismatch,Completed,85.7,2025-02-21 16:15:04
1190,120650,283,Size Mismatch,Inspected,69.58,2025-02-23 12:15:04
1191,120651,293,Defective,Completed,60.48,2025-02-23 15:15:04
1192,120652,247,Defective,Completed,1102.74,2025-02-24 12:15:04
1193,121847,295,Size Mismatch,Completed,21.24,2024-06-21 13:50:28
1194,121848,247,Defective,Approved,116.93,2024-06-20 06:50:28
1195,121849,232,Buyer Remorse,Completed,230.62,2024-06-24 06:50:28
1196,122096,258,Buyer Remorse,Completed,2667.54,2025-10-03 17:11:54
1197,122097,240,Wrong Item,Approved,1695.21,2025-10-01 19:11:54
1198,122098,253,Defective,Completed,202.18,2025-10-01 19:11:54
1199,122099,270,Buyer Remorse,Completed,42.86,2025-10-04 19:11:54
1200,122187,210,Defective,Completed,189.54,2025-07-18 14:53:13
1201,122188,263,Wrong Item,Completed,658.57,2025-07-18 13:53:13
1202,122189,232,Defective,Completed,172.59,2025-07-15 15:53:13
1203,122190,252,Buyer Remorse,Completed,13.19,2025-07-16 18:53:13
1204,122191,299,Defective,Completed,13.38,2025-07-18 12:53:13
1205,122552,230,Buyer Remorse,Inspected,523.74,2025-02-24 13:31:30
1206,122553,295,Buyer Remorse,Completed,203.91,2025-02-27 16:31:30
1207,122555,254,Size Mismatch,Completed,350.82,2025-02-24 11:31:30
1208,122668,202,Size Mismatch,Inspected,19.29,2026-06-03 19:35:19
1209,122669,290,Buyer Remorse,Completed,320.46,2026-06-02 22:35:19
1210,122670,268,Defective,Completed,1259.88,2026-06-01 18:35:19
1211,122733,249,Not as Described,Completed,34.1,2023-09-17 10:34:14
1212,122734,215,Size Mismatch,Completed,18.29,2023-09-15 09:34:14
1213,122735,260,Buyer Remorse,Inspected,81.67,2023-09-15 11:34:14
1214,122736,227,Size Mismatch,Completed,39.46,2023-09-15 10:34:14
1215,122737,262,Defective,Completed,813.28,2023-09-16 11:34:14
1216,122738,283,Not as Described,Completed,962.19,2023-09-15 07:34:14
1217,122974,291,Wrong Item,Completed,76.85,2024-09-21 17:52:06
1218,122976,229,Wrong Item,Approved,337.44,2024-09-23 16:52:06
1219,122977,235,Wrong Item,Completed,1956.43,2024-09-24 21:52:06
1220,123161,203,Buyer Remorse,Completed,89.61,2024-10-08 19:08:18
1221,123162,283,Buyer Remorse,Completed,19.59,2024-10-07 18:08:18
1222,123164,277,Size Mismatch,Completed,61.66,2024-10-05 20:08:18
1223,123165,258,Size Mismatch,Completed,484.98,2024-10-09 22:08:18
1224,123166,275,Buyer Remorse,Completed,16.15,2024-10-08 20:08:18
1225,123252,281,Size Mismatch,Completed,1597.34,2025-11-04 17:40:41
1226,123394,208,Defective,Completed,132.75,2024-07-24 13:09:49
1227,123661,269,Size Mismatch,Approved,145.19,2025-12-05 02:52:53
1228,123709,213,Buyer Remorse,Completed,102.53,2023-12-30 09:22:21
1229,123710,237,Buyer Remorse,Completed,179.98,2023-12-30 13:22:21
1230,124524,300,Defective,Completed,195.86,2025-10-06 13:59:46
1231,124525,296,Wrong Item,Completed,371.96,2025-10-05 17:59:46
1232,124596,220,Buyer Remorse,Completed,17.56,2025-07-14 14:13:05
1233,124932,251,Buyer Remorse,Completed,88.22,2025-12-04 17:08:16
1234,124933,202,Defective,Completed,511.32,2025-12-04 12:08:16
1235,124934,283,Not as Described,Completed,57.42,2025-12-07 14:08:16
1236,124935,274,Size Mismatch,Completed,1748.97,2025-12-06 11:08:16
1237,125923,250,Buyer Remorse,Completed,4991.46,2025-11-24 13:14:58
1238,125925,274,Wrong Item,Completed,349.92,2025-11-28 14:14:58
1239,125926,297,Defective,Completed,210.16,2025-11-28 17:14:58
1240,125970,283,Size Mismatch,Completed,991.07,2024-07-23 05:11:43
1241,125971,219,Defective,Approved,391.05,2024-07-27 04:11:43
1242,125972,225,Size Mismatch,Completed,54.98,2024-07-25 07:11:43
1243,126061,214,Buyer Remorse,Completed,334.71,2026-05-15 18:48:58
1244,126062,221,Defective,Completed,3433.72,2026-05-16 20:48:58
1245,126063,243,Size Mismatch,Completed,54.18,2026-05-14 23:48:58
1246,126064,233,Wrong Item,Approved,610.72,2026-05-12 21:48:58
1247,126066,236,Not as Described,Approved,301.96,2026-05-13 00:48:58
1248,126069,223,Buyer Remorse,Approved,2826.4,2025-02-05 21:31:52
1249,126070,241,Defective,Completed,573.18,2025-02-06 19:31:52
1250,126071,269,Not as Described,Completed,193.78,2025-02-09 01:31:52
1251,126072,241,Size Mismatch,Completed,95.2,2025-02-07 21:31:52
1252,126073,221,Wrong Item,Approved,957.62,2025-02-07 22:31:52
1253,126280,283,Defective,Completed,211.15,2025-01-03 16:40:21
1254,126281,258,Buyer Remorse,Completed,1097.52,2025-01-03 10:40:21
1255,126303,264,Defective,Completed,104.63,2026-01-24 09:43:00
1256,126424,292,Defective,Completed,491.9,2025-01-10 19:43:27
1257,126425,238,Buyer Remorse,Completed,345.18,2025-01-08 19:43:27
1258,126426,208,Defective,Completed,150.6,2025-01-08 16:43:27
1259,126427,289,Buyer Remorse,Completed,1388.09,2025-01-08 18:43:27
1260,126428,226,Not as Described,Completed,427.38,2025-01-08 17:43:27
1261,127477,267,Not as Described,Completed,187.45,2026-03-28 16:24:42
1262,127478,284,Defective,Completed,132.17,2026-03-27 17:24:42
1263,127606,259,Buyer Remorse,Completed,1020.31,2025-07-11 06:37:54
1264,127607,254,Wrong Item,Completed,108.37,2025-07-10 07:37:54
1265,128733,243,Wrong Item,Completed,1849.5,2023-12-08 11:48:19
1266,128735,202,Size Mismatch,Completed,26.06,2023-12-05 13:48:19
1267,128736,221,Wrong Item,Approved,1792.44,2023-12-06 11:48:19
1268,128737,247,Not as Described,Completed,359.92,2023-12-09 16:48:19
1269,128738,272,Wrong Item,Completed,9.62,2023-12-07 12:48:19
1270,128860,284,Wrong Item,Completed,1262.31,2023-09-23 15:06:43
1271,128861,270,Not as Described,Approved,1638.45,2023-09-24 19:06:43
1272,128862,289,Not as Described,Completed,102.84,2023-09-27 15:06:43
1273,128919,296,Buyer Remorse,Completed,475.17,2024-07-16 16:19:44
1274,128920,227,Wrong Item,Completed,3.22,2024-07-17 14:19:44
1275,128921,286,Buyer Remorse,Approved,26.21,2024-07-14 15:19:44
1276,128922,292,Not as Described,Completed,3386.86,2024-07-16 10:19:44
1277,128923,252,Size Mismatch,Completed,201.37,2024-07-13 16:19:44
1278,128924,272,Defective,Completed,574.49,2024-07-13 12:19:44
1279,129088,231,Not as Described,Completed,679.48,2025-10-15 21:49:18
1280,129089,220,Buyer Remorse,Completed,38.54,2025-10-15 17:49:18
1281,129091,224,Defective,Completed,97.6,2025-10-14 18:49:18
1282,129092,265,Size Mismatch,Completed,205.98,2025-10-15 00:49:18
1283,129093,227,Wrong Item,Completed,593.31,2025-10-16 23:49:18
1284,129115,250,Wrong Item,Completed,259.25,2024-04-17 17:50:44
1285,129116,212,Wrong Item,Completed,107.24,2024-04-14 15:50:44
1286,129117,236,Size Mismatch,Completed,37.61,2024-04-16 19:50:44
1287,129118,283,Not as Described,Completed,2901.61,2024-04-17 20:50:44
1288,129119,268,Size Mismatch,Completed,3078.19,2024-04-16 18:50:44
1289,129918,230,Wrong Item,Completed,44.24,2024-12-26 10:06:49
1290,129919,300,Defective,Completed,94.07,2024-12-25 16:06:49
1291,129922,244,Wrong Item,Completed,297.59,2024-12-26 09:06:49
1292,131071,281,Not as Described,Completed,1864.41,2025-01-28 20:57:36
1293,131072,299,Wrong Item,Completed,3478.98,2025-01-31 21:57:36
1294,131412,226,Size Mismatch,Completed,10.74,2026-06-17 15:15:04
1295,131413,218,Wrong Item,Completed,26.39,2026-06-17 14:15:04
1296,131708,227,Not as Described,Completed,82.39,2023-12-23 05:17:26
1297,131709,288,Buyer Remorse,Completed,1179.14,2023-12-24 09:17:26
1298,131769,209,Not as Described,Inspected,24.82,2025-05-27 12:22:04
1299,131770,234,Wrong Item,Inspected,570.09,2025-05-26 20:22:04
1300,131772,292,Wrong Item,Completed,299.16,2025-05-26 13:22:04
1301,131773,226,Wrong Item,Completed,1556.94,2025-05-28 16:22:04
1302,131928,269,Buyer Remorse,Completed,4880.43,2026-02-22 13:04:06
1303,131930,247,Size Mismatch,Approved,308.24,2026-02-20 11:04:06
1304,131931,278,Not as Described,Completed,1320.0,2026-02-24 11:04:06
1305,131932,208,Not as Described,Completed,281.01,2026-02-20 12:04:06
1306,132265,236,Buyer Remorse,Completed,215.45,2023-12-27 17:13:53
1307,132266,221,Buyer Remorse,Completed,191.81,2023-12-25 15:13:53
1308,132363,258,Size Mismatch,Completed,564.42,2026-07-03 15:09:24
1309,132364,220,Wrong Item,Approved,1146.1,2026-07-02 20:09:24
1310,132451,251,Wrong Item,Completed,3011.36,2024-08-26 13:46:14
1311,132452,231,Not as Described,Approved,67.35,2024-08-26 20:46:14
1312,132453,222,Not as Described,Completed,205.63,2024-08-28 16:46:14
1313,132454,258,Not as Described,Completed,1392.66,2024-08-28 19:46:14
1314,132455,223,Wrong Item,Completed,66.83,2024-08-26 20:46:14
1315,132456,237,Size Mismatch,Approved,162.59,2024-08-28 13:46:14
1316,132608,295,Defective,Completed,34.44,2025-08-05 16:02:08
1317,132731,209,Buyer Remorse,Completed,89.88,2024-10-11 16:18:55
1318,132732,231,Defective,Completed,1877.87,2024-10-10 14:18:55
1319,132982,249,Wrong Item,Completed,229.42,2023-05-11 22:38:27
1320,132983,294,Defective,Completed,104.0,2023-05-11 22:38:27
1321,132984,268,Buyer Remorse,Approved,930.66,2023-05-12 15:38:27
1322,132985,281,Not as Described,Approved,1147.64,2023-05-09 15:38:27
1323,132986,217,Defective,Completed,1275.13,2023-05-10 14:38:27
1324,132987,279,Buyer Remorse,Completed,37.12,2023-05-08 17:38:27
1325,133061,234,Not as Described,Completed,625.13,2024-12-03 14:01:41
1326,133062,272,Buyer Remorse,Completed,77.74,2024-11-29 14:01:41
1327,133063,280,Wrong Item,Completed,542.54,2024-11-29 13:01:41
1328,133064,254,Size Mismatch,Approved,24.33,2024-11-30 20:01:41
1329,133065,266,Size Mismatch,Completed,29.61,2024-12-03 15:01:41
1330,133066,214,Defective,Completed,269.44,2024-12-03 18:01:41
1331,133364,232,Buyer Remorse,Completed,98.47,2025-01-07 02:59:44
1332,133365,263,Not as Described,Completed,253.94,2025-01-08 21:59:44
1333,133366,234,Wrong Item,Completed,23.46,2025-01-10 22:59:44
1334,133367,201,Defective,Completed,735.87,2025-01-10 01:59:44
1335,133368,282,Not as Described,Completed,134.8,2025-01-06 20:59:44
1336,133369,226,Wrong Item,Approved,1335.24,2025-01-10 01:59:44
1337,133887,217,Wrong Item,Completed,349.8,2023-12-21 16:58:03
1338,134249,217,Size Mismatch,Completed,415.57,2024-07-30 14:36:54
1339,134250,282,Wrong Item,Approved,20.6,2024-07-31 18:36:54
1340,134253,218,Size Mismatch,Completed,1794.33,2024-08-02 18:36:54
1341,134254,249,Not as Described,Completed,124.37,2024-08-01 16:36:54
1342,135015,300,Size Mismatch,Approved,133.0,2023-06-08 18:12:07
1343,135144,281,Wrong Item,Completed,342.3,2024-12-19 22:47:52
1344,135145,290,Wrong Item,Completed,23.5,2024-12-20 05:47:52
1345,135146,256,Wrong Item,Completed,299.28,2024-12-18 03:47:52
1346,135147,242,Not as Described,Approved,547.98,2024-12-19 21:47:52
1347,135148,267,Buyer Remorse,Completed,1233.12,2024-12-21 22:47:52
1348,135246,272,Size Mismatch,Completed,1120.26,2026-04-08 02:08:11
1349,135247,264,Not as Described,Approved,966.1,2026-04-07 19:08:11
1350,135248,280,Not as Described,Approved,3970.98,2026-04-05 19:08:11
1351,135261,217,Buyer Remorse,Completed,254.95,2025-06-26 19:59:00
1352,135264,211,Buyer Remorse,Completed,42.02,2025-06-23 11:59:00
1353,135265,251,Defective,Completed,10.46,2025-06-26 17:59:00
1354,135266,238,Buyer Remorse,Completed,2168.93,2025-06-25 15:59:00
1355,135854,267,Defective,Completed,75.86,2023-07-27 10:03:54
1356,135855,286,Size Mismatch,Approved,627.22,2023-07-28 15:03:54
1357,135857,202,Size Mismatch,Approved,137.96,2023-07-24 11:03:54
1358,135858,278,Buyer Remorse,Completed,15.56,2023-07-26 09:03:54
1359,135859,251,Defective,Completed,311.81,2023-07-26 09:03:54
1360,136121,281,Defective,Completed,1849.5,2026-04-25 17:39:17
1361,136123,293,Defective,Approved,54.18,2026-04-25 16:39:17
1362,136126,282,Size Mismatch,Completed,276.86,2026-04-24 16:39:17
1363,136355,211,Defective,Completed,22.83,2024-09-12 14:49:42
1364,136356,292,Not as Described,Completed,1122.05,2024-09-11 15:49:42
1365,136357,270,Size Mismatch,Completed,489.21,2024-09-12 12:49:42
1366,136358,206,Buyer Remorse,Completed,261.04,2024-09-12 12:49:42
1367,136359,260,Size Mismatch,Completed,127.52,2024-09-11 15:49:42
1368,136360,243,Defective,Completed,42.5,2024-09-10 18:49:42
1369,136485,246,Defective,Inspected,524.7,2023-03-15 02:18:13
1370,136486,222,Size Mismatch,Completed,78.69,2023-03-10 21:18:13
1371,136488,300,Defective,Completed,61.53,2023-03-14 23:18:13
1372,136489,221,Defective,Approved,338.82,2023-03-11 01:18:13
1373,136977,204,Not as Described,Completed,151.03,2025-04-07 22:35:48
1374,136978,246,Buyer Remorse,Approved,458.18,2025-04-11 00:35:48
1375,137378,201,Defective,Completed,9.54,2025-09-21 02:43:02
1376,137379,242,Wrong Item,Approved,3170.72,2025-09-22 04:43:02
1377,137385,200,Buyer Remorse,Completed,219.32,2023-06-11 18:11:20
1378,137386,213,Size Mismatch,Completed,158.22,2023-06-10 22:11:20
1379,137387,241,Size Mismatch,Approved,504.37,2023-06-10 16:11:20
1380,137388,237,Buyer Remorse,Completed,132.29,2023-06-11 23:11:20
1381,137389,286,Defective,Completed,116.18,2023-06-08 19:11:20
1382,137643,206,Not as Described,Approved,17.19,2025-02-26 14:00:57
1383,137644,221,Size Mismatch,Approved,431.7,2025-02-26 22:00:57
1384,137645,286,Size Mismatch,Completed,542.36,2025-02-28 19:00:57
1385,137646,243,Size Mismatch,Completed,46.08,2025-03-01 21:00:57
1386,138540,207,Buyer Remorse,Approved,103.28,2023-04-11 12:41:14
1387,138541,209,Wrong Item,Approved,2818.28,2023-04-08 15:41:14
1388,138908,220,Size Mismatch,Completed,189.84,2023-07-18 18:24:59
1389,138909,220,Wrong Item,Completed,1037.63,2023-07-19 20:24:59
1390,138910,272,Defective,Completed,148.82,2023-07-20 17:24:59
1391,138911,237,Not as Described,Completed,1749.3,2023-07-16 21:24:59
1392,138952,284,Size Mismatch,Completed,22.36,2025-01-20 07:18:32
1393,138953,213,Defective,Completed,1945.5,2025-01-16 11:18:32
1394,139146,206,Defective,Completed,76.36,2024-12-19 13:18:24
1395,139147,300,Defective,Completed,10.25,2024-12-19 13:18:24
1396,139646,213,Wrong Item,Approved,225.77,2025-03-05 14:36:15
1397,139647,211,Not as Described,Completed,5869.29,2025-03-06 15:36:15
1398,140222,293,Defective,Completed,1097.15,2024-06-11 16:07:39
1399,140223,245,Wrong Item,Completed,497.9,2024-06-12 15:07:39
1400,140224,206,Defective,Approved,8.39,2024-06-10 14:07:39
1401,140226,204,Not as Described,Approved,286.29,2024-06-12 21:07:39
1402,140227,201,Not as Described,Completed,551.85,2024-06-11 14:07:39
1403,140632,256,Size Mismatch,Completed,242.26,2024-12-10 04:36:15
1404,140633,204,Wrong Item,Completed,98.09,2024-12-08 22:36:15
1405,140870,253,Buyer Remorse,Completed,577.58,2025-08-02 19:23:50
1406,142708,292,Defective,Completed,1938.25,2026-07-05 00:41:22
1407,142709,224,Buyer Remorse,Completed,5590.56,2026-07-02 19:41:22
1408,142710,241,Buyer Remorse,Completed,195.26,2026-07-07 00:41:22
1409,142711,229,Not as Described,Completed,41.3,2026-07-05 16:41:22
1410,142712,290,Not as Described,Completed,220.78,2026-07-02 22:41:22
1411,142746,247,Buyer Remorse,Completed,91.32,2025-12-28 20:33:54
1412,142747,271,Size Mismatch,Approved,32.97,2025-12-29 02:33:54
1413,142748,289,Wrong Item,Approved,183.39,2025-12-31 01:33:54
1414,142804,216,Not as Described,Completed,207.38,2024-08-04 09:01:45
1415,142805,269,Not as Described,Completed,240.29,2024-08-05 12:01:45
1416,142807,282,Defective,Completed,37.76,2024-08-05 08:01:45
1417,142808,220,Not as Described,Completed,143.68,2024-08-02 07:01:45
1418,142912,230,Size Mismatch,Completed,142.83,2025-11-03 16:31:14
1419,142913,293,Buyer Remorse,Completed,34.21,2025-11-01 16:31:14
1420,142914,246,Defective,Completed,242.3,2025-11-03 20:31:14
1421,142986,225,Size Mismatch,Completed,291.56,2023-12-30 11:15:50
1422,142988,244,Buyer Remorse,Completed,159.41,2023-12-28 13:15:50
1423,143259,252,Size Mismatch,Completed,3289.57,2024-06-16 15:32:54
1424,143380,256,Size Mismatch,Approved,287.43,2024-11-25 17:09:51
1425,143869,214,Buyer Remorse,Approved,850.74,2023-12-01 15:57:30
1426,143870,223,Wrong Item,Approved,608.22,2023-12-04 18:57:30
1427,143938,264,Not as Described,Completed,1420.8,2023-11-30 03:05:38
1428,143940,200,Not as Described,Inspected,873.84,2023-12-01 05:05:38
1429,143941,281,Defective,Completed,154.75,2023-11-29 11:05:38
1430,143942,214,Defective,Approved,141.82,2023-11-30 10:05:38
1431,143943,294,Defective,Completed,599.02,2023-12-03 05:05:38
1432,144362,290,Defective,Completed,273.15,2024-05-23 16:27:40
1433,144537,285,Wrong Item,Completed,272.3,2025-12-20 13:24:26
1434,144540,201,Wrong Item,Approved,207.08,2025-12-19 12:24:26
1435,144541,216,Not as Described,Completed,880.56,2025-12-23 14:24:26
1436,144705,240,Wrong Item,Completed,67.84,2026-05-11 15:25:35
1437,144706,250,Wrong Item,Completed,184.74,2026-05-09 18:25:35
1438,144863,257,Not as Described,Completed,174.69,2023-12-27 21:37:56
1439,144865,218,Buyer Remorse,Completed,824.66,2023-12-27 21:37:56
1440,144866,253,Wrong Item,Completed,1141.06,2023-12-29 22:37:56
1441,145072,237,Defective,Completed,484.16,2025-08-28 04:06:45
1442,145073,274,Wrong Item,Completed,12.23,2025-08-30 09:06:45
1443,145075,290,Defective,Completed,64.24,2025-08-30 06:06:45
1444,145149,231,Defective,Completed,641.46,2024-12-01 14:27:33
1445,145150,203,Defective,Completed,312.15,2024-12-03 22:27:33
1446,145412,294,Defective,Completed,197.27,2025-07-30 01:36:35
1447,145413,218,Wrong Item,Completed,356.7,2025-07-30 22:36:35
1448,146849,222,Wrong Item,Completed,2066.24,2026-06-24 00:43:52
1449,146850,254,Size Mismatch,Approved,55.5,2026-06-21 21:43:52
1450,146931,271,Defective,Completed,3576.44,2026-01-31 21:33:03
1451,146933,300,Not as Described,Completed,508.64,2026-01-31 16:33:03
1452,146934,260,Wrong Item,Inspected,5021.37,2026-01-31 20:33:03
1453,147424,258,Defective,Completed,41.39,2025-09-03 21:41:09
1454,147527,254,Wrong Item,Completed,653.1,2024-02-19 06:54:48
1455,147533,266,Size Mismatch,Completed,16.76,2024-04-13 17:12:29
1456,147534,246,Buyer Remorse,Completed,101.15,2024-04-11 20:12:29
1457,147535,251,Buyer Remorse,Completed,26.38,2024-04-11 20:12:29
1458,147763,230,Not as Described,Completed,39.64,2025-11-29 17:17:19
1459,147765,233,Not as Described,Completed,77.73,2025-11-28 16:17:19
1460,147993,262,Not as Described,Completed,83.36,2023-01-07 05:52:55
1461,148103,216,Size Mismatch,Completed,42.1,2026-02-01 03:26:02
1462,148144,269,Wrong Item,Inspected,248.04,2024-07-10 10:48:53
1463,148145,200,Defective,Approved,9.98,2024-07-11 14:48:53
1464,148146,295,Size Mismatch,Completed,1034.38,2024-07-11 10:48:53
1465,148147,288,Buyer Remorse,Completed,11.86,2024-07-10 10:48:53
1466,148148,289,Wrong Item,Completed,183.57,2024-07-10 17:48:53
1467,148149,233,Not as Described,Approved,246.43,2024-07-07 15:48:53
1468,148166,280,Not as Described,Completed,134.67,2023-06-14 15:48:38
1469,148167,278,Buyer Remorse,Completed,22.74,2023-06-10 10:48:38
1470,148314,253,Not as Described,Completed,128.81,2024-06-13 14:23:52
1471,148315,290,Size Mismatch,Completed,244.32,2024-06-12 13:23:52
1472,148316,245,Defective,Completed,54.46,2024-06-13 14:23:52
1473,148388,290,Size Mismatch,Approved,70.88,2025-12-06 23:45:35
1474,148389,232,Size Mismatch,Completed,1450.77,2025-12-09 00:45:35
1475,148390,239,Buyer Remorse,Completed,34.37,2025-12-08 18:45:35
1476,148634,277,Size Mismatch,Completed,994.29,2024-06-02 17:06:22
1477,148636,239,Not as Described,Approved,110.66,2024-06-02 14:06:22
1478,148637,276,Not as Described,Completed,5621.31,2024-05-30 19:06:22
1479,148639,271,Defective,Completed,63.49,2024-05-30 16:06:22
1480,149628,270,Buyer Remorse,Inspected,68.63,2025-07-06 22:38:36
1481,149629,267,Size Mismatch,Completed,423.86,2025-07-09 23:38:36
1482,149683,295,Size Mismatch,Approved,78.56,2025-03-24 23:16:21
1483,149684,215,Defective,Completed,3316.7,2025-03-23 00:16:21
1484,149685,206,Buyer Remorse,Completed,180.09,2025-03-25 21:16:21
1485,149686,234,Wrong Item,Completed,88.86,2025-03-22 23:16:21
1486,149687,264,Not as Described,Completed,114.28,2025-03-22 17:16:21
1487,149986,231,Size Mismatch,Completed,717.49,2023-06-25 09:32:44
1488,149987,262,Defective,Completed,164.86,2023-06-27 11:32:44
1489,149988,298,Size Mismatch,Completed,1283.29,2023-06-26 11:32:44
1490,149989,274,Wrong Item,Completed,19.82,2023-06-29 05:32:44
1491,150410,228,Buyer Remorse,Completed,174.58,2023-12-22 10:13:14
1492,150411,293,Wrong Item,Inspected,756.34,2023-12-25 12:13:14
1493,150412,233,Defective,Approved,70.54,2023-12-23 10:13:14
1494,150918,214,Defective,Completed,106.52,2025-01-19 10:03:07
1495,150919,215,Buyer Remorse,Completed,1872.8,2025-01-17 18:03:07
1496,150921,271,Wrong Item,Completed,1063.24,2025-01-17 14:03:07
1497,150922,223,Buyer Remorse,Completed,364.45,2025-01-18 16:03:07
1498,151064,275,Buyer Remorse,Completed,46.45,2026-03-15 15:33:40
1499,151065,259,Buyer Remorse,Completed,446.2,2026-03-15 12:33:40
1500,151066,272,Defective,Completed,200.61,2026-03-11 18:33:40
1501,151067,230,Buyer Remorse,Completed,24.48,2026-03-15 13:33:40
1502,151263,214,Buyer Remorse,Completed,90.7,2023-12-26 18:43:22
1503,151264,248,Wrong Item,Completed,571.66,2023-12-26 13:43:22
1504,151265,283,Wrong Item,Completed,1417.11,2023-12-26 17:43:22
1505,151266,225,Size Mismatch,Completed,1564.4,2023-12-24 12:43:22
1506,151267,206,Buyer Remorse,Completed,165.82,2023-12-23 16:43:22
1507,151585,267,Not as Described,Completed,407.55,2024-12-07 23:49:21
1508,151587,272,Wrong Item,Completed,37.56,2024-12-06 16:49:21
1509,151588,252,Not as Described,Completed,385.92,2024-12-07 22:49:21
1510,152057,254,Defective,Completed,378.2,2023-09-29 13:32:50
1511,152058,265,Buyer Remorse,Completed,186.89,2023-09-29 06:32:50
1512,152059,254,Defective,Completed,222.9,2023-10-02 09:32:50
1513,152061,298,Size Mismatch,Completed,42.39,2023-10-01 10:32:50
1514,152097,263,Defective,Completed,553.62,2026-04-25 16:21:14
1515,152098,275,Not as Described,Completed,915.36,2026-04-24 14:21:14
1516,152321,281,Size Mismatch,Completed,37.35,2026-03-29 23:30:36
1517,152322,271,Wrong Item,Approved,104.51,2026-03-31 19:30:36
1518,152323,235,Wrong Item,Completed,40.88,2026-03-30 00:30:36
1519,152513,252,Size Mismatch,Completed,40.51,2024-07-30 06:33:42
1520,152514,221,Size Mismatch,Completed,128.01,2024-07-30 09:33:42
1521,152515,206,Size Mismatch,Completed,393.01,2024-07-27 09:33:42
1522,152621,295,Buyer Remorse,Completed,178.65,2025-12-25 12:04:49
1523,153283,287,Buyer Remorse,Completed,26.8,2025-03-23 08:11:00
1524,153284,252,Not as Described,Completed,1220.74,2025-03-22 06:11:00
1525,153285,273,Buyer Remorse,Completed,65.99,2025-03-24 07:11:00
1526,153393,203,Defective,Approved,803.14,2024-11-10 21:50:31
1527,153394,251,Size Mismatch,Completed,126.38,2024-11-09 14:50:31
1528,153395,266,Defective,Completed,150.32,2024-11-10 17:50:31
1529,153397,249,Defective,Approved,13.4,2024-11-09 17:50:31
1530,154170,202,Size Mismatch,Approved,1335.15,2024-01-20 18:58:05
1531,154171,249,Buyer Remorse,Completed,52.3,2024-01-20 14:58:05
1532,154174,271,Defective,Completed,507.8,2024-01-18 16:58:05
1533,155033,203,Not as Described,Completed,63.3,2024-12-12 21:47:13
1534,155485,205,Defective,Approved,758.47,2025-01-02 04:25:32
1535,155486,267,Size Mismatch,Completed,47.02,2025-01-01 05:25:32
1536,155487,229,Size Mismatch,Completed,276.26,2024-12-30 08:25:32
1537,155775,223,Not as Described,Completed,484.86,2026-04-02 07:03:09
1538,156028,263,Size Mismatch,Completed,561.04,2025-12-29 13:46:35
1539,156030,249,Buyer Remorse,Completed,2077.8,2025-12-28 20:46:35
1540,156031,274,Wrong Item,Completed,96.9,2025-12-30 18:46:35
1541,156064,230,Not as Described,Completed,42.85,2026-06-29 16:19:49
1542,156066,262,Not as Described,Completed,195.24,2026-06-28 16:19:49
1543,156067,231,Size Mismatch,Completed,864.87,2026-06-27 20:19:49
1544,156219,231,Buyer Remorse,Completed,2352.83,2023-12-28 03:01:04
1545,156263,248,Buyer Remorse,Completed,41.2,2024-07-30 18:26:10
1546,156264,292,Wrong Item,Completed,17.83,2024-07-30 20:26:10
1547,156310,242,Size Mismatch,Completed,222.34,2025-05-05 12:00:11
1548,156311,267,Buyer Remorse,Completed,391.05,2025-05-05 10:00:11
1549,156312,239,Defective,Completed,179.08,2025-05-08 12:00:11
1550,156313,268,Buyer Remorse,Approved,118.63,2025-05-06 10:00:11
1551,156314,202,Defective,Completed,105.08,2025-05-07 13:00:11
1552,156738,230,Wrong Item,Completed,989.4,2025-12-07 09:41:05
1553,156739,266,Not as Described,Completed,122.29,2025-12-08 02:41:05
1554,156740,260,Size Mismatch,Completed,219.42,2025-12-05 10:41:05
1555,156741,296,Defective,Completed,272.04,2025-12-06 04:41:05
1556,156742,261,Size Mismatch,Completed,1566.7,2025-12-07 03:41:05
1557,156855,222,Buyer Remorse,Completed,252.1,2025-07-05 10:44:43
1558,156856,208,Not as Described,Completed,161.46,2025-07-03 14:44:43
1559,157328,259,Buyer Remorse,Approved,87.01,2023-12-22 06:00:13
1560,157329,242,Wrong Item,Approved,77.12,2023-12-25 11:00:13
1561,157738,223,Size Mismatch,Completed,49.42,2023-11-22 11:38:38
1562,157739,260,Not as Described,Completed,699.36,2023-11-21 09:38:38
1563,157951,221,Buyer Remorse,Completed,107.76,2024-09-01 17:31:35
1564,157952,204,Buyer Remorse,Approved,577.01,2024-08-30 14:31:35
1565,157953,281,Defective,Completed,158.9,2024-08-28 14:31:35
1566,158443,244,Not as Described,Completed,674.88,2025-12-29 22:16:47
1567,158444,266,Not as Described,Completed,135.27,2025-12-28 23:16:47
1568,158445,211,Wrong Item,Completed,614.86,2025-12-29 03:16:47
1569,158534,247,Wrong Item,Approved,33.08,2023-01-30 08:05:18
1570,158536,200,Not as Described,Completed,143.8,2023-01-31 02:05:18
1571,158537,284,Size Mismatch,Completed,98.09,2023-01-30 04:05:18
1572,158538,224,Defective,Completed,222.57,2023-02-01 06:05:18
1573,158539,277,Not as Described,Approved,11.51,2023-02-01 00:05:18
1574,158665,237,Buyer Remorse,Completed,7.72,2023-11-27 12:19:41
1575,158666,263,Defective,Completed,49.83,2023-11-28 08:19:41
1576,158690,203,Not as Described,Completed,319.74,2023-03-24 19:42:03
1577,158691,209,Not as Described,Completed,1536.54,2023-03-24 14:42:03
1578,158692,212,Defective,Completed,104.05,2023-03-25 15:42:03
1579,158857,255,Defective,Completed,1802.1,2025-10-18 17:55:21
1580,158858,215,Wrong Item,Completed,646.92,2025-10-17 17:55:21
1581,159217,217,Defective,Completed,605.14,2026-01-22 21:29:16
1582,159218,242,Not as Described,Completed,290.64,2026-01-19 15:29:16
1583,159219,257,Size Mismatch,Completed,19.29,2026-01-19 23:29:16
1584,159349,203,Not as Described,Completed,3727.04,2024-09-21 14:50:55
1585,159491,293,Wrong Item,Completed,595.79,2024-05-13 02:48:26
1586,159493,229,Not as Described,Completed,258.57,2024-05-14 00:48:26
1587,159985,220,Not as Described,Completed,1282.51,2026-04-11 06:13:28
1588,159998,222,Buyer Remorse,Completed,840.88,2025-08-02 14:55:22
1589,159999,300,Wrong Item,Completed,293.87,2025-07-31 09:55:22
1590,160001,249,Not as Described,Completed,373.02,2025-08-02 14:55:22
1591,160002,280,Buyer Remorse,Completed,198.23,2025-07-31 13:55:22
1592,160158,275,Not as Described,Approved,68.31,2023-08-25 10:13:07
1593,160159,277,Wrong Item,Completed,974.73,2023-08-25 12:13:07
1594,160160,270,Not as Described,Completed,90.19,2023-08-27 08:13:07
1595,160161,265,Wrong Item,Completed,80.15,2023-08-24 10:13:07
1596,160774,240,Not as Described,Completed,711.41,2025-06-24 09:05:07
1597,160775,244,Wrong Item,Completed,280.1,2025-06-27 08:05:07
1598,161093,222,Not as Described,Approved,199.49,2024-12-22 06:03:42
1599,161094,263,Size Mismatch,Approved,645.87,2024-12-20 04:03:42
1600,161095,300,Not as Described,Completed,1704.12,2024-12-20 02:03:42
1601,161096,279,Buyer Remorse,Completed,27.48,2024-12-19 04:03:42
1602,161097,257,Not as Described,Completed,283.49,2024-12-18 06:03:42
1603,161165,219,Buyer Remorse,Completed,146.93,2025-07-18 00:21:43
1604,161167,247,Defective,Completed,100.42,2025-07-16 04:21:43
1605,161434,221,Not as Described,Completed,81.93,2025-08-12 14:34:47
1606,161435,257,Size Mismatch,Completed,52.12,2025-08-09 11:34:47
1607,161706,246,Defective,Completed,36.98,2024-12-27 00:27:39
1608,161707,271,Defective,Completed,33.95,2024-12-28 20:27:39
1609,161711,240,Not as Described,Completed,396.38,2026-03-10 07:47:31
1610,161712,278,Wrong Item,Completed,5602.92,2026-03-08 08:47:31
1611,161713,204,Wrong Item,Completed,46.47,2026-03-09 09:47:31
1612,161714,233,Not as Described,Completed,388.68,2026-03-11 09:47:31
1613,161715,280,Wrong Item,Completed,347.85,2025-12-20 21:04:18
1614,161716,232,Buyer Remorse,Approved,228.3,2025-12-20 21:04:18
1615,161718,221,Not as Described,Completed,77.97,2025-12-19 21:04:18
1616,161719,270,Defective,Completed,891.04,2025-12-20 18:04:18
1617,161720,278,Buyer Remorse,Completed,18.69,2025-12-17 22:04:18
1618,161758,211,Not as Described,Completed,213.33,2025-03-14 19:05:45
1619,161759,268,Not as Described,Completed,1842.84,2025-03-18 16:05:45
1620,161760,282,Buyer Remorse,Completed,2186.34,2025-03-15 17:05:45
1621,161761,280,Size Mismatch,Inspected,311.88,2025-03-18 16:05:45
1622,161762,283,Size Mismatch,Approved,532.08,2025-03-16 11:05:45
1623,161779,252,Size Mismatch,Completed,212.46,2026-06-12 02:58:29
1624,162092,221,Size Mismatch,Completed,88.28,2024-03-10 13:13:38
1625,162343,292,Defective,Completed,1858.39,2024-08-31 16:03:36
1626,162344,226,Defective,Completed,17.73,2024-08-28 17:03:36
1627,162345,231,Not as Described,Completed,751.03,2024-08-29 09:03:36
1628,162346,261,Not as Described,Completed,89.07,2024-08-29 13:03:36
1629,162729,220,Wrong Item,Completed,60.69,2024-12-27 11:16:54
1630,162731,237,Not as Described,Completed,243.86,2024-12-27 11:16:54
1631,162732,258,Not as Described,Inspected,80.77,2024-12-26 15:16:54
1632,162733,274,Defective,Completed,20.84,2024-12-30 16:16:54
1633,163040,200,Wrong Item,Completed,397.96,2024-12-16 21:37:37
1634,163570,215,Size Mismatch,Approved,30.84,2025-11-18 12:59:26
1635,163573,268,Defective,Approved,607.47,2025-11-14 10:59:26
1636,163767,245,Size Mismatch,Completed,525.61,2023-02-02 10:46:38
1637,163768,298,Defective,Completed,98.28,2023-02-05 16:46:38
1638,163769,231,Size Mismatch,Completed,275.1,2023-02-06 15:46:38
1639,163770,284,Defective,Completed,1191.58,2023-02-04 15:46:38
1640,163771,205,Wrong Item,Completed,104.58,2023-02-06 08:46:38
1641,163821,238,Wrong Item,Completed,172.74,2024-06-28 00:12:50
1642,163822,247,Wrong Item,Approved,156.82,2024-06-23 22:12:50
1643,163824,295,Wrong Item,Completed,824.47,2024-06-25 20:12:50
1644,163825,214,Wrong Item,Completed,2.48,2024-06-24 20:12:50
1645,163826,276,Defective,Completed,4595.36,2024-06-24 23:12:50
1646,164000,258,Size Mismatch,Completed,1085.86,2025-01-01 22:23:01
1647,164001,219,Not as Described,Completed,110.11,2025-01-05 16:23:01
1648,164002,279,Not as Described,Completed,1312.56,2025-01-03 20:23:01
1649,164003,282,Size Mismatch,Completed,674.9,2025-01-05 15:23:01
1650,164004,265,Wrong Item,Completed,190.6,2025-01-01 23:23:01
1651,164880,300,Size Mismatch,Inspected,26.59,2024-03-26 02:58:50
1652,164881,298,Not as Described,Completed,814.1,2024-03-26 02:58:50
1653,164882,217,Defective,Completed,473.95,2024-03-28 02:58:50
1654,164883,219,Defective,Approved,52.59,2024-03-25 21:58:50
1655,164884,273,Buyer Remorse,Approved,79.16,2024-03-25 23:58:50
1656,165319,283,Not as Described,Completed,13.64,2026-06-01 11:59:13
1657,165320,264,Size Mismatch,Completed,1041.33,2026-05-31 08:59:13
1658,165321,260,Size Mismatch,Completed,22.5,2026-05-30 12:59:13
1659,165322,227,Buyer Remorse,Completed,60.68,2026-06-02 06:59:13
1660,165323,250,Defective,Completed,67.14,2026-05-29 11:59:13
1661,165827,213,Not as Described,Completed,202.4,2025-03-24 16:19:06
1662,165916,295,Wrong Item,Completed,3745.6,2023-06-04 10:09:38
1663,165917,255,Defective,Completed,797.84,2023-06-06 16:09:38
1664,165918,210,Buyer Remorse,Completed,69.58,2023-06-04 14:09:38
1665,166444,270,Not as Described,Completed,201.46,2025-10-19 10:56:00
1666,166446,208,Wrong Item,Completed,120.06,2025-10-18 09:56:00
1667,166447,232,Size Mismatch,Completed,51.89,2025-10-19 12:56:00
1668,166448,201,Wrong Item,Approved,43.5,2025-10-17 13:56:00
1669,166449,288,Size Mismatch,Approved,70.24,2025-10-18 07:56:00
1670,166488,277,Size Mismatch,Completed,582.4,2023-01-08 20:13:46
1671,167031,211,Buyer Remorse,Completed,269.83,2024-09-29 13:11:41
1672,167032,297,Size Mismatch,Completed,29.18,2024-09-29 10:11:41
1673,167523,262,Size Mismatch,Completed,129.28,2024-08-22 15:22:51
1674,167809,296,Buyer Remorse,Completed,180.58,2026-02-24 15:46:53
1675,167810,237,Defective,Completed,314.48,2026-02-22 17:46:53
1676,167811,246,Size Mismatch,Completed,17.28,2026-02-24 16:46:53
1677,167812,204,Size Mismatch,Approved,19.16,2026-02-24 14:46:53
1678,167814,265,Buyer Remorse,Inspected,1139.16,2026-02-20 19:46:53
1679,167959,273,Not as Described,Completed,1325.85,2026-03-06 18:56:12
1680,167960,263,Size Mismatch,Completed,131.98,2026-03-05 10:56:12
1681,169527,292,Size Mismatch,Completed,249.15,2026-04-24 06:33:32
1682,169528,246,Defective,Completed,118.92,2026-04-24 07:33:32
1683,169529,262,Defective,Approved,508.89,2026-04-25 07:33:32
1684,169647,244,Size Mismatch,Completed,111.0,2025-10-24 02:55:27
1685,169753,294,Not as Described,Completed,189.74,2026-01-21 13:54:05
1686,169754,276,Size Mismatch,Completed,3259.3,2026-01-21 12:54:05
1687,170983,289,Buyer Remorse,Completed,163.22,2024-10-28 01:41:42
1688,170984,229,Buyer Remorse,Approved,1383.26,2024-10-25 19:41:42
1689,170985,222,Size Mismatch,Completed,41.43,2024-10-28 18:41:42
1690,170986,218,Defective,Completed,21.8,2024-10-25 19:41:42
1691,170987,224,Size Mismatch,Completed,414.48,2024-10-27 22:41:42
1692,171408,215,Not as Described,Completed,89.28,2023-08-20 19:21:35
1693,171409,208,Buyer Remorse,Completed,1306.42,2023-08-20 23:21:35
1694,171410,242,Wrong Item,Completed,36.07,2023-08-19 16:21:35
1695,171412,284,Not as Described,Approved,78.26,2023-08-20 17:21:35
1696,171413,239,Size Mismatch,Completed,103.15,2023-08-22 22:21:35
1697,171518,290,Not as Described,Approved,193.8,2025-10-21 18:45:18
1698,171519,282,Size Mismatch,Completed,1063.24,2025-10-21 11:45:18
1699,171520,279,Wrong Item,Approved,92.1,2025-10-21 14:45:18
1700,171521,297,Size Mismatch,Approved,41.64,2025-10-20 14:45:18
1701,171522,245,Defective,Inspected,629.79,2025-10-22 17:45:18
1702,171527,257,Not as Described,Completed,1018.66,2025-09-19 16:33:18
1703,171528,220,Size Mismatch,Completed,1470.52,2025-09-18 17:33:18
1704,172248,288,Defective,Completed,58.06,2023-03-11 13:19:15
1705,172249,202,Size Mismatch,Completed,224.08,2023-03-09 15:19:15
1706,172597,253,Buyer Remorse,Inspected,151.98,2024-08-26 06:16:03
1707,172598,299,Not as Described,Completed,112.34,2024-08-24 06:16:03
1708,173058,238,Buyer Remorse,Completed,486.4,2023-01-25 13:48:41
1709,173194,253,Buyer Remorse,Completed,124.66,2025-01-02 04:16:11
1710,173195,282,Size Mismatch,Completed,11.82,2025-01-02 03:16:11
1711,173503,262,Defective,Completed,591.63,2025-08-02 21:19:23
1712,173674,212,Size Mismatch,Completed,203.46,2023-09-28 13:12:10
1713,173890,300,Not as Described,Completed,27.41,2025-03-24 22:06:17
1714,173891,299,Buyer Remorse,Completed,429.99,2025-03-25 15:06:17
1715,173892,270,Size Mismatch,Completed,108.96,2025-03-28 16:06:17
1716,173893,273,Not as Described,Approved,312.6,2025-03-28 21:06:17
1717,173894,258,Buyer Remorse,Completed,89.74,2025-03-26 21:06:17
1718,174112,201,Wrong Item,Completed,1184.47,2023-08-27 21:44:12
1719,174113,217,Size Mismatch,Inspected,431.5,2023-08-26 17:44:12
1720,174305,260,Wrong Item,Completed,93.3,2024-01-31 15:44:36
1721,174306,206,Buyer Remorse,Completed,255.63,2024-01-31 15:44:36
1722,174322,293,Not as Described,Completed,145.11,2023-02-13 12:43:52
1723,174323,262,Not as Described,Approved,258.48,2023-02-17 10:43:52
1724,174324,278,Buyer Remorse,Completed,55.38,2023-02-16 06:43:52
1725,174325,233,Wrong Item,Approved,87.42,2023-02-14 05:43:52
1726,174326,219,Wrong Item,Completed,414.48,2023-02-14 08:43:52
1727,174493,209,Buyer Remorse,Completed,309.12,2026-06-16 08:26:16
1728,174494,300,Not as Described,Completed,69.12,2026-06-13 07:26:16
1729,174575,292,Defective,Completed,964.56,2024-11-26 12:20:06
1730,174576,246,Buyer Remorse,Completed,139.17,2024-11-26 10:20:06
1731,174671,289,Not as Described,Completed,100.06,2024-04-05 17:51:30
1732,175030,297,Buyer Remorse,Completed,18.46,2023-03-25 04:26:09
1733,175031,202,Size Mismatch,Completed,229.9,2023-03-25 10:26:09
1734,175236,258,Not as Described,Completed,324.1,2024-04-27 14:51:06
1735,175454,277,Buyer Remorse,Completed,140.93,2025-07-13 02:57:11
1736,175455,299,Defective,Completed,50.49,2025-07-13 05:57:11
1737,175984,206,Defective,Completed,203.03,2026-03-01 12:05:48
1738,175985,231,Not as Described,Completed,672.84,2026-02-28 09:05:48
1739,175986,222,Wrong Item,Approved,1802.76,2026-03-01 15:05:48
1740,175999,201,Wrong Item,Approved,216.81,2024-11-27 14:55:55
1741,176000,291,Not as Described,Completed,79.38,2024-11-29 11:55:55
1742,176004,226,Buyer Remorse,Completed,176.62,2024-11-25 10:55:55
1743,176147,296,Defective,Completed,102.4,2024-02-17 19:06:14
1744,176148,259,Not as Described,Completed,1098.33,2024-02-18 19:06:14
1745,176149,224,Wrong Item,Completed,1137.15,2024-02-18 13:06:14
1746,176150,288,Size Mismatch,Completed,162.42,2024-02-15 13:06:14
1747,176387,226,Size Mismatch,Approved,87.58,2025-07-03 13:25:36
1748,176388,228,Size Mismatch,Completed,725.04,2025-07-07 17:25:36
1749,176389,290,Not as Described,Completed,97.52,2025-07-03 18:25:36
1750,176390,201,Size Mismatch,Completed,35.87,2025-07-03 17:25:36
1751,176391,278,Size Mismatch,Approved,23.57,2025-07-05 14:25:36
1752,176506,256,Not as Described,Completed,2984.04,2023-11-18 12:51:44
1753,176508,245,Defective,Completed,690.88,2023-11-19 16:51:44
1754,176509,225,Defective,Completed,89.42,2023-11-18 14:51:44
1755,176510,234,Wrong Item,Completed,188.12,2023-11-20 14:51:44
1756,176511,273,Buyer Remorse,Completed,117.93,2023-11-18 13:51:44
1757,176870,272,Buyer Remorse,Completed,246.51,2026-06-11 22:20:37
1758,176871,221,Buyer Remorse,Completed,884.5,2026-06-07 18:20:37
1759,176872,201,Not as Described,Completed,104.4,2026-06-08 15:20:37
1760,177138,260,Wrong Item,Completed,34.29,2025-01-31 03:28:39
1761,177139,218,Size Mismatch,Completed,4871.61,2025-02-02 02:28:39
1762,177140,293,Buyer Remorse,Approved,90.26,2025-02-01 04:28:39
1763,177320,264,Wrong Item,Inspected,365.56,2025-12-08 16:03:37
1764,177321,206,Defective,Completed,1920.38,2025-12-10 17:03:37
1765,177323,278,Not as Described,Completed,1960.38,2025-12-06 17:03:37
1766,177324,200,Buyer Remorse,Completed,77.92,2025-12-10 16:03:37
1767,177325,242,Defective,Completed,221.54,2025-12-07 19:03:37
1768,177357,250,Wrong Item,Completed,96.64,2023-05-16 16:00:12
1769,177359,208,Defective,Completed,82.59,2023-05-16 16:00:12
1770,177360,242,Wrong Item,Completed,62.76,2023-05-18 19:00:12
1771,177423,222,Not as Described,Approved,312.48,2026-01-01 14:47:26
1772,177425,214,Defective,Completed,842.42,2025-12-29 16:47:26
1773,177426,242,Size Mismatch,Completed,193.2,2025-12-30 14:47:26
1774,177427,261,Wrong Item,Completed,3897.1,2025-12-31 15:47:26
1775,177573,202,Size Mismatch,Completed,821.9,2024-12-30 16:24:25
1776,177574,296,Not as Described,Completed,126.63,2024-12-29 21:24:25
1777,177720,232,Defective,Completed,1537.68,2025-02-19 10:19:31
1778,177721,245,Buyer Remorse,Completed,38.57,2025-02-21 05:19:31
1779,177722,266,Wrong Item,Completed,189.58,2025-02-20 10:19:31
1780,177723,278,Defective,Completed,1991.46,2025-02-19 05:19:31
1781,177724,274,Size Mismatch,Completed,169.76,2025-02-23 06:19:31
1782,177725,274,Buyer Remorse,Inspected,1476.88,2025-02-22 04:19:31
1783,177752,258,Size Mismatch,Inspected,1325.85,2025-03-27 14:26:13
1784,177753,254,Wrong Item,Completed,440.8,2025-03-30 16:26:13
1785,177754,212,Defective,Completed,432.27,2025-03-29 17:26:13
1786,177755,299,Size Mismatch,Approved,488.62,2025-03-29 18:26:13
1787,177756,211,Size Mismatch,Completed,625.23,2025-03-27 18:26:13
1788,177757,213,Buyer Remorse,Completed,264.84,2025-03-26 13:26:13
1789,177789,288,Size Mismatch,Completed,3234.39,2025-02-28 16:06:44
1790,177790,274,Size Mismatch,Completed,194.82,2025-03-02 23:06:44
1791,178270,277,Not as Described,Completed,1254.27,2023-01-31 17:01:24
1792,178271,219,Wrong Item,Completed,621.24,2023-01-28 21:01:24
1793,178555,240,Size Mismatch,Approved,29.4,2025-12-03 13:33:03
1794,178556,217,Buyer Remorse,Completed,8.36,2025-12-01 12:33:03
1795,178557,262,Size Mismatch,Completed,44.64,2025-12-03 18:33:03
1796,178558,265,Buyer Remorse,Completed,4080.0,2025-12-04 12:33:03
1797,178677,231,Wrong Item,Completed,82.87,2025-11-25 14:27:16
1798,178678,238,Buyer Remorse,Completed,979.96,2025-11-29 09:27:16
1799,178679,259,Not as Described,Completed,1223.0,2025-11-25 09:27:16
1800,179435,262,Not as Described,Completed,1164.63,2026-04-30 12:18:30
1801,179436,284,Buyer Remorse,Completed,197.76,2026-04-29 15:18:30
1802,179437,222,Size Mismatch,Completed,81.84,2026-04-29 13:18:30
1803,179438,238,Wrong Item,Completed,3558.57,2026-04-26 16:18:30
1804,179439,266,Defective,Completed,29.63,2026-04-26 16:18:30
1805,179783,204,Wrong Item,Completed,1352.68,2025-05-26 01:30:05
1806,179784,281,Size Mismatch,Completed,864.87,2025-05-21 23:30:05
1807,179785,291,Buyer Remorse,Completed,19.99,2025-05-22 00:30:05
1808,179786,298,Buyer Remorse,Completed,110.16,2025-05-23 00:30:05
1809,180155,258,Size Mismatch,Completed,145.1,2025-12-29 15:09:54
1810,180156,257,Not as Described,Completed,294.89,2025-12-28 21:09:54
1811,180527,228,Buyer Remorse,Completed,934.24,2024-12-03 08:38:11
1812,180528,271,Not as Described,Completed,208.62,2024-12-04 07:38:11
1813,180529,211,Wrong Item,Completed,312.15,2024-12-01 06:38:11
1814,180530,226,Buyer Remorse,Completed,61.86,2024-12-04 08:38:11
1815,181232,225,Buyer Remorse,Completed,27.51,2025-12-05 16:43:10
1816,181233,233,Defective,Completed,122.05,2025-12-05 14:43:10
1817,181234,263,Size Mismatch,Completed,55.22,2025-12-04 15:43:10
1818,181235,270,Defective,Completed,81.3,2025-12-05 13:43:10
1819,181237,210,Wrong Item,Approved,113.46,2025-12-07 17:43:10
1820,182240,239,Wrong Item,Completed,1840.16,2025-07-14 13:47:59
1821,182241,207,Wrong Item,Completed,1161.63,2025-07-14 15:47:59
1822,182242,297,Defective,Completed,44.7,2025-07-11 07:47:59
1823,182922,217,Wrong Item,Completed,387.67,2024-07-13 07:59:21
1824,182924,259,Buyer Remorse,Inspected,1526.52,2024-07-15 13:59:21
1825,182926,294,Not as Described,Completed,93.63,2024-07-13 11:59:21
1826,182927,292,Not as Described,Completed,47.16,2024-07-14 08:59:21
1827,183112,234,Not as Described,Approved,26.52,2024-07-17 15:12:47
1828,183113,232,Size Mismatch,Completed,77.11,2024-07-17 11:12:47
1829,183116,267,Wrong Item,Completed,3263.08,2024-07-15 10:12:47
1830,183842,272,Buyer Remorse,Completed,227.9,2024-02-24 17:51:39
1831,183843,220,Not as Described,Approved,1222.98,2024-02-25 18:51:39
1832,183844,232,Not as Described,Approved,1529.62,2024-02-26 16:51:39
1833,183845,294,Size Mismatch,Completed,2149.2,2024-02-25 19:51:39
1834,183846,279,Not as Described,Completed,168.4,2024-02-26 11:51:39
1835,183847,234,Size Mismatch,Completed,41.46,2024-02-26 19:51:39
1836,183923,262,Not as Described,Completed,26.31,2024-12-05 11:43:21
1837,183924,240,Not as Described,Completed,42.66,2024-12-06 15:43:21
1838,183925,233,Defective,Completed,2000.28,2024-12-07 10:43:21
1839,184145,239,Defective,Completed,210.29,2023-12-02 02:06:07
1840,184349,240,Defective,Completed,149.1,2025-05-11 00:35:55
1841,184350,244,Wrong Item,Completed,77.05,2025-05-12 21:35:55
1842,184351,202,Size Mismatch,Approved,580.95,2025-05-10 20:35:55
1843,184353,254,Wrong Item,Approved,1647.72,2025-05-11 19:35:55
1844,184354,230,Buyer Remorse,Completed,42.53,2025-05-10 20:35:55
1845,184703,212,Not as Described,Completed,169.47,2024-12-16 15:47:20
1846,184705,258,Wrong Item,Approved,1916.53,2024-12-18 19:47:20
1847,184997,233,Defective,Approved,736.53,2025-12-04 16:51:51
1848,184998,209,Wrong Item,Completed,341.58,2025-12-04 19:51:51
1849,184999,273,Size Mismatch,Completed,2854.44,2025-12-06 11:51:51
1850,185053,223,Wrong Item,Approved,98.32,2023-10-11 21:45:00
1851,185054,226,Buyer Remorse,Completed,305.1,2023-10-10 19:45:00
1852,185151,245,Size Mismatch,Completed,201.9,2023-10-21 15:59:46
1853,185152,253,Defective,Completed,69.74,2023-10-17 17:59:46
1854,185153,260,Wrong Item,Completed,675.69,2023-10-18 21:59:46
1855,185154,256,Size Mismatch,Completed,1224.51,2023-10-19 15:59:46
1856,185155,205,Defective,Completed,435.57,2023-10-19 18:59:46
1857,185156,237,Buyer Remorse,Completed,557.07,2023-10-21 15:59:46
1858,185481,218,Defective,Inspected,113.15,2025-01-18 18:20:31
1859,185482,233,Buyer Remorse,Completed,151.35,2025-01-19 13:20:31
1860,185483,237,Buyer Remorse,Completed,467.0,2025-01-16 12:20:31
1861,185484,276,Size Mismatch,Approved,296.67,2025-01-19 15:20:31
1862,185562,204,Not as Described,Completed,3149.1,2023-07-30 08:02:19
1863,185563,200,Size Mismatch,Completed,3062.91,2023-07-29 09:02:19
1864,185564,287,Not as Described,Completed,1093.7,2023-08-02 02:02:19
1865,185767,202,Buyer Remorse,Approved,2109.18,2023-05-24 17:33:19
1866,185768,271,Wrong Item,Completed,1534.32,2023-05-25 13:33:19
1867,185989,273,Defective,Approved,246.13,2023-07-07 21:59:32
1868,185990,299,Buyer Remorse,Completed,37.26,2023-07-07 17:59:32
1869,186100,293,Not as Described,Completed,389.13,2024-06-24 06:00:02
1870,186101,299,Wrong Item,Approved,139.4,2024-06-20 06:00:02
1871,186505,251,Defective,Completed,28.25,2024-12-14 15:37:19
1872,186506,293,Defective,Inspected,32.85,2024-12-13 15:37:19
1873,186645,247,Size Mismatch,Completed,38.62,2026-04-29 13:33:06
1874,186852,230,Not as Described,Completed,57.74,2023-12-22 23:12:15
1875,186853,265,Size Mismatch,Inspected,71.94,2023-12-23 19:12:15
1876,186854,292,Not as Described,Approved,654.06,2023-12-22 23:12:15
1877,186855,220,Buyer Remorse,Completed,12.41,2023-12-21 00:12:15
1878,187554,257,Defective,Completed,179.96,2025-11-30 14:18:07
1879,187555,246,Defective,Completed,491.97,2025-11-28 18:18:07
1880,187556,274,Size Mismatch,Completed,624.84,2025-11-30 18:18:07
1881,187557,267,Not as Described,Approved,571.5,2025-12-01 14:18:07
1882,187559,276,Buyer Remorse,Completed,213.06,2025-11-27 18:18:07
1883,187561,291,Not as Described,Completed,693.54,2025-03-17 23:45:00
1884,187562,297,Defective,Completed,232.11,2025-03-19 18:45:00
1885,187563,282,Size Mismatch,Completed,74.7,2025-03-18 22:45:00
1886,187565,206,Wrong Item,Completed,30.29,2025-03-17 19:45:00
1887,187951,277,Size Mismatch,Completed,4797.95,2023-07-01 17:16:35
1888,187952,224,Size Mismatch,Completed,103.81,2023-07-04 20:16:35
1889,187980,272,Wrong Item,Completed,670.48,2025-09-19 12:21:19
1890,187981,264,Defective,Inspected,822.84,2025-09-22 08:21:19
1891,187983,245,Not as Described,Completed,480.48,2025-09-23 09:21:19
1892,187984,275,Defective,Approved,326.03,2025-09-20 12:21:19
1893,188446,288,Buyer Remorse,Approved,53.24,2025-01-16 11:14:19
1894,188447,241,Defective,Completed,692.91,2025-01-16 12:14:19
1895,188448,274,Size Mismatch,Completed,1699.2,2025-01-19 11:14:19
1896,189051,300,Not as Described,Completed,632.69,2023-08-21 15:03:11
1897,189053,287,Buyer Remorse,Completed,280.43,2023-08-21 12:03:11
1898,189054,227,Buyer Remorse,Completed,689.32,2023-08-22 17:03:11
1899,189553,212,Size Mismatch,Completed,66.77,2023-08-02 09:46:41
1900,189554,227,Size Mismatch,Completed,29.24,2023-08-03 12:46:41
1901,189555,215,Defective,Completed,3573.44,2023-08-01 11:46:41
1902,189773,286,Defective,Approved,6.69,2024-12-29 12:39:50
1903,189774,237,Buyer Remorse,Completed,165.5,2024-12-30 14:39:50
1904,189807,281,Buyer Remorse,Completed,1557.48,2025-12-02 15:11:13
1905,189808,229,Wrong Item,Completed,3526.86,2025-12-02 20:11:13
1906,189824,238,Buyer Remorse,Approved,118.55,2025-12-27 18:40:47
1907,189825,293,Size Mismatch,Approved,2802.12,2025-12-29 13:40:47
1908,189832,286,Wrong Item,Completed,1656.35,2024-06-13 18:42:06
1909,189833,300,Defective,Completed,115.35,2024-06-14 22:42:06
1910,190513,232,Defective,Completed,225.85,2024-06-16 15:05:39
1911,190720,285,Defective,Completed,52.21,2024-12-05 09:18:10
1912,190721,200,Wrong Item,Completed,73.15,2024-12-04 08:18:10
1913,190722,218,Not as Described,Completed,40.89,2024-12-04 11:18:10
1914,190723,288,Size Mismatch,Approved,19.29,2024-12-05 07:18:10
1915,190724,236,Size Mismatch,Completed,49.08,2024-12-05 09:18:10
1916,190824,228,Not as Described,Completed,415.04,2025-10-05 16:28:01
1917,190825,298,Not as Described,Inspected,488.9,2025-10-03 15:28:01
1918,191203,277,Not as Described,Completed,149.04,2026-01-30 13:41:39
1919,191204,298,Defective,Completed,1266.99,2026-01-30 15:41:39
1920,191220,242,Wrong Item,Completed,251.11,2025-12-05 23:31:06
1921,191221,262,Wrong Item,Approved,321.06,2025-12-05 21:31:06
1922,191223,288,Not as Described,Completed,267.3,2025-12-05 17:31:06
1923,191224,257,Size Mismatch,Completed,1396.89,2025-12-06 20:31:06
1924,191321,241,Defective,Completed,1765.2,2023-05-04 07:30:23
1925,191322,261,Buyer Remorse,Inspected,649.2,2023-05-05 05:30:23
1926,191323,271,Not as Described,Approved,288.29,2023-05-02 11:30:23
1927,191324,286,Size Mismatch,Completed,169.54,2023-05-03 06:30:23
1928,191466,237,Not as Described,Approved,13.95,2023-07-14 12:43:46
1929,191468,245,Wrong Item,Completed,288.49,2023-07-16 11:43:46
1930,191469,293,Defective,Completed,1122.08,2025-11-17 15:23:51
1931,191470,200,Not as Described,Completed,528.71,2025-11-13 19:23:51
1932,191841,271,Wrong Item,Completed,1354.74,2025-11-30 16:17:07
1933,191842,211,Wrong Item,Completed,294.58,2025-11-29 18:17:07
1934,192327,214,Buyer Remorse,Approved,406.02,2023-02-20 20:15:16
1935,192328,245,Not as Described,Completed,2688.02,2023-02-23 16:15:16
1936,192429,203,Not as Described,Completed,30.27,2026-07-04 15:42:35
1937,192430,258,Wrong Item,Approved,191.36,2026-07-02 18:42:35
1938,192478,287,Buyer Remorse,Completed,1334.84,2025-03-12 23:17:14
1939,192565,237,Size Mismatch,Completed,55.68,2025-07-27 06:34:02
1940,192567,293,Size Mismatch,Completed,46.81,2025-07-24 12:34:02
1941,192568,228,Size Mismatch,Completed,334.28,2025-07-28 11:34:02
1942,192569,204,Buyer Remorse,Completed,251.25,2025-07-27 06:34:02
1943,192967,216,Not as Described,Approved,7.14,2024-05-27 21:14:29
1944,192968,264,Size Mismatch,Completed,188.07,2024-05-25 19:14:29
1945,192969,204,Wrong Item,Completed,406.56,2024-05-27 22:14:29
1946,192970,233,Defective,Completed,48.37,2024-05-27 18:14:29
1947,192971,295,Not as Described,Completed,193.95,2024-05-23 16:14:29
1948,193307,219,Defective,Completed,3161.3,2025-12-28 15:53:30
1949,193308,245,Not as Described,Completed,203.22,2025-12-27 10:53:30
1950,193439,267,Size Mismatch,Completed,1898.01,2026-01-04 19:31:39
1951,193440,256,Not as Described,Completed,1557.94,2026-01-04 22:31:39
1952,193524,201,Size Mismatch,Completed,132.88,2023-07-27 13:47:21
1953,193525,227,Defective,Completed,19.96,2023-07-28 11:47:21
1954,193872,268,Defective,Approved,247.2,2024-08-18 08:31:34
1955,193873,231,Not as Described,Completed,1581.79,2024-08-17 13:31:34
1956,193874,203,Not as Described,Completed,845.9,2024-08-17 07:31:34
1957,194424,254,Not as Described,Completed,147.82,2023-12-25 20:36:26
1958,194856,210,Not as Described,Completed,21.22,2025-12-14 10:16:48
1959,194857,293,Size Mismatch,Completed,928.5,2025-12-14 09:16:48
1960,195091,280,Wrong Item,Completed,92.93,2024-07-18 13:10:03
1961,195184,236,Size Mismatch,Approved,66.72,2025-08-14 12:20:20
1962,195185,262,Wrong Item,Completed,163.59,2025-08-14 09:20:20
1963,195186,287,Wrong Item,Approved,1847.98,2025-08-14 08:20:20
1964,195187,226,Buyer Remorse,Completed,146.88,2025-08-15 11:20:20
1965,195188,283,Not as Described,Completed,194.61,2025-08-12 14:20:20
1966,195406,270,Wrong Item,Completed,1092.32,2023-06-03 08:00:19
1967,195408,271,Buyer Remorse,Completed,521.06,2023-06-04 09:00:19
1968,195410,206,Defective,Completed,4364.76,2023-06-03 12:00:19
1969,195972,244,Size Mismatch,Approved,123.66,2025-12-16 19:06:31
1970,195973,232,Not as Described,Completed,467.12,2025-12-13 22:06:31
1971,196026,203,Wrong Item,Completed,36.64,2024-09-09 20:58:35
1972,196028,260,Not as Described,Completed,11.92,2024-09-08 22:58:35
1973,196169,209,Wrong Item,Completed,808.92,2024-08-17 15:29:57
1974,196170,268,Not as Described,Approved,81.75,2024-08-19 20:29:57
1975,196171,292,Wrong Item,Completed,15.35,2024-08-17 20:29:57
1976,196172,213,Size Mismatch,Completed,116.2,2024-08-19 22:29:57
1977,196173,293,Size Mismatch,Completed,236.28,2024-08-19 18:29:57
1978,196394,279,Size Mismatch,Approved,236.73,2025-12-14 10:55:35
1979,196600,258,Size Mismatch,Completed,23.71,2025-07-25 14:45:36
1980,196602,260,Buyer Remorse,Completed,91.4,2025-07-23 07:45:36
1981,196942,235,Wrong Item,Approved,32.04,2023-10-09 14:08:59
1982,196945,201,Not as Described,Completed,336.12,2023-10-10 13:08:59
1983,196946,219,Size Mismatch,Approved,98.12,2023-10-09 16:08:59
1984,197869,276,Size Mismatch,Completed,82.59,2025-12-01 02:32:31
1985,197870,202,Not as Described,Completed,221.04,2025-12-02 08:32:31
1986,198015,216,Buyer Remorse,Completed,182.82,2024-10-20 05:55:53
1987,198198,278,Wrong Item,Approved,1465.8,2023-12-11 22:30:06
1988,198579,254,Wrong Item,Completed,747.06,2024-03-16 14:09:04
1989,198580,287,Buyer Remorse,Approved,507.06,2024-03-15 14:09:04
1990,198581,284,Buyer Remorse,Completed,78.8,2024-03-18 07:09:04
1991,198582,280,Buyer Remorse,Completed,1470.69,2024-03-15 07:09:04
1992,198764,286,Defective,Completed,263.58,2024-11-22 08:21:54
1993,198765,276,Size Mismatch,Completed,517.38,2024-11-23 09:21:54
1994,198766,269,Wrong Item,Completed,1763.1,2024-11-25 12:21:54
1995,198767,270,Wrong Item,Completed,171.42,2024-11-22 07:21:54
1996,198777,266,Not as Described,Approved,4568.55,2024-11-12 15:36:38
1997,198778,228,Not as Described,Inspected,109.8,2024-11-11 07:36:38
1998,198779,228,Size Mismatch,Approved,75.74,2024-11-11 12:36:38
1999,198780,223,Not as Described,Completed,413.64,2024-11-12 15:36:38
2000,198781,254,Size Mismatch,Completed,889.18,2024-11-11 14:36:38
2001,198877,272,Defective,Completed,183.8,2023-06-22 11:05:51
2002,198878,210,Not as Described,Completed,34.62,2023-06-23 14:05:51
2003,198879,204,Not as Described,Completed,50.78,2023-06-23 17:05:51
2004,198880,238,Wrong Item,Completed,74.53,2023-06-21 10:05:51
2005,199554,269,Not as Described,Completed,2603.0,2025-01-24 20:02:42
2006,199639,251,Not as Described,Approved,102.31,2023-12-06 15:55:40
2007,199640,209,Defective,Completed,30.34,2023-12-05 11:55:40
2008,199683,253,Size Mismatch,Completed,76.36,2023-03-11 18:49:42
2009,199684,237,Wrong Item,Approved,36.18,2023-03-14 18:49:42
2010,199686,259,Wrong Item,Inspected,689.74,2023-03-13 21:49:42
2011,199687,234,Size Mismatch,Completed,127.62,2023-03-11 19:49:42
2012,199708,296,Buyer Remorse,Completed,84.27,2023-03-11 20:12:17
2013,199709,271,Buyer Remorse,Completed,206.51,2023-03-14 00:12:17
2014,199873,260,Defective,Completed,241.95,2023-02-10 11:56:31
2015,199874,229,Wrong Item,Approved,89.96,2023-02-13 10:56:31
2016,199875,298,Buyer Remorse,Completed,368.62,2023-02-09 17:56:31
2017,200272,246,Wrong Item,Completed,194.1,2024-01-25 23:23:54
2018,200273,295,Wrong Item,Approved,130.76,2024-01-25 20:23:54
2019,200274,299,Wrong Item,Approved,95.35,2024-01-25 02:23:54
2020,200276,238,Not as Described,Completed,20.38,2024-01-27 02:23:54
2021,200435,239,Size Mismatch,Completed,32.74,2026-01-04 18:21:27
2022,200436,258,Wrong Item,Completed,115.23,2026-01-05 14:21:27
2023,200437,231,Size Mismatch,Approved,98.28,2026-01-07 18:21:27
2024,201048,235,Size Mismatch,Completed,699.37,2026-01-17 11:11:14
2025,201049,298,Size Mismatch,Approved,219.42,2026-01-18 16:11:14
2026,201219,248,Size Mismatch,Completed,920.34,2026-04-09 22:44:30
2027,201220,277,Buyer Remorse,Completed,163.94,2026-04-09 00:44:30
2028,201354,263,Not as Described,Completed,44.7,2024-10-29 17:43:02
2029,201355,291,Buyer Remorse,Completed,1304.5,2024-10-28 22:43:02
2030,201356,267,Wrong Item,Completed,4.52,2024-10-26 19:43:02
2031,201357,208,Size Mismatch,Inspected,169.63,2024-10-25 21:43:02
2032,201358,281,Not as Described,Approved,728.47,2024-10-28 18:43:02
2033,202199,225,Not as Described,Completed,2086.94,2024-01-11 09:46:36
2034,202200,248,Buyer Remorse,Completed,161.26,2024-01-09 09:46:36
2035,202202,222,Buyer Remorse,Approved,906.66,2024-01-12 15:46:36
2036,202203,206,Size Mismatch,Completed,120.56,2024-01-09 11:46:36
2037,202789,237,Defective,Completed,369.89,2024-07-25 18:36:33
2038,202791,223,Not as Described,Approved,96.0,2024-07-21 21:36:33
2039,202792,281,Defective,Completed,476.19,2024-07-25 22:36:33
2040,202793,227,Size Mismatch,Completed,3014.41,2024-07-23 17:36:33
2041,202884,223,Wrong Item,Completed,102.66,2024-12-15 11:38:57
2042,202886,250,Size Mismatch,Completed,371.38,2024-12-13 07:38:57
2043,203064,226,Size Mismatch,Completed,219.09,2024-12-21 02:44:24
2044,203066,204,Not as Described,Completed,176.2,2024-12-21 19:44:24
2045,203067,280,Wrong Item,Completed,1638.45,2024-12-18 23:44:24
2046,203068,214,Not as Described,Completed,266.42,2024-12-19 19:44:24
2047,203069,260,Not as Described,Completed,1521.84,2024-12-20 23:44:24
2048,203201,298,Not as Described,Completed,1462.38,2025-05-11 11:36:40
2049,203325,244,Defective,Completed,122.29,2024-03-11 11:27:13
2050,203327,282,Buyer Remorse,Completed,612.99,2024-03-08 11:27:13
2051,203328,216,Wrong Item,Approved,95.42,2024-03-08 12:27:13
2052,203329,207,Defective,Completed,11.26,2024-03-08 09:27:13
2053,203330,297,Defective,Approved,1466.86,2024-03-10 13:27:13
2054,203466,276,Wrong Item,Approved,218.52,2023-12-27 14:50:17
2055,203467,282,Not as Described,Completed,363.82,2023-12-27 08:50:17
2056,203468,233,Wrong Item,Completed,88.13,2023-12-28 12:50:17
2057,203469,207,Buyer Remorse,Approved,36.81,2023-12-29 14:50:17
2058,203470,228,Buyer Remorse,Completed,453.14,2023-12-26 09:50:17
2059,203471,285,Buyer Remorse,Completed,97.57,2023-12-26 13:50:17
2060,203567,223,Wrong Item,Completed,102.8,2026-05-20 23:18:42
2061,203568,266,Not as Described,Completed,171.87,2026-05-22 21:18:42
2062,203569,212,Defective,Inspected,4.81,2026-05-21 02:18:42
2063,203685,216,Not as Described,Completed,439.01,2026-02-13 08:29:32
2064,203687,219,Defective,Completed,272.85,2026-02-13 11:29:32
2065,203738,238,Size Mismatch,Completed,166.67,2024-01-27 17:00:55
2066,203739,203,Wrong Item,Approved,152.1,2024-01-31 19:00:55
2067,204109,241,Wrong Item,Completed,700.86,2024-10-12 05:12:16
2068,204111,237,Defective,Approved,149.56,2024-10-09 09:12:16
2069,204112,237,Buyer Remorse,Completed,302.36,2024-10-08 11:12:16
2070,204113,298,Not as Described,Completed,2267.58,2024-10-10 12:12:16
2071,204398,234,Defective,Completed,105.14,2025-07-07 14:08:02
2072,204399,243,Buyer Remorse,Completed,255.86,2025-07-05 14:08:02
2073,204721,257,Size Mismatch,Completed,171.63,2023-07-08 02:44:13
2074,204722,233,Wrong Item,Completed,22.27,2023-07-10 01:44:13
2075,204723,235,Defective,Completed,210.09,2023-07-06 22:44:13
2076,204724,227,Size Mismatch,Approved,116.99,2023-07-10 23:44:13
2077,204725,293,Defective,Approved,22.47,2023-07-10 01:44:13
2078,204726,271,Defective,Completed,128.86,2023-07-06 22:44:13
2079,204839,300,Wrong Item,Completed,179.88,2025-08-20 12:59:52
2080,204840,204,Not as Described,Completed,38.3,2025-08-22 15:59:52
2081,204841,291,Not as Described,Completed,1088.45,2025-08-22 12:59:52
2082,204842,219,Size Mismatch,Completed,34.31,2025-08-21 09:59:52
2083,205367,286,Size Mismatch,Completed,1031.92,2025-06-18 08:54:34
2084,207018,208,Defective,Completed,307.77,2025-10-04 23:15:01
2085,207019,293,Not as Described,Completed,552.93,2025-10-05 21:15:01
2086,207146,295,Size Mismatch,Completed,138.98,2024-12-20 19:06:49
2087,207147,261,Defective,Completed,804.14,2024-12-22 19:06:49
2088,207150,281,Buyer Remorse,Completed,66.88,2024-12-21 20:06:49
2089,207652,218,Not as Described,Completed,5557.23,2024-11-24 06:53:50
2090,207653,270,Not as Described,Completed,169.14,2024-11-21 10:53:50
2091,207788,202,Size Mismatch,Completed,940.56,2023-02-15 20:44:39
2092,207789,233,Defective,Inspected,1893.76,2023-02-15 04:44:39
2093,208098,214,Size Mismatch,Completed,3778.17,2023-09-21 13:13:08
2094,208099,275,Not as Described,Completed,27.76,2023-09-17 12:13:08
2095,208574,233,Size Mismatch,Completed,120.22,2023-12-30 08:07:51
2096,208575,248,Defective,Inspected,18.47,2023-12-27 06:07:51
2097,208578,206,Wrong Item,Completed,76.54,2023-12-28 08:07:51
2098,208579,203,Size Mismatch,Approved,38.81,2023-12-27 13:07:51
2099,208647,251,Defective,Completed,299.52,2023-09-27 13:39:43
2100,208648,224,Buyer Remorse,Completed,528.71,2023-09-27 16:39:43
2101,209039,247,Wrong Item,Completed,177.68,2024-06-23 08:27:03
2102,209042,243,Defective,Completed,7.65,2024-06-21 10:27:03
2103,209146,208,Buyer Remorse,Approved,211.14,2025-04-26 11:25:33
2104,209147,276,Defective,Completed,165.99,2025-04-23 13:25:33
2105,209148,290,Wrong Item,Completed,1886.29,2025-04-26 10:25:33
2106,209149,241,Size Mismatch,Completed,1608.64,2025-04-25 13:25:33
2107,209150,273,Size Mismatch,Completed,16.93,2025-04-23 05:25:33
2108,209307,202,Not as Described,Completed,134.18,2024-09-02 17:02:13
2109,209360,260,Size Mismatch,Completed,959.5,2025-12-04 21:18:21
2110,209361,232,Size Mismatch,Completed,991.87,2025-12-06 17:18:21
2111,209362,203,Size Mismatch,Approved,207.1,2025-12-04 18:18:21
2112,209363,293,Wrong Item,Completed,44.28,2025-12-05 21:18:21
2113,209405,202,Buyer Remorse,Completed,1585.36,2025-03-12 05:08:35
2114,209406,210,Wrong Item,Completed,384.91,2025-03-10 04:08:35
2115,209408,290,Size Mismatch,Inspected,229.68,2025-03-12 06:08:35
2116,209409,231,Buyer Remorse,Completed,258.58,2025-03-10 08:08:35
2117,209410,233,Defective,Completed,1503.46,2025-03-10 06:08:35
2118,209923,261,Defective,Completed,1079.52,2023-12-03 19:33:31
2119,209924,248,Wrong Item,Completed,266.04,2023-11-30 16:33:31
2120,209925,276,Buyer Remorse,Completed,199.35,2023-12-04 13:33:31
2121,210034,260,Wrong Item,Completed,693.67,2025-12-09 15:36:22
2122,210035,203,Wrong Item,Completed,87.22,2025-12-09 08:36:22
2123,210408,200,Defective,Completed,741.51,2025-04-27 15:49:57
2124,210418,251,Buyer Remorse,Completed,28.97,2023-06-07 15:40:39
2125,210420,230,Wrong Item,Approved,682.67,2023-06-10 20:40:39
2126,210422,297,Wrong Item,Approved,3302.61,2023-06-08 16:40:39
2127,210573,227,Size Mismatch,Completed,137.08,2026-05-17 15:06:26
2128,210574,231,Size Mismatch,Approved,684.69,2026-05-17 19:06:26
2129,210575,299,Wrong Item,Completed,1362.88,2026-05-16 11:06:26
2130,210577,256,Wrong Item,Completed,32.04,2026-05-20 19:06:26
2131,210578,227,Buyer Remorse,Completed,364.12,2026-05-16 11:06:26
2132,210693,215,Wrong Item,Completed,3468.0,2023-08-06 07:52:09
2133,210758,229,Wrong Item,Completed,12.35,2024-12-13 19:08:53
2134,210760,285,Size Mismatch,Completed,24.21,2024-12-11 17:08:53
2135,210955,257,Defective,Completed,374.43,2025-02-13 21:37:07
2136,210956,260,Not as Described,Completed,1078.29,2025-02-14 20:37:07
2137,210957,233,Defective,Completed,163.56,2025-02-11 14:37:07
2138,210958,221,Size Mismatch,Approved,1303.04,2025-02-12 18:37:07
2139,210959,293,Size Mismatch,Completed,156.03,2025-02-11 16:37:07
2140,210960,288,Size Mismatch,Completed,25.88,2025-02-13 17:37:07
2141,211344,237,Wrong Item,Completed,11.54,2023-07-13 15:28:27
2142,211345,269,Not as Described,Completed,70.41,2023-07-15 08:28:27
2143,211346,213,Not as Described,Completed,74.14,2023-07-15 16:28:27
2144,211347,221,Defective,Completed,166.87,2023-07-13 14:28:27
2145,211348,240,Defective,Completed,141.0,2023-07-15 16:28:27
2146,211677,235,Wrong Item,Completed,191.7,2025-12-01 13:38:40
2147,211678,222,Buyer Remorse,Completed,75.17,2025-12-03 09:38:40
2148,211679,264,Defective,Completed,167.88,2025-12-03 13:38:40
2149,211680,284,Wrong Item,Inspected,148.17,2025-12-01 08:38:40
2150,211681,279,Buyer Remorse,Approved,555.69,2025-11-30 07:38:40
2151,211747,232,Defective,Completed,291.3,2023-09-18 08:42:45
2152,211748,227,Defective,Completed,230.42,2023-09-16 13:42:45
2153,212027,300,Buyer Remorse,Approved,71.86,2023-11-27 13:10:04
2154,212592,300,Defective,Completed,519.68,2023-12-03 20:31:08
2155,212593,292,Not as Described,Completed,34.98,2023-12-05 00:31:08
2156,212595,240,Size Mismatch,Approved,104.51,2023-12-04 04:31:08
2157,212824,284,Defective,Completed,86.06,2023-08-19 12:51:09
2158,212825,290,Defective,Completed,118.01,2023-08-17 10:51:09
2159,212826,269,Wrong Item,Completed,18.94,2023-08-18 10:51:09
2160,213136,223,Buyer Remorse,Approved,439.01,2025-06-15 13:57:58
2161,213343,286,Defective,Completed,1421.22,2026-07-07 19:38:46
2162,213344,226,Size Mismatch,Completed,545.24,2026-07-07 19:38:46
2163,213347,234,Defective,Completed,4530.27,2026-07-07 00:38:46
2164,213348,249,Buyer Remorse,Completed,66.5,2026-07-03 17:38:46
2165,213412,291,Wrong Item,Completed,4597.89,2025-09-21 18:37:37
2166,213413,287,Buyer Remorse,Completed,19.32,2025-09-23 19:37:37
2167,213415,249,Size Mismatch,Approved,2047.8,2025-09-23 17:37:37
2168,213416,246,Buyer Remorse,Completed,27.05,2025-09-23 16:37:37
2169,213417,294,Buyer Remorse,Completed,2814.22,2025-09-25 20:37:37
2170,213679,258,Size Mismatch,Completed,3067.22,2026-06-13 06:45:28
2171,213680,255,Not as Described,Approved,245.48,2026-06-15 08:45:28
2172,213681,292,Wrong Item,Inspected,92.79,2026-06-16 04:45:28
2173,213682,264,Buyer Remorse,Completed,1607.7,2026-06-12 11:45:28
2174,213683,212,Not as Described,Completed,202.49,2026-06-13 12:45:28
2175,213684,269,Not as Described,Completed,54.52,2026-06-12 08:45:28
2176,213943,239,Not as Described,Completed,1317.97,2023-12-07 13:02:08
2177,213944,242,Wrong Item,Completed,3687.3,2023-12-07 14:02:08
2178,213945,231,Buyer Remorse,Completed,36.94,2023-12-06 14:02:08
2179,213946,209,Not as Described,Completed,95.94,2023-12-09 16:02:08
2180,213948,281,Not as Described,Inspected,89.42,2023-12-09 11:02:08
2181,214981,226,Wrong Item,Completed,57.18,2025-12-24 23:15:55
2182,214982,212,Size Mismatch,Completed,178.88,2025-12-27 21:15:55
2183,214983,260,Size Mismatch,Approved,102.63,2025-12-24 22:15:55
2184,215564,208,Wrong Item,Completed,470.16,2025-06-14 11:21:23
2185,215565,229,Size Mismatch,Approved,47.92,2025-06-15 13:21:23
2186,215566,239,Buyer Remorse,Approved,205.58,2025-06-14 14:21:23
2187,215568,206,Buyer Remorse,Completed,547.97,2025-06-12 14:21:23
2188,216005,296,Wrong Item,Completed,858.94,2024-11-06 22:43:27
2189,216006,289,Not as Described,Completed,108.87,2024-11-04 18:43:27
2190,216007,240,Size Mismatch,Completed,243.88,2024-11-06 23:43:27
2191,216008,274,Not as Described,Completed,1480.02,2024-11-06 23:43:27
2192,216009,288,Size Mismatch,Completed,379.95,2024-11-02 16:43:27
2193,216010,268,Size Mismatch,Completed,19.74,2024-11-04 18:43:27
2194,216182,226,Size Mismatch,Completed,260.61,2025-08-04 08:38:15
2195,216185,269,Defective,Completed,125.1,2025-08-01 06:38:15
2196,216186,248,Defective,Completed,449.82,2025-08-03 10:38:15
2197,216348,292,Not as Described,Completed,1069.09,2024-04-05 20:14:04
2198,216349,287,Wrong Item,Inspected,150.72,2024-04-08 18:14:04
2199,216351,213,Not as Described,Completed,59.1,2024-04-07 23:14:04
2200,216412,233,Not as Described,Completed,1514.61,2026-01-24 13:43:31
2201,216822,257,Defective,Approved,83.62,2025-07-22 17:39:41
2202,216825,225,Buyer Remorse,Completed,62.79,2025-07-22 21:39:41
2203,216826,274,Defective,Completed,109.3,2025-07-22 18:39:41
2204,217166,233,Not as Described,Completed,191.64,2025-12-23 19:15:10
2205,217167,222,Buyer Remorse,Completed,465.4,2025-12-22 17:15:10
2206,217168,232,Size Mismatch,Completed,48.26,2025-12-19 23:15:10
2207,217169,294,Not as Described,Completed,48.03,2025-12-23 18:15:10
2208,217170,229,Buyer Remorse,Completed,76.72,2025-12-20 20:15:10
2209,217171,250,Not as Described,Completed,475.44,2025-12-23 18:15:10
2210,217243,224,Buyer Remorse,Approved,168.3,2026-04-18 02:18:07
2211,217244,293,Not as Described,Completed,96.89,2026-04-21 01:18:07
2212,217245,293,Buyer Remorse,Completed,3980.6,2026-04-21 06:18:07
2213,217246,244,Wrong Item,Completed,420.32,2026-04-22 04:18:07
2214,217389,240,Defective,Completed,1246.69,2024-06-23 19:15:34
2215,217390,244,Wrong Item,Completed,1095.76,2024-06-23 21:15:34
2216,217475,298,Buyer Remorse,Completed,816.92,2024-09-13 09:56:33
2217,217476,248,Buyer Remorse,Approved,127.32,2024-09-11 13:56:33
2218,217566,223,Buyer Remorse,Completed,1225.38,2023-12-16 02:35:25
2219,218156,290,Buyer Remorse,Completed,265.76,2025-08-01 20:35:05
2220,218641,285,Not as Described,Completed,62.76,2023-06-14 10:49:34
2221,218788,261,Wrong Item,Inspected,634.86,2025-10-04 16:19:11
2222,219244,295,Defective,Completed,48.73,2025-09-03 13:17:46
2223,219245,236,Size Mismatch,Completed,2616.73,2025-09-01 16:17:46
2224,219247,264,Not as Described,Inspected,96.01,2025-09-04 16:17:46
2225,219256,225,Not as Described,Completed,55.22,2024-03-25 14:36:42
2226,219750,260,Not as Described,Completed,50.61,2025-07-09 10:35:23
2227,219751,263,Not as Described,Completed,150.77,2025-07-10 13:35:23
2228,220341,286,Not as Described,Completed,2733.19,2023-11-30 03:41:10
2229,220343,294,Defective,Completed,489.19,2023-11-30 19:41:10
2230,220344,265,Defective,Completed,213.09,2023-11-28 20:41:10
2231,220345,222,Defective,Completed,220.41,2023-11-27 21:41:10
2232,221717,277,Defective,Completed,35.19,2024-09-13 21:29:21
2233,221718,242,Buyer Remorse,Approved,196.23,2024-09-11 19:29:21
2234,221726,291,Size Mismatch,Completed,42.96,2024-02-21 19:57:11
2235,221730,273,Buyer Remorse,Completed,238.16,2024-02-23 18:57:11
2236,221731,266,Buyer Remorse,Approved,78.48,2024-02-20 19:57:11
2237,221772,249,Defective,Approved,22.32,2023-04-16 09:09:37
2238,221921,252,Size Mismatch,Completed,255.28,2023-02-20 15:20:33
2239,221922,262,Size Mismatch,Completed,72.35,2023-02-19 10:20:33
2240,221923,274,Wrong Item,Completed,184.83,2023-02-21 14:20:33
2241,222083,257,Wrong Item,Completed,182.48,2023-07-10 10:37:03
2242,222084,265,Wrong Item,Inspected,1047.59,2023-07-09 11:37:03
2243,222085,279,Not as Described,Approved,10.41,2023-07-10 14:37:03
2244,222086,284,Size Mismatch,Approved,2934.39,2023-07-06 07:37:03
2245,222087,267,Defective,Completed,232.49,2023-07-06 08:37:03
2246,222298,293,Size Mismatch,Completed,442.85,2025-09-04 15:21:56
2247,222299,229,Not as Described,Completed,788.36,2025-09-02 13:21:56
2248,222490,242,Buyer Remorse,Completed,1165.11,2025-10-24 17:20:25
2249,222491,217,Buyer Remorse,Completed,755.9,2025-10-23 23:20:25
2250,222492,279,Defective,Completed,141.36,2025-10-25 19:20:25
2251,222493,265,Wrong Item,Completed,213.3,2025-10-27 00:20:25
2252,222494,232,Wrong Item,Inspected,88.41,2025-10-26 21:20:25
2253,222632,222,Not as Described,Completed,258.91,2025-11-06 11:18:39
2254,222633,239,Size Mismatch,Completed,3709.48,2025-11-06 09:18:39
2255,222634,266,Not as Described,Completed,221.52,2025-11-05 14:18:39
2256,222635,251,Buyer Remorse,Approved,133.03,2025-11-04 10:18:39
2257,222794,264,Size Mismatch,Approved,35.75,2025-06-09 08:36:34
2258,222795,272,Defective,Completed,11.78,2025-06-10 13:36:34
2259,222796,246,Defective,Completed,1296.13,2025-06-11 13:36:34
2260,222797,203,Size Mismatch,Completed,149.1,2025-06-09 05:36:34
2261,222798,219,Not as Described,Completed,172.79,2025-06-12 07:36:34
2262,222979,263,Defective,Completed,54.83,2025-03-30 13:08:01
2263,222980,283,Defective,Completed,61.66,2025-03-27 19:08:01
2264,222981,231,Wrong Item,Completed,96.18,2025-03-30 18:08:01
2265,223554,259,Size Mismatch,Completed,47.58,2023-09-16 21:50:12
2266,223555,213,Not as Described,Completed,221.7,2023-09-19 14:50:12
2267,223557,273,Size Mismatch,Completed,736.58,2023-09-16 19:50:12
2268,223788,256,Size Mismatch,Completed,68.02,2026-07-04 18:35:31
2269,223789,250,Wrong Item,Approved,749.21,2026-07-01 20:35:31
2270,223790,243,Wrong Item,Completed,1215.51,2026-07-02 18:35:31
2271,224265,227,Wrong Item,Completed,192.18,2023-07-25 16:42:12
2272,224266,279,Defective,Completed,376.52,2023-07-25 19:42:12
2273,224267,214,Not as Described,Completed,31.4,2023-07-26 13:42:12
2274,224268,253,Not as Described,Completed,98.61,2023-07-29 12:42:12
2275,224269,239,Defective,Completed,99.2,2023-07-26 15:42:12
2276,224270,264,Wrong Item,Completed,136.39,2023-07-29 17:42:12
2277,224306,226,Defective,Completed,285.59,2025-12-15 02:54:54
2278,224308,269,Buyer Remorse,Completed,448.56,2025-12-15 08:54:54
2279,224309,212,Wrong Item,Completed,25.4,2025-12-16 10:54:54
2280,225340,207,Wrong Item,Completed,1173.3,2024-09-24 11:14:11
2281,225341,203,Size Mismatch,Completed,420.77,2024-09-26 11:14:11
2282,225342,254,Not as Described,Completed,39.37,2024-09-22 10:14:11
2283,225343,206,Buyer Remorse,Completed,53.86,2024-09-24 08:14:11
2284,225344,255,Size Mismatch,Approved,249.21,2024-09-26 15:14:11
2285,225558,254,Wrong Item,Completed,40.83,2023-12-17 22:16:42
2286,225559,217,Buyer Remorse,Completed,104.97,2023-12-16 19:16:42
2287,225560,207,Buyer Remorse,Approved,221.04,2023-12-19 16:16:42
2288,225561,254,Wrong Item,Completed,60.79,2023-12-17 19:16:42
2289,225563,201,Buyer Remorse,Completed,460.14,2023-12-17 20:16:42
2290,225639,215,Not as Described,Approved,232.32,2023-03-21 16:09:23
2291,225640,267,Wrong Item,Completed,267.08,2023-03-20 20:09:23
2292,225643,299,Size Mismatch,Completed,3020.18,2023-03-21 16:09:23
2293,226355,286,Defective,Completed,97.32,2023-07-30 12:17:57
2294,226356,203,Not as Described,Completed,195.72,2023-07-30 12:17:57
2295,226358,230,Buyer Remorse,Completed,106.23,2023-07-30 12:17:57
2296,226359,274,Defective,Completed,238.07,2023-07-31 12:17:57
2297,226360,222,Size Mismatch,Completed,1682.54,2023-07-29 14:17:57
2298,227052,296,Size Mismatch,Completed,118.59,2023-06-26 21:22:20
2299,227053,216,Defective,Inspected,54.01,2023-06-24 17:22:20
2300,227054,268,Wrong Item,Approved,243.07,2023-06-24 18:22:20
2301,227064,231,Buyer Remorse,Completed,3173.84,2024-11-02 17:14:32
2302,227066,233,Size Mismatch,Completed,9.55,2024-10-31 20:14:32
2303,227068,223,Defective,Completed,1420.91,2024-11-01 14:14:32
2304,227069,299,Buyer Remorse,Inspected,242.3,2024-11-02 18:14:32
2305,228821,234,Size Mismatch,Inspected,126.21,2024-03-18 17:13:24
2306,228822,248,Defective,Completed,82.6,2024-03-18 17:13:24
2307,228880,273,Wrong Item,Completed,544.5,2024-01-23 07:37:11
2308,229268,212,Defective,Completed,268.63,2023-06-13 16:23:41
2309,229269,245,Buyer Remorse,Approved,165.63,2023-06-13 12:23:41
2310,229272,228,Size Mismatch,Approved,340.45,2023-06-15 19:23:41
2311,229328,230,Not as Described,Approved,244.04,2024-04-13 20:30:51
2312,229329,208,Wrong Item,Approved,2041.0,2024-04-14 22:30:51
2313,229331,271,Size Mismatch,Completed,380.27,2024-04-11 22:30:51
2314,229333,288,Buyer Remorse,Completed,2396.96,2024-04-11 19:30:51
2315,229714,214,Wrong Item,Completed,1128.45,2025-12-25 21:51:02
2316,229715,282,Not as Described,Completed,409.29,2025-12-28 16:51:02
2317,229716,268,Defective,Completed,179.41,2025-12-24 21:51:02
2318,230545,284,Buyer Remorse,Completed,47.74,2023-09-02 23:35:21
2319,230546,274,Defective,Completed,18.4,2023-09-01 18:35:21
2320,230715,219,Defective,Approved,500.01,2023-12-20 13:53:11
2321,230717,291,Size Mismatch,Completed,261.52,2023-12-23 10:53:11
2322,230718,202,Size Mismatch,Completed,426.34,2023-12-19 10:53:11
2323,231177,255,Wrong Item,Approved,39.03,2023-06-13 13:37:29
2324,231178,241,Wrong Item,Completed,1134.61,2023-06-12 15:37:29
2325,231179,290,Wrong Item,Completed,33.41,2023-06-15 18:37:29
2326,231180,281,Defective,Completed,40.21,2023-06-13 15:37:29
2327,231181,256,Defective,Completed,113.08,2023-06-16 17:37:29
2328,231602,229,Not as Described,Approved,219.66,2023-07-20 14:38:37
2329,232325,258,Defective,Inspected,116.22,2023-02-27 09:12:20
2330,232326,289,Buyer Remorse,Completed,136.68,2023-02-28 10:12:20
2331,232381,213,Not as Described,Approved,121.24,2025-11-18 14:27:45
2332,232382,255,Not as Described,Approved,264.63,2025-11-17 13:27:45
2333,232383,219,Size Mismatch,Completed,85.92,2025-11-16 09:27:45
2334,232384,287,Not as Described,Completed,364.88,2025-11-17 12:27:45
2335,232723,255,Defective,Completed,2325.12,2024-10-04 02:17:22
2336,232724,228,Buyer Remorse,Completed,262.23,2024-10-01 19:17:22
2337,232726,298,Buyer Remorse,Completed,4252.02,2024-10-05 01:17:22
2338,232727,294,Buyer Remorse,Completed,187.88,2024-10-02 19:17:22
2339,233310,214,Buyer Remorse,Completed,14.46,2026-04-04 18:41:51
2340,233311,233,Buyer Remorse,Completed,145.41,2026-04-06 00:41:51
2341,234247,206,Wrong Item,Completed,288.18,2023-12-19 17:42:34
2342,234248,210,Size Mismatch,Completed,1166.19,2023-12-16 18:42:34
2343,234249,288,Buyer Remorse,Completed,37.84,2023-12-20 19:42:34
2344,234890,251,Wrong Item,Completed,11.68,2025-04-02 20:31:35
2345,234891,223,Not as Described,Completed,445.79,2025-04-01 18:31:35
2346,234892,223,Buyer Remorse,Completed,4160.86,2025-03-31 19:31:35
2347,234894,242,Defective,Inspected,346.97,2025-03-29 12:31:35
2348,234895,253,Not as Described,Completed,79.98,2025-04-01 12:31:35
2349,234989,234,Wrong Item,Inspected,181.81,2025-09-15 12:58:13
2350,234990,272,Buyer Remorse,Completed,64.16,2025-09-11 10:58:13
2351,234991,282,Wrong Item,Completed,706.06,2025-09-12 12:58:13
2352,235238,208,Wrong Item,Approved,30.8,2024-01-06 20:05:23
2353,235239,243,Buyer Remorse,Completed,109.76,2024-01-04 23:05:23
2354,235874,244,Not as Described,Inspected,96.24,2023-11-23 05:23:41
2355,236567,284,Wrong Item,Approved,39.09,2024-09-05 16:35:28
2356,236569,203,Wrong Item,Approved,78.69,2024-09-04 17:35:28
2357,236724,241,Defective,Completed,40.47,2024-03-09 16:24:29
2358,236725,205,Defective,Completed,41.25,2024-03-13 11:24:29
2359,237660,278,Buyer Remorse,Approved,152.35,2023-12-25 15:46:42
2360,237662,285,Buyer Remorse,Completed,78.32,2023-12-25 15:46:42
2361,237997,205,Not as Described,Completed,33.13,2025-04-20 10:44:09
2362,237998,220,Not as Described,Completed,225.46,2025-04-21 14:44:09
2363,238367,203,Wrong Item,Completed,3007.39,2024-08-01 16:58:15
2364,238368,247,Not as Described,Completed,288.37,2024-08-01 18:58:15
2365,238371,274,Buyer Remorse,Completed,131.72,2024-07-31 22:58:15
2366,238372,289,Not as Described,Completed,170.8,2024-08-01 20:58:15
2367,239216,291,Defective,Completed,55.0,2024-09-01 05:19:17
2368,239217,265,Not as Described,Completed,139.79,2024-09-03 10:19:17
2369,239842,227,Not as Described,Completed,40.83,2023-09-29 08:54:01
2370,239843,299,Size Mismatch,Completed,122.31,2023-10-01 08:54:01
2371,239844,280,Buyer Remorse,Completed,245.81,2023-09-28 16:54:01
2372,240488,209,Size Mismatch,Completed,327.06,2025-05-03 09:13:15
2373,240489,210,Wrong Item,Completed,271.32,2025-04-30 07:13:15
2374,240831,233,Size Mismatch,Completed,1723.68,2026-03-31 02:41:01
2375,240832,265,Wrong Item,Completed,274.1,2026-04-01 08:41:01
2376,240834,300,Size Mismatch,Completed,98.2,2026-04-03 06:41:01
2377,240835,292,Defective,Completed,452.56,2026-03-30 06:41:01
2378,241237,279,Wrong Item,Approved,742.41,2025-11-29 08:15:32
2379,241238,244,Defective,Completed,66.51,2025-11-29 06:15:32
2380,241239,239,Size Mismatch,Completed,368.95,2025-11-28 02:15:32
2381,241240,271,Buyer Remorse,Approved,1511.72,2025-11-27 06:15:32
2382,241550,298,Not as Described,Completed,1927.09,2024-11-22 15:43:14
2383,241552,248,Not as Described,Completed,1538.19,2024-11-24 14:43:14
2384,241572,258,Wrong Item,Completed,212.89,2025-07-07 03:27:57
2385,241573,246,Wrong Item,Completed,95.25,2025-07-03 21:27:57
2386,241576,288,Buyer Remorse,Completed,41.39,2025-07-07 01:27:57
2387,242002,230,Not as Described,Completed,47.82,2024-08-17 00:14:21
2388,242003,202,Not as Described,Completed,673.15,2024-08-15 00:14:21
2389,242081,256,Not as Described,Approved,2959.0,2023-05-12 12:11:23
2390,242082,283,Buyer Remorse,Completed,108.72,2023-05-12 13:11:23
2391,242083,260,Defective,Completed,295.47,2023-05-14 07:11:23
2392,242084,283,Not as Described,Completed,1411.66,2023-05-10 07:11:23
2393,242086,200,Wrong Item,Completed,176.4,2023-05-10 08:11:23
2394,242125,244,Wrong Item,Completed,92.04,2024-10-13 08:14:00
2395,242127,269,Buyer Remorse,Completed,270.75,2024-10-15 12:14:00
2396,242128,205,Buyer Remorse,Completed,37.86,2024-10-13 11:14:00
2397,242130,247,Not as Described,Completed,57.48,2024-10-14 11:14:00
2398,242557,274,Not as Described,Completed,168.0,2026-04-25 11:25:14
2399,242558,204,Defective,Completed,7.02,2026-04-22 17:25:14
2400,242559,219,Wrong Item,Completed,471.42,2026-04-25 10:25:14
2401,242560,232,Buyer Remorse,Completed,777.16,2026-04-22 10:25:14
2402,242652,212,Size Mismatch,Inspected,69.08,2023-09-04 11:11:25
2403,242945,204,Not as Described,Completed,27.9,2024-04-24 02:13:01
2404,243101,231,Not as Described,Completed,998.44,2024-06-15 14:51:22
2405,243103,204,Wrong Item,Completed,2284.82,2024-06-12 14:51:22
2406,243104,282,Not as Described,Completed,4111.82,2024-06-14 15:51:22
2407,243105,287,Wrong Item,Completed,287.22,2024-06-12 16:51:22
2408,243106,261,Not as Described,Completed,152.05,2024-06-11 15:51:22
2409,243192,236,Not as Described,Inspected,152.31,2023-07-30 04:13:05
2410,243193,246,Defective,Completed,777.41,2023-07-31 06:13:05
2411,243194,250,Wrong Item,Completed,50.49,2023-07-31 10:13:05
2412,243195,284,Wrong Item,Approved,1665.5,2023-07-29 07:13:05
2413,243196,253,Wrong Item,Completed,41.26,2023-08-01 04:13:05
2414,243726,247,Not as Described,Inspected,1172.34,2026-04-11 16:57:07
2415,244105,283,Size Mismatch,Completed,247.59,2026-03-21 15:56:43
2416,244107,211,Buyer Remorse,Completed,870.69,2026-03-18 13:56:43
2417,244108,218,Defective,Completed,188.18,2026-03-19 18:56:43
2418,244137,244,Wrong Item,Completed,612.59,2025-07-26 13:30:17
2419,244139,260,Defective,Completed,39.04,2025-07-26 06:30:17
2420,244231,258,Size Mismatch,Completed,77.97,2023-09-15 06:08:09
2421,244232,291,Size Mismatch,Approved,156.51,2023-09-14 10:08:09
2422,244233,216,Buyer Remorse,Completed,392.12,2023-09-14 07:08:09
2423,244234,273,Defective,Approved,170.76,2023-09-14 10:08:09
2424,244235,221,Buyer Remorse,Completed,524.7,2023-09-14 11:08:09
2425,244453,228,Not as Described,Completed,256.64,2023-10-31 16:12:07
2426,244454,255,Defective,Completed,40.74,2023-10-30 13:12:07
2427,244455,223,Defective,Completed,400.62,2023-10-31 17:12:07
2428,244456,222,Wrong Item,Completed,127.84,2023-11-02 18:12:07
2429,244457,231,Size Mismatch,Approved,17.52,2023-10-30 11:12:07
2430,244458,283,Buyer Remorse,Completed,1004.9,2023-10-29 14:12:07
2431,244746,246,Size Mismatch,Completed,261.88,2023-07-20 14:04:25
2432,244747,214,Wrong Item,Completed,100.2,2023-07-19 14:04:25
2433,244748,217,Size Mismatch,Completed,25.17,2023-07-18 18:04:25
2434,244750,298,Not as Described,Approved,825.66,2023-07-22 21:04:25
2435,244901,220,Size Mismatch,Approved,505.57,2024-10-25 19:38:35
2436,244902,204,Size Mismatch,Approved,258.34,2024-10-23 16:38:35
2437,244903,290,Defective,Completed,432.3,2024-10-24 22:38:35
2438,244904,221,Defective,Completed,372.85,2024-10-21 20:38:35
2439,244988,263,Wrong Item,Inspected,526.85,2025-07-20 21:56:15
2440,244989,262,Wrong Item,Inspected,135.63,2025-07-18 00:56:15
2441,244990,228,Not as Described,Completed,672.86,2025-07-18 02:56:15
2442,244991,268,Wrong Item,Completed,699.85,2025-07-19 22:56:15
2443,245202,284,Not as Described,Approved,132.2,2025-12-17 18:21:02
2444,245203,229,Wrong Item,Completed,36.2,2025-12-17 18:21:02
2445,245205,280,Defective,Completed,11.44,2025-12-17 00:21:02
2446,245423,276,Not as Described,Completed,126.02,2024-07-02 16:12:52
2447,245424,285,Wrong Item,Completed,218.2,2024-06-28 22:12:52
2448,245517,285,Wrong Item,Completed,281.01,2023-12-07 15:10:42
2449,245518,217,Wrong Item,Completed,129.88,2023-12-06 18:10:42
2450,245520,210,Not as Described,Completed,4286.31,2023-12-03 14:10:42
2451,245521,276,Not as Described,Completed,1928.76,2023-12-03 12:10:42
2452,245522,284,Not as Described,Inspected,5.96,2023-12-03 15:10:42
2453,245727,298,Wrong Item,Completed,217.68,2024-09-14 13:13:32
2454,245854,272,Buyer Remorse,Inspected,1269.97,2023-01-22 22:00:10
2455,245856,268,Defective,Completed,208.26,2023-01-22 22:00:10
2456,245896,299,Buyer Remorse,Completed,141.36,2023-04-28 15:58:27
2457,246199,237,Defective,Completed,1128.45,2025-10-13 14:44:47
2458,246200,230,Wrong Item,Completed,81.15,2025-10-13 12:44:47
2459,246201,233,Wrong Item,Approved,54.06,2025-10-12 09:44:47
2460,246202,224,Defective,Completed,46.0,2025-10-16 10:44:47
2461,246203,225,Wrong Item,Approved,119.13,2025-10-13 07:44:47
2462,246696,245,Buyer Remorse,Approved,566.65,2024-12-21 17:18:48
2463,246697,280,Defective,Approved,108.64,2024-12-22 23:18:48
2464,246700,235,Buyer Remorse,Completed,33.69,2024-12-25 17:18:48
2465,246701,256,Size Mismatch,Completed,166.27,2024-12-21 23:18:48
2466,247068,287,Defective,Completed,19.56,2023-12-19 19:51:05
2467,247070,295,Buyer Remorse,Completed,10.59,2023-12-16 17:51:05
2468,247237,282,Wrong Item,Completed,276.09,2023-12-03 13:32:53
2469,247238,212,Not as Described,Approved,58.61,2023-12-05 14:32:53
2470,247239,202,Not as Described,Completed,129.27,2023-12-05 11:32:53
2471,247240,235,Not as Described,Completed,102.06,2023-12-07 13:32:53
2472,247241,249,Size Mismatch,Completed,471.42,2023-12-05 11:32:53
2473,247530,267,Size Mismatch,Completed,180.74,2024-12-15 17:46:38
2474,247531,215,Wrong Item,Completed,352.36,2024-12-16 15:46:38
2475,247532,215,Not as Described,Completed,111.72,2024-12-14 16:46:38
2476,247533,291,Size Mismatch,Inspected,182.78,2024-12-13 11:46:38
2477,247534,265,Defective,Completed,97.63,2024-12-15 15:46:38
2478,247535,234,Defective,Completed,19.42,2024-12-15 11:46:38
2479,247662,239,Buyer Remorse,Completed,46.68,2024-07-22 12:28:20
2480,247663,300,Defective,Completed,313.96,2024-07-23 20:28:20
2481,247666,278,Size Mismatch,Completed,223.07,2024-07-22 14:28:20
2482,247880,280,Wrong Item,Completed,43.79,2023-08-05 12:23:05
2483,247881,268,Buyer Remorse,Completed,25.59,2023-08-03 08:23:05
2484,247882,282,Wrong Item,Inspected,73.03,2023-08-02 13:23:05
2485,247883,244,Not as Described,Inspected,236.79,2023-08-05 07:23:05
2486,247884,226,Size Mismatch,Completed,219.59,2023-08-02 14:23:05
2487,247971,244,Size Mismatch,Approved,278.37,2025-11-07 15:22:42
2488,247972,247,Buyer Remorse,Completed,2504.58,2025-11-06 16:22:42
2489,247973,202,Size Mismatch,Completed,241.58,2025-11-05 15:22:42
2490,247974,212,Size Mismatch,Completed,95.22,2025-11-07 14:22:42
2491,247975,281,Not as Described,Completed,330.3,2025-11-05 18:22:42
2492,248012,284,Buyer Remorse,Completed,1902.96,2024-02-13 23:00:30
2493,248014,260,Buyer Remorse,Completed,458.8,2024-02-15 00:00:30
2494,248015,290,Wrong Item,Completed,336.63,2024-02-15 00:00:30
2495,248016,219,Not as Described,Completed,117.88,2024-02-17 20:00:30
2496,248019,203,Buyer Remorse,Completed,177.87,2025-12-29 09:55:04
2497,248020,213,Not as Described,Completed,110.09,2025-12-31 10:55:04
2498,248021,251,Wrong Item,Approved,620.46,2025-12-30 11:55:04
2499,248022,299,Size Mismatch,Completed,3109.5,2025-12-28 10:55:04
2500,248447,215,Wrong Item,Completed,912.94,2023-12-09 09:43:01
2501,248449,289,Wrong Item,Completed,1065.63,2023-12-11 16:43:01
2502,248450,272,Defective,Inspected,644.74,2023-12-12 14:43:01
2503,248451,296,Wrong Item,Completed,78.61,2023-12-08 15:43:01
2504,249005,297,Not as Described,Completed,112.96,2023-04-14 19:35:18
2505,249006,234,Buyer Remorse,Completed,1407.12,2023-04-14 19:35:18
2506,249009,253,Size Mismatch,Approved,1239.06,2023-04-14 19:35:18
2507,250417,211,Size Mismatch,Completed,1401.34,2025-03-30 16:15:35
2508,250418,238,Not as Described,Approved,33.41,2025-03-30 16:15:35
2509,250419,228,Wrong Item,Completed,1237.02,2025-03-31 00:15:35
2510,250420,227,Buyer Remorse,Completed,250.72,2025-03-30 19:15:35
2511,250421,269,Wrong Item,Approved,715.31,2025-03-28 19:15:35
2512,251053,255,Wrong Item,Completed,400.4,2023-08-09 18:52:46
2513,251054,257,Buyer Remorse,Approved,162.32,2023-08-07 12:52:46
2514,251239,215,Defective,Completed,182.29,2024-07-08 00:34:33
2515,251240,243,Size Mismatch,Completed,372.87,2024-07-04 20:34:33
2516,251241,300,Wrong Item,Inspected,420.65,2024-07-04 20:34:33
2517,251242,249,Size Mismatch,Completed,11.99,2024-07-04 20:34:33
2518,251243,273,Buyer Remorse,Completed,52.1,2024-07-03 16:34:33
2519,251244,275,Wrong Item,Completed,470.58,2024-07-04 00:34:33
2520,251401,275,Wrong Item,Completed,159.84,2026-02-10 09:49:54
2521,251402,202,Not as Described,Approved,272.02,2026-02-10 11:49:54
2522,251403,216,Defective,Completed,486.22,2026-02-08 08:49:54
2523,251404,258,Buyer Remorse,Completed,34.64,2026-02-08 12:49:54
2524,251406,247,Buyer Remorse,Inspected,94.79,2026-02-09 11:49:54
2525,251457,231,Size Mismatch,Completed,136.08,2023-12-13 18:24:43
2526,251458,259,Size Mismatch,Completed,273.14,2023-12-15 13:24:43
2527,251920,265,Size Mismatch,Completed,51.53,2023-12-26 16:26:18
2528,252243,264,Not as Described,Completed,215.9,2025-04-01 06:39:16
2529,252244,259,Buyer Remorse,Completed,137.09,2025-04-03 00:39:16
2530,252245,269,Size Mismatch,Inspected,29.91,2025-03-30 05:39:16
2531,252246,209,Wrong Item,Completed,619.35,2025-04-01 07:39:16
2532,252247,226,Size Mismatch,Completed,569.91,2025-04-02 04:39:16
2533,252653,246,Not as Described,Completed,39.41,2025-08-08 11:29:45
2534,252784,232,Defective,Completed,600.92,2023-09-11 09:52:34
2535,252785,248,Wrong Item,Completed,249.44,2023-09-13 06:52:34
2536,252786,242,Size Mismatch,Completed,3747.54,2023-09-10 06:52:34
2537,252789,292,Size Mismatch,Completed,863.18,2023-09-13 04:52:34
2538,252943,241,Wrong Item,Approved,75.72,2026-07-05 23:46:35
2539,253007,251,Not as Described,Completed,1074.09,2023-07-30 17:10:17
2540,253030,267,Wrong Item,Approved,2547.64,2025-12-14 02:25:31
2541,253045,261,Defective,Completed,32.54,2024-10-26 15:13:11
2542,253046,209,Size Mismatch,Completed,1280.58,2024-10-27 12:13:11
2543,253047,241,Not as Described,Completed,1294.89,2024-10-28 12:13:11
2544,253048,203,Size Mismatch,Approved,497.14,2024-10-27 10:13:11
2545,253049,229,Defective,Completed,115.88,2024-10-28 16:13:11
2546,253279,298,Not as Described,Completed,72.6,2023-12-30 22:07:56
2547,253280,212,Wrong Item,Completed,1018.85,2023-12-27 22:07:56
2548,253546,217,Buyer Remorse,Completed,118.68,2024-07-24 13:45:03
2549,253548,259,Defective,Completed,323.85,2024-07-27 16:45:03
2550,253549,219,Wrong Item,Completed,1584.75,2024-07-25 15:45:03
2551,253550,286,Size Mismatch,Completed,61.53,2024-07-28 16:45:03
2552,253683,267,Size Mismatch,Completed,668.32,2025-01-21 20:11:56
2553,253684,252,Size Mismatch,Completed,511.26,2025-01-17 16:11:56
2554,253772,281,Not as Described,Completed,14.72,2024-11-03 16:00:32
2555,253773,237,Defective,Completed,8.22,2024-10-30 17:00:32
2556,253774,273,Wrong Item,Completed,92.34,2024-11-03 22:00:32
2557,253775,269,Defective,Completed,25.44,2024-10-31 18:00:32
2558,253776,208,Size Mismatch,Completed,160.46,2024-11-01 16:00:32
2559,253884,245,Defective,Approved,1148.82,2025-06-27 09:09:39
2560,253885,287,Buyer Remorse,Inspected,118.1,2025-06-27 04:09:39
2561,254755,274,Wrong Item,Completed,708.58,2025-10-17 18:02:21
2562,254756,216,Wrong Item,Completed,508.63,2025-10-20 01:02:21
2563,254758,233,Buyer Remorse,Completed,76.32,2025-10-19 21:02:21
2564,255050,289,Defective,Completed,125.63,2024-08-01 01:22:01
2565,255051,295,Buyer Remorse,Completed,189.8,2024-07-30 23:22:01
2566,255052,283,Size Mismatch,Completed,534.28,2024-07-30 21:22:01
2567,255053,209,Defective,Completed,79.35,2024-07-31 00:22:01
2568,255054,296,Defective,Approved,46.69,2024-07-31 21:22:01
2569,255055,231,Not as Described,Completed,49.47,2024-08-02 03:22:01
2570,255085,235,Defective,Approved,454.96,2024-11-01 19:15:58
2571,255086,263,Not as Described,Completed,117.84,2024-10-31 18:15:58
2572,255087,285,Not as Described,Completed,583.3,2024-10-30 19:15:58
2573,255089,230,Not as Described,Approved,250.08,2024-10-30 12:15:58
2574,255271,238,Defective,Completed,226.62,2023-09-27 21:40:44
2575,255274,258,Buyer Remorse,Completed,77.66,2023-09-26 18:40:44
2576,255275,233,Defective,Approved,87.87,2023-09-25 17:40:44
2577,255343,204,Wrong Item,Completed,51.57,2023-12-01 20:50:42
2578,255401,207,Size Mismatch,Inspected,705.84,2023-09-29 22:04:41
2579,255402,201,Wrong Item,Completed,77.55,2023-09-30 01:04:41
2580,256055,250,Size Mismatch,Approved,68.29,2025-07-07 22:42:40
2581,256056,232,Not as Described,Completed,3521.12,2025-07-08 22:42:40
2582,256057,290,Defective,Completed,89.37,2025-07-09 18:42:40
2583,256058,269,Wrong Item,Completed,33.87,2025-07-08 23:42:40
2584,256059,249,Not as Described,Completed,702.84,2025-07-08 23:42:40
2585,256345,260,Buyer Remorse,Inspected,606.4,2025-05-07 20:35:45
2586,256346,281,Defective,Completed,206.51,2025-05-09 20:35:45
2587,257653,244,Size Mismatch,Completed,818.95,2023-11-27 17:01:09
2588,257654,212,Defective,Completed,14.3,2023-12-01 12:01:09
2589,257805,272,Not as Described,Completed,210.74,2023-10-07 07:31:33
2590,257806,203,Not as Described,Completed,161.97,2023-10-06 09:31:33
2591,257918,249,Not as Described,Completed,2114.96,2026-01-17 16:01:45
2592,257919,264,Not as Described,Completed,240.93,2026-01-20 22:01:45
2593,257920,249,Wrong Item,Completed,83.68,2026-01-16 16:01:45
2594,257921,294,Buyer Remorse,Completed,23.46,2026-01-19 18:01:45
2595,257922,206,Wrong Item,Completed,1915.24,2026-01-17 16:01:45
2596,258425,278,Defective,Completed,185.63,2024-01-16 15:10:35
2597,258426,230,Wrong Item,Inspected,42.15,2024-01-15 12:10:35
2598,258427,225,Size Mismatch,Completed,170.93,2024-01-18 08:10:35
2599,258468,281,Not as Described,Completed,158.86,2023-12-13 14:26:25
2600,258470,217,Defective,Completed,618.82,2023-12-12 16:26:25
2601,258573,267,Wrong Item,Completed,61.44,2023-05-25 19:56:15
2602,258574,278,Wrong Item,Approved,270.54,2023-05-26 17:56:15
2603,258575,256,Defective,Completed,266.49,2023-05-23 20:56:15
2604,258797,275,Size Mismatch,Approved,1977.01,2024-05-12 14:05:33
2605,258798,213,Not as Described,Completed,28.13,2024-05-12 11:05:33
2606,258799,225,Buyer Remorse,Approved,216.58,2024-05-10 16:05:33
2607,258911,234,Defective,Completed,19.08,2025-09-12 15:35:25
2608,258913,247,Size Mismatch,Completed,209.85,2025-09-09 14:35:25
2609,258915,200,Buyer Remorse,Completed,400.53,2025-09-09 10:35:25
2610,258916,243,Buyer Remorse,Completed,884.67,2025-09-09 13:35:25
2611,258923,272,Buyer Remorse,Approved,325.58,2023-10-19 17:55:52
2612,258925,249,Not as Described,Completed,255.27,2023-10-22 00:55:52
2613,258967,266,Size Mismatch,Completed,3259.94,2023-08-14 22:24:42
2614,259185,237,Not as Described,Completed,219.39,2024-12-02 11:51:04
2615,259339,224,Size Mismatch,Completed,169.34,2024-05-27 11:32:54
2616,259460,235,Wrong Item,Completed,682.1,2023-06-03 14:56:18
2617,259556,288,Not as Described,Completed,998.95,2023-11-26 12:26:23
2618,259557,252,Defective,Completed,26.09,2023-11-27 14:26:23
2619,259558,297,Not as Described,Completed,187.4,2023-11-28 14:26:23
2620,259574,294,Wrong Item,Completed,8.72,2026-06-19 18:55:18
2621,259575,202,Wrong Item,Approved,2561.5,2026-06-21 16:55:18
2622,259576,265,Buyer Remorse,Completed,1351.18,2026-06-18 18:55:18
2623,259577,200,Wrong Item,Approved,1607.7,2026-06-18 16:55:18
2624,259578,300,Buyer Remorse,Completed,859.77,2026-06-21 11:55:18
2625,259734,212,Buyer Remorse,Completed,646.92,2025-09-20 20:21:22
2626,259735,278,Not as Described,Inspected,34.38,2025-09-19 01:21:22
2627,259746,275,Not as Described,Completed,77.56,2025-05-03 15:59:03
2628,259747,284,Size Mismatch,Approved,698.35,2025-05-03 12:59:03
2629,260158,264,Size Mismatch,Completed,81.61,2025-12-09 07:11:41
2630,260159,236,Size Mismatch,Completed,36.48,2025-12-07 10:11:41
2631,260160,277,Size Mismatch,Approved,99.24,2025-12-10 10:11:41
2632,260304,251,Wrong Item,Completed,52.76,2024-08-03 17:17:03
2633,260305,244,Buyer Remorse,Completed,44.15,2024-08-03 10:17:03
2634,260306,249,Size Mismatch,Completed,309.4,2024-08-02 15:17:03
2635,260307,249,Wrong Item,Completed,73.41,2024-08-02 10:17:03
2636,260308,213,Not as Described,Completed,336.36,2024-08-05 12:17:03
2637,260600,216,Size Mismatch,Completed,3195.92,2023-11-27 11:44:50
2638,260603,209,Size Mismatch,Approved,535.05,2023-11-28 13:44:50
2639,260604,286,Not as Described,Completed,111.64,2023-11-30 06:44:50
2640,261026,269,Wrong Item,Approved,104.61,2024-02-19 16:57:50
2641,261027,240,Buyer Remorse,Approved,510.56,2024-02-20 10:57:50
2642,261028,275,Wrong Item,Completed,543.74,2024-02-20 11:57:50
2643,261029,263,Defective,Approved,593.14,2024-02-19 15:57:50
2644,261030,242,Size Mismatch,Inspected,1453.64,2024-02-20 12:57:50
2645,261322,262,Buyer Remorse,Completed,1179.39,2026-06-17 12:15:30
2646,261323,201,Not as Described,Completed,206.82,2026-06-18 17:15:30
2647,261531,239,Defective,Completed,361.82,2025-08-20 11:51:50
2648,261532,236,Defective,Completed,111.36,2025-08-22 17:51:50
2649,261533,230,Defective,Approved,150.68,2025-08-22 17:51:50
2650,261565,279,Buyer Remorse,Completed,21.33,2025-09-28 03:32:51
2651,261566,263,Size Mismatch,Completed,2002.26,2025-09-29 03:32:51
2652,261851,283,Wrong Item,Completed,87.58,2025-11-25 09:29:35
2653,261852,209,Wrong Item,Approved,310.56,2025-11-26 07:29:35
2654,262027,210,Not as Described,Completed,51.47,2023-01-28 16:09:18
2655,262029,295,Buyer Remorse,Completed,574.52,2023-01-31 15:09:18
2656,262031,294,Not as Described,Completed,10.09,2023-01-27 14:09:18
2657,262293,292,Defective,Completed,2826.4,2025-12-28 11:39:09
2658,262294,289,Defective,Completed,231.11,2025-12-28 07:39:09
2659,262295,263,Defective,Completed,434.73,2025-12-30 08:39:09
2660,262511,217,Wrong Item,Completed,162.42,2025-03-21 07:04:49
2661,262815,237,Wrong Item,Completed,21.02,2023-08-02 13:08:31
2662,262816,236,Wrong Item,Approved,96.24,2023-08-01 18:08:31
2663,262817,204,Size Mismatch,Completed,669.04,2023-08-02 16:08:31
2664,262818,299,Buyer Remorse,Completed,174.88,2023-08-01 17:08:31
2665,262819,225,Buyer Remorse,Completed,111.69,2023-08-01 17:08:31
2666,262832,208,Not as Described,Completed,66.15,2024-12-26 08:23:19
2667,262833,200,Not as Described,Completed,3901.13,2024-12-30 14:23:19
2668,262835,289,Size Mismatch,Completed,9.38,2024-12-26 10:23:19
2669,262836,201,Defective,Completed,172.38,2024-12-30 15:23:19
2670,262837,219,Not as Described,Completed,399.97,2024-12-26 10:23:19
2671,262879,296,Buyer Remorse,Completed,59.04,2024-06-05 23:15:48
2672,262881,240,Defective,Approved,431.28,2024-06-05 17:15:48
2673,263160,290,Size Mismatch,Completed,471.44,2023-07-21 05:16:07
2674,263163,247,Buyer Remorse,Completed,138.05,2023-07-21 06:16:07
2675,263165,263,Buyer Remorse,Completed,31.2,2023-07-19 05:16:07
2676,263351,222,Size Mismatch,Completed,240.27,2023-12-06 02:50:40
2677,263352,264,Size Mismatch,Completed,37.95,2023-12-06 21:50:40
2678,263353,266,Defective,Completed,288.24,2023-12-04 21:50:40
2679,263362,238,Defective,Completed,206.08,2024-04-04 18:40:36
2680,263363,262,Defective,Completed,2294.71,2024-04-03 17:40:36
2681,263365,265,Not as Described,Approved,107.94,2024-04-04 11:40:36
2682,263366,207,Defective,Completed,616.76,2024-04-03 17:40:36
2683,263367,278,Defective,Completed,236.97,2024-04-02 12:40:36
2684,263606,250,Size Mismatch,Completed,743.54,2023-08-15 14:37:12
2685,263607,276,Defective,Completed,412.23,2023-08-15 10:37:12
2686,264047,223,Buyer Remorse,Completed,90.3,2023-12-30 13:08:27
2687,264049,242,Size Mismatch,Completed,119.54,2023-12-28 12:08:27
2688,264051,213,Size Mismatch,Completed,1382.4,2023-12-29 10:08:27
2689,264219,232,Wrong Item,Completed,185.19,2025-06-19 17:49:54
2690,264220,278,Wrong Item,Approved,177.05,2025-06-18 15:49:54
2691,264221,202,Wrong Item,Completed,214.51,2025-06-18 12:49:54
2692,264222,224,Wrong Item,Completed,337.09,2025-06-18 14:49:54
2693,264224,272,Size Mismatch,Approved,30.54,2025-06-19 10:49:54
2694,264357,242,Buyer Remorse,Completed,1504.44,2026-05-03 16:09:58
2695,264358,280,Not as Described,Completed,151.72,2026-05-03 17:09:58
2696,264359,300,Size Mismatch,Completed,567.6,2026-05-03 21:09:58
2697,264360,286,Size Mismatch,Completed,107.9,2026-05-03 13:09:58
2698,264361,230,Buyer Remorse,Completed,177.1,2026-04-30 13:09:58
2699,264362,293,Not as Described,Completed,1457.56,2026-05-01 17:09:58
2700,264469,230,Not as Described,Approved,534.17,2023-07-23 07:47:31
2701,264471,253,Not as Described,Completed,86.33,2023-07-25 08:47:31
2702,264472,200,Wrong Item,Completed,1103.87,2023-07-22 10:47:31
2703,265124,201,Buyer Remorse,Completed,353.72,2025-07-19 06:20:49
2704,265125,274,Size Mismatch,Approved,1086.78,2025-07-20 08:20:49
2705,265126,284,Size Mismatch,Completed,74.66,2025-07-19 09:20:49
2706,265127,223,Wrong Item,Completed,91.4,2025-07-18 05:20:49
2707,265129,247,Defective,Completed,42.15,2025-07-18 10:20:49
2708,265510,283,Wrong Item,Completed,883.56,2024-09-24 08:35:20
2709,265511,243,Size Mismatch,Completed,26.06,2024-09-25 11:35:20
2710,265513,262,Wrong Item,Completed,5602.92,2024-09-26 04:35:20
2711,265515,266,Size Mismatch,Inspected,111.09,2024-09-24 05:35:20
2712,266057,270,Not as Described,Completed,19.87,2023-07-16 15:12:37
2713,266058,224,Defective,Completed,277.21,2023-07-15 17:12:37
2714,266059,287,Not as Described,Completed,170.37,2023-07-14 20:12:37
2715,266060,215,Wrong Item,Approved,15.84,2023-07-18 19:12:37
2716,266061,293,Not as Described,Completed,1613.68,2023-07-14 12:12:37
2717,266062,268,Not as Described,Completed,206.86,2023-07-15 20:12:37
2718,266283,279,Size Mismatch,Completed,276.9,2025-07-05 19:10:00
2719,266284,255,Buyer Remorse,Approved,174.07,2025-07-03 21:10:00
2720,266286,239,Wrong Item,Completed,341.79,2025-07-05 16:10:00
2721,266287,232,Defective,Completed,52.35,2025-07-07 19:10:00
2722,266698,202,Wrong Item,Completed,103.58,2023-08-16 17:31:20
2723,266699,208,Defective,Completed,154.61,2023-08-16 18:31:20
2724,266700,270,Not as Described,Completed,70.3,2023-08-15 16:31:20
2725,267536,285,Not as Described,Completed,454.62,2025-12-26 20:27:11
2726,267537,266,Not as Described,Approved,1357.32,2025-12-29 17:27:11
2727,267539,266,Size Mismatch,Completed,137.07,2025-12-26 19:27:11
2728,267780,225,Size Mismatch,Inspected,154.26,2025-06-16 16:06:23
2729,267781,225,Size Mismatch,Completed,16.91,2025-06-13 18:06:23
2730,267782,289,Wrong Item,Completed,136.15,2025-06-14 12:06:23
2731,267783,266,Size Mismatch,Completed,256.41,2025-06-15 14:06:23
2732,267784,269,Size Mismatch,Completed,64.89,2025-06-13 18:06:23
2733,267866,291,Size Mismatch,Completed,1766.48,2023-10-02 13:41:15
2734,267867,216,Wrong Item,Completed,61.91,2023-10-01 06:41:15
2735,267868,240,Buyer Remorse,Completed,135.03,2023-10-01 11:41:15
2736,267871,246,Size Mismatch,Completed,1752.61,2023-09-30 10:41:15
2737,268085,251,Defective,Approved,398.64,2025-04-28 00:22:08
2738,268086,238,Buyer Remorse,Completed,86.14,2025-05-01 03:22:08
2739,268087,239,Wrong Item,Completed,37.05,2025-04-28 01:22:08
2740,268088,242,Buyer Remorse,Approved,3392.28,2025-04-29 01:22:08
2741,268089,211,Size Mismatch,Completed,129.4,2025-04-29 19:22:08
2742,268090,207,Size Mismatch,Inspected,286.47,2025-04-28 01:22:08
2743,268173,207,Not as Described,Completed,180.47,2025-08-20 18:53:54
2744,268174,201,Buyer Remorse,Completed,2.79,2025-08-20 12:53:54
2745,268175,229,Buyer Remorse,Completed,1118.37,2025-08-20 17:53:54
2746,268473,299,Defective,Completed,62.91,2024-07-05 14:22:39
2747,268474,270,Defective,Completed,202.52,2024-07-07 10:22:39
2748,268476,299,Defective,Completed,54.99,2024-07-08 14:22:39
2749,268477,234,Not as Described,Completed,854.86,2024-07-09 11:22:39
2750,268518,239,Not as Described,Completed,1116.18,2023-12-08 16:14:20
2751,268519,210,Not as Described,Completed,46.64,2023-12-11 15:14:20
2752,268520,238,Not as Described,Completed,384.73,2023-12-11 13:14:20
2753,268521,225,Defective,Completed,99.84,2023-12-09 20:14:20
2754,268522,236,Buyer Remorse,Completed,713.85,2023-12-09 14:14:20
2755,268523,209,Defective,Completed,269.94,2023-12-11 15:14:20
2756,268663,296,Not as Described,Completed,66.2,2025-03-11 05:15:37
2757,268664,268,Wrong Item,Approved,125.5,2025-03-12 03:15:37
2758,268666,253,Wrong Item,Completed,446.58,2025-03-11 11:15:37
2759,268667,277,Not as Described,Approved,291.96,2025-03-09 06:15:37
2760,268668,286,Wrong Item,Completed,17.64,2025-03-08 11:15:37
2761,269253,224,Wrong Item,Approved,16.32,2023-03-21 15:10:11
2762,269254,283,Buyer Remorse,Completed,64.4,2023-03-19 19:10:11
2763,269255,222,Wrong Item,Completed,662.32,2023-03-22 15:10:11
2764,269256,282,Wrong Item,Approved,85.44,2023-03-20 20:10:11
2765,269533,262,Not as Described,Completed,195.26,2025-11-04 13:46:54
2766,269534,228,Size Mismatch,Completed,3876.5,2025-11-03 13:46:54
2767,269535,232,Wrong Item,Completed,473.67,2025-11-01 14:46:54
2768,270060,240,Wrong Item,Completed,488.6,2025-11-20 13:04:38
2769,270061,205,Buyer Remorse,Completed,37.64,2025-11-21 14:04:38
2770,270539,225,Size Mismatch,Approved,188.37,2025-07-29 16:33:38
2771,270540,246,Size Mismatch,Completed,442.95,2025-07-30 21:33:38
2772,270542,231,Wrong Item,Completed,47.37,2025-07-31 18:33:38
2773,270543,220,Size Mismatch,Completed,342.83,2025-08-02 16:33:38
2774,271198,235,Not as Described,Completed,49.17,2025-11-24 19:10:26
2775,271199,230,Not as Described,Completed,146.29,2025-11-24 20:10:26
2776,271453,300,Size Mismatch,Completed,1168.0,2023-06-17 16:39:22
2777,271454,204,Size Mismatch,Completed,155.52,2023-06-15 12:39:22
2778,271455,284,Wrong Item,Inspected,164.27,2023-06-15 11:39:22
2779,271456,291,Wrong Item,Completed,49.25,2023-06-18 18:39:22
2780,271457,255,Wrong Item,Completed,3295.02,2023-06-18 17:39:22
2781,272126,254,Buyer Remorse,Approved,226.92,2024-07-19 21:23:53
2782,272128,229,Not as Described,Completed,1008.17,2024-07-21 18:23:53
2783,272515,257,Not as Described,Approved,285.66,2024-06-04 11:33:44
2784,272517,248,Wrong Item,Completed,429.47,2024-06-06 11:33:44
2785,272518,265,Wrong Item,Completed,498.42,2024-06-06 09:33:44
2786,272519,228,Buyer Remorse,Completed,675.69,2024-06-06 13:33:44
2787,272800,260,Size Mismatch,Approved,4910.01,2026-03-29 19:08:15
2788,272801,281,Size Mismatch,Approved,794.7,2026-04-01 16:08:15
2789,272846,299,Not as Described,Completed,159.68,2023-01-08 18:23:52
2790,272847,270,Size Mismatch,Completed,707.49,2023-01-08 15:23:52
2791,272848,300,Size Mismatch,Completed,2478.12,2023-01-10 14:23:52
2792,272850,231,Wrong Item,Completed,1997.9,2023-01-10 16:23:52
2793,272851,256,Size Mismatch,Completed,2038.44,2023-01-10 12:23:52
2794,273062,281,Size Mismatch,Inspected,218.47,2025-01-02 02:49:59
2795,273063,237,Buyer Remorse,Completed,383.28,2025-01-06 06:49:59
2796,273064,229,Size Mismatch,Completed,31.94,2025-01-06 04:49:59
2797,273747,253,Not as Described,Completed,21.74,2025-06-18 01:18:37
2798,273748,204,Size Mismatch,Completed,65.81,2025-06-20 23:18:37
2799,273750,271,Size Mismatch,Completed,19.58,2025-06-21 21:18:37
2800,273751,222,Size Mismatch,Inspected,38.79,2025-06-20 01:18:37
2801,273752,225,Size Mismatch,Completed,16.48,2025-06-21 19:18:37
2802,274621,277,Wrong Item,Approved,10.28,2025-07-29 19:29:07
2803,274622,267,Defective,Completed,86.49,2025-07-31 16:29:07
2804,274623,245,Buyer Remorse,Approved,40.96,2025-08-01 21:29:07
2805,274625,299,Buyer Remorse,Completed,61.84,2025-07-30 18:29:07
2806,274685,243,Not as Described,Completed,175.07,2025-12-19 21:29:40
2807,274686,300,Wrong Item,Completed,233.42,2025-12-21 18:29:40
2808,274687,249,Wrong Item,Completed,1754.7,2025-12-21 17:29:40
2809,274688,290,Not as Described,Completed,33.4,2025-12-18 21:29:40
2810,274689,211,Not as Described,Inspected,96.51,2025-12-21 23:29:40
2811,274690,239,Defective,Approved,138.98,2025-12-22 00:29:40
2812,274768,291,Size Mismatch,Approved,11.22,2024-01-07 19:04:36
2813,275341,294,Defective,Approved,17.22,2024-12-18 16:25:52
2814,275342,264,Defective,Approved,121.24,2024-12-22 15:25:52
2815,275940,230,Wrong Item,Approved,395.66,2023-12-12 09:40:57
2816,275941,254,Size Mismatch,Approved,66.2,2023-12-11 15:40:57
2817,275942,221,Buyer Remorse,Inspected,49.57,2023-12-10 10:40:57
2818,276075,231,Defective,Completed,66.81,2026-06-09 10:44:54
2819,276076,203,Wrong Item,Completed,191.76,2026-06-07 18:44:54
2820,276142,224,Wrong Item,Completed,144.15,2023-03-23 12:40:27
2821,276143,281,Size Mismatch,Completed,80.79,2023-03-25 12:40:27
2822,276145,228,Wrong Item,Completed,58.86,2023-03-22 19:40:27
2823,276146,291,Wrong Item,Completed,157.24,2023-03-24 15:40:27
2824,276249,252,Buyer Remorse,Completed,540.86,2024-12-28 20:03:33
2825,276566,260,Size Mismatch,Completed,34.66,2025-12-16 07:46:53
2826,276937,261,Wrong Item,Completed,3524.02,2023-12-18 15:10:30
2827,277355,278,Buyer Remorse,Approved,222.9,2024-12-02 14:43:17
2828,277356,252,Not as Described,Completed,1359.78,2024-12-03 17:43:17
2829,277357,249,Buyer Remorse,Completed,71.76,2024-11-30 19:43:17
2830,277358,233,Buyer Remorse,Approved,3287.48,2024-12-03 14:43:17
2831,277359,233,Buyer Remorse,Completed,257.46,2024-11-30 17:43:17
2832,277369,215,Size Mismatch,Completed,713.85,2023-02-18 19:08:32
2833,277370,207,Wrong Item,Completed,102.84,2023-02-16 13:08:32
2834,277371,266,Size Mismatch,Approved,653.68,2023-02-17 21:08:32
2835,277372,250,Defective,Completed,86.12,2023-02-18 14:08:32
2836,277373,238,Size Mismatch,Approved,36.22,2023-02-15 20:08:32
2837,277374,233,Size Mismatch,Completed,314.85,2023-02-16 13:08:32
2838,278173,207,Not as Described,Completed,537.44,2025-06-21 09:46:52
2839,278174,245,Not as Described,Approved,128.92,2025-06-22 14:46:52
2840,278175,300,Size Mismatch,Completed,1629.06,2025-06-23 12:46:52
2841,278177,212,Buyer Remorse,Approved,795.84,2025-06-22 14:46:52
2842,278197,223,Not as Described,Completed,371.88,2024-04-24 16:19:43
2843,278199,264,Wrong Item,Approved,409.58,2024-04-25 15:19:43
2844,278200,231,Size Mismatch,Completed,605.14,2024-04-27 15:19:43
2845,278201,269,Wrong Item,Completed,589.45,2024-04-27 20:19:43
2846,278346,268,Defective,Inspected,40.14,2024-05-27 21:36:07
2847,278347,255,Buyer Remorse,Completed,51.94,2024-05-28 01:36:07
2848,278349,214,Buyer Remorse,Completed,3560.55,2024-05-30 04:36:07
2849,278350,275,Wrong Item,Completed,12.68,2024-05-26 20:36:07
2850,279095,297,Defective,Approved,105.0,2025-12-07 05:53:00
2851,279096,214,Not as Described,Approved,158.42,2025-12-10 12:53:00
2852,279178,278,Size Mismatch,Completed,114.92,2024-03-31 11:36:45
2853,279179,270,Size Mismatch,Completed,71.34,2024-03-28 04:36:45
2854,279225,206,Defective,Completed,116.71,2025-05-02 07:37:16
2855,279226,260,Not as Described,Completed,107.76,2025-05-05 14:37:16
2856,279416,240,Wrong Item,Completed,541.86,2025-12-07 16:41:15
2857,279417,232,Buyer Remorse,Completed,291.08,2025-12-07 16:41:15
2858,279418,254,Not as Described,Completed,3621.58,2025-12-09 18:41:15
2859,279419,268,Wrong Item,Completed,69.09,2025-12-07 17:41:15
2860,279420,249,Wrong Item,Approved,22.0,2025-12-05 18:41:15
2861,279421,297,Wrong Item,Completed,109.3,2025-12-06 14:41:15
2862,279784,249,Defective,Completed,9.4,2025-12-26 21:18:52
2863,279785,249,Wrong Item,Completed,686.18,2025-12-23 19:18:52
2864,279786,300,Size Mismatch,Approved,65.1,2025-12-23 21:18:52
2865,279788,288,Wrong Item,Approved,102.64,2025-12-24 21:18:52
2866,279808,236,Buyer Remorse,Completed,385.43,2024-01-19 20:18:23
2867,279809,202,Not as Described,Completed,58.59,2024-01-18 23:18:23
2868,279812,245,Size Mismatch,Completed,691.07,2024-01-18 21:18:23
2869,279813,234,Not as Described,Completed,151.11,2024-01-21 00:18:23
2870,279856,223,Size Mismatch,Approved,438.59,2023-11-30 00:21:32
2871,279857,277,Buyer Remorse,Completed,778.23,2023-11-28 22:21:32
2872,279858,245,Wrong Item,Completed,364.07,2023-11-29 21:21:32
2873,279859,295,Defective,Completed,301.3,2023-11-30 19:21:32
2874,279860,215,Not as Described,Completed,969.34,2023-11-26 20:21:32
2875,279938,256,Wrong Item,Completed,2161.56,2023-12-13 19:48:06
2876,279940,226,Defective,Completed,443.83,2023-12-15 16:48:06
2877,280230,246,Not as Described,Completed,91.47,2025-12-03 08:06:29
2878,280231,230,Size Mismatch,Completed,673.87,2025-12-01 12:06:29
2879,280621,235,Wrong Item,Completed,280.12,2023-09-25 08:09:31
2880,280622,228,Defective,Approved,803.14,2023-09-24 08:09:31
2881,281247,250,Wrong Item,Completed,83.66,2024-06-27 15:31:27
2882,281248,269,Defective,Completed,567.88,2024-06-25 15:31:27
2883,281249,271,Wrong Item,Inspected,21.1,2024-06-24 08:31:27
2884,281250,262,Buyer Remorse,Completed,44.98,2024-06-24 08:31:27
2885,281251,252,Buyer Remorse,Completed,591.52,2024-06-24 15:31:27
2886,281252,255,Buyer Remorse,Completed,184.49,2024-06-28 14:31:27
2887,281267,283,Size Mismatch,Approved,60.56,2025-12-27 09:50:50
2888,281268,215,Buyer Remorse,Completed,287.07,2025-12-29 05:50:50
2889,281269,260,Buyer Remorse,Completed,208.46,2025-12-27 05:50:50
2890,281270,295,Defective,Completed,341.25,2025-12-27 11:50:50
2891,281271,290,Not as Described,Completed,725.25,2025-12-26 08:50:50
2892,281519,261,Not as Described,Approved,443.83,2026-04-10 16:47:35
2893,281521,255,Defective,Completed,60.5,2026-04-09 09:47:35
2894,281522,249,Defective,Completed,90.64,2026-04-08 11:47:35
2895,281523,293,Not as Described,Completed,1223.58,2026-04-11 11:47:35
2896,281524,239,Wrong Item,Completed,74.42,2026-04-10 14:47:35
2897,281624,283,Defective,Completed,146.06,2026-02-07 10:37:31
2898,281625,287,Buyer Remorse,Approved,136.32,2026-02-06 14:37:31
2899,281897,293,Buyer Remorse,Completed,934.65,2024-11-13 07:33:11
2900,281898,222,Size Mismatch,Inspected,128.71,2024-11-11 02:33:11
2901,281899,250,Size Mismatch,Completed,1252.5,2024-11-13 05:33:11
2902,281900,260,Defective,Completed,177.33,2024-11-11 04:33:11
2903,281901,261,Defective,Completed,78.3,2024-11-14 08:33:11
2904,282343,283,Buyer Remorse,Completed,184.69,2023-07-12 10:25:45
2905,282344,292,Wrong Item,Approved,23.51,2023-07-13 09:25:45
2906,282521,253,Size Mismatch,Completed,138.63,2025-12-22 06:48:43
2907,282522,205,Size Mismatch,Inspected,197.77,2025-12-23 11:48:43
2908,282523,287,Size Mismatch,Approved,1201.84,2025-12-25 09:48:43
2909,283061,279,Wrong Item,Completed,76.69,2024-04-10 12:56:10
2910,283205,295,Not as Described,Completed,228.91,2023-07-18 13:17:24
2911,283206,229,Buyer Remorse,Completed,104.04,2023-07-17 14:17:24
2912,283207,254,Wrong Item,Completed,40.43,2023-07-14 13:17:24
2913,283210,297,Buyer Remorse,Completed,655.93,2025-06-11 07:47:45
2914,283211,217,Size Mismatch,Completed,60.93,2025-06-11 09:47:45
2915,283212,246,Size Mismatch,Inspected,209.15,2025-06-09 08:47:45
2916,284081,207,Buyer Remorse,Approved,127.22,2023-12-01 20:53:47
2917,284082,299,Not as Described,Completed,68.77,2023-12-03 15:53:47
2918,284083,213,Buyer Remorse,Completed,1989.84,2023-12-04 16:53:47
2919,284201,228,Buyer Remorse,Completed,5359.62,2024-12-23 19:27:09
2920,284202,235,Size Mismatch,Completed,160.85,2024-12-22 17:27:09
2921,284203,260,Wrong Item,Completed,792.46,2024-12-21 17:27:09
2922,284204,247,Wrong Item,Completed,93.89,2024-12-23 11:27:09
2923,284353,252,Size Mismatch,Completed,104.88,2023-10-06 04:26:51
2924,284354,242,Not as Described,Completed,48.25,2023-10-04 04:26:51
2925,284355,225,Buyer Remorse,Completed,36.32,2023-10-04 06:26:51
2926,284357,233,Size Mismatch,Completed,39.64,2023-10-02 01:26:51
2927,284610,265,Wrong Item,Completed,203.4,2023-03-16 11:32:36
2928,284611,288,Size Mismatch,Completed,1039.2,2023-03-16 12:32:36
2929,284612,284,Not as Described,Completed,82.53,2023-03-15 12:32:36
2930,284613,300,Not as Described,Completed,46.62,2023-03-18 10:32:36
2931,284615,248,Wrong Item,Approved,233.58,2023-03-18 12:32:36
2932,284942,242,Size Mismatch,Inspected,260.32,2024-12-01 08:43:46
2933,284943,297,Size Mismatch,Approved,276.14,2024-12-02 06:43:46
2934,284958,253,Size Mismatch,Approved,1388.09,2023-01-19 11:47:40
2935,284959,202,Wrong Item,Completed,1646.49,2023-01-19 09:47:40
2936,284960,205,Defective,Completed,289.02,2023-01-19 15:47:40
2937,284963,291,Not as Described,Approved,741.22,2023-01-20 10:47:40
2938,285354,213,Wrong Item,Completed,456.8,2025-08-15 14:40:08
2939,285356,223,Wrong Item,Completed,171.72,2025-08-14 15:40:08
2940,285357,229,Buyer Remorse,Approved,20.04,2025-08-14 14:40:08
2941,285716,211,Defective,Completed,722.72,2023-12-24 10:07:04
2942,285717,272,Not as Described,Approved,327.33,2023-12-23 10:07:04
2943,285718,297,Not as Described,Completed,161.34,2023-12-20 11:07:04
2944,285786,234,Not as Described,Completed,306.38,2024-05-16 02:30:37
2945,285828,212,Not as Described,Completed,122.13,2026-07-04 08:34:36
2946,285829,230,Not as Described,Completed,11.68,2026-07-06 04:34:36
2947,285830,205,Size Mismatch,Completed,119.07,2026-07-06 07:34:36
2948,285944,248,Size Mismatch,Completed,207.52,2026-02-20 17:56:38
2949,285945,242,Size Mismatch,Completed,148.26,2026-02-21 10:56:38
2950,285947,268,Buyer Remorse,Completed,72.02,2026-02-17 14:56:38
2951,285948,206,Buyer Remorse,Completed,42.44,2026-02-21 13:56:38
2952,286804,239,Wrong Item,Completed,345.98,2023-05-30 13:56:18
2953,286808,266,Not as Described,Completed,109.44,2023-05-27 12:56:18
2954,286809,292,Buyer Remorse,Completed,5.84,2023-05-28 08:56:18
2955,286848,279,Size Mismatch,Completed,2984.04,2023-10-15 17:22:32
2956,286968,211,Buyer Remorse,Completed,44.69,2025-11-28 14:55:32
2957,286970,282,Not as Described,Completed,216.6,2025-12-01 08:55:32
2958,286971,218,Not as Described,Completed,3749.26,2025-12-02 08:55:32
2959,287087,278,Size Mismatch,Completed,157.98,2024-11-27 11:15:29
2960,287088,238,Wrong Item,Approved,974.76,2024-11-27 09:15:29
2961,287089,207,Wrong Item,Completed,1476.2,2024-11-26 10:15:29
2962,287193,204,Buyer Remorse,Completed,275.46,2026-06-05 17:56:18
2963,287195,242,Not as Described,Completed,1360.0,2026-06-04 17:56:18
2964,287490,222,Not as Described,Completed,1257.58,2024-06-18 12:08:46
2965,287491,224,Defective,Completed,48.6,2024-06-15 12:08:46
2966,287492,221,Not as Described,Completed,26.35,2024-06-18 16:08:46
2967,287690,290,Not as Described,Completed,23.47,2023-07-25 23:56:53
2968,287691,255,Buyer Remorse,Completed,44.4,2023-07-25 00:56:53
2969,287692,201,Defective,Approved,88.97,2023-07-25 00:56:53
2970,287693,250,Defective,Approved,137.06,2023-07-24 21:56:53
2971,287694,232,Not as Described,Completed,280.02,2023-07-24 17:56:53
2972,287740,230,Defective,Completed,1792.44,2025-12-17 21:23:22
2973,287741,252,Not as Described,Completed,654.3,2025-12-16 14:23:22
2974,287743,256,Not as Described,Completed,462.37,2025-12-14 22:23:22
2975,287744,218,Size Mismatch,Completed,702.84,2025-12-14 21:23:22
2976,287745,261,Buyer Remorse,Completed,37.65,2025-12-15 22:23:22
2977,288021,229,Wrong Item,Completed,237.15,2024-07-09 08:24:21
2978,288022,223,Defective,Completed,41.23,2024-07-10 16:24:21
2979,288205,240,Wrong Item,Approved,165.85,2025-12-01 06:29:17
2980,288276,208,Defective,Completed,306.04,2025-03-13 08:56:25
2981,288277,287,Size Mismatch,Approved,20.46,2025-03-14 11:56:25
2982,288778,299,Size Mismatch,Completed,104.89,2023-01-15 17:28:07
2983,288779,291,Not as Described,Completed,1073.94,2023-01-18 15:28:07
2984,288781,268,Defective,Approved,380.72,2023-01-16 14:28:07
2985,289051,286,Wrong Item,Completed,4037.49,2024-07-09 18:04:30
2986,289052,260,Defective,Inspected,56.53,2024-07-12 23:04:30
2987,289055,232,Defective,Approved,132.37,2024-07-12 19:04:30
2988,289344,215,Not as Described,Completed,151.9,2023-11-13 08:07:05
2989,289346,294,Buyer Remorse,Completed,486.15,2023-11-09 14:07:05
2990,289347,292,Defective,Completed,164.74,2023-11-10 06:07:05
2991,289681,211,Defective,Completed,198.53,2026-02-02 18:42:07
2992,289818,252,Size Mismatch,Completed,198.02,2025-02-26 01:16:43
2993,289819,233,Defective,Completed,72.39,2025-02-24 21:16:43
2994,290509,268,Not as Described,Completed,26.16,2026-01-25 06:41:45
2995,290510,299,Not as Described,Completed,70.29,2026-01-27 11:41:45
2996,291077,226,Not as Described,Completed,137.88,2023-07-29 23:48:26
2997,291079,250,Buyer Remorse,Completed,316.1,2023-07-28 21:48:26
2998,291080,264,Defective,Completed,718.58,2023-08-01 21:48:26
2999,291081,284,Size Mismatch,Completed,963.37,2023-07-31 15:48:26
3000,291623,201,Not as Described,Completed,950.72,2025-06-23 22:03:20
3001,291624,219,Wrong Item,Completed,1122.5,2025-06-24 21:03:20
3002,291625,212,Size Mismatch,Completed,313.4,2025-06-26 21:03:20
3003,291851,238,Defective,Completed,475.09,2024-04-10 11:42:17
3004,291852,253,Defective,Completed,460.89,2024-04-08 18:42:17
3005,291853,252,Buyer Remorse,Completed,90.53,2024-04-09 13:42:17
3006,291999,239,Buyer Remorse,Completed,100.89,2023-11-30 16:09:43
3007,292000,268,Wrong Item,Completed,68.27,2023-11-27 17:09:43
3008,292001,273,Size Mismatch,Completed,428.31,2023-11-28 13:09:43
3009,292003,293,Buyer Remorse,Completed,722.57,2023-11-27 14:09:43
3010,292172,258,Buyer Remorse,Completed,150.45,2026-06-12 21:03:14
3011,292173,208,Defective,Completed,140.88,2026-06-12 18:03:14
3012,292174,254,Wrong Item,Completed,237.72,2026-06-12 20:03:14
3013,292175,277,Buyer Remorse,Completed,289.82,2026-06-15 14:03:14
3014,292176,219,Defective,Completed,857.8,2026-06-12 19:03:14
3015,292602,216,Defective,Completed,144.51,2024-04-01 11:00:44
3016,292604,210,Size Mismatch,Completed,1443.63,2024-04-01 14:00:44
3017,292605,288,Defective,Completed,776.08,2024-04-02 15:00:44
3018,292821,209,Size Mismatch,Completed,83.02,2023-12-05 10:19:34
3019,292822,258,Wrong Item,Completed,3686.8,2023-12-03 06:19:34
3020,293467,260,Not as Described,Completed,483.46,2024-03-09 13:36:54
3021,293468,280,Wrong Item,Completed,101.3,2024-03-05 14:36:54
3022,293469,280,Defective,Completed,25.84,2024-03-06 10:36:54
3023,293470,280,Buyer Remorse,Completed,68.8,2024-03-07 17:36:54
3024,294014,280,Size Mismatch,Completed,145.73,2024-07-18 04:34:35
3025,294116,257,Buyer Remorse,Completed,18.82,2025-12-27 09:29:55
3026,294117,204,Size Mismatch,Completed,1429.2,2025-12-29 13:29:55
3027,294159,245,Defective,Approved,3003.0,2024-11-28 14:16:27
3028,294160,277,Wrong Item,Completed,856.41,2024-11-25 18:16:27
3029,294161,212,Size Mismatch,Completed,47.89,2024-11-28 16:16:27
3030,294162,204,Defective,Completed,76.74,2024-11-28 14:16:27
3031,294163,266,Defective,Completed,100.74,2024-11-28 12:16:27
3032,294251,236,Wrong Item,Completed,22.18,2023-06-19 06:48:53
3033,294252,214,Size Mismatch,Completed,1013.27,2023-06-16 08:48:53
3034,294253,231,Size Mismatch,Inspected,584.75,2023-06-16 03:48:53
3035,294505,290,Wrong Item,Completed,4891.56,2026-05-08 12:08:08
3036,294560,206,Defective,Completed,65.19,2025-07-16 15:13:29
3037,294561,296,Size Mismatch,Completed,188.29,2025-07-13 10:13:29
3038,294562,299,Not as Described,Completed,62.88,2025-07-12 16:13:29
3039,294563,249,Not as Described,Approved,282.29,2025-07-14 11:13:29
3040,294564,232,Buyer Remorse,Completed,101.24,2025-07-14 13:13:29
3041,294565,201,Size Mismatch,Completed,1170.2,2025-07-12 15:13:29
3042,295023,288,Not as Described,Completed,204.93,2025-01-26 09:25:30
3043,295164,270,Not as Described,Completed,864.69,2025-04-10 21:49:23
3044,295165,297,Wrong Item,Completed,360.89,2025-04-12 20:49:23
3045,295166,234,Defective,Completed,614.55,2025-04-08 14:49:23
3046,295167,264,Wrong Item,Completed,602.65,2025-04-12 14:49:23
3047,295168,267,Defective,Completed,1043.63,2025-04-09 16:49:23
3048,295200,274,Buyer Remorse,Completed,56.65,2024-11-11 07:36:12
3049,295412,259,Buyer Remorse,Completed,596.31,2026-03-23 22:42:14
3050,295413,232,Not as Described,Completed,2304.72,2026-03-23 19:42:14
3051,295417,232,Defective,Completed,182.27,2024-04-05 22:52:03
3052,295450,233,Buyer Remorse,Completed,1654.11,2023-01-15 12:29:55
3053,295452,271,Not as Described,Approved,531.4,2023-01-12 10:29:55
3054,295453,281,Not as Described,Completed,10.28,2023-01-14 10:29:55
3055,296095,217,Size Mismatch,Completed,903.97,2023-07-15 23:08:52
3056,296096,202,Defective,Completed,1503.1,2023-07-19 01:08:52
3057,296097,294,Wrong Item,Completed,58.75,2023-07-18 02:08:52
3058,296539,231,Not as Described,Completed,334.13,2026-06-22 10:57:04
3059,296540,219,Wrong Item,Completed,104.63,2026-06-24 06:57:04
3060,296541,292,Not as Described,Completed,434.28,2026-06-22 12:57:04
3061,296542,292,Buyer Remorse,Completed,520.54,2026-06-23 07:57:04
3062,296543,216,Buyer Remorse,Approved,53.06,2026-06-21 12:57:04
3063,296544,293,Size Mismatch,Completed,410.92,2026-06-22 06:57:04
3064,296640,202,Defective,Completed,165.75,2024-07-09 22:41:07
3065,296641,233,Buyer Remorse,Completed,65.57,2024-07-10 19:41:07
3066,296642,272,Wrong Item,Completed,49.45,2024-07-10 16:41:07
3067,296915,249,Size Mismatch,Completed,48.13,2023-03-03 21:36:14
3068,296917,212,Defective,Completed,89.27,2023-02-28 16:36:14
3069,296918,255,Defective,Completed,4318.08,2023-03-02 15:36:14
3070,297704,295,Size Mismatch,Completed,61.32,2024-09-23 11:10:48
3071,297706,279,Size Mismatch,Completed,619.53,2024-09-26 10:10:48
3072,297707,285,Defective,Completed,133.22,2024-09-27 14:10:48
3073,297708,257,Not as Described,Completed,46.21,2024-09-25 17:10:48
3074,297803,230,Defective,Completed,267.24,2024-12-29 11:49:19
3075,297871,291,Wrong Item,Completed,329.44,2023-06-04 14:34:24
3076,297872,275,Size Mismatch,Completed,101.6,2023-06-05 16:34:24
3077,297873,246,Defective,Approved,115.28,2023-06-08 14:34:24
3078,298616,200,Not as Described,Completed,1874.37,2026-01-11 12:51:44
3079,298617,294,Size Mismatch,Completed,441.78,2026-01-13 07:51:44
3080,299294,229,Defective,Completed,319.5,2024-05-10 11:42:56
3081,299295,242,Size Mismatch,Completed,384.4,2024-05-12 12:42:56
3082,299788,212,Not as Described,Completed,142.67,2023-09-01 11:15:17
3083,299789,277,Buyer Remorse,Completed,73.01,2023-09-02 11:15:17
3084,300090,205,Defective,Completed,863.26,2025-03-16 01:55:02
3085,300091,215,Buyer Remorse,Approved,168.4,2025-03-16 23:55:02
3086,300092,206,Size Mismatch,Inspected,100.8,2025-03-19 00:55:02
3087,300093,282,Wrong Item,Completed,11.45,2025-03-18 01:55:02
3088,300094,275,Not as Described,Completed,1750.38,2025-03-18 19:55:02
3089,300935,218,Buyer Remorse,Completed,13.0,2023-10-21 14:10:59
3090,300936,227,Wrong Item,Completed,1238.84,2023-10-23 13:10:59
3091,300937,219,Size Mismatch,Completed,658.98,2023-10-25 09:10:59
3092,301190,259,Wrong Item,Inspected,98.71,2023-07-05 15:48:20
3093,301192,213,Size Mismatch,Approved,1780.5,2023-07-05 11:48:20
3094,301194,247,Buyer Remorse,Completed,81.33,2023-07-06 17:48:20
3095,301195,205,Size Mismatch,Completed,57.22,2023-07-08 19:48:20
3096,301377,275,Wrong Item,Inspected,116.18,2023-02-07 09:39:04
3097,301378,222,Wrong Item,Completed,573.05,2023-02-05 16:39:04
3098,301379,235,Wrong Item,Completed,1573.89,2023-02-05 12:39:04
3099,301381,245,Buyer Remorse,Approved,78.26,2023-02-09 15:39:04
3100,301382,268,Not as Described,Completed,1040.42,2023-02-06 09:39:04
3101,301522,220,Wrong Item,Completed,61.54,2023-06-08 03:10:47
3102,301523,295,Not as Described,Completed,4237.82,2023-06-08 02:10:47
3103,301524,226,Buyer Remorse,Completed,3237.89,2023-06-10 02:10:47
3104,301525,231,Defective,Completed,39.04,2023-06-11 07:10:47
3105,301526,255,Buyer Remorse,Completed,9.83,2023-06-08 09:10:47
3106,301707,213,Defective,Approved,31.6,2026-06-29 22:46:40
3107,301708,249,Not as Described,Completed,300.2,2026-06-30 22:46:40
3108,301709,266,Not as Described,Completed,11.76,2026-06-28 21:46:40
3109,301710,212,Defective,Completed,279.88,2026-06-30 21:46:40
3110,301711,225,Size Mismatch,Completed,35.06,2026-07-01 15:46:40
3111,301712,209,Buyer Remorse,Completed,485.43,2026-06-28 23:46:40
3112,301764,266,Buyer Remorse,Completed,251.96,2024-03-04 06:19:08
3113,301863,254,Wrong Item,Approved,89.32,2024-03-28 15:15:43
3114,301864,234,Defective,Completed,86.13,2024-03-28 13:15:43
3115,301865,253,Wrong Item,Completed,102.66,2024-03-25 18:15:43
3116,301890,254,Defective,Completed,47.62,2023-05-29 11:58:00
3117,301891,205,Not as Described,Completed,281.0,2023-05-28 16:58:00
3118,301892,288,Buyer Remorse,Completed,890.67,2023-05-31 14:58:00
3119,301894,242,Defective,Completed,58.22,2023-05-30 11:58:00
3120,301946,225,Wrong Item,Approved,290.64,2024-10-22 15:33:37
3121,301949,267,Size Mismatch,Completed,19.73,2024-10-21 14:33:37
3122,301950,300,Not as Described,Completed,25.58,2024-10-18 18:33:37
3123,302037,225,Wrong Item,Completed,24.46,2024-12-23 18:38:56
3124,302038,215,Defective,Completed,280.11,2024-12-27 21:38:56
3125,302039,207,Size Mismatch,Approved,238.03,2024-12-23 19:38:56
3126,302056,244,Size Mismatch,Completed,46.97,2026-01-04 09:15:37
3127,302057,223,Not as Described,Approved,398.64,2026-01-05 04:15:37
3128,302058,238,Size Mismatch,Completed,1356.48,2026-01-03 04:15:37
3129,302060,273,Defective,Completed,257.67,2026-01-01 09:15:37
3130,302230,281,Size Mismatch,Completed,292.64,2025-02-01 19:49:13
3131,302231,242,Size Mismatch,Completed,52.92,2025-01-30 15:49:13
3132,302232,293,Buyer Remorse,Approved,660.0,2025-02-02 19:49:13
3133,302233,248,Wrong Item,Completed,700.65,2025-02-01 17:49:13
3134,302631,246,Not as Described,Completed,1914.85,2025-02-01 10:57:47
3135,302632,200,Wrong Item,Completed,142.71,2025-01-29 12:57:47
3136,302633,292,Wrong Item,Completed,724.08,2025-02-01 10:57:47
3137,302634,237,Wrong Item,Completed,695.4,2025-01-29 10:57:47
3138,303208,207,Size Mismatch,Completed,16.66,2025-06-06 13:43:02
3139,303209,237,Defective,Completed,224.54,2025-06-02 16:43:02
3140,303210,231,Size Mismatch,Completed,476.34,2025-06-03 12:43:02
3141,303211,262,Wrong Item,Approved,30.62,2025-06-05 11:43:02
3142,303213,242,Wrong Item,Completed,920.34,2025-06-04 16:43:02
3143,303426,211,Wrong Item,Completed,272.7,2024-04-23 09:54:45
3144,303427,252,Not as Described,Completed,548.56,2024-04-25 10:54:45
3145,303428,257,Buyer Remorse,Completed,35.5,2024-04-27 08:54:45
3146,303429,212,Not as Described,Approved,2002.0,2024-04-26 12:54:45
3147,303430,274,Size Mismatch,Completed,166.38,2024-04-23 09:54:45
3148,303431,277,Defective,Completed,377.72,2024-04-24 04:54:45
3149,303449,239,Defective,Approved,2689.23,2023-12-22 05:05:44
3150,303450,250,Wrong Item,Completed,303.24,2023-12-21 06:05:44
3151,303451,228,Not as Described,Completed,99.4,2023-12-23 10:05:44
3152,303452,245,Buyer Remorse,Completed,963.55,2023-12-25 06:05:44
3153,303453,295,Defective,Completed,726.12,2023-12-22 05:05:44
3154,303454,281,Not as Described,Approved,36.07,2023-12-23 13:05:44
3155,303721,271,Not as Described,Completed,267.75,2024-09-15 13:48:55
3156,303722,263,Not as Described,Completed,347.43,2024-09-15 07:48:55
3157,303723,277,Not as Described,Completed,34.67,2024-09-13 11:48:55
3158,303724,250,Defective,Completed,934.24,2024-09-13 08:48:55
3159,303725,259,Buyer Remorse,Completed,4.66,2024-09-16 14:48:55
3160,303890,200,Wrong Item,Completed,21.37,2023-09-05 14:08:35
3161,303891,241,Wrong Item,Completed,220.86,2023-09-08 11:08:35
3162,303892,292,Size Mismatch,Completed,324.6,2023-09-06 13:08:35
3163,303926,278,Wrong Item,Completed,791.5,2023-12-31 12:26:49
3164,303931,274,Defective,Approved,2973.74,2023-12-30 16:26:49
3165,304257,296,Buyer Remorse,Completed,289.92,2025-10-14 09:40:31
3166,304258,254,Wrong Item,Completed,1119.78,2025-10-13 05:40:31
3167,304259,295,Buyer Remorse,Completed,209.76,2025-10-12 06:40:31
3168,304260,277,Buyer Remorse,Completed,9.17,2025-10-12 06:40:31
3169,304261,252,Size Mismatch,Completed,377.51,2025-10-14 06:40:31
3170,304629,283,Not as Described,Inspected,1401.36,2026-06-20 15:56:22
3171,304630,300,Defective,Approved,93.95,2026-06-19 10:56:22
3172,304631,284,Defective,Completed,1312.17,2026-06-18 16:56:22
3173,304632,220,Defective,Completed,393.85,2026-06-20 16:56:22
3174,305066,211,Size Mismatch,Completed,78.11,2023-09-07 14:47:25
3175,305068,294,Size Mismatch,Completed,77.24,2023-09-06 16:47:25
3176,305069,264,Wrong Item,Approved,288.9,2023-09-09 08:47:25
3177,305070,283,Wrong Item,Completed,143.76,2023-09-06 10:47:25
3178,305260,295,Not as Described,Completed,96.6,2025-10-11 14:42:39
3179,305363,252,Not as Described,Completed,91.02,2023-05-11 13:09:16
3180,305365,204,Not as Described,Completed,444.69,2023-05-14 15:09:16
3181,305366,215,Wrong Item,Completed,59.19,2023-05-13 17:09:16
3182,305367,255,Size Mismatch,Completed,1260.38,2023-05-13 15:09:16
3183,305368,226,Buyer Remorse,Inspected,2297.26,2023-05-14 09:09:16
3184,305379,201,Buyer Remorse,Completed,10.2,2025-03-25 20:39:21
3185,305380,266,Wrong Item,Approved,106.1,2025-03-28 01:39:21
3186,305381,234,Size Mismatch,Completed,24.48,2025-03-27 19:39:21
3187,305600,209,Not as Described,Completed,94.15,2024-07-08 16:06:44
3188,305694,231,Buyer Remorse,Completed,387.66,2024-03-19 16:19:25
3189,305696,258,Not as Described,Completed,195.74,2024-03-23 13:19:25
3190,305697,253,Buyer Remorse,Completed,14.22,2024-03-22 12:19:25
3191,305698,277,Buyer Remorse,Completed,250.24,2024-03-23 10:19:25
3192,306298,202,Defective,Inspected,1080.59,2023-03-17 11:54:03
3193,306300,215,Defective,Completed,1421.22,2023-03-17 13:54:03
3194,306301,236,Buyer Remorse,Completed,2300.01,2023-03-13 11:54:03
3195,306303,260,Size Mismatch,Completed,88.83,2023-03-14 09:54:03
3196,306950,210,Buyer Remorse,Completed,2592.27,2025-08-03 19:25:27
3197,307192,270,Defective,Completed,465.16,2023-02-27 08:27:08
3198,307193,230,Size Mismatch,Completed,118.92,2023-03-02 11:27:08
3199,307280,231,Buyer Remorse,Approved,57.32,2025-10-06 10:21:54
3200,307281,205,Size Mismatch,Inspected,288.5,2025-10-09 13:21:54
3201,307282,263,Wrong Item,Completed,305.1,2025-10-05 16:21:54
3202,308298,274,Not as Described,Completed,1683.12,2023-03-17 16:58:21
3203,308300,217,Not as Described,Completed,247.88,2023-03-16 09:58:21
3204,308302,207,Wrong Item,Completed,1179.51,2023-03-20 15:58:21
3205,308672,243,Buyer Remorse,Completed,20.22,2023-12-23 02:41:58
3206,308673,283,Defective,Approved,221.69,2023-12-22 00:41:58
3207,308674,229,Defective,Approved,108.02,2023-12-26 06:41:58
3208,309009,295,Size Mismatch,Completed,2.05,2025-06-13 00:30:23
3209,309010,204,Buyer Remorse,Completed,425.56,2025-06-13 20:30:23
3210,309011,276,Wrong Item,Completed,125.13,2025-06-12 21:30:23
3211,309013,220,Not as Described,Inspected,27.9,2025-06-11 19:30:23
3212,309420,220,Wrong Item,Completed,2178.22,2025-07-31 19:26:45
3213,309422,260,Defective,Completed,240.37,2025-08-01 12:26:45
3214,309423,276,Size Mismatch,Completed,343.61,2025-08-01 13:26:45
3215,309424,277,Wrong Item,Completed,3257.76,2025-07-31 13:26:45
3216,309582,240,Defective,Completed,265.97,2024-06-17 16:07:42
3217,309583,261,Not as Described,Completed,1182.33,2024-06-19 11:07:42
3218,309607,284,Size Mismatch,Completed,302.97,2025-06-09 23:24:25
3219,309608,298,Defective,Completed,369.49,2025-06-08 18:24:25
3220,309610,253,Defective,Completed,399.14,2025-06-09 23:24:25
3221,309611,200,Wrong Item,Completed,101.16,2025-06-08 20:24:25
3222,310601,271,Size Mismatch,Completed,31.03,2025-07-15 20:48:22
3223,310602,218,Not as Described,Completed,74.81,2025-07-15 00:48:22
3224,310603,220,Size Mismatch,Completed,49.1,2025-07-18 19:48:22
3225,310604,271,Wrong Item,Approved,195.79,2025-07-18 22:48:22
3226,310654,254,Defective,Completed,8.33,2024-11-22 15:56:12
3227,310655,202,Size Mismatch,Completed,74.58,2024-11-20 17:56:12
3228,310656,203,Buyer Remorse,Inspected,57.01,2024-11-21 18:56:12
3229,312079,202,Defective,Completed,684.36,2025-11-30 15:41:28
3230,312080,244,Buyer Remorse,Inspected,40.62,2025-12-02 09:41:28
3231,312081,286,Wrong Item,Completed,104.95,2025-12-01 12:41:28
3232,312082,241,Defective,Completed,30.41,2025-11-30 15:41:28
3233,312083,242,Size Mismatch,Completed,440.16,2025-12-02 12:41:28
3234,312440,231,Buyer Remorse,Completed,18.6,2026-02-09 12:43:46
3235,312441,238,Buyer Remorse,Completed,24.53,2026-02-07 17:43:46
3236,312676,246,Defective,Completed,233.38,2023-08-08 19:30:35
3237,312961,201,Size Mismatch,Completed,66.86,2025-08-03 21:29:41
3238,312965,205,Defective,Completed,33.97,2025-08-02 14:29:41
3239,313495,273,Size Mismatch,Completed,3056.97,2023-05-28 03:10:46
3240,313496,243,Defective,Completed,1915.64,2023-05-30 08:10:46
3241,313497,201,Size Mismatch,Completed,448.02,2023-05-30 11:10:46
3242,313816,201,Buyer Remorse,Completed,113.52,2025-01-01 03:45:35
3243,313817,215,Size Mismatch,Completed,874.68,2024-12-31 21:45:35
3244,313818,285,Wrong Item,Approved,73.3,2025-01-03 01:45:35
3245,313819,221,Defective,Approved,208.21,2025-01-02 04:45:35
3246,313820,296,Buyer Remorse,Completed,105.59,2025-01-01 21:45:35
3247,314016,247,Defective,Approved,411.4,2024-10-13 22:14:03
3248,314371,219,Buyer Remorse,Completed,28.13,2025-05-30 15:37:27
3249,314373,229,Size Mismatch,Completed,342.18,2025-05-29 19:37:27
3250,314374,243,Buyer Remorse,Approved,562.84,2025-05-30 14:37:27
3251,314375,294,Wrong Item,Completed,110.22,2025-05-28 16:37:27
3252,314415,295,Wrong Item,Completed,21.42,2026-06-21 14:02:31
3253,314416,272,Wrong Item,Completed,869.69,2026-06-21 18:02:31
3254,314609,232,Not as Described,Completed,681.59,2023-08-01 20:08:25
3255,314610,265,Defective,Completed,2586.36,2023-08-03 21:08:25
3256,314611,227,Size Mismatch,Completed,144.79,2023-07-30 21:08:25
3257,315110,264,Defective,Approved,147.42,2025-12-22 13:30:41
3258,315111,254,Not as Described,Completed,2005.42,2025-12-22 05:30:41
3259,315182,279,Not as Described,Approved,2491.76,2026-06-19 09:43:57
3260,315183,271,Buyer Remorse,Completed,347.43,2026-06-15 11:43:57
3261,315184,296,Wrong Item,Completed,105.21,2026-06-15 09:43:57
3262,315192,250,Size Mismatch,Completed,2183.08,2025-12-13 02:04:09
3263,315193,291,Buyer Remorse,Completed,6.78,2025-12-13 04:04:09
3264,315274,282,Size Mismatch,Completed,324.87,2023-12-13 13:46:33
3265,315276,221,Wrong Item,Completed,23.14,2023-12-15 10:46:33
3266,315499,267,Wrong Item,Completed,14.43,2023-09-15 15:02:52
3267,315500,289,Buyer Remorse,Completed,217.05,2023-09-13 14:02:52
3268,315501,278,Not as Described,Completed,190.13,2023-09-14 13:02:52
3269,315502,256,Size Mismatch,Approved,96.45,2023-09-17 09:02:52
3270,315503,261,Defective,Completed,692.91,2023-09-15 14:02:52
3271,315558,290,Wrong Item,Completed,214.32,2024-04-23 16:11:01
3272,315766,239,Size Mismatch,Completed,405.36,2024-12-19 11:02:42
3273,315767,211,Size Mismatch,Completed,24.7,2024-12-20 05:02:42
3274,315768,216,Not as Described,Approved,151.6,2024-12-20 09:02:42
3275,316950,240,Wrong Item,Approved,65.61,2025-12-05 04:36:28
3276,316951,274,Not as Described,Completed,54.24,2025-12-06 10:36:28
3277,316953,221,Defective,Completed,686.0,2025-12-04 09:36:28
3278,316954,201,Wrong Item,Completed,136.01,2025-12-07 10:36:28
3279,317156,215,Buyer Remorse,Completed,1232.46,2026-02-23 12:19:30
3280,317157,271,Defective,Completed,50.22,2026-02-23 18:19:30
3281,317158,223,Wrong Item,Completed,70.53,2026-02-23 15:19:30
3282,317276,275,Defective,Completed,385.56,2023-10-28 15:37:06
3283,317280,281,Buyer Remorse,Approved,153.08,2023-10-24 11:37:06
3284,317319,258,Not as Described,Completed,3118.45,2024-07-22 20:03:37
3285,317320,229,Wrong Item,Completed,45.66,2024-07-22 15:03:37
3286,317323,275,Wrong Item,Completed,74.91,2023-12-28 13:24:30
3287,317324,238,Not as Described,Completed,85.56,2023-12-31 17:24:30
3288,317325,220,Defective,Completed,29.55,2023-12-28 13:24:30
3289,317326,268,Defective,Completed,152.11,2023-12-28 15:24:30
3290,317329,222,Wrong Item,Completed,866.09,2024-06-11 07:36:38
3291,317330,203,Buyer Remorse,Completed,58.89,2024-06-14 04:36:38
3292,317331,255,Size Mismatch,Completed,547.28,2024-06-13 08:36:38
3293,317332,282,Not as Described,Completed,324.87,2024-06-12 12:36:38
3294,317333,256,Wrong Item,Completed,458.9,2024-06-11 12:36:38
3295,318207,269,Size Mismatch,Approved,278.72,2026-06-30 15:00:30
3296,318208,230,Buyer Remorse,Completed,1892.92,2026-06-27 12:00:30
3297,318209,252,Buyer Remorse,Completed,171.52,2026-06-28 14:00:30
3298,318210,241,Size Mismatch,Completed,23.33,2026-07-01 12:00:30
3299,318211,256,Not as Described,Completed,190.41,2026-06-30 17:00:30
3300,318251,262,Wrong Item,Completed,48.24,2026-06-29 09:35:41
3301,318252,225,Buyer Remorse,Completed,632.06,2026-06-28 05:35:41
3302,318253,220,Buyer Remorse,Completed,178.75,2026-06-27 05:35:41
3303,318505,246,Wrong Item,Completed,330.67,2023-05-23 00:34:56
3304,318506,206,Size Mismatch,Approved,67.5,2023-05-26 01:34:56
3305,318774,216,Buyer Remorse,Completed,577.8,2024-11-30 18:58:20
3306,318775,250,Defective,Approved,1479.5,2024-12-04 10:58:20
3307,319173,266,Size Mismatch,Completed,231.12,2024-08-13 12:10:55
3308,319175,291,Defective,Completed,2012.12,2024-08-09 14:10:55
3309,319180,225,Defective,Completed,547.77,2023-07-13 14:26:38
3310,319181,204,Wrong Item,Completed,3350.41,2023-07-12 12:26:38
3311,319182,227,Wrong Item,Completed,1620.91,2023-07-15 10:26:38
3312,319183,284,Buyer Remorse,Completed,189.82,2023-07-15 09:26:38
3313,319184,216,Size Mismatch,Completed,53.98,2023-07-11 10:26:38
3314,319185,264,Buyer Remorse,Completed,321.25,2023-07-14 16:26:38
3315,319227,251,Defective,Completed,20.46,2023-10-12 22:53:50
3316,319228,205,Defective,Approved,41.49,2023-10-14 19:53:50
3317,319229,254,Not as Described,Completed,1309.8,2023-10-12 22:53:50
3318,319365,233,Not as Described,Completed,32.21,2025-02-05 16:29:20
3319,319366,240,Buyer Remorse,Completed,356.79,2025-02-07 18:29:20
3320,319367,290,Size Mismatch,Completed,4505.1,2025-02-04 18:29:20
3321,319727,295,Not as Described,Completed,1509.84,2023-12-30 15:21:13
3322,319728,263,Not as Described,Completed,271.1,2023-12-30 20:21:13
3323,319730,239,Not as Described,Completed,1.79,2023-12-30 14:21:13
3324,319746,242,Size Mismatch,Completed,127.62,2025-08-09 00:30:41
3325,319747,266,Size Mismatch,Completed,760.4,2025-08-10 20:30:41
3326,319748,260,Size Mismatch,Completed,53.04,2025-08-09 03:30:41
3327,319888,288,Buyer Remorse,Completed,5167.92,2026-05-24 23:07:28
3328,319889,251,Buyer Remorse,Completed,1457.85,2026-05-26 01:07:28
3329,319891,209,Defective,Inspected,278.22,2026-05-27 03:07:28
