id,warehouse_id,product_id,quantity,reorder_level
1,1,1,13,5
2,1,2,177,25
3,1,3,11,5
4,1,4,31,10
5,1,5,272,25
6,1,6,200,25
7,1,7,25,10
8,1,8,33,10
9,1,9,295,25
10,1,10,32,10
11,1,11,11,5
12,1,12,206,25
13,1,13,29,10
14,1,14,19,10
15,1,15,8,5
16,1,16,42,10
17,1,17,298,25
18,1,18,59,25
19,1,19,9,5
20,1,20,36,10
21,1,21,18,10
22,1,22,9,5
23,1,23,104,25
24,1,24,57,10
25,1,25,280,25
26,1,26,35,10
27,1,27,34,10
28,1,28,229,25
29,1,29,105,25
30,1,30,161,25
31,1,31,181,25
32,1,32,71,25
33,1,33,57,10
34,1,34,257,25
35,1,35,23,10
36,1,36,7,5
37,1,37,52,10
38,1,38,19,5
39,1,39,33,10
40,1,40,235,25
41,1,41,35,10
42,1,42,277,25
43,1,43,63,25
44,1,44,236,25
45,1,45,31,10
46,1,46,21,10
47,1,47,38,10
48,1,48,32,10
49,1,49,38,10
50,1,50,14,5
51,1,51,163,25
52,1,52,155,25
53,1,53,51,10
54,1,54,238,25
55,1,55,57,25
56,1,56,10,5
57,1,57,28,10
58,1,58,29,10
59,1,59,28,10
60,1,60,27,10
61,1,61,24,10
62,1,62,197,25
63,1,63,28,10
64,1,64,264,25
65,1,65,295,25
66,1,66,14,5
67,1,67,133,25
68,1,68,26,10
69,1,69,26,10
70,1,70,67,25
71,1,71,300,25
72,1,72,140,25
73,1,73,262,25
74,1,74,242,25
75,1,75,22,10
76,1,76,43,10
77,1,77,31,10
78,1,78,44,10
79,1,79,245,25
80,1,80,119,25
81,1,81,29,10
82,1,82,255,25
83,1,83,7,5
84,1,84,287,25
85,1,85,59,10
86,1,86,276,25
87,1,87,44,10
88,1,88,43,10
89,1,89,190,25
90,1,90,5,5
91,1,91,41,10
92,1,92,23,10
93,1,93,55,10
94,1,94,20,5
95,1,95,78,25
96,1,96,59,10
97,1,97,266,25
98,1,98,233,25
99,1,99,26,10
100,1,100,9,5
101,1,101,46,10
102,1,102,53,25
103,1,103,299,25
104,1,104,58,10
105,1,105,49,10
106,1,106,142,25
107,1,107,6,5
108,1,108,90,25
109,1,109,18,5
110,1,110,39,10
111,1,111,236,25
112,1,112,56,10
113,1,113,85,25
114,1,114,227,25
115,1,115,269,25
116,1,116,40,10
117,1,117,8,5
118,1,118,50,10
119,1,119,35,10
120,1,120,212,25
121,1,121,167,25
122,1,122,58,10
123,1,123,38,10
124,1,124,26,10
125,1,125,53,10
126,1,126,28,10
127,1,127,60,10
128,1,128,14,5
129,1,129,207,25
130,1,130,46,10
131,1,131,41,10
132,1,132,44,10
133,1,133,52,10
134,1,134,196,25
135,1,135,21,10
136,1,136,16,10
137,1,137,159,25
138,1,138,17,10
139,1,139,56,10
140,1,140,59,10
141,1,141,37,10
142,1,142,226,25
143,1,143,51,10
144,1,144,57,10
145,1,145,9,5
146,1,146,217,25
147,1,147,31,10
148,1,148,60,10
149,1,149,112,25
150,1,150,38,10
151,1,151,286,25
152,1,152,5,5
153,1,153,246,25
154,1,154,58,10
155,1,155,214,25
156,1,156,53,10
157,1,157,241,25
158,1,158,244,25
159,1,159,19,5
160,1,160,184,25
161,1,161,286,25
162,1,162,5,5
163,1,163,38,10
164,1,164,77,25
165,1,165,290,25
166,1,166,119,25
167,1,167,7,5
168,1,168,238,25
169,1,169,62,25
170,1,170,58,10
171,1,171,42,10
172,1,172,29,10
173,1,173,46,10
174,1,174,9,5
175,1,175,239,25
176,1,176,22,10
177,1,177,54,10
178,1,178,51,10
179,1,179,93,25
180,1,180,47,10
181,1,181,69,25
182,1,182,115,25
183,1,183,104,25
184,1,184,58,25
185,1,185,81,25
186,1,186,95,25
187,1,187,55,10
188,1,188,75,25
189,1,189,31,10
190,1,190,202,25
191,1,191,7,5
192,1,192,76,25
193,1,193,19,5
194,1,194,10,5
195,1,195,31,10
196,1,196,24,10
197,1,197,10,5
198,1,198,26,10
199,1,199,239,25
200,1,200,27,10
201,1,201,53,10
202,1,202,31,10
203,1,203,135,25
204,1,204,9,5
205,1,205,19,10
206,1,206,87,25
207,1,207,55,10
208,1,208,58,25
209,1,209,247,25
210,1,210,109,25
211,1,211,31,10
212,1,212,238,25
213,1,213,18,5
214,1,214,57,25
215,1,215,160,25
216,1,216,259,25
217,1,217,42,10
218,1,218,34,10
219,1,219,209,25
220,1,220,88,25
221,1,221,144,25
222,1,222,59,10
223,1,223,57,10
224,1,224,30,10
225,1,225,13,5
226,1,226,22,10
227,1,227,286,25
228,1,228,54,10
229,1,229,177,25
230,1,230,55,10
231,1,231,97,25
232,1,232,36,10
233,1,233,165,25
234,1,234,182,25
235,1,235,49,10
236,1,236,18,10
237,1,237,44,10
238,1,238,131,25
239,1,239,48,10
240,1,240,46,10
241,1,241,159,25
242,1,242,25,10
243,1,243,266,25
244,1,244,41,10
245,1,245,286,25
246,1,246,257,25
247,1,247,289,25
248,1,248,160,25
249,1,249,210,25
250,1,250,62,25
251,1,251,44,10
252,1,252,39,10
253,1,253,73,25
254,1,254,15,10
255,1,255,16,5
256,1,256,16,5
257,1,257,45,10
258,1,258,244,25
259,1,259,29,10
260,1,260,34,10
261,1,261,30,10
262,1,262,13,5
263,1,263,10,5
264,1,264,33,10
265,1,265,11,5
266,1,266,42,10
267,1,267,134,25
268,1,268,253,25
269,1,269,257,25
270,1,270,19,5
271,1,271,31,10
272,1,272,221,25
273,1,273,50,25
274,1,274,147,25
275,1,275,25,10
276,1,276,38,10
277,1,277,233,25
278,1,278,10,5
279,1,279,13,5
280,1,280,212,25
281,1,281,91,25
282,1,282,20,5
283,1,283,52,25
284,1,284,111,25
285,1,285,251,25
286,1,286,19,5
287,1,287,117,25
288,1,288,16,10
289,1,289,56,10
290,1,290,19,10
291,1,291,180,25
292,1,292,14,5
293,1,293,17,5
294,1,294,61,25
295,1,295,268,25
296,1,296,251,25
297,1,297,258,25
298,1,298,17,10
299,1,299,198,25
300,1,300,31,10
301,1,301,296,25
302,1,302,53,10
303,1,303,17,5
304,1,304,217,25
305,1,305,15,5
306,1,306,257,25
307,1,307,248,25
308,1,308,96,25
309,1,309,267,25
310,1,310,95,25
311,1,311,19,5
312,1,312,200,25
313,1,313,54,10
314,1,314,19,5
315,1,315,126,25
316,1,316,224,25
317,1,317,35,10
318,1,318,243,25
319,1,319,51,25
320,1,320,59,10
321,1,321,52,10
322,1,322,226,25
323,1,323,59,10
324,1,324,99,25
325,1,325,56,25
326,1,326,37,10
327,1,327,41,10
328,1,328,75,25
329,1,329,35,10
330,1,330,279,25
331,1,331,185,25
332,1,332,21,10
333,1,333,22,10
334,1,334,173,25
335,1,335,28,10
336,1,336,113,25
337,1,337,42,10
338,1,338,25,10
339,1,339,134,25
340,1,340,37,10
341,1,341,179,25
342,1,342,104,25
343,1,343,209,25
344,1,344,157,25
345,1,345,128,25
346,1,346,215,25
347,1,347,275,25
348,1,348,224,25
349,1,349,11,5
350,1,350,231,25
351,1,351,98,25
352,1,352,43,10
353,1,353,6,5
354,1,354,39,10
355,1,355,49,10
356,1,356,200,25
357,1,357,161,25
358,1,358,213,25
359,1,359,274,25
360,1,360,89,25
361,1,361,194,25
362,1,362,33,10
363,1,363,53,10
364,1,364,80,25
365,1,365,18,10
366,1,366,204,25
367,1,367,263,25
368,1,368,146,25
369,1,369,282,25
370,1,370,13,5
371,1,371,25,10
372,1,372,13,5
373,1,373,8,5
374,1,374,18,5
375,1,375,52,10
376,1,376,19,10
377,1,377,236,25
378,1,378,53,10
379,1,379,7,5
380,1,380,218,25
381,1,381,226,25
382,1,382,7,5
383,1,383,206,25
384,1,384,237,25
385,1,385,23,10
386,1,386,18,10
387,1,387,8,5
388,1,388,18,5
389,1,389,83,25
390,1,390,30,10
391,1,391,17,5
392,1,392,202,25
393,1,393,16,5
394,1,394,26,10
395,1,395,15,5
396,1,396,29,10
397,1,397,55,25
398,1,398,35,10
399,1,399,11,5
400,1,400,127,25
401,1,401,205,25
402,1,402,278,25
403,1,403,225,25
404,1,404,295,25
405,1,405,19,5
406,1,406,55,10
407,1,407,36,10
408,1,408,66,25
409,1,409,38,10
410,1,410,294,25
411,1,411,34,10
412,1,412,46,10
413,1,413,184,25
414,1,414,26,10
415,1,415,47,10
416,1,416,48,10
417,1,417,15,5
418,1,418,15,5
419,1,419,288,25
420,1,420,154,25
421,1,421,83,25
422,1,422,162,25
423,1,423,132,25
424,1,424,19,5
425,1,425,36,10
426,1,426,200,25
427,1,427,78,25
428,1,428,80,25
429,1,429,9,5
430,1,430,71,25
431,1,431,18,10
432,1,432,16,10
433,1,433,35,10
434,1,434,30,10
435,1,435,50,10
436,1,436,126,25
437,1,437,14,5
438,1,438,252,25
439,1,439,5,5
440,1,440,16,10
441,1,441,19,10
442,1,442,258,25
443,1,443,297,25
444,1,444,16,10
445,1,445,51,10
446,1,446,205,25
447,1,447,18,5
448,1,448,10,5
449,1,449,167,25
450,1,450,8,5
451,1,451,57,10
452,1,452,14,5
453,1,453,183,25
454,1,454,182,25
455,1,455,51,10
456,1,456,9,5
457,1,457,53,10
458,1,458,36,10
459,1,459,6,5
460,1,460,46,10
461,1,461,50,10
462,1,462,41,10
463,1,463,19,5
464,1,464,53,10
465,1,465,23,10
466,1,466,26,10
467,1,467,295,25
468,1,468,40,10
469,1,469,29,10
470,1,470,12,5
471,1,471,55,25
472,1,472,125,25
473,1,473,15,5
474,1,474,16,5
475,1,475,167,25
476,1,476,43,10
477,1,477,45,10
478,1,478,48,10
479,1,479,20,5
480,1,480,13,5
481,1,481,258,25
482,1,482,127,25
483,1,483,69,25
484,1,484,271,25
485,1,485,15,5
486,1,486,20,5
487,1,487,176,25
488,1,488,96,25
489,1,489,265,25
490,1,490,184,25
491,1,491,171,25
492,1,492,10,5
493,1,493,21,10
494,1,494,16,10
495,1,495,54,10
496,1,496,60,10
497,1,497,214,25
498,1,498,215,25
499,1,499,11,5
500,1,500,59,10
501,1,501,16,5
502,1,502,69,25
503,1,503,71,25
504,1,504,49,10
505,1,505,260,25
506,1,506,73,25
507,1,507,15,5
508,1,508,39,10
509,1,509,54,10
510,1,510,108,25
511,1,511,113,25
512,1,512,16,5
513,1,513,46,10
514,1,514,100,25
515,1,515,18,10
516,1,516,158,25
517,1,517,38,10
518,1,518,19,5
519,1,519,17,5
520,1,520,162,25
521,1,521,17,10
522,1,522,12,5
523,1,523,42,10
524,1,524,57,10
525,1,525,53,10
526,1,526,19,10
527,1,527,248,25
528,1,528,23,10
529,1,529,27,10
530,1,530,23,10
531,1,531,289,25
532,1,532,19,5
533,1,533,88,25
534,1,534,50,10
535,1,535,131,25
536,1,536,8,5
537,1,537,64,25
538,1,538,37,10
539,1,539,41,10
540,1,540,230,25
541,1,541,19,10
542,1,542,20,10
543,1,543,18,5
544,1,544,13,5
545,1,545,37,10
546,1,546,21,10
547,1,547,6,5
548,1,548,134,25
549,1,549,59,10
550,1,550,53,10
551,1,551,19,5
552,1,552,86,25
553,1,553,38,10
554,1,554,16,10
555,1,555,14,5
556,1,556,7,5
557,1,557,133,25
558,1,558,60,10
559,1,559,38,10
560,1,560,49,10
561,1,561,10,5
562,1,562,149,25
563,1,563,7,5
564,1,564,39,10
565,1,565,217,25
566,1,566,19,5
567,1,567,27,10
568,1,568,38,10
569,1,569,219,25
570,1,570,70,25
571,1,571,265,25
572,1,572,64,25
573,1,573,42,10
574,1,574,35,10
575,1,575,172,25
576,1,576,169,25
577,1,577,48,10
578,1,578,28,10
579,1,579,30,10
580,1,580,21,10
581,1,581,95,25
582,1,582,92,25
583,1,583,213,25
584,1,584,270,25
585,1,585,53,10
586,1,586,58,10
587,1,587,38,10
588,1,588,69,25
589,1,589,52,10
590,1,590,92,25
591,1,591,41,10
592,1,592,239,25
593,1,593,104,25
594,1,594,49,10
595,1,595,161,25
596,1,596,22,10
597,1,597,115,25
598,1,598,54,10
599,1,599,27,10
600,1,600,30,10
601,1,601,47,10
602,1,602,16,5
603,1,603,54,10
604,1,604,5,5
605,1,605,13,5
606,1,606,284,25
607,1,607,72,25
608,1,608,109,25
609,1,609,25,10
610,1,610,143,25
611,1,611,219,25
612,1,612,81,25
613,1,613,8,5
614,1,614,57,10
615,1,615,40,10
616,1,616,185,25
617,1,617,50,25
618,1,618,31,10
619,1,619,209,25
620,1,620,282,25
621,1,621,36,10
622,1,622,14,5
623,1,623,192,25
624,1,624,9,5
625,1,625,156,25
626,1,626,50,25
627,1,627,46,10
628,1,628,16,10
629,1,629,219,25
630,1,630,19,10
631,1,631,20,10
632,1,632,44,10
633,1,633,136,25
634,1,634,28,10
635,1,635,14,5
636,1,636,25,10
637,1,637,104,25
638,1,638,258,25
639,1,639,128,25
640,1,640,9,5
641,1,641,229,25
642,1,642,231,25
643,1,643,34,10
644,1,644,254,25
645,1,645,291,25
646,1,646,113,25
647,1,647,229,25
648,1,648,221,25
649,1,649,119,25
650,1,650,39,10
651,1,651,16,10
652,1,652,13,5
653,1,653,96,25
654,1,654,33,10
655,1,655,42,10
656,1,656,280,25
657,1,657,151,25
658,1,658,27,10
659,1,659,18,5
660,1,660,180,25
661,1,661,231,25
662,1,662,53,10
663,1,663,262,25
664,1,664,69,25
665,1,665,86,25
666,1,666,12,5
667,1,667,59,10
668,1,668,31,10
669,1,669,22,10
670,1,670,141,25
671,1,671,9,5
672,1,672,22,10
673,1,673,159,25
674,1,674,18,10
675,1,675,25,10
676,1,676,274,25
677,1,677,217,25
678,1,678,54,10
679,1,679,128,25
680,1,680,230,25
681,1,681,58,10
682,1,682,13,5
683,1,683,59,10
684,1,684,38,10
685,1,685,98,25
686,1,686,289,25
687,1,687,128,25
688,1,688,24,10
689,1,689,58,10
690,1,690,196,25
691,1,691,30,10
692,1,692,124,25
693,1,693,51,10
694,1,694,206,25
695,1,695,32,10
696,1,696,152,25
697,1,697,78,25
698,1,698,25,10
699,1,699,40,10
700,1,700,22,10
701,1,701,27,10
702,1,702,206,25
703,1,703,22,10
704,1,704,54,10
705,1,705,44,10
706,1,706,273,25
707,1,707,57,25
708,1,708,23,10
709,1,709,56,25
710,1,710,285,25
711,1,711,225,25
712,1,712,37,10
713,1,713,6,5
714,1,714,60,25
715,1,715,15,10
716,1,716,148,25
717,1,717,157,25
718,1,718,12,5
719,1,719,24,10
720,1,720,11,5
721,1,721,200,25
722,1,722,53,10
723,1,723,29,10
724,1,724,147,25
725,1,725,164,25
726,1,726,192,25
727,1,727,57,10
728,1,728,153,25
729,1,729,44,10
730,1,730,206,25
731,1,731,40,10
732,1,732,82,25
733,1,733,262,25
734,1,734,9,5
735,1,735,190,25
736,1,736,20,5
737,1,737,92,25
738,1,738,57,10
739,1,739,69,25
740,1,740,22,10
741,1,741,224,25
742,1,742,130,25
743,1,743,32,10
744,1,744,23,10
745,1,745,11,5
746,1,746,23,10
747,1,747,53,25
748,1,748,34,10
749,1,749,137,25
750,1,750,229,25
751,1,751,17,5
752,1,752,9,5
753,1,753,45,10
754,1,754,42,10
755,1,755,11,5
756,1,756,120,25
757,1,757,52,10
758,1,758,299,25
759,1,759,257,25
760,1,760,48,10
761,1,761,35,10
762,1,762,56,10
763,1,763,172,25
764,1,764,40,10
765,1,765,46,10
766,1,766,8,5
767,1,767,49,10
768,1,768,238,25
769,1,769,101,25
770,1,770,226,25
771,1,771,242,25
772,1,772,50,10
773,1,773,42,10
774,1,774,11,5
775,1,775,53,10
776,1,776,123,25
777,1,777,93,25
778,1,778,16,5
779,1,779,275,25
780,1,780,50,10
781,1,781,96,25
782,1,782,43,10
783,1,783,17,5
784,1,784,253,25
785,1,785,131,25
786,1,786,19,5
787,1,787,28,10
788,1,788,17,5
789,1,789,38,10
790,1,790,214,25
791,1,791,18,10
792,1,792,123,25
793,1,793,60,10
794,1,794,192,25
795,1,795,30,10
796,1,796,37,10
797,1,797,136,25
798,1,798,37,10
799,1,799,29,10
800,1,800,21,10
801,1,801,8,5
802,1,802,13,5
803,1,803,21,10
804,1,804,91,25
805,1,805,24,10
806,1,806,48,10
807,1,807,22,10
808,1,808,92,25
809,1,809,205,25
810,1,810,47,10
811,1,811,280,25
812,1,812,74,25
813,1,813,25,10
814,1,814,20,5
815,1,815,273,25
816,1,816,17,5
817,1,817,20,5
818,1,818,9,5
819,1,819,149,25
820,1,820,150,25
821,1,821,160,25
822,1,822,55,10
823,1,823,42,10
824,1,824,224,25
825,1,825,22,10
826,1,826,97,25
827,1,827,55,10
828,1,828,126,25
829,1,829,150,25
830,1,830,93,25
831,1,831,26,10
832,1,832,21,10
833,1,833,57,10
834,1,834,263,25
835,1,835,24,10
836,1,836,183,25
837,1,837,79,25
838,1,838,169,25
839,1,839,28,10
840,1,840,53,25
841,1,841,44,10
842,1,842,50,10
843,1,843,28,10
844,1,844,30,10
845,1,845,123,25
846,1,846,30,10
847,1,847,43,10
848,1,848,10,5
849,1,849,16,10
850,1,850,218,25
851,1,851,16,5
852,1,852,16,5
853,1,853,15,10
854,1,854,135,25
855,1,855,160,25
856,1,856,261,25
857,1,857,7,5
858,1,858,58,10
859,1,859,193,25
860,1,860,46,10
861,1,861,9,5
862,1,862,8,5
863,1,863,22,10
864,1,864,60,10
865,1,865,28,10
866,1,866,24,10
867,1,867,224,25
868,1,868,81,25
869,1,869,150,25
870,1,870,238,25
871,1,871,61,25
872,1,872,111,25
873,1,873,184,25
874,1,874,35,10
875,1,875,10,5
876,1,876,285,25
877,1,877,242,25
878,1,878,247,25
879,1,879,48,10
880,1,880,25,10
881,1,881,35,10
882,1,882,11,5
883,1,883,31,10
884,1,884,263,25
885,1,885,82,25
886,1,886,16,10
887,1,887,54,10
888,1,888,37,10
889,1,889,280,25
890,1,890,165,25
891,1,891,56,10
892,1,892,66,25
893,1,893,20,5
894,1,894,83,25
895,1,895,13,5
896,1,896,57,10
897,1,897,221,25
898,1,898,26,10
899,1,899,286,25
900,1,900,228,25
901,1,901,133,25
902,1,902,6,5
903,1,903,275,25
904,1,904,154,25
905,1,905,60,10
906,1,906,28,10
907,1,907,12,5
908,1,908,10,5
909,1,909,105,25
910,1,910,201,25
911,1,911,46,10
912,1,912,17,10
913,1,913,32,10
914,1,914,50,10
915,1,915,196,25
916,1,916,160,25
917,1,917,267,25
918,1,918,222,25
919,1,919,24,10
920,1,920,125,25
921,1,921,262,25
922,1,922,19,10
923,1,923,240,25
924,1,924,247,25
925,1,925,283,25
926,1,926,65,25
927,1,927,17,10
928,1,928,52,10
929,1,929,159,25
930,1,930,19,5
931,1,931,9,5
932,1,932,18,10
933,1,933,19,10
934,1,934,23,10
935,1,935,202,25
936,1,936,127,25
937,1,937,38,10
938,1,938,167,25
939,1,939,22,10
940,1,940,39,10
941,1,941,96,25
942,1,942,188,25
943,1,943,56,10
944,1,944,281,25
945,1,945,227,25
946,1,946,16,10
947,1,947,9,5
948,1,948,242,25
949,1,949,207,25
950,1,950,203,25
951,1,951,252,25
952,1,952,154,25
953,1,953,56,25
954,1,954,30,10
955,1,955,5,5
956,1,956,19,10
957,1,957,21,10
958,1,958,24,10
959,1,959,156,25
960,1,960,234,25
961,1,961,203,25
962,1,962,32,10
963,1,963,26,10
964,1,964,25,10
965,1,965,18,5
966,1,966,13,5
967,1,967,53,25
968,1,968,91,25
969,1,969,35,10
970,1,970,8,5
971,1,971,55,10
972,1,972,238,25
973,1,973,60,10
974,1,974,42,10
975,1,975,62,25
976,1,976,16,10
977,1,977,59,10
978,1,978,54,10
979,1,979,189,25
980,1,980,21,10
981,1,981,43,10
982,1,982,58,10
983,1,983,18,5
984,1,984,42,10
985,1,985,39,10
986,1,986,90,25
987,1,987,244,25
988,1,988,60,10
989,1,989,211,25
990,1,990,211,25
991,1,991,68,25
992,1,992,32,10
993,1,993,214,25
994,1,994,161,25
995,1,995,108,25
996,1,996,95,25
997,1,997,36,10
998,1,998,52,10
999,1,999,57,10
1000,1,1000,274,25
1001,1,1001,50,10
1002,1,1002,165,25
1003,1,1003,270,25
1004,1,1004,90,25
1005,1,1005,139,25
1006,1,1006,34,10
1007,1,1007,195,25
1008,1,1008,275,25
1009,1,1009,9,5
1010,1,1010,172,25
1011,1,1011,56,25
1012,1,1012,94,25
1013,1,1013,5,5
1014,1,1014,5,5
1015,1,1015,10,5
1016,1,1016,8,5
1017,1,1017,40,10
1018,1,1018,57,10
1019,1,1019,20,10
1020,1,1020,24,10
1021,1,1021,53,10
1022,1,1022,18,5
1023,1,1023,59,10
1024,1,1024,211,25
1025,1,1025,56,10
1026,1,1026,259,25
1027,1,1027,292,25
1028,1,1028,100,25
1029,1,1029,38,10
1030,1,1030,17,10
1031,1,1031,168,25
1032,1,1032,54,10
1033,1,1033,173,25
1034,1,1034,130,25
1035,1,1035,168,25
1036,1,1036,18,5
1037,1,1037,291,25
1038,1,1038,19,5
1039,1,1039,288,25
1040,1,1040,35,10
1041,1,1041,5,5
1042,1,1042,277,25
1043,1,1043,39,10
1044,1,1044,123,25
1045,1,1045,121,25
1046,1,1046,276,25
1047,1,1047,20,5
1048,1,1048,18,10
1049,1,1049,32,10
1050,1,1050,289,25
1051,1,1051,158,25
1052,1,1052,235,25
1053,1,1053,59,10
1054,1,1054,82,25
1055,1,1055,18,5
1056,1,1056,281,25
1057,1,1057,253,25
1058,1,1058,167,25
1059,1,1059,38,10
1060,1,1060,17,10
1061,1,1061,6,5
1062,1,1062,69,25
1063,1,1063,12,5
1064,1,1064,8,5
1065,1,1065,202,25
1066,1,1066,140,25
1067,1,1067,34,10
1068,1,1068,7,5
1069,1,1069,30,10
1070,1,1070,20,10
1071,1,1071,281,25
1072,1,1072,59,10
1073,1,1073,238,25
1074,1,1074,219,25
1075,1,1075,77,25
1076,1,1076,19,10
1077,1,1077,269,25
1078,1,1078,108,25
1079,1,1079,300,25
1080,1,1080,58,25
1081,1,1081,46,10
1082,1,1082,33,10
1083,1,1083,15,10
1084,1,1084,18,5
1085,1,1085,291,25
1086,1,1086,51,10
1087,1,1087,54,25
1088,1,1088,279,25
1089,1,1089,74,25
1090,1,1090,8,5
1091,1,1091,30,10
1092,1,1092,13,5
1093,1,1093,18,5
1094,1,1094,20,10
1095,1,1095,15,5
1096,1,1096,47,10
1097,1,1097,86,25
1098,1,1098,56,10
1099,1,1099,300,25
1100,1,1100,205,25
1101,1,1101,19,5
1102,1,1102,53,10
1103,1,1103,182,25
1104,1,1104,194,25
1105,1,1105,35,10
1106,1,1106,41,10
1107,1,1107,55,10
1108,1,1108,43,10
1109,1,1109,17,5
1110,1,1110,53,10
1111,1,1111,24,10
1112,1,1112,294,25
1113,1,1113,81,25
1114,1,1114,6,5
1115,1,1115,51,10
1116,1,1116,97,25
1117,1,1117,9,5
1118,1,1118,32,10
1119,1,1119,18,5
1120,1,1120,9,5
1121,1,1121,37,10
1122,1,1122,280,25
1123,1,1123,32,10
1124,1,1124,287,25
1125,1,1125,34,10
1126,1,1126,229,25
1127,1,1127,290,25
1128,1,1128,55,10
1129,1,1129,18,10
1130,1,1130,206,25
1131,1,1131,172,25
1132,1,1132,44,10
1133,1,1133,131,25
1134,1,1134,15,5
1135,1,1135,26,10
1136,1,1136,43,10
1137,1,1137,100,25
1138,1,1138,296,25
1139,1,1139,173,25
1140,1,1140,18,10
1141,1,1141,173,25
1142,1,1142,248,25
1143,1,1143,295,25
1144,1,1144,62,25
1145,1,1145,19,10
1146,1,1146,44,10
1147,1,1147,28,10
1148,1,1148,136,25
1149,1,1149,15,5
1150,1,1150,49,10
1151,1,1151,206,25
1152,1,1152,16,5
1153,1,1153,9,5
1154,1,1154,56,10
1155,1,1155,177,25
1156,1,1156,27,10
1157,1,1157,13,5
1158,1,1158,19,10
1159,1,1159,34,10
1160,1,1160,37,10
1161,1,1161,198,25
1162,1,1162,20,10
1163,1,1163,16,10
1164,1,1164,132,25
1165,1,1165,137,25
1166,1,1166,15,10
1167,1,1167,139,25
1168,1,1168,34,10
1169,1,1169,9,5
1170,1,1170,26,10
1171,1,1171,56,10
1172,1,1172,37,10
1173,1,1173,95,25
1174,1,1174,12,5
1175,1,1175,294,25
1176,1,1176,57,10
1177,1,1177,194,25
1178,1,1178,266,25
1179,1,1179,41,10
1180,1,1180,297,25
1181,1,1181,267,25
1182,1,1182,56,10
1183,1,1183,58,10
1184,1,1184,141,25
1185,1,1185,39,10
1186,1,1186,292,25
1187,1,1187,134,25
1188,1,1188,24,10
1189,1,1189,144,25
1190,1,1190,16,5
1191,1,1191,74,25
1192,1,1192,20,5
1193,1,1193,232,25
1194,1,1194,213,25
1195,1,1195,54,25
1196,1,1196,203,25
1197,1,1197,15,10
1198,1,1198,282,25
1199,1,1199,88,25
1200,1,1200,15,10
1201,1,1201,175,25
1202,1,1202,43,10
1203,1,1203,94,25
1204,1,1204,58,10
1205,1,1205,14,5
1206,1,1206,44,10
1207,1,1207,119,25
1208,1,1208,52,10
1209,1,1209,92,25
1210,1,1210,41,10
1211,1,1211,56,10
1212,1,1212,180,25
1213,1,1213,130,25
1214,1,1214,16,10
1215,1,1215,157,25
1216,1,1216,16,5
1217,1,1217,58,10
1218,1,1218,36,10
1219,1,1219,19,5
1220,1,1220,20,10
1221,1,1221,47,10
1222,1,1222,97,25
1223,1,1223,9,5
1224,1,1224,76,25
1225,1,1225,205,25
1226,1,1226,239,25
1227,1,1227,114,25
1228,1,1228,207,25
1229,1,1229,15,5
1230,1,1230,156,25
1231,1,1231,22,10
1232,1,1232,20,5
1233,1,1233,44,10
1234,1,1234,12,5
1235,1,1235,75,25
1236,1,1236,8,5
1237,1,1237,187,25
1238,1,1238,19,5
1239,1,1239,32,10
1240,1,1240,20,5
1241,1,1241,54,10
1242,1,1242,112,25
1243,1,1243,254,25
1244,1,1244,16,10
1245,1,1245,17,5
1246,1,1246,132,25
1247,1,1247,239,25
1248,1,1248,59,10
1249,1,1249,73,25
1250,1,1250,239,25
1251,1,1251,215,25
1252,1,1252,184,25
1253,1,1253,269,25
1254,1,1254,104,25
1255,1,1255,21,10
1256,1,1256,5,5
1257,1,1257,249,25
1258,1,1258,149,25
1259,1,1259,79,25
1260,1,1260,57,10
1261,1,1261,239,25
1262,1,1262,83,25
1263,1,1263,121,25
1264,1,1264,54,10
1265,1,1265,97,25
1266,1,1266,125,25
1267,1,1267,76,25
1268,1,1268,11,5
1269,1,1269,17,5
1270,1,1270,12,5
1271,1,1271,207,25
1272,1,1272,41,10
1273,1,1273,142,25
1274,1,1274,6,5
1275,1,1275,96,25
1276,1,1276,237,25
1277,1,1277,15,5
1278,1,1278,37,10
1279,1,1279,31,10
1280,1,1280,151,25
1281,1,1281,19,10
1282,1,1282,143,25
1283,1,1283,53,10
1284,1,1284,59,10
1285,1,1285,175,25
1286,1,1286,16,5
1287,1,1287,37,10
1288,1,1288,17,5
1289,1,1289,46,10
1290,1,1290,9,5
1291,1,1291,114,25
1292,1,1292,213,25
1293,1,1293,212,25
1294,1,1294,264,25
1295,1,1295,107,25
1296,1,1296,18,5
1297,1,1297,16,5
1298,1,1298,171,25
1299,1,1299,28,10
1300,1,1300,9,5
1301,1,1301,16,10
1302,1,1302,41,10
1303,1,1303,48,10
1304,1,1304,16,5
1305,1,1305,18,5
1306,1,1306,5,5
1307,1,1307,8,5
1308,1,1308,282,25
1309,1,1309,43,10
1310,1,1310,293,25
1311,1,1311,43,10
1312,1,1312,37,10
1313,1,1313,12,5
1314,1,1314,16,5
1315,1,1315,129,25
1316,1,1316,20,10
1317,1,1317,11,5
1318,1,1318,225,25
1319,1,1319,36,10
1320,1,1320,276,25
1321,1,1321,135,25
1322,1,1322,123,25
1323,1,1323,273,25
1324,1,1324,17,5
1325,1,1325,23,10
1326,1,1326,30,10
1327,1,1327,31,10
1328,1,1328,11,5
1329,1,1329,257,25
1330,1,1330,208,25
1331,1,1331,19,10
1332,1,1332,23,10
1333,1,1333,287,25
1334,1,1334,17,5
1335,1,1335,47,10
1336,1,1336,15,10
1337,1,1337,14,5
1338,1,1338,216,25
1339,1,1339,286,25
1340,1,1340,170,25
1341,1,1341,12,5
1342,1,1342,5,5
1343,1,1343,47,10
1344,1,1344,45,10
1345,1,1345,271,25
1346,1,1346,269,25
1347,1,1347,12,5
1348,1,1348,283,25
1349,1,1349,20,5
1350,1,1350,86,25
1351,1,1351,26,10
1352,1,1352,110,25
1353,1,1353,23,10
1354,1,1354,34,10
1355,1,1355,39,10
1356,1,1356,263,25
1357,1,1357,47,10
1358,1,1358,52,25
1359,1,1359,219,25
1360,1,1360,12,5
1361,1,1361,28,10
1362,1,1362,31,10
1363,1,1363,147,25
1364,1,1364,26,10
1365,1,1365,77,25
1366,1,1366,23,10
1367,1,1367,26,10
1368,1,1368,159,25
1369,1,1369,7,5
1370,1,1370,241,25
1371,1,1371,56,10
1372,1,1372,54,10
1373,1,1373,249,25
1374,1,1374,162,25
1375,1,1375,15,10
1376,1,1376,71,25
1377,1,1377,212,25
1378,1,1378,5,5
1379,1,1379,69,25
1380,1,1380,18,10
1381,1,1381,148,25
1382,1,1382,214,25
1383,1,1383,212,25
1384,1,1384,171,25
1385,1,1385,138,25
1386,1,1386,29,10
1387,1,1387,57,10
1388,1,1388,156,25
1389,1,1389,27,10
1390,1,1390,31,10
1391,1,1391,286,25
1392,1,1392,16,10
1393,1,1393,43,10
1394,1,1394,255,25
1395,1,1395,214,25
1396,1,1396,257,25
1397,1,1397,18,10
1398,1,1398,29,10
1399,1,1399,230,25
1400,1,1400,228,25
1401,1,1401,184,25
1402,1,1402,248,25
1403,1,1403,52,10
1404,1,1404,300,25
1405,1,1405,181,25
1406,1,1406,210,25
1407,1,1407,293,25
1408,1,1408,287,25
1409,1,1409,15,10
1410,1,1410,115,25
1411,1,1411,16,5
1412,1,1412,83,25
1413,1,1413,123,25
1414,1,1414,28,10
1415,1,1415,226,25
1416,1,1416,39,10
1417,1,1417,26,10
1418,1,1418,57,10
1419,1,1419,6,5
1420,1,1420,49,10
1421,1,1421,33,10
1422,1,1422,243,25
1423,1,1423,111,25
1424,1,1424,154,25
1425,1,1425,50,25
1426,1,1426,96,25
1427,1,1427,41,10
1428,1,1428,50,10
1429,1,1429,160,25
1430,1,1430,69,25
1431,1,1431,8,5
1432,1,1432,80,25
1433,1,1433,47,10
1434,1,1434,36,10
1435,1,1435,175,25
1436,1,1436,140,25
1437,1,1437,17,5
1438,1,1438,18,5
1439,1,1439,51,10
1440,1,1440,228,25
1441,1,1441,20,5
1442,1,1442,56,10
1443,1,1443,11,5
1444,1,1444,9,5
1445,1,1445,88,25
1446,1,1446,34,10
1447,1,1447,285,25
1448,1,1448,203,25
1449,1,1449,235,25
1450,1,1450,23,10
1451,1,1451,195,25
1452,1,1452,43,10
1453,1,1453,35,10
1454,1,1454,10,5
1455,1,1455,161,25
1456,1,1456,42,10
1457,1,1457,51,10
1458,1,1458,279,25
1459,1,1459,224,25
1460,1,1460,169,25
1461,1,1461,51,10
1462,1,1462,162,25
1463,1,1463,225,25
1464,1,1464,129,25
1465,1,1465,56,10
1466,1,1466,18,10
1467,1,1467,44,10
1468,1,1468,27,10
1469,1,1469,44,10
1470,1,1470,60,10
1471,1,1471,184,25
1472,1,1472,255,25
1473,1,1473,27,10
1474,1,1474,17,10
1475,1,1475,15,5
1476,1,1476,16,10
1477,1,1477,79,25
1478,1,1478,47,10
1479,1,1479,59,10
1480,1,1480,53,10
1481,1,1481,137,25
1482,1,1482,223,25
1483,1,1483,27,10
1484,1,1484,273,25
1485,1,1485,225,25
1486,1,1486,21,10
1487,1,1487,148,25
1488,1,1488,117,25
1489,1,1489,200,25
1490,1,1490,218,25
1491,1,1491,158,25
1492,1,1492,272,25
1493,1,1493,41,10
1494,1,1494,237,25
1495,1,1495,14,5
1496,1,1496,228,25
1497,1,1497,14,5
1498,1,1498,137,25
1499,1,1499,9,5
1500,1,1500,14,5
1501,1,1501,9,5
1502,1,1502,248,25
1503,1,1503,15,10
1504,1,1504,37,10
1505,1,1505,217,25
1506,1,1506,61,25
1507,1,1507,26,10
1508,1,1508,208,25
1509,1,1509,12,5
1510,1,1510,256,25
1511,1,1511,275,25
1512,1,1512,16,10
1513,1,1513,27,10
1514,1,1514,292,25
1515,1,1515,33,10
1516,1,1516,159,25
1517,1,1517,199,25
1518,1,1518,38,10
1519,1,1519,259,25
1520,1,1520,166,25
1521,1,1521,188,25
1522,1,1522,156,25
1523,1,1523,26,10
1524,1,1524,9,5
1525,1,1525,52,10
1526,1,1526,14,5
1527,1,1527,7,5
1528,1,1528,256,25
1529,1,1529,247,25
1530,1,1530,74,25
1531,1,1531,91,25
1532,1,1532,130,25
1533,1,1533,39,10
1534,1,1534,16,10
1535,1,1535,7,5
1536,1,1536,54,10
1537,1,1537,46,10
1538,1,1538,27,10
1539,1,1539,56,10
1540,1,1540,164,25
1541,1,1541,100,25
1542,1,1542,237,25
1543,1,1543,263,25
1544,1,1544,206,25
1545,1,1545,92,25
1546,1,1546,101,25
1547,1,1547,96,25
1548,1,1548,63,25
1549,1,1549,5,5
1550,1,1550,36,10
1551,1,1551,245,25
1552,1,1552,18,10
1553,1,1553,22,10
1554,1,1554,256,25
1555,1,1555,18,10
1556,1,1556,11,5
1557,1,1557,40,10
1558,1,1558,45,10
1559,1,1559,9,5
1560,1,1560,164,25
1561,1,1561,35,10
1562,1,1562,7,5
1563,1,1563,12,5
1564,1,1564,38,10
1565,1,1565,167,25
1566,1,1566,41,10
1567,1,1567,126,25
1568,1,1568,35,10
1569,1,1569,47,10
1570,1,1570,21,10
1571,1,1571,14,5
1572,1,1572,29,10
1573,1,1573,231,25
1574,1,1574,54,10
1575,1,1575,23,10
1576,1,1576,34,10
1577,1,1577,222,25
1578,1,1578,22,10
1579,1,1579,33,10
1580,1,1580,190,25
1581,1,1581,60,10
1582,1,1582,13,5
1583,1,1583,294,25
1584,1,1584,8,5
1585,1,1585,101,25
1586,1,1586,20,10
1587,1,1587,169,25
1588,1,1588,264,25
1589,1,1589,24,10
1590,1,1590,27,10
1591,1,1591,34,10
1592,1,1592,101,25
1593,1,1593,20,5
1594,1,1594,85,25
1595,1,1595,45,10
1596,1,1596,37,10
1597,1,1597,162,25
1598,1,1598,12,5
1599,1,1599,48,10
1600,1,1600,55,25
1601,1,1601,60,10
1602,1,1602,82,25
1603,1,1603,29,10
1604,1,1604,22,10
1605,1,1605,25,10
1606,1,1606,9,5
1607,1,1607,65,25
1608,1,1608,179,25
1609,1,1609,82,25
1610,1,1610,89,25
1611,1,1611,122,25
1612,1,1612,216,25
1613,1,1613,227,25
1614,1,1614,214,25
1615,1,1615,7,5
1616,1,1616,31,10
1617,1,1617,113,25
1618,1,1618,38,10
1619,1,1619,13,5
1620,1,1620,196,25
1621,1,1621,38,10
1622,1,1622,49,10
1623,1,1623,97,25
1624,1,1624,113,25
1625,1,1625,190,25
1626,1,1626,68,25
1627,1,1627,42,10
1628,1,1628,48,10
1629,1,1629,259,25
1630,1,1630,39,10
1631,1,1631,61,25
1632,1,1632,35,10
1633,1,1633,272,25
1634,1,1634,14,5
1635,1,1635,22,10
1636,1,1636,243,25
1637,1,1637,262,25
1638,1,1638,52,10
1639,1,1639,196,25
1640,1,1640,22,10
1641,1,1641,60,25
1642,1,1642,60,10
1643,1,1643,13,5
1644,1,1644,19,5
1645,1,1645,37,10
1646,1,1646,298,25
1647,1,1647,20,5
1648,1,1648,205,25
1649,1,1649,16,5
1650,1,1650,20,10
1651,1,1651,44,10
1652,1,1652,68,25
1653,1,1653,32,10
1654,1,1654,255,25
1655,1,1655,9,5
1656,1,1656,246,25
1657,1,1657,284,25
1658,1,1658,22,10
1659,1,1659,19,10
1660,1,1660,20,10
1661,1,1661,15,10
1662,1,1662,93,25
1663,1,1663,45,10
1664,1,1664,252,25
1665,1,1665,284,25
1666,1,1666,48,10
1667,1,1667,260,25
1668,1,1668,40,10
1669,1,1669,20,5
1670,1,1670,176,25
1671,1,1671,10,5
1672,1,1672,10,5
1673,1,1673,8,5
1674,1,1674,32,10
1675,1,1675,167,25
1676,1,1676,25,10
1677,1,1677,28,10
1678,1,1678,29,10
1679,1,1679,70,25
1680,1,1680,141,25
1681,1,1681,18,10
1682,1,1682,48,10
1683,1,1683,68,25
1684,1,1684,22,10
1685,1,1685,8,5
1686,1,1686,23,10
1687,1,1687,53,10
1688,1,1688,243,25
1689,1,1689,45,10
1690,1,1690,269,25
1691,1,1691,92,25
1692,1,1692,19,5
1693,1,1693,38,10
1694,1,1694,27,10
1695,1,1695,258,25
1696,1,1696,115,25
1697,1,1697,30,10
1698,1,1698,20,5
1699,1,1699,15,10
1700,1,1700,188,25
1701,1,1701,148,25
1702,1,1702,107,25
1703,1,1703,261,25
1704,1,1704,220,25
1705,1,1705,93,25
1706,1,1706,89,25
1707,1,1707,105,25
1708,1,1708,133,25
1709,1,1709,58,10
1710,1,1710,56,10
1711,1,1711,6,5
1712,1,1712,259,25
1713,1,1713,156,25
1714,1,1714,20,5
1715,1,1715,47,10
1716,1,1716,16,5
1717,1,1717,254,25
1718,1,1718,41,10
1719,1,1719,7,5
1720,1,1720,236,25
1721,1,1721,264,25
1722,1,1722,239,25
1723,1,1723,10,5
1724,1,1724,31,10
1725,1,1725,57,10
1726,1,1726,241,25
1727,1,1727,15,5
1728,1,1728,171,25
1729,1,1729,77,25
1730,1,1730,183,25
1731,1,1731,31,10
1732,1,1732,35,10
1733,1,1733,22,10
1734,1,1734,19,10
1735,1,1735,8,5
1736,1,1736,54,10
1737,1,1737,291,25
1738,1,1738,299,25
1739,1,1739,23,10
1740,1,1740,14,5
1741,1,1741,28,10
1742,1,1742,20,5
1743,1,1743,209,25
1744,1,1744,59,10
1745,1,1745,75,25
1746,1,1746,16,5
1747,1,1747,19,10
1748,1,1748,14,5
1749,1,1749,10,5
1750,1,1750,48,10
1751,1,1751,274,25
1752,1,1752,31,10
1753,1,1753,180,25
1754,1,1754,51,10
1755,1,1755,105,25
1756,1,1756,26,10
1757,1,1757,229,25
1758,1,1758,14,5
1759,1,1759,50,10
1760,1,1760,168,25
1761,1,1761,90,25
1762,1,1762,6,5
1763,1,1763,36,10
1764,1,1764,127,25
1765,1,1765,47,10
1766,1,1766,18,5
1767,1,1767,134,25
1768,1,1768,59,10
1769,1,1769,101,25
1770,1,1770,155,25
1771,1,1771,10,5
1772,1,1772,19,10
1773,1,1773,52,10
1774,1,1774,70,25
1775,1,1775,6,5
1776,1,1776,72,25
1777,1,1777,6,5
1778,1,1778,38,10
1779,1,1779,27,10
1780,1,1780,54,10
1781,1,1781,229,25
1782,1,1782,149,25
1783,1,1783,266,25
1784,1,1784,18,5
1785,1,1785,23,10
1786,1,1786,19,5
1787,1,1787,70,25
1788,1,1788,256,25
1789,1,1789,57,10
1790,1,1790,84,25
1791,1,1791,5,5
1792,1,1792,248,25
1793,1,1793,289,25
1794,1,1794,103,25
1795,1,1795,44,10
1796,1,1796,12,5
1797,1,1797,6,5
1798,1,1798,54,10
1799,1,1799,21,10
1800,1,1800,204,25
1801,1,1801,83,25
1802,1,1802,278,25
1803,1,1803,171,25
1804,1,1804,222,25
1805,1,1805,56,10
1806,1,1806,78,25
1807,1,1807,54,10
1808,1,1808,207,25
1809,1,1809,295,25
1810,1,1810,165,25
1811,1,1811,24,10
1812,1,1812,43,10
1813,1,1813,210,25
1814,1,1814,22,10
1815,1,1815,17,5
1816,1,1816,175,25
1817,1,1817,10,5
1818,1,1818,104,25
1819,1,1819,111,25
1820,1,1820,290,25
1821,1,1821,42,10
1822,1,1822,296,25
1823,1,1823,138,25
1824,1,1824,5,5
1825,1,1825,294,25
1826,1,1826,19,10
1827,1,1827,70,25
1828,1,1828,31,10
1829,1,1829,6,5
1830,1,1830,83,25
1831,1,1831,19,10
1832,1,1832,7,5
1833,1,1833,17,10
1834,1,1834,33,10
1835,1,1835,251,25
1836,1,1836,222,25
1837,1,1837,167,25
1838,1,1838,74,25
1839,1,1839,53,10
1840,1,1840,28,10
1841,1,1841,53,10
1842,1,1842,60,10
1843,1,1843,139,25
1844,1,1844,288,25
1845,1,1845,18,10
1846,1,1846,19,5
1847,1,1847,38,10
1848,1,1848,50,25
1849,1,1849,95,25
1850,1,1850,35,10
1851,1,1851,248,25
1852,1,1852,7,5
1853,1,1853,18,10
1854,1,1854,296,25
1855,1,1855,36,10
1856,1,1856,50,10
1857,1,1857,14,5
1858,1,1858,26,10
1859,1,1859,193,25
1860,1,1860,16,10
1861,1,1861,25,10
1862,1,1862,95,25
1863,1,1863,58,10
1864,1,1864,175,25
1865,1,1865,16,10
1866,1,1866,23,10
1867,1,1867,28,10
1868,1,1868,22,10
1869,1,1869,34,10
1870,1,1870,25,10
1871,1,1871,12,5
1872,1,1872,9,5
1873,1,1873,20,5
1874,1,1874,10,5
1875,1,1875,11,5
1876,1,1876,5,5
1877,1,1877,141,25
1878,1,1878,61,25
1879,1,1879,259,25
1880,1,1880,58,10
1881,1,1881,104,25
1882,1,1882,20,10
1883,1,1883,37,10
1884,1,1884,232,25
1885,1,1885,17,10
1886,1,1886,114,25
1887,1,1887,27,10
1888,1,1888,129,25
1889,1,1889,192,25
1890,1,1890,231,25
1891,1,1891,29,10
1892,1,1892,69,25
1893,1,1893,6,5
1894,1,1894,282,25
1895,1,1895,138,25
1896,1,1896,182,25
1897,1,1897,286,25
1898,1,1898,32,10
1899,1,1899,153,25
1900,1,1900,47,10
1901,1,1901,289,25
1902,1,1902,41,10
1903,1,1903,26,10
1904,1,1904,130,25
1905,1,1905,110,25
1906,1,1906,47,10
1907,1,1907,34,10
1908,1,1908,60,25
1909,1,1909,13,5
1910,1,1910,19,5
1911,1,1911,18,5
1912,1,1912,219,25
1913,1,1913,30,10
1914,1,1914,60,10
1915,1,1915,5,5
1916,1,1916,18,5
1917,1,1917,288,25
1918,1,1918,13,5
1919,1,1919,5,5
1920,1,1920,166,25
1921,1,1921,30,10
1922,1,1922,277,25
1923,1,1923,8,5
1924,1,1924,14,5
1925,1,1925,53,10
1926,1,1926,209,25
1927,1,1927,41,10
1928,1,1928,262,25
1929,1,1929,230,25
1930,1,1930,114,25
1931,1,1931,18,5
1932,1,1932,15,10
1933,1,1933,25,10
1934,1,1934,280,25
1935,1,1935,52,10
1936,1,1936,124,25
1937,1,1937,259,25
1938,1,1938,45,10
1939,1,1939,54,10
1940,1,1940,86,25
1941,1,1941,15,5
1942,1,1942,39,10
1943,1,1943,8,5
1944,1,1944,11,5
1945,1,1945,142,25
1946,1,1946,53,10
1947,1,1947,27,10
1948,1,1948,15,5
1949,1,1949,279,25
1950,1,1950,38,10
1951,1,1951,265,25
1952,1,1952,24,10
1953,1,1953,46,10
1954,1,1954,273,25
1955,1,1955,231,25
1956,1,1956,146,25
1957,1,1957,7,5
1958,1,1958,14,5
1959,1,1959,174,25
1960,1,1960,156,25
1961,1,1961,24,10
1962,1,1962,53,10
1963,1,1963,201,25
1964,1,1964,31,10
1965,1,1965,139,25
1966,1,1966,185,25
1967,1,1967,69,25
1968,1,1968,262,25
1969,1,1969,31,10
1970,1,1970,18,10
1971,1,1971,119,25
1972,1,1972,60,10
1973,1,1973,117,25
1974,1,1974,33,10
1975,1,1975,187,25
1976,1,1976,149,25
1977,1,1977,15,5
1978,1,1978,44,10
1979,1,1979,159,25
1980,1,1980,43,10
1981,1,1981,27,10
1982,1,1982,84,25
1983,1,1983,53,10
1984,1,1984,252,25
1985,1,1985,9,5
1986,1,1986,53,10
1987,1,1987,85,25
1988,1,1988,20,10
1989,1,1989,44,10
1990,1,1990,105,25
1991,1,1991,26,10
1992,1,1992,6,5
1993,1,1993,12,5
1994,1,1994,110,25
1995,1,1995,24,10
1996,1,1996,204,25
1997,1,1997,16,5
1998,1,1998,60,10
1999,1,1999,272,25
2000,1,2000,39,10
2001,1,2001,19,5
2002,1,2002,76,25
2003,1,2003,63,25
2004,1,2004,17,5
2005,1,2005,253,25
2006,1,2006,26,10
2007,1,2007,44,10
2008,1,2008,20,5
2009,1,2009,137,25
2010,1,2010,16,10
2011,1,2011,30,10
2012,1,2012,264,25
2013,1,2013,31,10
2014,1,2014,39,10
2015,1,2015,103,25
2016,1,2016,39,10
2017,1,2017,14,5
2018,1,2018,299,25
2019,1,2019,201,25
2020,1,2020,160,25
2021,1,2021,14,5
2022,1,2022,49,10
2023,1,2023,51,10
2024,1,2024,151,25
2025,1,2025,13,5
2026,1,2026,132,25
2027,1,2027,18,5
2028,1,2028,10,5
2029,1,2029,274,25
2030,1,2030,182,25
2031,1,2031,27,10
2032,1,2032,20,10
2033,1,2033,7,5
2034,1,2034,139,25
2035,1,2035,119,25
2036,1,2036,206,25
2037,1,2037,6,5
2038,1,2038,15,10
2039,1,2039,37,10
2040,1,2040,57,10
2041,1,2041,139,25
2042,1,2042,192,25
2043,1,2043,117,25
2044,1,2044,40,10
2045,1,2045,140,25
2046,1,2046,186,25
2047,1,2047,270,25
2048,1,2048,20,5
2049,1,2049,129,25
2050,1,2050,69,25
2051,1,2051,17,5
2052,1,2052,20,5
2053,1,2053,32,10
2054,1,2054,33,10
2055,1,2055,104,25
2056,1,2056,236,25
2057,1,2057,9,5
2058,1,2058,162,25
2059,1,2059,166,25
2060,1,2060,71,25
2061,1,2061,118,25
2062,1,2062,213,25
2063,1,2063,100,25
2064,1,2064,50,25
2065,1,2065,24,10
2066,1,2066,19,5
2067,1,2067,67,25
2068,1,2068,37,10
2069,1,2069,80,25
2070,1,2070,18,10
2071,1,2071,11,5
2072,1,2072,19,5
2073,1,2073,129,25
2074,1,2074,89,25
2075,1,2075,256,25
2076,1,2076,28,10
2077,1,2077,139,25
2078,1,2078,55,25
2079,1,2079,131,25
2080,1,2080,42,10
2081,1,2081,22,10
2082,1,2082,201,25
2083,1,2083,37,10
2084,1,2084,28,10
2085,1,2085,54,10
2086,1,2086,15,5
2087,1,2087,57,10
2088,1,2088,21,10
2089,1,2089,5,5
2090,1,2090,24,10
2091,1,2091,32,10
2092,1,2092,86,25
2093,1,2093,150,25
2094,1,2094,173,25
2095,1,2095,7,5
2096,1,2096,34,10
2097,1,2097,21,10
2098,1,2098,27,10
2099,1,2099,161,25
2100,1,2100,227,25
2101,1,2101,246,25
2102,1,2102,140,25
2103,1,2103,252,25
2104,1,2104,24,10
2105,1,2105,7,5
2106,1,2106,32,10
2107,1,2107,18,10
2108,1,2108,6,5
2109,1,2109,175,25
2110,1,2110,46,10
2111,1,2111,116,25
2112,1,2112,11,5
2113,1,2113,229,25
2114,1,2114,185,25
2115,1,2115,67,25
2116,1,2116,48,10
2117,1,2117,252,25
2118,1,2118,206,25
2119,1,2119,220,25
2120,1,2120,11,5
2121,1,2121,21,10
2122,1,2122,259,25
2123,1,2123,208,25
2124,1,2124,272,25
2125,1,2125,91,25
2126,1,2126,30,10
2127,1,2127,50,10
2128,1,2128,50,10
2129,1,2129,50,10
2130,1,2130,19,5
2131,1,2131,258,25
2132,1,2132,245,25
2133,1,2133,270,25
2134,1,2134,8,5
2135,1,2135,28,10
2136,1,2136,46,10
2137,1,2137,51,10
2138,1,2138,198,25
2139,1,2139,168,25
2140,1,2140,28,10
2141,1,2141,212,25
2142,1,2142,15,5
2143,1,2143,95,25
2144,1,2144,279,25
2145,1,2145,231,25
2146,1,2146,53,25
2147,1,2147,134,25
2148,1,2148,40,10
2149,1,2149,30,10
2150,1,2150,47,10
2151,1,2151,45,10
2152,1,2152,11,5
2153,1,2153,10,5
2154,1,2154,56,10
2155,1,2155,16,5
2156,1,2156,157,25
2157,1,2157,44,10
2158,1,2158,51,25
2159,1,2159,15,5
2160,1,2160,22,10
2161,1,2161,40,10
2162,1,2162,226,25
2163,1,2163,12,5
2164,1,2164,29,10
2165,1,2165,24,10
2166,1,2166,296,25
2167,1,2167,18,5
2168,1,2168,22,10
2169,1,2169,222,25
2170,1,2170,133,25
2171,1,2171,28,10
2172,1,2172,20,5
2173,1,2173,279,25
2174,1,2174,290,25
2175,1,2175,48,10
2176,1,2176,49,10
2177,1,2177,141,25
2178,1,2178,231,25
2179,1,2179,71,25
2180,1,2180,86,25
2181,1,2181,193,25
2182,1,2182,49,10
2183,1,2183,50,10
2184,1,2184,140,25
2185,1,2185,55,25
2186,1,2186,54,10
2187,1,2187,52,10
2188,1,2188,141,25
2189,1,2189,15,5
2190,1,2190,8,5
2191,1,2191,107,25
2192,1,2192,22,10
2193,1,2193,272,25
2194,1,2194,133,25
2195,1,2195,55,10
2196,1,2196,121,25
2197,1,2197,20,10
2198,1,2198,60,10
2199,1,2199,7,5
2200,1,2200,10,5
2201,1,2201,55,10
2202,1,2202,20,5
2203,1,2203,50,10
2204,1,2204,48,10
2205,1,2205,53,10
2206,1,2206,273,25
2207,1,2207,40,10
2208,1,2208,41,10
2209,1,2209,34,10
2210,1,2210,44,10
2211,1,2211,36,10
2212,1,2212,28,10
2213,1,2213,27,10
2214,1,2214,223,25
2215,1,2215,60,25
2216,1,2216,22,10
2217,1,2217,208,25
2218,1,2218,183,25
2219,1,2219,16,10
2220,1,2220,18,10
2221,1,2221,228,25
2222,1,2222,258,25
2223,1,2223,148,25
2224,1,2224,7,5
2225,1,2225,29,10
2226,1,2226,20,10
2227,1,2227,33,10
2228,1,2228,103,25
2229,1,2229,261,25
2230,1,2230,59,10
2231,1,2231,156,25
2232,1,2232,118,25
2233,1,2233,59,10
2234,1,2234,295,25
2235,1,2235,59,10
2236,1,2236,227,25
2237,1,2237,106,25
2238,1,2238,175,25
2239,1,2239,47,10
2240,1,2240,49,10
2241,1,2241,162,25
2242,1,2242,25,10
2243,1,2243,245,25
2244,1,2244,58,10
2245,1,2245,7,5
2246,1,2246,13,5
2247,1,2247,17,5
2248,1,2248,17,5
2249,1,2249,55,10
2250,1,2250,289,25
2251,1,2251,50,10
2252,1,2252,31,10
2253,1,2253,265,25
2254,1,2254,17,5
2255,1,2255,201,25
2256,1,2256,261,25
2257,1,2257,32,10
2258,1,2258,64,25
2259,1,2259,176,25
2260,1,2260,8,5
2261,1,2261,15,5
2262,1,2262,105,25
2263,1,2263,9,5
2264,1,2264,264,25
2265,1,2265,150,25
2266,1,2266,106,25
2267,1,2267,269,25
2268,1,2268,30,10
2269,1,2269,11,5
2270,1,2270,34,10
2271,1,2271,19,10
2272,1,2272,15,10
2273,1,2273,8,5
2274,1,2274,59,25
2275,1,2275,30,10
2276,1,2276,226,25
2277,1,2277,28,10
2278,1,2278,56,10
2279,1,2279,13,5
2280,1,2280,57,10
2281,1,2281,197,25
2282,1,2282,17,5
2283,1,2283,33,10
2284,1,2284,42,10
2285,1,2285,49,10
2286,1,2286,49,10
2287,1,2287,108,25
2288,1,2288,23,10
2289,1,2289,70,25
2290,1,2290,165,25
2291,1,2291,17,5
2292,1,2292,56,10
2293,1,2293,57,10
2294,1,2294,160,25
2295,1,2295,291,25
2296,1,2296,15,10
2297,1,2297,125,25
2298,1,2298,56,10
2299,1,2299,16,10
2300,1,2300,30,10
2301,1,2301,77,25
2302,1,2302,206,25
2303,1,2303,81,25
2304,1,2304,35,10
2305,1,2305,10,5
2306,1,2306,279,25
2307,1,2307,5,5
2308,1,2308,21,10
2309,1,2309,22,10
2310,1,2310,250,25
2311,1,2311,52,25
2312,1,2312,277,25
2313,1,2313,15,10
2314,1,2314,23,10
2315,1,2315,259,25
2316,1,2316,35,10
2317,1,2317,20,5
2318,1,2318,108,25
2319,1,2319,107,25
2320,1,2320,273,25
2321,1,2321,10,5
2322,1,2322,139,25
2323,1,2323,236,25
2324,1,2324,291,25
2325,1,2325,38,10
2326,1,2326,50,10
2327,1,2327,140,25
2328,1,2328,35,10
2329,1,2329,17,5
2330,1,2330,19,5
2331,1,2331,31,10
2332,1,2332,47,10
2333,1,2333,174,25
2334,1,2334,37,10
2335,1,2335,62,25
2336,1,2336,299,25
2337,1,2337,54,25
2338,1,2338,157,25
2339,1,2339,219,25
2340,1,2340,159,25
2341,1,2341,127,25
2342,1,2342,244,25
2343,1,2343,50,10
2344,1,2344,51,10
2345,1,2345,291,25
2346,1,2346,26,10
2347,1,2347,295,25
2348,1,2348,154,25
2349,1,2349,48,10
2350,1,2350,203,25
2351,1,2351,144,25
2352,1,2352,71,25
2353,1,2353,193,25
2354,1,2354,133,25
2355,1,2355,53,10
2356,1,2356,42,10
2357,1,2357,45,10
2358,1,2358,19,5
2359,1,2359,117,25
2360,1,2360,149,25
2361,1,2361,149,25
2362,1,2362,258,25
2363,1,2363,281,25
2364,1,2364,116,25
2365,1,2365,32,10
2366,1,2366,99,25
2367,1,2367,56,10
2368,1,2368,14,5
2369,1,2369,289,25
2370,1,2370,258,25
2371,1,2371,24,10
2372,1,2372,17,5
2373,1,2373,42,10
2374,1,2374,106,25
2375,1,2375,21,10
2376,1,2376,30,10
2377,1,2377,67,25
2378,1,2378,34,10
2379,1,2379,9,5
2380,1,2380,29,10
2381,1,2381,51,25
2382,1,2382,53,10
2383,1,2383,275,25
2384,1,2384,141,25
2385,1,2385,14,5
2386,1,2386,32,10
2387,1,2387,92,25
2388,1,2388,15,10
2389,1,2389,9,5
2390,1,2390,211,25
2391,1,2391,25,10
2392,1,2392,56,10
2393,1,2393,15,5
2394,1,2394,300,25
2395,1,2395,288,25
2396,1,2396,20,5
2397,1,2397,281,25
2398,1,2398,163,25
2399,1,2399,64,25
2400,1,2400,25,10
2401,1,2401,20,5
2402,1,2402,48,10
2403,1,2403,82,25
2404,1,2404,136,25
2405,1,2405,130,25
2406,1,2406,154,25
2407,1,2407,287,25
2408,1,2408,32,10
2409,1,2409,39,10
2410,1,2410,6,5
2411,1,2411,156,25
2412,1,2412,19,10
2413,1,2413,42,10
2414,1,2414,15,5
2415,1,2415,44,10
2416,1,2416,246,25
2417,1,2417,30,10
2418,1,2418,31,10
2419,1,2419,216,25
2420,1,2420,27,10
2421,1,2421,217,25
2422,1,2422,17,10
2423,1,2423,28,10
2424,1,2424,80,25
2425,1,2425,47,10
2426,1,2426,50,10
2427,1,2427,37,10
2428,1,2428,48,10
2429,1,2429,261,25
2430,1,2430,8,5
2431,1,2431,54,25
2432,1,2432,168,25
2433,1,2433,41,10
2434,1,2434,38,10
2435,1,2435,43,10
2436,1,2436,60,25
2437,1,2437,50,10
2438,1,2438,17,5
2439,1,2439,67,25
2440,1,2440,16,5
2441,1,2441,181,25
2442,1,2442,58,10
2443,1,2443,135,25
2444,1,2444,196,25
2445,1,2445,21,10
2446,1,2446,18,5
2447,1,2447,55,10
2448,1,2448,42,10
2449,1,2449,146,25
2450,1,2450,173,25
2451,1,2451,179,25
2452,1,2452,152,25
2453,1,2453,57,25
2454,1,2454,115,25
2455,1,2455,186,25
2456,1,2456,18,10
2457,1,2457,14,5
2458,1,2458,20,10
2459,1,2459,32,10
2460,1,2460,50,10
2461,1,2461,7,5
2462,1,2462,26,10
2463,1,2463,58,10
2464,1,2464,10,5
2465,1,2465,49,10
2466,1,2466,49,10
2467,1,2467,54,10
2468,1,2468,17,10
2469,1,2469,255,25
2470,1,2470,59,25
2471,1,2471,31,10
2472,1,2472,107,25
2473,1,2473,15,10
2474,1,2474,49,10
2475,1,2475,49,10
2476,1,2476,46,10
2477,1,2477,34,10
2478,1,2478,17,10
2479,1,2479,225,25
2480,1,2480,74,25
2481,1,2481,36,10
2482,1,2482,238,25
2483,1,2483,8,5
2484,1,2484,42,10
2485,1,2485,33,10
2486,1,2486,252,25
2487,1,2487,147,25
2488,1,2488,234,25
2489,1,2489,18,10
2490,1,2490,108,25
2491,1,2491,54,10
2492,1,2492,43,10
2493,1,2493,295,25
2494,1,2494,242,25
2495,1,2495,18,5
2496,1,2496,33,10
2497,1,2497,15,10
2498,1,2498,249,25
2499,1,2499,135,25
2500,1,2500,205,25
2501,1,2501,80,25
2502,1,2502,5,5
2503,1,2503,13,5
2504,1,2504,56,10
2505,1,2505,5,5
2506,1,2506,286,25
2507,1,2507,55,10
2508,1,2508,13,5
2509,1,2509,292,25
2510,1,2510,7,5
2511,1,2511,265,25
2512,1,2512,17,10
2513,1,2513,100,25
2514,1,2514,226,25
2515,1,2515,54,25
2516,1,2516,123,25
2517,1,2517,54,25
2518,1,2518,56,10
2519,1,2519,269,25
2520,1,2520,66,25
2521,1,2521,95,25
2522,1,2522,257,25
2523,1,2523,65,25
2524,1,2524,21,10
2525,1,2525,193,25
2526,1,2526,11,5
2527,1,2527,99,25
2528,1,2528,116,25
2529,1,2529,24,10
2530,1,2530,15,5
2531,1,2531,279,25
2532,1,2532,16,5
2533,1,2533,87,25
2534,1,2534,120,25
2535,1,2535,291,25
2536,1,2536,16,10
2537,1,2537,18,10
2538,1,2538,188,25
2539,1,2539,211,25
2540,1,2540,58,10
2541,1,2541,77,25
2542,1,2542,16,5
2543,1,2543,111,25
2544,1,2544,300,25
2545,1,2545,229,25
2546,1,2546,27,10
2547,1,2547,165,25
2548,1,2548,196,25
2549,1,2549,41,10
2550,1,2550,190,25
2551,1,2551,88,25
2552,1,2552,49,10
2553,1,2553,126,25
2554,1,2554,17,10
2555,1,2555,53,10
2556,1,2556,105,25
2557,1,2557,35,10
2558,1,2558,259,25
2559,1,2559,251,25
2560,1,2560,245,25
2561,1,2561,48,10
2562,1,2562,194,25
2563,1,2563,12,5
2564,1,2564,9,5
2565,1,2565,58,25
2566,1,2566,7,5
2567,1,2567,55,10
2568,1,2568,85,25
2569,1,2569,251,25
2570,1,2570,156,25
2571,1,2571,104,25
2572,1,2572,108,25
2573,1,2573,46,10
2574,1,2574,32,10
2575,1,2575,273,25
2576,1,2576,21,10
2577,1,2577,28,10
2578,1,2578,55,10
2579,1,2579,176,25
2580,1,2580,47,10
2581,1,2581,17,10
2582,1,2582,297,25
2583,1,2583,68,25
2584,1,2584,134,25
2585,1,2585,175,25
2586,1,2586,74,25
2587,1,2587,17,5
2588,1,2588,241,25
2589,1,2589,131,25
2590,1,2590,44,10
2591,1,2591,43,10
2592,1,2592,11,5
2593,1,2593,257,25
2594,1,2594,192,25
2595,1,2595,16,10
2596,1,2596,167,25
2597,1,2597,51,25
2598,1,2598,283,25
2599,1,2599,57,10
2600,1,2600,155,25
2601,1,2601,45,10
2602,1,2602,19,10
2603,1,2603,40,10
2604,1,2604,97,25
2605,1,2605,212,25
2606,1,2606,261,25
2607,1,2607,187,25
2608,1,2608,8,5
2609,1,2609,147,25
2610,1,2610,15,5
2611,1,2611,263,25
2612,1,2612,19,5
2613,1,2613,277,25
2614,1,2614,121,25
2615,1,2615,78,25
2616,1,2616,205,25
2617,1,2617,203,25
2618,1,2618,18,5
2619,1,2619,156,25
2620,1,2620,266,25
2621,1,2621,85,25
2622,1,2622,5,5
2623,1,2623,30,10
2624,1,2624,11,5
2625,1,2625,58,10
2626,1,2626,10,5
2627,1,2627,51,10
2628,1,2628,51,10
2629,1,2629,17,5
2630,1,2630,18,10
2631,1,2631,57,25
2632,1,2632,249,25
2633,1,2633,11,5
2634,1,2634,253,25
2635,1,2635,35,10
2636,1,2636,17,5
2637,1,2637,204,25
2638,1,2638,36,10
2639,1,2639,214,25
2640,1,2640,13,5
2641,1,2641,212,25
2642,1,2642,30,10
2643,1,2643,227,25
2644,1,2644,226,25
2645,1,2645,10,5
2646,1,2646,286,25
2647,1,2647,5,5
2648,1,2648,40,10
2649,1,2649,16,10
2650,1,2650,14,5
2651,1,2651,26,10
2652,1,2652,125,25
2653,1,2653,55,25
2654,1,2654,44,10
2655,1,2655,30,10
2656,1,2656,44,10
2657,1,2657,105,25
2658,1,2658,55,10
2659,1,2659,25,10
2660,1,2660,31,10
2661,1,2661,21,10
2662,1,2662,50,25
2663,1,2663,16,5
2664,1,2664,51,10
2665,1,2665,86,25
2666,1,2666,202,25
2667,1,2667,262,25
2668,1,2668,212,25
2669,1,2669,186,25
2670,1,2670,50,25
2671,1,2671,41,10
2672,1,2672,235,25
2673,1,2673,30,10
2674,1,2674,277,25
2675,1,2675,196,25
2676,1,2676,177,25
2677,1,2677,20,5
2678,1,2678,39,10
2679,1,2679,99,25
2680,1,2680,19,5
2681,1,2681,163,25
2682,1,2682,242,25
2683,1,2683,187,25
2684,1,2684,195,25
2685,1,2685,25,10
2686,1,2686,51,10
2687,1,2687,33,10
2688,1,2688,7,5
2689,1,2689,89,25
2690,1,2690,34,10
2691,1,2691,167,25
2692,1,2692,231,25
2693,1,2693,31,10
2694,1,2694,12,5
2695,1,2695,42,10
2696,1,2696,30,10
2697,1,2697,20,5
2698,1,2698,47,10
2699,1,2699,16,10
2700,1,2700,254,25
2701,1,2701,48,10
2702,1,2702,34,10
2703,1,2703,53,10
2704,1,2704,37,10
2705,1,2705,117,25
2706,1,2706,37,10
2707,1,2707,18,10
2708,1,2708,16,5
2709,1,2709,19,5
2710,1,2710,126,25
2711,1,2711,6,5
2712,1,2712,87,25
2713,1,2713,278,25
2714,1,2714,33,10
2715,1,2715,60,25
2716,1,2716,291,25
2717,1,2717,143,25
2718,1,2718,12,5
2719,1,2719,41,10
2720,1,2720,256,25
2721,1,2721,33,10
2722,1,2722,29,10
2723,1,2723,232,25
2724,1,2724,206,25
2725,1,2725,233,25
2726,1,2726,15,5
2727,1,2727,251,25
2728,1,2728,193,25
2729,1,2729,70,25
2730,1,2730,30,10
2731,1,2731,111,25
2732,1,2732,212,25
2733,1,2733,23,10
2734,1,2734,230,25
2735,1,2735,7,5
2736,1,2736,24,10
2737,1,2737,138,25
2738,1,2738,183,25
2739,1,2739,35,10
2740,1,2740,126,25
2741,1,2741,45,10
2742,1,2742,174,25
2743,1,2743,220,25
2744,1,2744,17,5
2745,1,2745,191,25
2746,1,2746,100,25
2747,1,2747,46,10
2748,1,2748,261,25
2749,1,2749,182,25
2750,1,2750,126,25
2751,1,2751,57,10
2752,1,2752,16,5
2753,1,2753,21,10
2754,1,2754,26,10
2755,1,2755,265,25
2756,1,2756,34,10
2757,1,2757,36,10
2758,1,2758,235,25
2759,1,2759,29,10
2760,1,2760,17,5
2761,1,2761,8,5
2762,1,2762,268,25
2763,1,2763,94,25
2764,1,2764,196,25
2765,1,2765,16,5
2766,1,2766,59,10
2767,1,2767,230,25
2768,1,2768,55,10
2769,1,2769,136,25
2770,1,2770,57,10
2771,1,2771,41,10
2772,1,2772,160,25
2773,1,2773,54,10
2774,1,2774,217,25
2775,1,2775,70,25
2776,1,2776,35,10
2777,1,2777,12,5
2778,1,2778,86,25
2779,1,2779,253,25
2780,1,2780,38,10
2781,1,2781,294,25
2782,1,2782,61,25
2783,1,2783,146,25
2784,1,2784,15,10
2785,1,2785,29,10
2786,1,2786,54,25
2787,1,2787,178,25
2788,1,2788,63,25
2789,1,2789,276,25
2790,1,2790,273,25
2791,1,2791,39,10
2792,1,2792,284,25
2793,1,2793,14,5
2794,1,2794,30,10
2795,1,2795,54,10
2796,1,2796,80,25
2797,1,2797,220,25
2798,1,2798,13,5
2799,1,2799,236,25
2800,1,2800,280,25
2801,1,2801,28,10
2802,1,2802,149,25
2803,1,2803,29,10
2804,1,2804,98,25
2805,1,2805,241,25
2806,1,2806,8,5
2807,1,2807,13,5
2808,1,2808,11,5
2809,1,2809,191,25
2810,1,2810,45,10
2811,1,2811,113,25
2812,1,2812,16,5
2813,1,2813,6,5
2814,1,2814,131,25
2815,1,2815,28,10
2816,1,2816,52,10
2817,1,2817,185,25
2818,1,2818,150,25
2819,1,2819,24,10
2820,1,2820,128,25
2821,1,2821,136,25
2822,1,2822,21,10
2823,1,2823,46,10
2824,1,2824,40,10
2825,1,2825,278,25
2826,1,2826,280,25
2827,1,2827,81,25
2828,1,2828,9,5
2829,1,2829,13,5
2830,1,2830,37,10
2831,1,2831,217,25
2832,1,2832,9,5
2833,1,2833,72,25
2834,1,2834,18,10
2835,1,2835,38,10
2836,1,2836,246,25
2837,1,2837,167,25
2838,1,2838,145,25
2839,1,2839,6,5
2840,1,2840,60,10
2841,1,2841,59,10
2842,1,2842,14,5
2843,1,2843,10,5
2844,1,2844,202,25
2845,1,2845,50,10
2846,1,2846,8,5
2847,1,2847,31,10
2848,1,2848,162,25
2849,1,2849,59,10
2850,1,2850,60,25
2851,1,2851,37,10
2852,1,2852,56,10
2853,1,2853,27,10
2854,1,2854,32,10
2855,1,2855,170,25
2856,1,2856,40,10
2857,1,2857,9,5
2858,1,2858,106,25
2859,1,2859,230,25
2860,1,2860,13,5
2861,1,2861,40,10
2862,1,2862,282,25
2863,1,2863,7,5
2864,1,2864,100,25
2865,1,2865,13,5
2866,1,2866,9,5
2867,1,2867,20,5
2868,1,2868,40,10
2869,1,2869,43,10
2870,1,2870,108,25
2871,1,2871,5,5
2872,1,2872,20,10
2873,1,2873,44,10
2874,1,2874,30,10
2875,1,2875,215,25
2876,1,2876,151,25
2877,1,2877,17,5
2878,1,2878,173,25
2879,1,2879,185,25
2880,1,2880,5,5
2881,1,2881,295,25
2882,1,2882,215,25
2883,1,2883,6,5
2884,1,2884,19,10
2885,1,2885,193,25
2886,1,2886,31,10
2887,1,2887,35,10
2888,1,2888,47,10
2889,1,2889,163,25
2890,1,2890,293,25
2891,1,2891,39,10
2892,1,2892,282,25
2893,1,2893,27,10
2894,1,2894,57,10
2895,1,2895,60,10
2896,1,2896,40,10
2897,1,2897,300,25
2898,1,2898,22,10
2899,1,2899,246,25
2900,1,2900,9,5
2901,1,2901,281,25
2902,1,2902,14,5
2903,1,2903,223,25
2904,1,2904,42,10
2905,1,2905,30,10
2906,1,2906,7,5
2907,1,2907,90,25
2908,1,2908,11,5
2909,1,2909,195,25
2910,1,2910,277,25
2911,1,2911,265,25
2912,1,2912,56,25
2913,1,2913,20,5
2914,1,2914,18,5
2915,1,2915,30,10
2916,1,2916,28,10
2917,1,2917,261,25
2918,1,2918,17,5
2919,1,2919,60,25
2920,1,2920,90,25
2921,1,2921,17,10
2922,1,2922,203,25
2923,1,2923,36,10
2924,1,2924,127,25
2925,1,2925,56,10
2926,1,2926,26,10
2927,1,2927,55,25
2928,1,2928,8,5
2929,1,2929,39,10
2930,1,2930,11,5
2931,1,2931,129,25
2932,1,2932,84,25
2933,1,2933,148,25
2934,1,2934,224,25
2935,1,2935,53,25
2936,1,2936,195,25
2937,1,2937,18,5
2938,1,2938,174,25
2939,1,2939,7,5
2940,1,2940,300,25
2941,1,2941,294,25
2942,1,2942,233,25
2943,1,2943,227,25
2944,1,2944,181,25
2945,1,2945,60,10
2946,1,2946,19,5
2947,1,2947,193,25
2948,1,2948,38,10
2949,1,2949,12,5
2950,1,2950,45,10
2951,1,2951,11,5
2952,1,2952,21,10
2953,1,2953,60,10
2954,1,2954,18,10
2955,1,2955,34,10
2956,1,2956,32,10
2957,1,2957,10,5
2958,1,2958,56,10
2959,1,2959,19,10
2960,1,2960,48,10
2961,1,2961,150,25
2962,1,2962,8,5
2963,1,2963,54,10
2964,1,2964,168,25
2965,1,2965,11,5
2966,1,2966,52,10
2967,1,2967,49,10
2968,1,2968,177,25
2969,1,2969,271,25
2970,1,2970,16,5
2971,1,2971,20,10
2972,1,2972,48,10
2973,1,2973,202,25
2974,1,2974,262,25
2975,1,2975,36,10
2976,1,2976,238,25
2977,1,2977,268,25
2978,1,2978,16,5
2979,1,2979,184,25
2980,1,2980,32,10
2981,1,2981,245,25
2982,1,2982,103,25
2983,1,2983,275,25
2984,1,2984,107,25
2985,1,2985,293,25
2986,1,2986,117,25
2987,1,2987,39,10
2988,1,2988,27,10
2989,1,2989,175,25
2990,1,2990,31,10
2991,1,2991,274,25
2992,1,2992,271,25
2993,1,2993,82,25
2994,1,2994,46,10
2995,1,2995,14,5
2996,1,2996,110,25
2997,1,2997,19,5
2998,1,2998,90,25
2999,1,2999,149,25
3000,1,3000,46,10
3001,1,3001,251,25
3002,1,3002,261,25
3003,1,3003,112,25
3004,1,3004,220,25
3005,1,3005,21,10
3006,1,3006,197,25
3007,1,3007,20,5
3008,1,3008,158,25
3009,1,3009,19,5
3010,1,3010,145,25
3011,1,3011,56,10
3012,1,3012,28,10
3013,1,3013,29,10
3014,1,3014,51,10
3015,1,3015,147,25
3016,1,3016,36,10
3017,1,3017,172,25
3018,1,3018,20,10
3019,1,3019,67,25
3020,1,3020,51,25
3021,1,3021,51,10
3022,1,3022,280,25
3023,1,3023,40,10
3024,1,3024,9,5
3025,1,3025,55,10
3026,1,3026,278,25
3027,1,3027,143,25
3028,1,3028,18,10
3029,1,3029,11,5
3030,1,3030,96,25
3031,1,3031,16,10
3032,1,3032,45,10
3033,1,3033,20,10
3034,1,3034,130,25
3035,1,3035,298,25
3036,1,3036,18,10
3037,1,3037,18,10
3038,1,3038,11,5
3039,1,3039,12,5
3040,1,3040,122,25
3041,1,3041,223,25
3042,1,3042,25,10
3043,1,3043,34,10
3044,1,3044,51,10
3045,1,3045,5,5
3046,1,3046,217,25
3047,1,3047,52,10
3048,1,3048,103,25
3049,1,3049,15,10
3050,1,3050,300,25
3051,1,3051,126,25
3052,1,3052,9,5
3053,1,3053,83,25
3054,1,3054,263,25
3055,1,3055,51,10
3056,1,3056,42,10
3057,1,3057,174,25
3058,1,3058,219,25
3059,1,3059,37,10
3060,1,3060,47,10
3061,1,3061,8,5
3062,1,3062,18,5
3063,1,3063,52,10
3064,1,3064,35,10
3065,1,3065,112,25
3066,1,3066,33,10
3067,1,3067,240,25
3068,1,3068,175,25
3069,1,3069,166,25
3070,1,3070,254,25
3071,1,3071,73,25
3072,1,3072,19,5
3073,1,3073,38,10
3074,1,3074,12,5
3075,1,3075,60,25
3076,1,3076,24,10
3077,1,3077,27,10
3078,1,3078,33,10
3079,1,3079,13,5
3080,1,3080,120,25
3081,1,3081,15,5
3082,1,3082,47,10
3083,1,3083,17,5
3084,1,3084,45,10
3085,1,3085,184,25
3086,1,3086,21,10
3087,1,3087,82,25
3088,1,3088,15,10
3089,1,3089,56,10
3090,1,3090,13,5
3091,1,3091,258,25
3092,1,3092,230,25
3093,1,3093,55,10
3094,1,3094,28,10
3095,1,3095,27,10
3096,1,3096,166,25
3097,1,3097,267,25
3098,1,3098,47,10
3099,1,3099,20,10
3100,1,3100,223,25
3101,1,3101,147,25
3102,1,3102,30,10
3103,1,3103,29,10
3104,1,3104,53,25
3105,1,3105,98,25
3106,1,3106,39,10
3107,1,3107,253,25
3108,1,3108,70,25
3109,1,3109,24,10
3110,1,3110,147,25
3111,1,3111,185,25
3112,1,3112,247,25
3113,1,3113,58,10
3114,1,3114,59,10
3115,1,3115,15,10
3116,1,3116,31,10
3117,1,3117,79,25
3118,1,3118,60,10
3119,1,3119,17,5
3120,1,3120,105,25
3121,1,3121,126,25
3122,1,3122,135,25
3123,1,3123,33,10
3124,1,3124,38,10
3125,1,3125,53,10
3126,1,3126,52,25
3127,1,3127,273,25
3128,1,3128,216,25
3129,1,3129,5,5
3130,1,3130,42,10
3131,1,3131,139,25
3132,1,3132,234,25
3133,1,3133,85,25
3134,1,3134,85,25
3135,1,3135,94,25
3136,1,3136,6,5
3137,1,3137,43,10
3138,1,3138,15,5
3139,1,3139,111,25
3140,1,3140,198,25
3141,1,3141,214,25
3142,1,3142,33,10
3143,1,3143,202,25
3144,1,3144,60,10
3145,1,3145,18,10
3146,1,3146,17,5
3147,1,3147,37,10
3148,1,3148,165,25
3149,1,3149,191,25
3150,1,3150,128,25
3151,1,3151,6,5
3152,1,3152,58,25
3153,1,3153,46,10
3154,1,3154,155,25
3155,1,3155,298,25
3156,1,3156,173,25
3157,1,3157,114,25
3158,1,3158,157,25
3159,1,3159,154,25
3160,1,3160,18,5
3161,1,3161,74,25
3162,1,3162,60,10
3163,1,3163,33,10
3164,1,3164,57,25
3165,1,3165,255,25
3166,1,3166,37,10
3167,1,3167,109,25
3168,1,3168,180,25
3169,1,3169,161,25
3170,1,3170,123,25
3171,1,3171,59,10
3172,1,3172,44,10
3173,1,3173,206,25
3174,1,3174,60,10
3175,1,3175,22,10
3176,1,3176,250,25
3177,1,3177,50,10
3178,1,3178,247,25
3179,1,3179,212,25
3180,1,3180,57,10
3181,1,3181,16,5
3182,1,3182,55,10
3183,1,3183,19,10
3184,1,3184,27,10
3185,1,3185,216,25
3186,1,3186,263,25
3187,1,3187,82,25
3188,1,3188,26,10
3189,1,3189,26,10
3190,1,3190,43,10
3191,1,3191,56,25
3192,1,3192,35,10
3193,1,3193,277,25
3194,1,3194,132,25
3195,1,3195,27,10
3196,1,3196,45,10
3197,1,3197,16,10
3198,1,3198,111,25
3199,1,3199,160,25
3200,1,3200,216,25
3201,1,3201,225,25
3202,1,3202,26,10
3203,1,3203,247,25
3204,1,3204,34,10
3205,1,3205,189,25
3206,1,3206,43,10
3207,1,3207,21,10
3208,1,3208,123,25
3209,1,3209,20,10
3210,1,3210,20,5
3211,1,3211,173,25
3212,1,3212,176,25
3213,1,3213,36,10
3214,1,3214,10,5
3215,1,3215,31,10
3216,1,3216,101,25
3217,1,3217,19,10
3218,1,3218,95,25
3219,1,3219,26,10
3220,1,3220,237,25
3221,1,3221,248,25
3222,1,3222,10,5
3223,1,3223,222,25
3224,1,3224,56,10
3225,1,3225,18,5
3226,1,3226,6,5
3227,1,3227,23,10
3228,1,3228,31,10
3229,1,3229,25,10
3230,1,3230,17,5
3231,1,3231,91,25
3232,1,3232,166,25
3233,1,3233,114,25
3234,1,3234,11,5
3235,1,3235,41,10
3236,1,3236,238,25
3237,1,3237,15,5
3238,1,3238,20,5
3239,1,3239,115,25
3240,1,3240,73,25
3241,1,3241,36,10
3242,1,3242,48,10
3243,1,3243,288,25
3244,1,3244,20,5
3245,1,3245,7,5
3246,1,3246,165,25
3247,1,3247,6,5
3248,1,3248,30,10
3249,1,3249,14,5
3250,1,3250,81,25
3251,1,3251,165,25
3252,1,3252,8,5
3253,1,3253,37,10
3254,1,3254,7,5
3255,1,3255,222,25
3256,1,3256,127,25
3257,1,3257,139,25
3258,1,3258,106,25
3259,1,3259,11,5
3260,1,3260,221,25
3261,1,3261,18,5
3262,1,3262,59,10
3263,1,3263,171,25
3264,1,3264,142,25
3265,1,3265,150,25
3266,1,3266,44,10
3267,1,3267,16,5
3268,1,3268,16,5
3269,1,3269,127,25
3270,1,3270,14,5
3271,1,3271,13,5
3272,1,3272,132,25
3273,1,3273,11,5
3274,1,3274,294,25
3275,1,3275,8,5
3276,1,3276,26,10
3277,1,3277,100,25
3278,1,3278,42,10
3279,1,3279,60,10
3280,1,3280,56,10
3281,1,3281,20,5
3282,1,3282,35,10
3283,1,3283,60,25
3284,1,3284,126,25
3285,1,3285,47,10
3286,1,3286,12,5
3287,1,3287,13,5
3288,1,3288,48,10
3289,1,3289,125,25
3290,1,3290,51,10
3291,1,3291,30,10
3292,1,3292,17,10
3293,1,3293,117,25
3294,1,3294,18,10
3295,1,3295,15,5
3296,1,3296,49,10
3297,1,3297,134,25
3298,1,3298,42,10
3299,1,3299,58,10
3300,1,3300,20,5
3301,1,3301,211,25
3302,1,3302,167,25
3303,1,3303,18,10
3304,1,3304,299,25
3305,1,3305,57,25
3306,1,3306,168,25
3307,1,3307,295,25
3308,1,3308,156,25
3309,1,3309,8,5
3310,1,3310,34,10
3311,1,3311,37,10
3312,1,3312,46,10
3313,1,3313,43,10
3314,1,3314,20,5
3315,1,3315,247,25
3316,1,3316,66,25
3317,1,3317,8,5
3318,1,3318,13,5
3319,1,3319,285,25
3320,1,3320,30,10
3321,1,3321,27,10
3322,1,3322,20,5
3323,1,3323,19,5
3324,1,3324,54,10
3325,1,3325,64,25
3326,1,3326,20,5
3327,1,3327,9,5
3328,1,3328,38,10
3329,1,3329,226,25
3330,1,3330,99,25
3331,1,3331,91,25
3332,1,3332,213,25
3333,1,3333,17,5
3334,1,3334,220,25
3335,1,3335,40,10
3336,1,3336,110,25
3337,1,3337,89,25
3338,1,3338,214,25
3339,1,3339,7,5
3340,1,3340,101,25
3341,1,3341,132,25
3342,1,3342,26,10
3343,1,3343,48,10
3344,1,3344,33,10
3345,1,3345,38,10
3346,1,3346,51,10
3347,1,3347,161,25
3348,1,3348,22,10
3349,1,3349,122,25
3350,1,3350,20,10
3351,1,3351,211,25
3352,1,3352,245,25
3353,1,3353,267,25
3354,1,3354,35,10
3355,1,3355,28,10
3356,1,3356,194,25
3357,1,3357,207,25
3358,1,3358,11,5
3359,1,3359,93,25
3360,1,3360,6,5
3361,1,3361,9,5
3362,1,3362,75,25
3363,1,3363,5,5
3364,1,3364,5,5
3365,1,3365,203,25
3366,1,3366,88,25
3367,1,3367,46,10
3368,1,3368,56,25
3369,1,3369,7,5
3370,1,3370,106,25
3371,1,3371,52,10
3372,1,3372,17,10
3373,1,3373,82,25
3374,1,3374,173,25
3375,1,3375,7,5
3376,1,3376,10,5
3377,1,3377,49,10
3378,1,3378,29,10
3379,1,3379,25,10
3380,1,3380,22,10
3381,1,3381,229,25
3382,1,3382,11,5
3383,1,3383,108,25
3384,1,3384,55,10
3385,1,3385,24,10
3386,1,3386,44,10
3387,1,3387,16,10
3388,1,3388,103,25
3389,1,3389,218,25
3390,1,3390,48,10
3391,1,3391,90,25
3392,1,3392,169,25
3393,1,3393,285,25
3394,1,3394,27,10
3395,1,3395,199,25
3396,1,3396,45,10
3397,1,3397,82,25
3398,1,3398,51,10
3399,1,3399,109,25
3400,1,3400,17,5
3401,1,3401,213,25
3402,1,3402,29,10
3403,1,3403,279,25
3404,1,3404,215,25
3405,1,3405,40,10
3406,1,3406,49,10
3407,1,3407,19,5
3408,1,3408,12,5
3409,1,3409,18,5
3410,1,3410,170,25
3411,1,3411,293,25
3412,1,3412,238,25
3413,1,3413,20,10
3414,1,3414,267,25
3415,1,3415,170,25
3416,1,3416,228,25
3417,1,3417,10,5
3418,1,3418,141,25
3419,1,3419,76,25
3420,1,3420,272,25
3421,1,3421,233,25
3422,1,3422,109,25
3423,1,3423,217,25
3424,1,3424,279,25
3425,1,3425,8,5
3426,1,3426,47,10
3427,1,3427,181,25
3428,1,3428,18,10
3429,1,3429,19,10
3430,1,3430,246,25
3431,1,3431,20,10
3432,1,3432,58,10
3433,1,3433,233,25
3434,1,3434,30,10
3435,1,3435,179,25
3436,1,3436,33,10
3437,1,3437,282,25
3438,1,3438,58,10
3439,1,3439,26,10
3440,1,3440,49,10
3441,1,3441,48,10
3442,1,3442,13,5
3443,1,3443,37,10
3444,1,3444,83,25
3445,1,3445,16,5
3446,1,3446,40,10
3447,1,3447,32,10
3448,1,3448,12,5
3449,1,3449,229,25
3450,1,3450,18,10
3451,1,3451,11,5
3452,1,3452,22,10
3453,1,3453,15,10
3454,1,3454,8,5
3455,1,3455,213,25
3456,1,3456,270,25
3457,1,3457,30,10
3458,1,3458,104,25
3459,1,3459,59,10
3460,1,3460,195,25
3461,1,3461,219,25
3462,1,3462,23,10
3463,1,3463,238,25
3464,1,3464,28,10
3465,1,3465,29,10
3466,1,3466,20,5
3467,1,3467,37,10
3468,1,3468,12,5
3469,1,3469,39,10
3470,1,3470,102,25
3471,1,3471,97,25
3472,1,3472,32,10
3473,1,3473,169,25
3474,1,3474,5,5
3475,1,3475,29,10
3476,1,3476,275,25
3477,1,3477,39,10
3478,1,3478,181,25
3479,1,3479,160,25
3480,1,3480,187,25
3481,1,3481,118,25
3482,1,3482,18,5
3483,1,3483,27,10
3484,1,3484,22,10
3485,1,3485,7,5
3486,1,3486,7,5
3487,1,3487,49,10
3488,1,3488,266,25
3489,1,3489,34,10
3490,1,3490,209,25
3491,1,3491,39,10
3492,1,3492,134,25
3493,1,3493,158,25
3494,1,3494,29,10
3495,1,3495,225,25
3496,1,3496,238,25
3497,1,3497,20,10
3498,1,3498,45,10
3499,1,3499,155,25
3500,1,3500,51,10
3501,1,3501,297,25
3502,1,3502,43,10
3503,1,3503,14,5
3504,1,3504,280,25
3505,1,3505,108,25
3506,1,3506,23,10
3507,1,3507,29,10
3508,1,3508,164,25
3509,1,3509,6,5
3510,1,3510,28,10
3511,1,3511,47,10
3512,1,3512,220,25
3513,1,3513,5,5
3514,1,3514,32,10
3515,1,3515,22,10
3516,1,3516,19,5
3517,1,3517,235,25
3518,1,3518,60,10
3519,1,3519,199,25
3520,1,3520,8,5
3521,1,3521,27,10
3522,1,3522,38,10
3523,1,3523,147,25
3524,1,3524,169,25
3525,1,3525,98,25
3526,1,3526,8,5
3527,1,3527,28,10
3528,1,3528,248,25
3529,1,3529,7,5
3530,1,3530,67,25
3531,1,3531,40,10
3532,1,3532,82,25
3533,1,3533,87,25
3534,1,3534,60,10
3535,1,3535,29,10
3536,1,3536,194,25
3537,1,3537,45,10
3538,1,3538,52,10
3539,1,3539,102,25
3540,1,3540,13,5
3541,1,3541,12,5
3542,1,3542,59,25
3543,1,3543,146,25
3544,1,3544,52,10
3545,1,3545,69,25
3546,1,3546,259,25
3547,1,3547,186,25
3548,1,3548,39,10
3549,1,3549,34,10
3550,1,3550,220,25
3551,1,3551,16,10
3552,1,3552,108,25
3553,1,3553,15,10
3554,1,3554,48,10
3555,1,3555,116,25
3556,1,3556,42,10
3557,1,3557,27,10
3558,1,3558,17,5
3559,1,3559,62,25
3560,1,3560,214,25
3561,1,3561,157,25
3562,1,3562,104,25
3563,1,3563,42,10
3564,1,3564,37,10
3565,1,3565,61,25
3566,1,3566,289,25
3567,1,3567,111,25
3568,1,3568,153,25
3569,1,3569,21,10
3570,1,3570,42,10
3571,1,3571,261,25
3572,1,3572,224,25
3573,1,3573,247,25
3574,1,3574,286,25
3575,1,3575,9,5
3576,1,3576,33,10
3577,1,3577,22,10
3578,1,3578,5,5
3579,1,3579,213,25
3580,1,3580,53,10
3581,1,3581,257,25
3582,1,3582,51,10
3583,1,3583,5,5
3584,1,3584,18,5
3585,1,3585,120,25
3586,1,3586,286,25
3587,1,3587,19,5
3588,1,3588,11,5
3589,1,3589,40,10
3590,1,3590,11,5
3591,1,3591,92,25
3592,1,3592,293,25
3593,1,3593,16,5
3594,1,3594,18,10
3595,1,3595,200,25
3596,1,3596,16,5
3597,1,3597,287,25
3598,1,3598,70,25
3599,1,3599,7,5
3600,1,3600,21,10
3601,1,3601,11,5
3602,1,3602,26,10
3603,1,3603,27,10
3604,1,3604,50,10
3605,1,3605,121,25
3606,1,3606,6,5
3607,1,3607,15,10
3608,1,3608,23,10
3609,1,3609,18,5
3610,1,3610,148,25
3611,1,3611,186,25
3612,1,3612,33,10
3613,1,3613,95,25
3614,1,3614,15,10
3615,1,3615,111,25
3616,1,3616,168,25
3617,1,3617,30,10
3618,1,3618,41,10
3619,1,3619,113,25
3620,1,3620,44,10
3621,1,3621,92,25
3622,1,3622,53,25
3623,1,3623,57,10
3624,1,3624,16,10
3625,1,3625,254,25
3626,1,3626,287,25
3627,1,3627,13,5
3628,1,3628,8,5
3629,1,3629,57,10
3630,1,3630,35,10
3631,1,3631,106,25
3632,1,3632,20,10
3633,1,3633,10,5
3634,1,3634,43,10
3635,1,3635,133,25
3636,1,3636,5,5
3637,1,3637,22,10
3638,1,3638,34,10
3639,1,3639,183,25
3640,1,3640,30,10
3641,1,3641,145,25
3642,1,3642,112,25
3643,1,3643,71,25
3644,1,3644,53,10
3645,1,3645,6,5
3646,1,3646,79,25
3647,1,3647,202,25
3648,1,3648,216,25
3649,1,3649,102,25
3650,1,3650,46,10
3651,1,3651,18,5
3652,1,3652,260,25
3653,1,3653,21,10
3654,1,3654,28,10
3655,1,3655,19,10
3656,1,3656,19,10
3657,1,3657,280,25
3658,1,3658,126,25
3659,1,3659,76,25
3660,1,3660,8,5
3661,1,3661,51,10
3662,1,3662,28,10
3663,1,3663,124,25
3664,1,3664,244,25
3665,1,3665,15,5
3666,1,3666,7,5
3667,1,3667,35,10
3668,1,3668,59,10
3669,1,3669,18,10
3670,1,3670,32,10
3671,1,3671,51,10
3672,1,3672,77,25
3673,1,3673,53,25
3674,1,3674,171,25
3675,1,3675,163,25
3676,1,3676,17,5
3677,1,3677,18,5
3678,1,3678,20,5
3679,1,3679,276,25
3680,1,3680,46,10
3681,1,3681,212,25
3682,1,3682,47,10
3683,1,3683,20,5
3684,1,3684,10,5
3685,1,3685,41,10
3686,1,3686,13,5
3687,1,3687,59,25
3688,1,3688,27,10
3689,1,3689,12,5
3690,1,3690,55,10
3691,1,3691,21,10
3692,1,3692,153,25
3693,1,3693,292,25
3694,1,3694,16,5
3695,1,3695,181,25
3696,1,3696,200,25
3697,1,3697,15,10
3698,1,3698,20,5
3699,1,3699,194,25
3700,1,3700,107,25
3701,1,3701,41,10
3702,1,3702,123,25
3703,1,3703,264,25
3704,1,3704,122,25
3705,1,3705,37,10
3706,1,3706,259,25
3707,1,3707,204,25
3708,1,3708,123,25
3709,1,3709,81,25
3710,1,3710,56,25
3711,1,3711,120,25
3712,1,3712,29,10
3713,1,3713,274,25
3714,1,3714,56,25
3715,1,3715,187,25
3716,1,3716,34,10
3717,1,3717,30,10
3718,1,3718,285,25
3719,1,3719,16,5
3720,1,3720,37,10
3721,1,3721,19,5
3722,1,3722,89,25
3723,1,3723,26,10
3724,1,3724,62,25
3725,1,3725,40,10
3726,1,3726,17,5
3727,1,3727,21,10
3728,1,3728,10,5
3729,1,3729,282,25
3730,1,3730,6,5
3731,1,3731,35,10
3732,1,3732,234,25
3733,1,3733,17,5
3734,1,3734,17,10
3735,1,3735,16,5
3736,1,3736,146,25
3737,1,3737,282,25
3738,1,3738,18,5
3739,1,3739,7,5
3740,1,3740,197,25
3741,1,3741,29,10
3742,1,3742,225,25
3743,1,3743,26,10
3744,1,3744,23,10
3745,1,3745,16,5
3746,1,3746,15,5
3747,1,3747,35,10
3748,1,3748,27,10
3749,1,3749,15,5
3750,1,3750,6,5
3751,1,3751,12,5
3752,1,3752,30,10
3753,1,3753,233,25
3754,1,3754,283,25
3755,1,3755,36,10
3756,1,3756,88,25
3757,1,3757,57,10
3758,1,3758,57,10
3759,1,3759,6,5
3760,1,3760,16,10
3761,1,3761,185,25
3762,1,3762,17,10
3763,1,3763,55,10
3764,1,3764,71,25
3765,1,3765,15,5
3766,1,3766,33,10
3767,1,3767,19,5
3768,1,3768,135,25
3769,1,3769,37,10
3770,1,3770,95,25
3771,1,3771,101,25
3772,1,3772,81,25
3773,1,3773,277,25
3774,1,3774,228,25
3775,1,3775,108,25
3776,1,3776,168,25
3777,1,3777,15,5
3778,1,3778,32,10
3779,1,3779,9,5
3780,1,3780,47,10
3781,1,3781,22,10
3782,1,3782,191,25
3783,1,3783,15,10
3784,1,3784,18,10
3785,1,3785,11,5
3786,1,3786,49,10
3787,1,3787,237,25
3788,1,3788,17,10
3789,1,3789,292,25
3790,1,3790,224,25
3791,1,3791,44,10
3792,1,3792,42,10
3793,1,3793,11,5
3794,1,3794,16,5
3795,1,3795,18,10
3796,1,3796,19,5
3797,1,3797,53,10
3798,1,3798,20,5
3799,1,3799,254,25
3800,1,3800,196,25
3801,1,3801,167,25
3802,1,3802,43,10
3803,1,3803,140,25
3804,1,3804,33,10
3805,1,3805,55,10
3806,1,3806,18,5
3807,1,3807,55,10
3808,1,3808,54,10
3809,1,3809,11,5
3810,1,3810,53,10
3811,1,3811,294,25
3812,1,3812,23,10
3813,1,3813,282,25
3814,1,3814,14,5
3815,1,3815,151,25
3816,1,3816,17,5
3817,1,3817,80,25
3818,1,3818,15,5
3819,1,3819,190,25
3820,1,3820,44,10
3821,1,3821,17,10
3822,1,3822,10,5
3823,1,3823,51,10
3824,1,3824,20,10
3825,1,3825,263,25
3826,1,3826,219,25
3827,1,3827,17,5
3828,1,3828,28,10
3829,1,3829,80,25
3830,1,3830,11,5
3831,1,3831,55,10
3832,1,3832,9,5
3833,1,3833,176,25
3834,1,3834,272,25
3835,1,3835,16,5
3836,1,3836,51,10
3837,1,3837,264,25
3838,1,3838,48,10
3839,1,3839,135,25
3840,1,3840,60,10
3841,1,3841,194,25
3842,1,3842,7,5
3843,1,3843,11,5
3844,1,3844,45,10
3845,1,3845,13,5
3846,1,3846,73,25
3847,1,3847,133,25
3848,1,3848,17,10
3849,1,3849,27,10
3850,1,3850,252,25
3851,1,3851,288,25
3852,1,3852,19,10
3853,1,3853,5,5
3854,1,3854,128,25
3855,1,3855,182,25
3856,1,3856,47,10
3857,1,3857,295,25
3858,1,3858,169,25
3859,1,3859,20,10
3860,1,3860,50,10
3861,1,3861,104,25
3862,1,3862,10,5
3863,1,3863,16,5
3864,1,3864,202,25
3865,1,3865,52,10
3866,1,3866,21,10
3867,1,3867,49,10
3868,1,3868,246,25
3869,1,3869,13,5
3870,1,3870,22,10
3871,1,3871,20,5
3872,1,3872,236,25
3873,1,3873,36,10
3874,1,3874,299,25
3875,1,3875,40,10
3876,1,3876,220,25
3877,1,3877,266,25
3878,1,3878,10,5
3879,1,3879,18,5
3880,1,3880,226,25
3881,1,3881,293,25
3882,1,3882,13,5
3883,1,3883,37,10
3884,1,3884,11,5
3885,1,3885,28,10
3886,1,3886,163,25
3887,1,3887,180,25
3888,1,3888,20,10
3889,1,3889,19,5
3890,1,3890,53,10
3891,1,3891,6,5
3892,1,3892,150,25
3893,1,3893,268,25
3894,1,3894,14,5
3895,1,3895,16,5
3896,1,3896,20,10
3897,1,3897,134,25
3898,1,3898,50,10
3899,1,3899,5,5
3900,1,3900,35,10
3901,1,3901,21,10
3902,1,3902,37,10
3903,1,3903,244,25
3904,1,3904,137,25
3905,1,3905,16,5
3906,1,3906,84,25
3907,1,3907,50,10
3908,1,3908,60,10
3909,1,3909,78,25
3910,1,3910,39,10
3911,1,3911,111,25
3912,1,3912,268,25
3913,1,3913,236,25
3914,1,3914,16,5
3915,1,3915,52,10
3916,1,3916,112,25
3917,1,3917,61,25
3918,1,3918,218,25
3919,1,3919,185,25
3920,1,3920,273,25
3921,1,3921,132,25
3922,1,3922,25,10
3923,1,3923,21,10
3924,1,3924,204,25
3925,1,3925,30,10
3926,1,3926,17,10
3927,1,3927,11,5
3928,1,3928,28,10
3929,1,3929,53,10
3930,1,3930,57,10
3931,1,3931,19,10
3932,1,3932,136,25
3933,1,3933,202,25
3934,1,3934,247,25
3935,1,3935,55,10
3936,1,3936,7,5
3937,1,3937,56,25
3938,1,3938,5,5
3939,1,3939,53,10
3940,1,3940,15,10
3941,1,3941,19,10
3942,1,3942,39,10
3943,1,3943,19,5
3944,1,3944,28,10
3945,1,3945,232,25
3946,1,3946,23,10
3947,1,3947,251,25
3948,1,3948,38,10
3949,1,3949,20,10
3950,1,3950,59,25
3951,1,3951,46,10
3952,1,3952,225,25
3953,1,3953,7,5
3954,1,3954,13,5
3955,1,3955,10,5
3956,1,3956,43,10
3957,1,3957,5,5
3958,1,3958,8,5
3959,1,3959,135,25
3960,1,3960,153,25
3961,1,3961,120,25
3962,1,3962,37,10
3963,1,3963,23,10
3964,1,3964,297,25
3965,1,3965,26,10
3966,1,3966,54,10
3967,1,3967,20,10
3968,1,3968,5,5
3969,1,3969,8,5
3970,1,3970,160,25
3971,1,3971,36,10
3972,1,3972,154,25
3973,1,3973,60,10
3974,1,3974,206,25
3975,1,3975,52,10
3976,1,3976,40,10
3977,1,3977,256,25
3978,1,3978,31,10
3979,1,3979,19,10
3980,1,3980,9,5
3981,1,3981,166,25
3982,1,3982,13,5
3983,1,3983,43,10
3984,1,3984,43,10
3985,1,3985,50,10
3986,1,3986,285,25
3987,1,3987,39,10
3988,1,3988,51,10
3989,1,3989,97,25
3990,1,3990,257,25
3991,1,3991,35,10
3992,1,3992,21,10
3993,1,3993,21,10
3994,1,3994,232,25
3995,1,3995,251,25
3996,1,3996,55,10
3997,1,3997,50,10
3998,1,3998,137,25
3999,1,3999,45,10
4000,1,4000,29,10
4001,1,4001,5,5
4002,1,4002,36,10
4003,1,4003,293,25
4004,1,4004,269,25
4005,1,4005,18,5
4006,1,4006,58,10
4007,1,4007,16,5
4008,1,4008,13,5
4009,1,4009,65,25
4010,1,4010,73,25
4011,1,4011,284,25
4012,1,4012,48,10
4013,1,4013,100,25
4014,1,4014,12,5
4015,1,4015,7,5
4016,1,4016,5,5
4017,1,4017,15,5
4018,1,4018,37,10
4019,1,4019,40,10
4020,1,4020,148,25
4021,1,4021,264,25
4022,1,4022,228,25
4023,1,4023,22,10
4024,1,4024,17,10
4025,1,4025,18,10
4026,1,4026,5,5
4027,1,4027,10,5
4028,1,4028,299,25
4029,1,4029,261,25
4030,1,4030,33,10
4031,1,4031,27,10
4032,1,4032,18,5
4033,1,4033,14,5
4034,1,4034,31,10
4035,1,4035,59,10
4036,1,4036,300,25
4037,1,4037,11,5
4038,1,4038,10,5
4039,1,4039,161,25
4040,1,4040,28,10
4041,1,4041,19,5
4042,1,4042,276,25
4043,1,4043,15,5
4044,1,4044,16,10
4045,1,4045,206,25
4046,1,4046,97,25
4047,1,4047,150,25
4048,1,4048,7,5
4049,1,4049,281,25
4050,1,4050,235,25
4051,1,4051,82,25
4052,1,4052,192,25
4053,1,4053,15,5
4054,1,4054,42,10
4055,1,4055,28,10
4056,1,4056,92,25
4057,1,4057,275,25
4058,1,4058,92,25
4059,1,4059,7,5
4060,1,4060,21,10
4061,1,4061,26,10
4062,1,4062,52,25
4063,1,4063,94,25
4064,1,4064,21,10
4065,1,4065,220,25
4066,1,4066,119,25
4067,1,4067,76,25
4068,1,4068,56,10
4069,1,4069,152,25
4070,1,4070,40,10
4071,1,4071,160,25
4072,1,4072,13,5
4073,1,4073,7,5
4074,1,4074,218,25
4075,1,4075,16,5
4076,1,4076,60,10
4077,1,4077,49,10
4078,1,4078,195,25
4079,1,4079,219,25
4080,1,4080,265,25
4081,1,4081,24,10
4082,1,4082,197,25
4083,1,4083,33,10
4084,1,4084,202,25
4085,1,4085,6,5
4086,1,4086,121,25
4087,1,4087,168,25
4088,1,4088,157,25
4089,1,4089,39,10
4090,1,4090,294,25
4091,1,4091,178,25
4092,1,4092,263,25
4093,1,4093,54,10
4094,1,4094,287,25
4095,1,4095,5,5
4096,1,4096,274,25
4097,1,4097,299,25
4098,1,4098,33,10
4099,1,4099,55,10
4100,1,4100,17,10
4101,1,4101,58,10
4102,1,4102,14,5
4103,1,4103,181,25
4104,1,4104,178,25
4105,1,4105,54,10
4106,1,4106,138,25
4107,1,4107,144,25
4108,1,4108,23,10
4109,1,4109,12,5
4110,1,4110,172,25
4111,1,4111,24,10
4112,1,4112,101,25
4113,1,4113,68,25
4114,1,4114,41,10
4115,1,4115,53,10
4116,1,4116,26,10
4117,1,4117,17,5
4118,1,4118,261,25
4119,1,4119,36,10
4120,1,4120,97,25
4121,1,4121,60,10
4122,1,4122,13,5
4123,1,4123,12,5
4124,1,4124,55,10
4125,1,4125,245,25
4126,1,4126,19,10
4127,1,4127,21,10
4128,1,4128,25,10
4129,1,4129,291,25
4130,1,4130,271,25
4131,1,4131,28,10
4132,1,4132,12,5
4133,1,4133,56,25
4134,1,4134,80,25
4135,1,4135,15,5
4136,1,4136,41,10
4137,1,4137,54,10
4138,1,4138,43,10
4139,1,4139,71,25
4140,1,4140,6,5
4141,1,4141,101,25
4142,1,4142,51,10
4143,1,4143,234,25
4144,1,4144,279,25
4145,1,4145,41,10
4146,1,4146,123,25
4147,1,4147,133,25
4148,1,4148,80,25
4149,1,4149,35,10
4150,1,4150,53,10
4151,1,4151,10,5
4152,1,4152,114,25
4153,1,4153,17,5
4154,1,4154,155,25
4155,1,4155,20,10
4156,1,4156,196,25
4157,1,4157,57,10
4158,1,4158,45,10
4159,1,4159,103,25
4160,1,4160,7,5
4161,1,4161,29,10
4162,1,4162,19,10
4163,1,4163,17,10
4164,1,4164,8,5
4165,1,4165,47,10
4166,1,4166,40,10
4167,1,4167,44,10
4168,1,4168,50,25
4169,1,4169,11,5
4170,1,4170,18,5
4171,1,4171,296,25
4172,1,4172,7,5
4173,1,4173,300,25
4174,1,4174,8,5
4175,1,4175,55,10
4176,1,4176,272,25
4177,1,4177,6,5
4178,1,4178,65,25
4179,1,4179,55,10
4180,1,4180,16,5
4181,1,4181,52,25
4182,1,4182,229,25
4183,1,4183,8,5
4184,1,4184,19,5
4185,1,4185,293,25
4186,1,4186,5,5
4187,1,4187,15,10
4188,1,4188,19,5
4189,1,4189,277,25
4190,1,4190,58,10
4191,1,4191,16,5
4192,1,4192,36,10
4193,1,4193,206,25
4194,1,4194,54,25
4195,1,4195,25,10
4196,1,4196,12,5
4197,1,4197,17,5
4198,1,4198,6,5
4199,1,4199,14,5
4200,1,4200,261,25
4201,1,4201,52,10
4202,1,4202,7,5
4203,1,4203,47,10
4204,1,4204,249,25
4205,1,4205,11,5
4206,1,4206,230,25
4207,1,4207,109,25
4208,1,4208,119,25
4209,1,4209,148,25
4210,1,4210,55,10
4211,1,4211,7,5
4212,1,4212,207,25
4213,1,4213,8,5
4214,1,4214,18,10
4215,1,4215,108,25
4216,1,4216,32,10
4217,1,4217,229,25
4218,1,4218,30,10
4219,1,4219,148,25
4220,1,4220,18,5
4221,1,4221,25,10
4222,1,4222,213,25
4223,1,4223,20,5
4224,1,4224,131,25
4225,1,4225,195,25
4226,1,4226,177,25
4227,1,4227,110,25
4228,1,4228,6,5
4229,1,4229,103,25
4230,1,4230,45,10
4231,1,4231,11,5
4232,1,4232,12,5
4233,1,4233,122,25
4234,1,4234,13,5
4235,1,4235,264,25
4236,1,4236,38,10
4237,1,4237,173,25
4238,1,4238,53,10
4239,1,4239,11,5
4240,1,4240,47,10
4241,1,4241,236,25
4242,1,4242,19,5
4243,1,4243,192,25
4244,1,4244,77,25
4245,1,4245,146,25
4246,1,4246,5,5
4247,1,4247,139,25
4248,1,4248,25,10
4249,1,4249,51,10
4250,1,4250,23,10
4251,1,4251,99,25
4252,1,4252,5,5
4253,1,4253,48,10
4254,1,4254,49,10
4255,1,4255,39,10
4256,1,4256,54,10
4257,1,4257,21,10
4258,1,4258,20,5
4259,1,4259,280,25
4260,1,4260,19,5
4261,1,4261,163,25
4262,1,4262,201,25
4263,1,4263,21,10
4264,1,4264,88,25
4265,1,4265,210,25
4266,1,4266,59,25
4267,1,4267,227,25
4268,1,4268,121,25
4269,1,4269,56,10
4270,1,4270,57,10
4271,1,4271,35,10
4272,1,4272,24,10
4273,1,4273,201,25
4274,1,4274,173,25
4275,1,4275,146,25
4276,1,4276,18,10
4277,1,4277,184,25
4278,1,4278,225,25
4279,1,4279,223,25
4280,1,4280,43,10
4281,1,4281,49,10
4282,1,4282,117,25
4283,1,4283,131,25
4284,1,4284,177,25
4285,1,4285,297,25
4286,1,4286,243,25
4287,1,4287,300,25
4288,1,4288,35,10
4289,1,4289,177,25
4290,1,4290,18,5
4291,1,4291,35,10
4292,1,4292,6,5
4293,1,4293,86,25
4294,1,4294,107,25
4295,1,4295,239,25
4296,1,4296,184,25
4297,1,4297,59,10
4298,1,4298,268,25
4299,1,4299,56,10
4300,1,4300,95,25
4301,1,4301,247,25
4302,1,4302,14,5
4303,1,4303,30,10
4304,1,4304,39,10
4305,1,4305,31,10
4306,1,4306,252,25
4307,1,4307,156,25
4308,1,4308,137,25
4309,1,4309,39,10
4310,1,4310,16,10
4311,1,4311,159,25
4312,1,4312,21,10
4313,1,4313,20,10
4314,1,4314,243,25
4315,1,4315,134,25
4316,1,4316,243,25
4317,1,4317,54,10
4318,1,4318,268,25
4319,1,4319,8,5
4320,1,4320,52,25
4321,1,4321,200,25
4322,1,4322,236,25
4323,1,4323,20,5
4324,1,4324,193,25
4325,1,4325,273,25
4326,1,4326,133,25
4327,1,4327,20,10
4328,1,4328,262,25
4329,1,4329,43,10
4330,1,4330,145,25
4331,1,4331,176,25
4332,1,4332,47,10
4333,1,4333,49,10
4334,1,4334,48,10
4335,1,4335,164,25
4336,1,4336,19,10
4337,1,4337,54,10
4338,1,4338,222,25
4339,1,4339,140,25
4340,1,4340,31,10
4341,1,4341,42,10
4342,1,4342,52,25
4343,1,4343,32,10
4344,1,4344,126,25
4345,1,4345,16,5
4346,1,4346,90,25
4347,1,4347,6,5
4348,1,4348,227,25
4349,1,4349,26,10
4350,1,4350,20,10
4351,1,4351,199,25
4352,1,4352,81,25
4353,1,4353,153,25
4354,1,4354,70,25
4355,1,4355,294,25
4356,1,4356,46,10
4357,1,4357,64,25
4358,1,4358,55,10
4359,1,4359,52,10
4360,1,4360,280,25
4361,1,4361,65,25
4362,1,4362,224,25
4363,1,4363,126,25
4364,1,4364,113,25
4365,1,4365,48,10
4366,1,4366,17,10
4367,1,4367,212,25
4368,1,4368,8,5
4369,1,4369,213,25
4370,1,4370,29,10
4371,1,4371,227,25
4372,1,4372,145,25
4373,1,4373,261,25
4374,1,4374,15,10
4375,1,4375,22,10
4376,1,4376,53,25
4377,1,4377,7,5
4378,1,4378,286,25
4379,1,4379,84,25
4380,1,4380,23,10
4381,1,4381,5,5
4382,1,4382,8,5
4383,1,4383,12,5
4384,1,4384,23,10
4385,1,4385,150,25
4386,1,4386,99,25
4387,1,4387,55,10
4388,1,4388,47,10
4389,1,4389,234,25
4390,1,4390,241,25
4391,1,4391,273,25
4392,1,4392,120,25
4393,1,4393,41,10
4394,1,4394,33,10
4395,1,4395,13,5
4396,1,4396,287,25
4397,1,4397,292,25
4398,1,4398,59,10
4399,1,4399,6,5
4400,1,4400,104,25
4401,1,4401,57,10
4402,1,4402,10,5
4403,1,4403,91,25
4404,1,4404,5,5
4405,1,4405,216,25
4406,1,4406,80,25
4407,1,4407,148,25
4408,1,4408,45,10
4409,1,4409,287,25
4410,1,4410,9,5
4411,1,4411,282,25
4412,1,4412,205,25
4413,1,4413,41,10
4414,1,4414,45,10
4415,1,4415,73,25
4416,1,4416,282,25
4417,1,4417,134,25
4418,1,4418,95,25
4419,1,4419,47,10
4420,1,4420,17,5
4421,1,4421,48,10
4422,1,4422,178,25
4423,1,4423,192,25
4424,1,4424,46,10
4425,1,4425,149,25
4426,1,4426,26,10
4427,1,4427,55,25
4428,1,4428,119,25
4429,1,4429,16,5
4430,1,4430,248,25
4431,1,4431,162,25
4432,1,4432,23,10
4433,1,4433,60,10
4434,1,4434,39,10
4435,1,4435,10,5
4436,1,4436,95,25
4437,1,4437,16,10
4438,1,4438,260,25
4439,1,4439,52,10
4440,1,4440,70,25
4441,1,4441,239,25
4442,1,4442,212,25
4443,1,4443,246,25
4444,1,4444,16,10
4445,1,4445,36,10
4446,1,4446,100,25
4447,1,4447,92,25
4448,1,4448,127,25
4449,1,4449,18,5
4450,1,4450,216,25
4451,1,4451,55,25
4452,1,4452,50,25
4453,1,4453,21,10
4454,1,4454,8,5
4455,1,4455,281,25
4456,1,4456,58,10
4457,1,4457,60,25
4458,1,4458,232,25
4459,1,4459,36,10
4460,1,4460,49,10
4461,1,4461,17,5
4462,1,4462,47,10
4463,1,4463,255,25
4464,1,4464,223,25
4465,1,4465,23,10
4466,1,4466,211,25
4467,1,4467,134,25
4468,1,4468,149,25
4469,1,4469,287,25
4470,1,4470,166,25
4471,1,4471,42,10
4472,1,4472,60,10
4473,1,4473,15,10
4474,1,4474,156,25
4475,1,4475,34,10
4476,1,4476,59,10
4477,1,4477,18,5
4478,1,4478,58,25
4479,1,4479,243,25
4480,1,4480,171,25
4481,1,4481,50,10
4482,1,4482,34,10
4483,1,4483,24,10
4484,1,4484,52,10
4485,1,4485,19,10
4486,1,4486,37,10
4487,1,4487,237,25
4488,1,4488,20,10
4489,1,4489,33,10
4490,1,4490,112,25
4491,1,4491,23,10
4492,1,4492,288,25
4493,1,4493,19,5
4494,1,4494,29,10
4495,1,4495,42,10
4496,1,4496,47,10
4497,1,4497,8,5
4498,1,4498,52,10
4499,1,4499,287,25
4500,1,4500,161,25
4501,1,4501,233,25
4502,1,4502,20,5
4503,1,4503,18,5
4504,1,4504,138,25
4505,1,4505,108,25
4506,1,4506,16,5
4507,1,4507,60,10
4508,1,4508,14,5
4509,1,4509,269,25
4510,1,4510,14,5
4511,1,4511,239,25
4512,1,4512,48,10
4513,1,4513,47,10
4514,1,4514,295,25
4515,1,4515,215,25
4516,1,4516,280,25
4517,1,4517,42,10
4518,1,4518,23,10
4519,1,4519,55,10
4520,1,4520,99,25
4521,1,4521,34,10
4522,1,4522,294,25
4523,1,4523,57,10
4524,1,4524,7,5
4525,1,4525,76,25
4526,1,4526,25,10
4527,1,4527,190,25
4528,1,4528,79,25
4529,1,4529,143,25
4530,1,4530,12,5
4531,1,4531,126,25
4532,1,4532,225,25
4533,1,4533,157,25
4534,1,4534,33,10
4535,1,4535,49,10
4536,1,4536,127,25
4537,1,4537,34,10
4538,1,4538,136,25
4539,1,4539,288,25
4540,1,4540,68,25
4541,1,4541,94,25
4542,1,4542,17,5
4543,1,4543,207,25
4544,1,4544,284,25
4545,1,4545,296,25
4546,1,4546,31,10
4547,1,4547,15,5
4548,1,4548,50,10
4549,1,4549,6,5
4550,1,4550,87,25
4551,1,4551,83,25
4552,1,4552,33,10
4553,1,4553,186,25
4554,1,4554,40,10
4555,1,4555,51,10
4556,1,4556,51,10
4557,1,4557,55,10
4558,1,4558,32,10
4559,1,4559,59,10
4560,1,4560,56,10
4561,1,4561,14,5
4562,1,4562,281,25
4563,1,4563,74,25
4564,1,4564,7,5
4565,1,4565,93,25
4566,1,4566,285,25
4567,1,4567,26,10
4568,1,4568,109,25
4569,1,4569,212,25
4570,1,4570,41,10
4571,1,4571,18,5
4572,1,4572,149,25
4573,1,4573,209,25
4574,1,4574,65,25
4575,1,4575,59,10
4576,1,4576,144,25
4577,1,4577,21,10
4578,1,4578,13,5
4579,1,4579,5,5
4580,1,4580,18,10
4581,1,4581,250,25
4582,1,4582,32,10
4583,1,4583,248,25
4584,1,4584,16,10
4585,1,4585,31,10
4586,1,4586,290,25
4587,1,4587,97,25
4588,1,4588,179,25
4589,1,4589,46,10
4590,1,4590,277,25
4591,1,4591,117,25
4592,1,4592,38,10
4593,1,4593,10,5
4594,1,4594,49,10
4595,1,4595,273,25
4596,1,4596,54,10
4597,1,4597,13,5
4598,1,4598,161,25
4599,1,4599,239,25
4600,1,4600,56,10
4601,1,4601,45,10
4602,1,4602,47,10
4603,1,4603,45,10
4604,1,4604,249,25
4605,1,4605,55,10
4606,1,4606,286,25
4607,1,4607,62,25
4608,1,4608,19,5
4609,1,4609,219,25
4610,1,4610,26,10
4611,1,4611,165,25
4612,1,4612,20,5
4613,1,4613,289,25
4614,1,4614,274,25
4615,1,4615,71,25
4616,1,4616,116,25
4617,1,4617,110,25
4618,1,4618,30,10
4619,1,4619,164,25
4620,1,4620,92,25
4621,1,4621,39,10
4622,1,4622,18,10
4623,1,4623,192,25
4624,1,4624,19,5
4625,1,4625,13,5
4626,1,4626,194,25
4627,1,4627,265,25
4628,1,4628,133,25
4629,1,4629,29,10
4630,1,4630,29,10
4631,1,4631,11,5
4632,1,4632,135,25
4633,1,4633,111,25
4634,1,4634,18,10
4635,1,4635,16,10
4636,1,4636,161,25
4637,1,4637,136,25
4638,1,4638,15,10
4639,1,4639,47,10
4640,1,4640,245,25
4641,1,4641,218,25
4642,1,4642,19,5
4643,1,4643,287,25
4644,1,4644,20,10
4645,1,4645,50,10
4646,1,4646,30,10
4647,1,4647,149,25
4648,1,4648,33,10
4649,1,4649,258,25
4650,1,4650,38,10
4651,1,4651,220,25
4652,1,4652,125,25
4653,1,4653,147,25
4654,1,4654,122,25
4655,1,4655,48,10
4656,1,4656,48,10
4657,1,4657,47,10
4658,1,4658,15,10
4659,1,4659,12,5
4660,1,4660,295,25
4661,1,4661,15,10
4662,1,4662,43,10
4663,1,4663,141,25
4664,1,4664,229,25
4665,1,4665,18,5
4666,1,4666,9,5
4667,1,4667,27,10
4668,1,4668,173,25
4669,1,4669,13,5
4670,1,4670,51,10
4671,1,4671,20,5
4672,1,4672,42,10
4673,1,4673,10,5
4674,1,4674,14,5
4675,1,4675,16,5
4676,1,4676,18,5
4677,1,4677,17,5
4678,1,4678,51,10
4679,1,4679,40,10
4680,1,4680,60,10
4681,1,4681,9,5
4682,1,4682,184,25
4683,1,4683,19,5
4684,1,4684,23,10
4685,1,4685,215,25
4686,1,4686,31,10
4687,1,4687,268,25
4688,1,4688,229,25
4689,1,4689,38,10
4690,1,4690,13,5
4691,1,4691,10,5
4692,1,4692,90,25
4693,1,4693,71,25
4694,1,4694,33,10
4695,1,4695,31,10
4696,1,4696,117,25
4697,1,4697,101,25
4698,1,4698,19,5
4699,1,4699,98,25
4700,1,4700,210,25
4701,1,4701,155,25
4702,1,4702,50,10
4703,1,4703,59,25
4704,1,4704,245,25
4705,1,4705,143,25
4706,1,4706,259,25
4707,1,4707,262,25
4708,1,4708,66,25
4709,1,4709,242,25
4710,1,4710,97,25
4711,1,4711,193,25
4712,1,4712,146,25
4713,1,4713,183,25
4714,1,4714,189,25
4715,1,4715,42,10
4716,1,4716,67,25
4717,1,4717,9,5
4718,1,4718,262,25
4719,1,4719,139,25
4720,1,4720,184,25
4721,1,4721,37,10
4722,1,4722,69,25
4723,1,4723,5,5
4724,1,4724,5,5
4725,1,4725,40,10
4726,1,4726,20,5
4727,1,4727,36,10
4728,1,4728,145,25
4729,1,4729,15,10
4730,1,4730,53,10
4731,1,4731,69,25
4732,1,4732,246,25
4733,1,4733,43,10
4734,1,4734,31,10
4735,1,4735,107,25
4736,1,4736,12,5
4737,1,4737,174,25
4738,1,4738,155,25
4739,1,4739,21,10
4740,1,4740,58,10
4741,1,4741,7,5
4742,1,4742,10,5
4743,1,4743,19,5
4744,1,4744,39,10
4745,1,4745,85,25
4746,1,4746,54,10
4747,1,4747,35,10
4748,1,4748,40,10
4749,1,4749,42,10
4750,1,4750,272,25
4751,1,4751,70,25
4752,1,4752,180,25
4753,1,4753,200,25
4754,1,4754,160,25
4755,1,4755,42,10
4756,1,4756,18,10
4757,1,4757,6,5
4758,1,4758,54,10
4759,1,4759,172,25
4760,1,4760,14,5
4761,1,4761,52,10
4762,1,4762,30,10
4763,1,4763,99,25
4764,1,4764,110,25
4765,1,4765,58,10
4766,1,4766,44,10
4767,1,4767,230,25
4768,1,4768,31,10
4769,1,4769,244,25
4770,1,4770,17,5
4771,1,4771,60,10
4772,1,4772,127,25
4773,1,4773,81,25
4774,1,4774,20,5
4775,1,4775,145,25
4776,1,4776,39,10
4777,1,4777,38,10
4778,1,4778,280,25
4779,1,4779,18,5
4780,1,4780,231,25
4781,1,4781,18,5
4782,1,4782,60,10
4783,1,4783,250,25
4784,1,4784,35,10
4785,1,4785,220,25
4786,1,4786,41,10
4787,1,4787,33,10
4788,1,4788,29,10
4789,1,4789,166,25
4790,1,4790,111,25
4791,1,4791,219,25
4792,1,4792,150,25
4793,1,4793,240,25
4794,1,4794,280,25
4795,1,4795,30,10
4796,1,4796,112,25
4797,1,4797,128,25
4798,1,4798,32,10
4799,1,4799,11,5
4800,1,4800,113,25
4801,1,4801,12,5
4802,1,4802,49,10
4803,1,4803,11,5
4804,1,4804,232,25
4805,1,4805,236,25
4806,1,4806,38,10
4807,1,4807,228,25
4808,1,4808,35,10
4809,1,4809,39,10
4810,1,4810,11,5
4811,1,4811,51,10
4812,1,4812,145,25
4813,1,4813,35,10
4814,1,4814,41,10
4815,1,4815,41,10
4816,1,4816,46,10
4817,1,4817,206,25
4818,1,4818,92,25
4819,1,4819,81,25
4820,1,4820,31,10
4821,1,4821,261,25
4822,1,4822,233,25
4823,1,4823,32,10
4824,1,4824,22,10
4825,1,4825,5,5
4826,1,4826,105,25
4827,1,4827,81,25
4828,1,4828,283,25
4829,1,4829,45,10
4830,1,4830,64,25
4831,1,4831,184,25
4832,1,4832,12,5
4833,1,4833,51,10
4834,1,4834,17,5
4835,1,4835,91,25
4836,1,4836,78,25
4837,1,4837,12,5
4838,1,4838,259,25
4839,1,4839,54,10
4840,1,4840,15,10
4841,1,4841,45,10
4842,1,4842,54,10
4843,1,4843,13,5
4844,1,4844,85,25
4845,1,4845,8,5
4846,1,4846,14,5
4847,1,4847,162,25
4848,1,4848,52,10
4849,1,4849,52,10
4850,1,4850,12,5
4851,1,4851,53,10
4852,1,4852,10,5
4853,1,4853,115,25
4854,1,4854,48,10
4855,1,4855,23,10
4856,1,4856,47,10
4857,1,4857,7,5
4858,1,4858,196,25
4859,1,4859,16,5
4860,1,4860,31,10
4861,1,4861,44,10
4862,1,4862,59,10
4863,1,4863,265,25
4864,1,4864,11,5
4865,1,4865,125,25
4866,1,4866,193,25
4867,1,4867,21,10
4868,1,4868,18,5
4869,1,4869,41,10
4870,1,4870,33,10
4871,1,4871,140,25
4872,1,4872,154,25
4873,1,4873,36,10
4874,1,4874,259,25
4875,1,4875,240,25
4876,1,4876,38,10
4877,1,4877,160,25
4878,1,4878,75,25
4879,1,4879,57,10
4880,1,4880,9,5
4881,1,4881,171,25
4882,1,4882,263,25
4883,1,4883,9,5
4884,1,4884,57,25
4885,1,4885,21,10
4886,1,4886,18,5
4887,1,4887,158,25
4888,1,4888,11,5
4889,1,4889,159,25
4890,1,4890,12,5
4891,1,4891,28,10
4892,1,4892,55,10
4893,1,4893,35,10
4894,1,4894,78,25
4895,1,4895,42,10
4896,1,4896,19,10
4897,1,4897,19,5
4898,1,4898,21,10
4899,1,4899,164,25
4900,1,4900,241,25
4901,1,4901,288,25
4902,1,4902,58,10
4903,1,4903,18,5
4904,1,4904,17,5
4905,1,4905,12,5
4906,1,4906,8,5
4907,1,4907,86,25
4908,1,4908,52,10
4909,1,4909,52,10
4910,1,4910,29,10
4911,1,4911,284,25
4912,1,4912,159,25
4913,1,4913,18,5
4914,1,4914,120,25
4915,1,4915,23,10
4916,1,4916,70,25
4917,1,4917,239,25
4918,1,4918,40,10
4919,1,4919,162,25
4920,1,4920,50,10
4921,1,4921,33,10
4922,1,4922,36,10
4923,1,4923,46,10
4924,1,4924,7,5
4925,1,4925,142,25
4926,1,4926,20,5
4927,1,4927,100,25
4928,1,4928,5,5
4929,1,4929,149,25
4930,1,4930,19,10
4931,1,4931,180,25
4932,1,4932,259,25
4933,1,4933,14,5
4934,1,4934,34,10
4935,1,4935,53,10
4936,1,4936,171,25
4937,1,4937,181,25
4938,1,4938,236,25
4939,1,4939,17,10
4940,1,4940,17,10
4941,1,4941,55,10
4942,1,4942,192,25
4943,1,4943,145,25
4944,1,4944,43,10
4945,1,4945,24,10
4946,1,4946,44,10
4947,1,4947,299,25
4948,1,4948,109,25
4949,1,4949,175,25
4950,1,4950,158,25
4951,1,4951,5,5
4952,1,4952,15,5
4953,1,4953,54,10
4954,1,4954,155,25
4955,1,4955,59,25
4956,1,4956,263,25
4957,1,4957,202,25
4958,1,4958,38,10
4959,1,4959,184,25
4960,1,4960,238,25
4961,1,4961,13,5
4962,1,4962,5,5
4963,1,4963,19,10
4964,1,4964,60,10
4965,1,4965,73,25
4966,1,4966,5,5
4967,1,4967,81,25
4968,1,4968,54,10
4969,1,4969,15,10
4970,1,4970,199,25
4971,1,4971,242,25
4972,1,4972,33,10
4973,1,4973,224,25
4974,1,4974,9,5
4975,1,4975,240,25
4976,1,4976,15,5
4977,1,4977,5,5
4978,1,4978,19,5
4979,1,4979,13,5
4980,1,4980,13,5
4981,1,4981,15,10
4982,1,4982,44,10
4983,1,4983,143,25
4984,1,4984,112,25
4985,1,4985,35,10
4986,1,4986,5,5
4987,1,4987,48,10
4988,1,4988,288,25
4989,1,4989,16,5
4990,1,4990,38,10
4991,1,4991,51,10
4992,1,4992,31,10
4993,1,4993,275,25
4994,1,4994,11,5
4995,1,4995,91,25
4996,1,4996,20,5
4997,1,4997,132,25
4998,1,4998,197,25
4999,1,4999,222,25
5000,1,5000,17,5
5001,2,1,14,5
5002,2,2,219,25
5003,2,3,19,5
5004,2,4,27,10
5005,2,5,195,25
5006,2,6,295,25
5007,2,7,45,10
5008,2,8,53,10
5009,2,9,158,25
5010,2,10,40,10
5011,2,11,10,5
5012,2,12,240,25
5013,2,13,29,10
5014,2,14,19,10
5015,2,15,8,5
5016,2,16,57,10
5017,2,17,165,25
5018,2,18,175,25
5019,2,19,20,5
5020,2,20,58,10
5021,2,21,32,10
5022,2,22,8,5
5023,2,23,102,25
5024,2,24,50,10
5025,2,25,143,25
5026,2,26,15,10
5027,2,27,49,10
5028,2,28,250,25
5029,2,29,228,25
5030,2,30,142,25
5031,2,31,278,25
5032,2,32,132,25
5033,2,33,47,10
5034,2,34,129,25
5035,2,35,29,10
5036,2,36,17,5
5037,2,37,33,10
5038,2,38,16,5
5039,2,39,55,10
5040,2,40,121,25
5041,2,41,24,10
5042,2,42,259,25
5043,2,43,185,25
5044,2,44,94,25
5045,2,45,50,10
5046,2,46,23,10
5047,2,47,33,10
5048,2,48,32,10
5049,2,49,48,10
5050,2,50,5,5
5051,2,51,222,25
5052,2,52,251,25
5053,2,53,27,10
5054,2,54,154,25
5055,2,55,178,25
5056,2,56,14,5
5057,2,57,50,10
5058,2,58,27,10
5059,2,59,58,10
5060,2,60,40,10
5061,2,61,53,10
5062,2,62,86,25
5063,2,63,31,10
5064,2,64,192,25
5065,2,65,292,25
5066,2,66,7,5
5067,2,67,137,25
5068,2,68,19,10
5069,2,69,48,10
5070,2,70,240,25
5071,2,71,179,25
5072,2,72,241,25
5073,2,73,299,25
5074,2,74,99,25
5075,2,75,56,10
5076,2,76,48,10
5077,2,77,38,10
5078,2,78,60,10
5079,2,79,181,25
5080,2,80,62,25
5081,2,81,52,10
5082,2,82,105,25
5083,2,83,13,5
5084,2,84,83,25
5085,2,85,16,10
5086,2,86,126,25
5087,2,87,60,10
5088,2,88,55,10
5089,2,89,269,25
5090,2,90,19,5
5091,2,91,30,10
5092,2,92,28,10
5093,2,93,26,10
5094,2,94,5,5
5095,2,95,72,25
5096,2,96,19,10
5097,2,97,161,25
5098,2,98,165,25
5099,2,99,45,10
5100,2,100,20,5
5101,2,101,30,10
5102,2,102,204,25
5103,2,103,154,25
5104,2,104,34,10
5105,2,105,23,10
5106,2,106,207,25
5107,2,107,13,5
5108,2,108,83,25
5109,2,109,16,5
5110,2,110,23,10
5111,2,111,269,25
5112,2,112,58,10
5113,2,113,75,25
5114,2,114,211,25
5115,2,115,124,25
5116,2,116,27,10
5117,2,117,19,5
5118,2,118,20,10
5119,2,119,33,10
5120,2,120,172,25
5121,2,121,95,25
5122,2,122,42,10
5123,2,123,30,10
5124,2,124,59,10
5125,2,125,33,10
5126,2,126,47,10
5127,2,127,32,10
5128,2,128,5,5
5129,2,129,166,25
5130,2,130,32,10
5131,2,131,26,10
5132,2,132,42,10
5133,2,133,36,10
5134,2,134,283,25
5135,2,135,59,10
5136,2,136,39,10
5137,2,137,295,25
5138,2,138,22,10
5139,2,139,34,10
5140,2,140,41,10
5141,2,141,41,10
5142,2,142,264,25
5143,2,143,58,10
5144,2,144,57,10
5145,2,145,13,5
5146,2,146,288,25
5147,2,147,51,10
5148,2,148,53,10
5149,2,149,296,25
5150,2,150,17,10
5151,2,151,124,25
5152,2,152,6,5
5153,2,153,263,25
5154,2,154,60,10
5155,2,155,285,25
5156,2,156,17,10
5157,2,157,64,25
5158,2,158,247,25
5159,2,159,14,5
5160,2,160,199,25
5161,2,161,264,25
5162,2,162,10,5
5163,2,163,56,10
5164,2,164,51,25
5165,2,165,279,25
5166,2,166,105,25
5167,2,167,5,5
5168,2,168,279,25
5169,2,169,82,25
5170,2,170,51,10
5171,2,171,29,10
5172,2,172,52,10
5173,2,173,37,10
5174,2,174,16,5
5175,2,175,68,25
5176,2,176,55,10
5177,2,177,51,10
5178,2,178,18,10
5179,2,179,95,25
5180,2,180,38,10
5181,2,181,160,25
5182,2,182,64,25
5183,2,183,283,25
5184,2,184,264,25
5185,2,185,79,25
5186,2,186,222,25
5187,2,187,37,10
5188,2,188,289,25
5189,2,189,40,10
5190,2,190,114,25
5191,2,191,8,5
5192,2,192,288,25
5193,2,193,11,5
5194,2,194,16,5
5195,2,195,32,10
5196,2,196,41,10
5197,2,197,8,5
5198,2,198,55,10
5199,2,199,184,25
5200,2,200,39,10
5201,2,201,16,10
5202,2,202,26,10
5203,2,203,120,25
5204,2,204,12,5
5205,2,205,45,10
5206,2,206,249,25
5207,2,207,33,10
5208,2,208,233,25
5209,2,209,107,25
5210,2,210,240,25
5211,2,211,51,10
5212,2,212,260,25
5213,2,213,6,5
5214,2,214,55,25
5215,2,215,183,25
5216,2,216,69,25
5217,2,217,51,10
5218,2,218,18,10
5219,2,219,177,25
5220,2,220,97,25
5221,2,221,66,25
5222,2,222,16,10
5223,2,223,47,10
5224,2,224,60,10
5225,2,225,16,5
5226,2,226,23,10
5227,2,227,72,25
5228,2,228,43,10
5229,2,229,106,25
5230,2,230,33,10
5231,2,231,238,25
5232,2,232,18,10
5233,2,233,296,25
5234,2,234,217,25
5235,2,235,52,10
5236,2,236,58,10
5237,2,237,32,10
5238,2,238,163,25
5239,2,239,43,10
5240,2,240,33,10
5241,2,241,277,25
5242,2,242,41,10
5243,2,243,200,25
5244,2,244,41,10
5245,2,245,161,25
5246,2,246,175,25
5247,2,247,201,25
5248,2,248,144,25
5249,2,249,125,25
5250,2,250,103,25
5251,2,251,51,10
5252,2,252,35,10
5253,2,253,144,25
5254,2,254,25,10
5255,2,255,7,5
5256,2,256,13,5
5257,2,257,30,10
5258,2,258,212,25
5259,2,259,16,10
5260,2,260,50,10
5261,2,261,33,10
5262,2,262,14,5
5263,2,263,16,5
5264,2,264,39,10
5265,2,265,11,5
5266,2,266,26,10
5267,2,267,118,25
5268,2,268,94,25
5269,2,269,142,25
5270,2,270,15,5
5271,2,271,57,10
5272,2,272,129,25
5273,2,273,259,25
5274,2,274,218,25
5275,2,275,48,10
5276,2,276,32,10
5277,2,277,101,25
5278,2,278,17,5
5279,2,279,9,5
5280,2,280,157,25
5281,2,281,256,25
5282,2,282,10,5
5283,2,283,140,25
5284,2,284,243,25
5285,2,285,59,25
5286,2,286,8,5
5287,2,287,227,25
5288,2,288,49,10
5289,2,289,59,10
5290,2,290,32,10
5291,2,291,82,25
5292,2,292,18,5
5293,2,293,15,5
5294,2,294,162,25
5295,2,295,78,25
5296,2,296,242,25
5297,2,297,102,25
5298,2,298,19,10
5299,2,299,108,25
5300,2,300,31,10
5301,2,301,158,25
5302,2,302,60,10
5303,2,303,13,5
5304,2,304,252,25
5305,2,305,7,5
5306,2,306,85,25
5307,2,307,246,25
5308,2,308,194,25
5309,2,309,96,25
5310,2,310,263,25
5311,2,311,11,5
5312,2,312,138,25
5313,2,313,56,10
5314,2,314,13,5
5315,2,315,129,25
5316,2,316,286,25
5317,2,317,29,10
5318,2,318,132,25
5319,2,319,194,25
5320,2,320,39,10
5321,2,321,59,10
5322,2,322,197,25
5323,2,323,45,10
5324,2,324,189,25
5325,2,325,51,25
5326,2,326,50,10
5327,2,327,52,10
5328,2,328,130,25
5329,2,329,55,10
5330,2,330,167,25
5331,2,331,234,25
5332,2,332,33,10
5333,2,333,25,10
5334,2,334,232,25
5335,2,335,55,10
5336,2,336,246,25
5337,2,337,15,10
5338,2,338,51,10
5339,2,339,266,25
5340,2,340,19,10
5341,2,341,64,25
5342,2,342,61,25
5343,2,343,127,25
5344,2,344,89,25
5345,2,345,272,25
5346,2,346,227,25
5347,2,347,240,25
5348,2,348,182,25
5349,2,349,20,5
5350,2,350,278,25
5351,2,351,90,25
5352,2,352,35,10
5353,2,353,10,5
5354,2,354,54,10
5355,2,355,44,10
5356,2,356,205,25
5357,2,357,85,25
5358,2,358,132,25
5359,2,359,263,25
5360,2,360,130,25
5361,2,361,184,25
5362,2,362,52,10
5363,2,363,34,10
5364,2,364,58,25
5365,2,365,36,10
5366,2,366,183,25
5367,2,367,119,25
5368,2,368,259,25
5369,2,369,116,25
5370,2,370,15,5
5371,2,371,57,10
5372,2,372,9,5
5373,2,373,12,5
5374,2,374,9,5
5375,2,375,34,10
5376,2,376,55,10
5377,2,377,197,25
5378,2,378,31,10
5379,2,379,13,5
5380,2,380,282,25
5381,2,381,228,25
5382,2,382,6,5
5383,2,383,140,25
5384,2,384,273,25
5385,2,385,25,10
5386,2,386,43,10
5387,2,387,14,5
5388,2,388,6,5
5389,2,389,144,25
5390,2,390,42,10
5391,2,391,13,5
5392,2,392,174,25
5393,2,393,11,5
5394,2,394,24,10
5395,2,395,19,5
5396,2,396,34,10
5397,2,397,216,25
5398,2,398,47,10
5399,2,399,20,5
5400,2,400,298,25
5401,2,401,124,25
5402,2,402,230,25
5403,2,403,210,25
5404,2,404,92,25
5405,2,405,5,5
5406,2,406,20,10
5407,2,407,49,10
5408,2,408,151,25
5409,2,409,30,10
5410,2,410,257,25
5411,2,411,34,10
5412,2,412,60,10
5413,2,413,109,25
5414,2,414,27,10
5415,2,415,44,10
5416,2,416,44,10
5417,2,417,7,5
5418,2,418,18,5
5419,2,419,218,25
5420,2,420,68,25
5421,2,421,83,25
5422,2,422,179,25
5423,2,423,129,25
5424,2,424,19,5
5425,2,425,34,10
5426,2,426,292,25
5427,2,427,266,25
5428,2,428,152,25
5429,2,429,16,5
5430,2,430,108,25
5431,2,431,26,10
5432,2,432,23,10
5433,2,433,49,10
5434,2,434,22,10
5435,2,435,54,10
5436,2,436,288,25
5437,2,437,8,5
5438,2,438,273,25
5439,2,439,12,5
5440,2,440,60,10
5441,2,441,29,10
5442,2,442,235,25
5443,2,443,73,25
5444,2,444,43,10
5445,2,445,44,10
5446,2,446,225,25
5447,2,447,18,5
5448,2,448,17,5
5449,2,449,152,25
5450,2,450,10,5
5451,2,451,26,10
5452,2,452,16,5
5453,2,453,167,25
5454,2,454,129,25
5455,2,455,18,10
5456,2,456,17,5
5457,2,457,53,10
5458,2,458,26,10
5459,2,459,16,5
5460,2,460,27,10
5461,2,461,37,10
5462,2,462,57,10
5463,2,463,7,5
5464,2,464,31,10
5465,2,465,27,10
5466,2,466,15,10
5467,2,467,245,25
5468,2,468,41,10
5469,2,469,41,10
5470,2,470,15,5
5471,2,471,83,25
5472,2,472,112,25
5473,2,473,9,5
5474,2,474,11,5
5475,2,475,59,25
5476,2,476,52,10
5477,2,477,22,10
5478,2,478,24,10
5479,2,479,10,5
5480,2,480,17,5
5481,2,481,143,25
5482,2,482,53,25
5483,2,483,250,25
5484,2,484,77,25
5485,2,485,20,5
5486,2,486,5,5
5487,2,487,179,25
5488,2,488,80,25
5489,2,489,248,25
5490,2,490,265,25
5491,2,491,217,25
5492,2,492,12,5
5493,2,493,30,10
5494,2,494,15,10
5495,2,495,49,10
5496,2,496,42,10
5497,2,497,79,25
5498,2,498,293,25
5499,2,499,12,5
5500,2,500,26,10
5501,2,501,8,5
5502,2,502,128,25
5503,2,503,179,25
5504,2,504,50,10
5505,2,505,163,25
5506,2,506,273,25
5507,2,507,8,5
5508,2,508,36,10
5509,2,509,17,10
5510,2,510,265,25
5511,2,511,189,25
5512,2,512,16,5
5513,2,513,51,10
5514,2,514,228,25
5515,2,515,36,10
5516,2,516,110,25
5517,2,517,38,10
5518,2,518,12,5
5519,2,519,20,5
5520,2,520,109,25
5521,2,521,51,10
5522,2,522,12,5
5523,2,523,60,10
5524,2,524,55,10
5525,2,525,21,10
5526,2,526,38,10
5527,2,527,112,25
5528,2,528,48,10
5529,2,529,56,10
5530,2,530,32,10
5531,2,531,162,25
5532,2,532,10,5
5533,2,533,229,25
5534,2,534,18,10
5535,2,535,254,25
5536,2,536,9,5
5537,2,537,253,25
5538,2,538,36,10
5539,2,539,47,10
5540,2,540,140,25
5541,2,541,42,10
5542,2,542,32,10
5543,2,543,9,5
5544,2,544,18,5
5545,2,545,23,10
5546,2,546,60,10
5547,2,547,11,5
5548,2,548,274,25
5549,2,549,51,10
5550,2,550,15,10
5551,2,551,12,5
5552,2,552,240,25
5553,2,553,56,10
5554,2,554,19,10
5555,2,555,17,5
5556,2,556,19,5
5557,2,557,114,25
5558,2,558,37,10
5559,2,559,15,10
5560,2,560,57,10
5561,2,561,10,5
5562,2,562,213,25
5563,2,563,8,5
5564,2,564,52,10
5565,2,565,103,25
5566,2,566,14,5
5567,2,567,51,10
5568,2,568,43,10
5569,2,569,78,25
5570,2,570,238,25
5571,2,571,174,25
5572,2,572,210,25
5573,2,573,35,10
5574,2,574,35,10
5575,2,575,168,25
5576,2,576,155,25
5577,2,577,34,10
5578,2,578,53,10
5579,2,579,41,10
5580,2,580,53,10
5581,2,581,156,25
5582,2,582,168,25
5583,2,583,136,25
5584,2,584,93,25
5585,2,585,57,10
5586,2,586,16,10
5587,2,587,45,10
5588,2,588,159,25
5589,2,589,26,10
5590,2,590,79,25
5591,2,591,20,10
5592,2,592,154,25
5593,2,593,204,25
5594,2,594,34,10
5595,2,595,250,25
5596,2,596,15,10
5597,2,597,72,25
5598,2,598,42,10
5599,2,599,46,10
5600,2,600,50,10
5601,2,601,35,10
5602,2,602,19,5
5603,2,603,41,10
5604,2,604,19,5
5605,2,605,14,5
5606,2,606,216,25
5607,2,607,73,25
5608,2,608,57,25
5609,2,609,57,10
5610,2,610,182,25
5611,2,611,66,25
5612,2,612,157,25
5613,2,613,17,5
5614,2,614,46,10
5615,2,615,22,10
5616,2,616,126,25
5617,2,617,177,25
5618,2,618,23,10
5619,2,619,50,25
5620,2,620,70,25
5621,2,621,22,10
5622,2,622,15,5
5623,2,623,215,25
5624,2,624,7,5
5625,2,625,130,25
5626,2,626,199,25
5627,2,627,46,10
5628,2,628,25,10
5629,2,629,176,25
5630,2,630,24,10
5631,2,631,39,10
5632,2,632,27,10
5633,2,633,228,25
5634,2,634,31,10
5635,2,635,14,5
5636,2,636,48,10
5637,2,637,59,25
5638,2,638,291,25
5639,2,639,204,25
5640,2,640,9,5
5641,2,641,216,25
5642,2,642,219,25
5643,2,643,30,10
5644,2,644,148,25
5645,2,645,242,25
5646,2,646,164,25
5647,2,647,70,25
5648,2,648,204,25
5649,2,649,191,25
5650,2,650,43,10
5651,2,651,50,10
5652,2,652,19,5
5653,2,653,96,25
5654,2,654,34,10
5655,2,655,33,10
5656,2,656,280,25
5657,2,657,260,25
5658,2,658,45,10
5659,2,659,8,5
5660,2,660,224,25
5661,2,661,163,25
5662,2,662,47,10
5663,2,663,184,25
5664,2,664,100,25
5665,2,665,53,25
5666,2,666,8,5
5667,2,667,22,10
5668,2,668,42,10
5669,2,669,46,10
5670,2,670,125,25
5671,2,671,11,5
5672,2,672,45,10
5673,2,673,238,25
5674,2,674,36,10
5675,2,675,28,10
5676,2,676,183,25
5677,2,677,284,25
5678,2,678,42,10
5679,2,679,208,25
5680,2,680,226,25
5681,2,681,34,10
5682,2,682,18,5
5683,2,683,21,10
5684,2,684,29,10
5685,2,685,218,25
5686,2,686,123,25
5687,2,687,95,25
5688,2,688,35,10
5689,2,689,27,10
5690,2,690,287,25
5691,2,691,47,10
5692,2,692,119,25
5693,2,693,49,10
5694,2,694,279,25
5695,2,695,33,10
5696,2,696,181,25
5697,2,697,50,25
5698,2,698,26,10
5699,2,699,21,10
5700,2,700,17,10
5701,2,701,57,10
5702,2,702,145,25
5703,2,703,18,10
5704,2,704,19,10
5705,2,705,38,10
5706,2,706,110,25
5707,2,707,207,25
5708,2,708,39,10
5709,2,709,81,25
5710,2,710,168,25
5711,2,711,270,25
5712,2,712,15,10
5713,2,713,16,5
5714,2,714,213,25
5715,2,715,26,10
5716,2,716,132,25
5717,2,717,231,25
5718,2,718,18,5
5719,2,719,24,10
5720,2,720,5,5
5721,2,721,70,25
5722,2,722,34,10
5723,2,723,58,10
5724,2,724,197,25
5725,2,725,222,25
5726,2,726,64,25
5727,2,727,22,10
5728,2,728,126,25
5729,2,729,45,10
5730,2,730,136,25
5731,2,731,24,10
5732,2,732,200,25
5733,2,733,150,25
5734,2,734,6,5
5735,2,735,197,25
5736,2,736,13,5
5737,2,737,296,25
5738,2,738,60,10
5739,2,739,58,25
5740,2,740,57,10
5741,2,741,50,25
5742,2,742,179,25
5743,2,743,55,10
5744,2,744,28,10
5745,2,745,7,5
5746,2,746,29,10
5747,2,747,148,25
5748,2,748,39,10
5749,2,749,173,25
5750,2,750,256,25
5751,2,751,18,5
5752,2,752,12,5
5753,2,753,55,10
5754,2,754,35,10
5755,2,755,12,5
5756,2,756,264,25
5757,2,757,50,10
5758,2,758,291,25
5759,2,759,118,25
5760,2,760,56,10
5761,2,761,58,10
5762,2,762,33,10
5763,2,763,229,25
5764,2,764,26,10
5765,2,765,50,10
5766,2,766,16,5
5767,2,767,59,10
5768,2,768,177,25
5769,2,769,174,25
5770,2,770,54,25
5771,2,771,268,25
5772,2,772,47,10
5773,2,773,54,10
5774,2,774,14,5
5775,2,775,36,10
5776,2,776,139,25
5777,2,777,191,25
5778,2,778,6,5
5779,2,779,146,25
5780,2,780,52,10
5781,2,781,214,25
5782,2,782,31,10
5783,2,783,19,5
5784,2,784,51,25
5785,2,785,276,25
5786,2,786,6,5
5787,2,787,18,10
5788,2,788,14,5
5789,2,789,24,10
5790,2,790,121,25
5791,2,791,27,10
5792,2,792,286,25
5793,2,793,31,10
5794,2,794,226,25
5795,2,795,47,10
5796,2,796,18,10
5797,2,797,54,25
5798,2,798,59,10
5799,2,799,34,10
5800,2,800,48,10
5801,2,801,8,5
5802,2,802,20,5
5803,2,803,42,10
5804,2,804,127,25
5805,2,805,54,10
5806,2,806,19,10
5807,2,807,27,10
5808,2,808,229,25
5809,2,809,96,25
5810,2,810,28,10
5811,2,811,243,25
5812,2,812,251,25
5813,2,813,15,10
5814,2,814,19,5
5815,2,815,176,25
5816,2,816,14,5
5817,2,817,6,5
5818,2,818,9,5
5819,2,819,295,25
5820,2,820,121,25
5821,2,821,191,25
5822,2,822,33,10
5823,2,823,51,10
5824,2,824,255,25
5825,2,825,56,10
5826,2,826,198,25
5827,2,827,36,10
5828,2,828,88,25
5829,2,829,247,25
5830,2,830,231,25
5831,2,831,15,10
5832,2,832,23,10
5833,2,833,29,10
5834,2,834,202,25
5835,2,835,47,10
5836,2,836,263,25
5837,2,837,288,25
5838,2,838,299,25
5839,2,839,58,10
5840,2,840,73,25
5841,2,841,42,10
5842,2,842,27,10
5843,2,843,31,10
5844,2,844,33,10
5845,2,845,131,25
5846,2,846,42,10
5847,2,847,56,10
5848,2,848,6,5
5849,2,849,59,10
5850,2,850,161,25
5851,2,851,15,5
5852,2,852,8,5
5853,2,853,38,10
5854,2,854,82,25
5855,2,855,300,25
5856,2,856,88,25
5857,2,857,9,5
5858,2,858,17,10
5859,2,859,134,25
5860,2,860,51,10
5861,2,861,13,5
5862,2,862,6,5
5863,2,863,21,10
5864,2,864,23,10
5865,2,865,57,10
5866,2,866,51,10
5867,2,867,63,25
5868,2,868,173,25
5869,2,869,202,25
5870,2,870,285,25
5871,2,871,122,25
5872,2,872,161,25
5873,2,873,88,25
5874,2,874,60,10
5875,2,875,16,5
5876,2,876,116,25
5877,2,877,202,25
5878,2,878,77,25
5879,2,879,39,10
5880,2,880,44,10
5881,2,881,53,10
5882,2,882,19,5
5883,2,883,41,10
5884,2,884,228,25
5885,2,885,100,25
5886,2,886,24,10
5887,2,887,35,10
5888,2,888,54,10
5889,2,889,229,25
5890,2,890,94,25
5891,2,891,56,10
5892,2,892,107,25
5893,2,893,15,5
5894,2,894,105,25
5895,2,895,8,5
5896,2,896,32,10
5897,2,897,279,25
5898,2,898,17,10
5899,2,899,54,25
5900,2,900,124,25
5901,2,901,263,25
5902,2,902,18,5
5903,2,903,137,25
5904,2,904,90,25
5905,2,905,52,10
5906,2,906,56,10
5907,2,907,6,5
5908,2,908,8,5
5909,2,909,189,25
5910,2,910,94,25
5911,2,911,30,10
5912,2,912,22,10
5913,2,913,15,10
5914,2,914,27,10
5915,2,915,179,25
5916,2,916,291,25
5917,2,917,193,25
5918,2,918,190,25
5919,2,919,60,10
5920,2,920,235,25
5921,2,921,188,25
5922,2,922,58,10
5923,2,923,293,25
5924,2,924,60,25
5925,2,925,249,25
5926,2,926,99,25
5927,2,927,39,10
5928,2,928,18,10
5929,2,929,200,25
5930,2,930,9,5
5931,2,931,17,5
5932,2,932,28,10
5933,2,933,25,10
5934,2,934,16,10
5935,2,935,52,25
5936,2,936,280,25
5937,2,937,29,10
5938,2,938,187,25
5939,2,939,44,10
5940,2,940,33,10
5941,2,941,95,25
5942,2,942,183,25
5943,2,943,31,10
5944,2,944,278,25
5945,2,945,198,25
5946,2,946,44,10
5947,2,947,19,5
5948,2,948,254,25
5949,2,949,288,25
5950,2,950,201,25
5951,2,951,169,25
5952,2,952,186,25
5953,2,953,267,25
5954,2,954,40,10
5955,2,955,14,5
5956,2,956,27,10
5957,2,957,49,10
5958,2,958,24,10
5959,2,959,53,25
5960,2,960,188,25
5961,2,961,292,25
5962,2,962,55,10
5963,2,963,55,10
5964,2,964,24,10
5965,2,965,11,5
5966,2,966,15,5
5967,2,967,181,25
5968,2,968,272,25
5969,2,969,25,10
5970,2,970,5,5
5971,2,971,41,10
5972,2,972,245,25
5973,2,973,47,10
5974,2,974,27,10
5975,2,975,166,25
5976,2,976,15,10
5977,2,977,22,10
5978,2,978,52,10
5979,2,979,64,25
5980,2,980,60,10
5981,2,981,59,10
5982,2,982,49,10
5983,2,983,11,5
5984,2,984,20,10
5985,2,985,30,10
5986,2,986,171,25
5987,2,987,171,25
5988,2,988,24,10
5989,2,989,164,25
5990,2,990,238,25
5991,2,991,185,25
5992,2,992,43,10
5993,2,993,234,25
5994,2,994,94,25
5995,2,995,214,25
5996,2,996,172,25
5997,2,997,60,10
5998,2,998,42,10
5999,2,999,43,10
6000,2,1000,101,25
6001,2,1001,47,10
6002,2,1002,109,25
6003,2,1003,228,25
6004,2,1004,295,25
6005,2,1005,138,25
6006,2,1006,43,10
6007,2,1007,141,25
6008,2,1008,68,25
6009,2,1009,7,5
6010,2,1010,141,25
6011,2,1011,78,25
6012,2,1012,54,25
6013,2,1013,11,5
6014,2,1014,5,5
6015,2,1015,15,5
6016,2,1016,9,5
6017,2,1017,15,10
6018,2,1018,46,10
6019,2,1019,24,10
6020,2,1020,20,10
6021,2,1021,38,10
6022,2,1022,8,5
6023,2,1023,17,10
6024,2,1024,50,25
6025,2,1025,55,10
6026,2,1026,140,25
6027,2,1027,104,25
6028,2,1028,70,25
6029,2,1029,46,10
6030,2,1030,44,10
6031,2,1031,243,25
6032,2,1032,60,10
6033,2,1033,219,25
6034,2,1034,252,25
6035,2,1035,216,25
6036,2,1036,9,5
6037,2,1037,286,25
6038,2,1038,18,5
6039,2,1039,247,25
6040,2,1040,38,10
6041,2,1041,12,5
6042,2,1042,174,25
6043,2,1043,41,10
6044,2,1044,189,25
6045,2,1045,69,25
6046,2,1046,188,25
6047,2,1047,15,5
6048,2,1048,56,10
6049,2,1049,30,10
6050,2,1050,297,25
6051,2,1051,137,25
6052,2,1052,134,25
6053,2,1053,30,10
6054,2,1054,209,25
6055,2,1055,19,5
6056,2,1056,189,25
6057,2,1057,221,25
6058,2,1058,56,25
6059,2,1059,26,10
6060,2,1060,25,10
6061,2,1061,6,5
6062,2,1062,60,25
6063,2,1063,10,5
6064,2,1064,17,5
6065,2,1065,196,25
6066,2,1066,298,25
6067,2,1067,60,10
6068,2,1068,7,5
6069,2,1069,36,10
6070,2,1070,31,10
6071,2,1071,241,25
6072,2,1072,36,10
6073,2,1073,58,25
6074,2,1074,243,25
6075,2,1075,56,25
6076,2,1076,31,10
6077,2,1077,106,25
6078,2,1078,119,25
6079,2,1079,196,25
6080,2,1080,139,25
6081,2,1081,47,10
6082,2,1082,55,10
6083,2,1083,48,10
6084,2,1084,9,5
6085,2,1085,94,25
6086,2,1086,19,10
6087,2,1087,267,25
6088,2,1088,59,25
6089,2,1089,278,25
6090,2,1090,14,5
6091,2,1091,55,10
6092,2,1092,16,5
6093,2,1093,8,5
6094,2,1094,23,10
6095,2,1095,19,5
6096,2,1096,18,10
6097,2,1097,100,25
6098,2,1098,42,10
6099,2,1099,197,25
6100,2,1100,210,25
6101,2,1101,5,5
6102,2,1102,43,10
6103,2,1103,71,25
6104,2,1104,109,25
6105,2,1105,21,10
6106,2,1106,57,10
6107,2,1107,36,10
6108,2,1108,44,10
6109,2,1109,9,5
6110,2,1110,20,10
6111,2,1111,46,10
6112,2,1112,106,25
6113,2,1113,197,25
6114,2,1114,16,5
6115,2,1115,28,10
6116,2,1116,207,25
6117,2,1117,16,5
6118,2,1118,38,10
6119,2,1119,6,5
6120,2,1120,19,5
6121,2,1121,25,10
6122,2,1122,196,25
6123,2,1123,39,10
6124,2,1124,70,25
6125,2,1125,25,10
6126,2,1126,184,25
6127,2,1127,261,25
6128,2,1128,29,10
6129,2,1129,53,10
6130,2,1130,155,25
6131,2,1131,266,25
6132,2,1132,51,10
6133,2,1133,187,25
6134,2,1134,12,5
6135,2,1135,49,10
6136,2,1136,30,10
6137,2,1137,187,25
6138,2,1138,296,25
6139,2,1139,206,25
6140,2,1140,54,10
6141,2,1141,248,25
6142,2,1142,185,25
6143,2,1143,76,25
6144,2,1144,61,25
6145,2,1145,27,10
6146,2,1146,53,10
6147,2,1147,24,10
6148,2,1148,270,25
6149,2,1149,6,5
6150,2,1150,38,10
6151,2,1151,64,25
6152,2,1152,10,5
6153,2,1153,6,5
6154,2,1154,58,10
6155,2,1155,259,25
6156,2,1156,24,10
6157,2,1157,14,5
6158,2,1158,30,10
6159,2,1159,56,10
6160,2,1160,45,10
6161,2,1161,219,25
6162,2,1162,54,10
6163,2,1163,45,10
6164,2,1164,139,25
6165,2,1165,256,25
6166,2,1166,40,10
6167,2,1167,160,25
6168,2,1168,43,10
6169,2,1169,20,5
6170,2,1170,43,10
6171,2,1171,46,10
6172,2,1172,50,10
6173,2,1173,128,25
6174,2,1174,5,5
6175,2,1175,187,25
6176,2,1176,24,10
6177,2,1177,221,25
6178,2,1178,62,25
6179,2,1179,35,10
6180,2,1180,186,25
6181,2,1181,132,25
6182,2,1182,28,10
6183,2,1183,48,10
6184,2,1184,74,25
6185,2,1185,28,10
6186,2,1186,216,25
6187,2,1187,96,25
6188,2,1188,39,10
6189,2,1189,151,25
6190,2,1190,5,5
6191,2,1191,246,25
6192,2,1192,18,5
6193,2,1193,88,25
6194,2,1194,289,25
6195,2,1195,98,25
6196,2,1196,140,25
6197,2,1197,35,10
6198,2,1198,64,25
6199,2,1199,182,25
6200,2,1200,43,10
6201,2,1201,90,25
6202,2,1202,15,10
6203,2,1203,228,25
6204,2,1204,25,10
6205,2,1205,20,5
6206,2,1206,60,10
6207,2,1207,152,25
6208,2,1208,50,10
6209,2,1209,119,25
6210,2,1210,18,10
6211,2,1211,26,10
6212,2,1212,162,25
6213,2,1213,135,25
6214,2,1214,20,10
6215,2,1215,264,25
6216,2,1216,7,5
6217,2,1217,40,10
6218,2,1218,29,10
6219,2,1219,6,5
6220,2,1220,43,10
6221,2,1221,57,10
6222,2,1222,76,25
6223,2,1223,9,5
6224,2,1224,209,25
6225,2,1225,111,25
6226,2,1226,283,25
6227,2,1227,129,25
6228,2,1228,50,25
6229,2,1229,9,5
6230,2,1230,95,25
6231,2,1231,39,10
6232,2,1232,14,5
6233,2,1233,26,10
6234,2,1234,9,5
6235,2,1235,168,25
6236,2,1236,17,5
6237,2,1237,85,25
6238,2,1238,10,5
6239,2,1239,42,10
6240,2,1240,14,5
6241,2,1241,33,10
6242,2,1242,267,25
6243,2,1243,75,25
6244,2,1244,30,10
6245,2,1245,10,5
6246,2,1246,297,25
6247,2,1247,76,25
6248,2,1248,49,10
6249,2,1249,92,25
6250,2,1250,250,25
6251,2,1251,164,25
6252,2,1252,57,25
6253,2,1253,297,25
6254,2,1254,293,25
6255,2,1255,36,10
6256,2,1256,5,5
6257,2,1257,229,25
6258,2,1258,262,25
6259,2,1259,147,25
6260,2,1260,55,10
6261,2,1261,137,25
6262,2,1262,258,25
6263,2,1263,90,25
6264,2,1264,50,10
6265,2,1265,116,25
6266,2,1266,206,25
6267,2,1267,217,25
6268,2,1268,9,5
6269,2,1269,10,5
6270,2,1270,10,5
6271,2,1271,157,25
6272,2,1272,29,10
6273,2,1273,248,25
6274,2,1274,7,5
6275,2,1275,170,25
6276,2,1276,158,25
6277,2,1277,19,5
6278,2,1278,16,10
6279,2,1279,48,10
6280,2,1280,252,25
6281,2,1281,34,10
6282,2,1282,175,25
6283,2,1283,25,10
6284,2,1284,54,10
6285,2,1285,234,25
6286,2,1286,17,5
6287,2,1287,26,10
6288,2,1288,14,5
6289,2,1289,57,10
6290,2,1290,6,5
6291,2,1291,192,25
6292,2,1292,221,25
6293,2,1293,281,25
6294,2,1294,87,25
6295,2,1295,250,25
6296,2,1296,8,5
6297,2,1297,8,5
6298,2,1298,270,25
6299,2,1299,16,10
6300,2,1300,11,5
6301,2,1301,42,10
6302,2,1302,44,10
6303,2,1303,25,10
6304,2,1304,10,5
6305,2,1305,5,5
6306,2,1306,15,5
6307,2,1307,14,5
6308,2,1308,122,25
6309,2,1309,39,10
6310,2,1310,57,25
6311,2,1311,58,10
6312,2,1312,29,10
6313,2,1313,19,5
6314,2,1314,13,5
6315,2,1315,164,25
6316,2,1316,51,10
6317,2,1317,11,5
6318,2,1318,195,25
6319,2,1319,35,10
6320,2,1320,136,25
6321,2,1321,252,25
6322,2,1322,51,25
6323,2,1323,63,25
6324,2,1324,8,5
6325,2,1325,52,10
6326,2,1326,57,10
6327,2,1327,29,10
6328,2,1328,12,5
6329,2,1329,188,25
6330,2,1330,164,25
6331,2,1331,16,10
6332,2,1332,17,10
6333,2,1333,247,25
6334,2,1334,13,5
6335,2,1335,30,10
6336,2,1336,44,10
6337,2,1337,11,5
6338,2,1338,165,25
6339,2,1339,299,25
6340,2,1340,67,25
6341,2,1341,10,5
6342,2,1342,8,5
6343,2,1343,23,10
6344,2,1344,27,10
6345,2,1345,210,25
6346,2,1346,186,25
6347,2,1347,17,5
6348,2,1348,114,25
6349,2,1349,19,5
6350,2,1350,83,25
6351,2,1351,39,10
6352,2,1352,83,25
6353,2,1353,56,10
6354,2,1354,18,10
6355,2,1355,27,10
6356,2,1356,242,25
6357,2,1357,23,10
6358,2,1358,91,25
6359,2,1359,105,25
6360,2,1360,8,5
6361,2,1361,32,10
6362,2,1362,28,10
6363,2,1363,122,25
6364,2,1364,42,10
6365,2,1365,222,25
6366,2,1366,37,10
6367,2,1367,24,10
6368,2,1368,145,25
6369,2,1369,20,5
6370,2,1370,79,25
6371,2,1371,43,10
6372,2,1372,46,10
6373,2,1373,111,25
6374,2,1374,196,25
6375,2,1375,53,10
6376,2,1376,217,25
6377,2,1377,229,25
6378,2,1378,19,5
6379,2,1379,270,25
6380,2,1380,22,10
6381,2,1381,265,25
6382,2,1382,208,25
6383,2,1383,123,25
6384,2,1384,120,25
6385,2,1385,252,25
6386,2,1386,35,10
6387,2,1387,29,10
6388,2,1388,201,25
6389,2,1389,24,10
6390,2,1390,29,10
6391,2,1391,160,25
6392,2,1392,22,10
6393,2,1393,21,10
6394,2,1394,64,25
6395,2,1395,160,25
6396,2,1396,238,25
6397,2,1397,56,10
6398,2,1398,56,10
6399,2,1399,90,25
6400,2,1400,145,25
6401,2,1401,90,25
6402,2,1402,101,25
6403,2,1403,26,10
6404,2,1404,187,25
6405,2,1405,97,25
6406,2,1406,151,25
6407,2,1407,71,25
6408,2,1408,185,25
6409,2,1409,16,10
6410,2,1410,273,25
6411,2,1411,18,5
6412,2,1412,51,25
6413,2,1413,66,25
6414,2,1414,36,10
6415,2,1415,274,25
6416,2,1416,33,10
6417,2,1417,28,10
6418,2,1418,59,10
6419,2,1419,20,5
6420,2,1420,18,10
6421,2,1421,21,10
6422,2,1422,259,25
6423,2,1423,162,25
6424,2,1424,170,25
6425,2,1425,207,25
6426,2,1426,139,25
6427,2,1427,22,10
6428,2,1428,43,10
6429,2,1429,237,25
6430,2,1430,268,25
6431,2,1431,16,5
6432,2,1432,85,25
6433,2,1433,37,10
6434,2,1434,52,10
6435,2,1435,126,25
6436,2,1436,159,25
6437,2,1437,12,5
6438,2,1438,10,5
6439,2,1439,23,10
6440,2,1440,145,25
6441,2,1441,5,5
6442,2,1442,32,10
6443,2,1443,15,5
6444,2,1444,14,5
6445,2,1445,60,25
6446,2,1446,32,10
6447,2,1447,141,25
6448,2,1448,259,25
6449,2,1449,126,25
6450,2,1450,18,10
6451,2,1451,235,25
6452,2,1452,16,10
6453,2,1453,58,10
6454,2,1454,8,5
6455,2,1455,270,25
6456,2,1456,21,10
6457,2,1457,35,10
6458,2,1458,205,25
6459,2,1459,245,25
6460,2,1460,271,25
6461,2,1461,33,10
6462,2,1462,125,25
6463,2,1463,290,25
6464,2,1464,76,25
6465,2,1465,59,10
6466,2,1466,40,10
6467,2,1467,27,10
6468,2,1468,26,10
6469,2,1469,15,10
6470,2,1470,55,10
6471,2,1471,163,25
6472,2,1472,112,25
6473,2,1473,54,10
6474,2,1474,21,10
6475,2,1475,9,5
6476,2,1476,27,10
6477,2,1477,111,25
6478,2,1478,32,10
6479,2,1479,45,10
6480,2,1480,52,10
6481,2,1481,263,25
6482,2,1482,112,25
6483,2,1483,26,10
6484,2,1484,121,25
6485,2,1485,254,25
6486,2,1486,18,10
6487,2,1487,292,25
6488,2,1488,250,25
6489,2,1489,190,25
6490,2,1490,258,25
6491,2,1491,279,25
6492,2,1492,91,25
6493,2,1493,57,10
6494,2,1494,172,25
6495,2,1495,18,5
6496,2,1496,170,25
6497,2,1497,18,5
6498,2,1498,59,25
6499,2,1499,13,5
6500,2,1500,7,5
6501,2,1501,15,5
6502,2,1502,270,25
6503,2,1503,40,10
6504,2,1504,56,10
6505,2,1505,285,25
6506,2,1506,210,25
6507,2,1507,50,10
6508,2,1508,208,25
6509,2,1509,20,5
6510,2,1510,290,25
6511,2,1511,291,25
6512,2,1512,35,10
6513,2,1513,19,10
6514,2,1514,284,25
6515,2,1515,17,10
6516,2,1516,275,25
6517,2,1517,223,25
6518,2,1518,47,10
6519,2,1519,208,25
6520,2,1520,253,25
6521,2,1521,169,25
6522,2,1522,85,25
6523,2,1523,51,10
6524,2,1524,6,5
6525,2,1525,36,10
6526,2,1526,7,5
6527,2,1527,20,5
6528,2,1528,59,25
6529,2,1529,236,25
6530,2,1530,133,25
6531,2,1531,235,25
6532,2,1532,111,25
6533,2,1533,28,10
6534,2,1534,15,10
6535,2,1535,6,5
6536,2,1536,39,10
6537,2,1537,47,10
6538,2,1538,21,10
6539,2,1539,41,10
6540,2,1540,124,25
6541,2,1541,268,25
6542,2,1542,258,25
6543,2,1543,196,25
6544,2,1544,134,25
6545,2,1545,109,25
6546,2,1546,120,25
6547,2,1547,172,25
6548,2,1548,91,25
6549,2,1549,18,5
6550,2,1550,54,10
6551,2,1551,86,25
6552,2,1552,43,10
6553,2,1553,29,10
6554,2,1554,203,25
6555,2,1555,56,10
6556,2,1556,16,5
6557,2,1557,33,10
6558,2,1558,29,10
6559,2,1559,8,5
6560,2,1560,238,25
6561,2,1561,57,10
6562,2,1562,20,5
6563,2,1563,10,5
6564,2,1564,45,10
6565,2,1565,104,25
6566,2,1566,36,10
6567,2,1567,228,25
6568,2,1568,31,10
6569,2,1569,47,10
6570,2,1570,49,10
6571,2,1571,13,5
6572,2,1572,47,10
6573,2,1573,150,25
6574,2,1574,43,10
6575,2,1575,41,10
6576,2,1576,28,10
6577,2,1577,286,25
6578,2,1578,22,10
6579,2,1579,60,10
6580,2,1580,166,25
6581,2,1581,54,10
6582,2,1582,10,5
6583,2,1583,115,25
6584,2,1584,9,5
6585,2,1585,288,25
6586,2,1586,54,10
6587,2,1587,248,25
6588,2,1588,177,25
6589,2,1589,56,10
6590,2,1590,55,10
6591,2,1591,48,10
6592,2,1592,285,25
6593,2,1593,7,5
6594,2,1594,189,25
6595,2,1595,23,10
6596,2,1596,21,10
6597,2,1597,211,25
6598,2,1598,8,5
6599,2,1599,26,10
6600,2,1600,179,25
6601,2,1601,23,10
6602,2,1602,77,25
6603,2,1603,38,10
6604,2,1604,35,10
6605,2,1605,17,10
6606,2,1606,10,5
6607,2,1607,194,25
6608,2,1608,198,25
6609,2,1609,228,25
6610,2,1610,59,25
6611,2,1611,208,25
6612,2,1612,75,25
6613,2,1613,193,25
6614,2,1614,166,25
6615,2,1615,16,5
6616,2,1616,33,10
6617,2,1617,100,25
6618,2,1618,46,10
6619,2,1619,12,5
6620,2,1620,94,25
6621,2,1621,15,10
6622,2,1622,45,10
6623,2,1623,121,25
6624,2,1624,226,25
6625,2,1625,248,25
6626,2,1626,120,25
6627,2,1627,33,10
6628,2,1628,27,10
6629,2,1629,288,25
6630,2,1630,49,10
6631,2,1631,143,25
6632,2,1632,44,10
6633,2,1633,275,25
6634,2,1634,14,5
6635,2,1635,47,10
6636,2,1636,82,25
6637,2,1637,298,25
6638,2,1638,29,10
6639,2,1639,90,25
6640,2,1640,59,10
6641,2,1641,169,25
6642,2,1642,30,10
6643,2,1643,16,5
6644,2,1644,14,5
6645,2,1645,47,10
6646,2,1646,233,25
6647,2,1647,20,5
6648,2,1648,82,25
6649,2,1649,16,5
6650,2,1650,39,10
6651,2,1651,52,10
6652,2,1652,117,25
6653,2,1653,18,10
6654,2,1654,182,25
6655,2,1655,16,5
6656,2,1656,253,25
6657,2,1657,205,25
6658,2,1658,34,10
6659,2,1659,34,10
6660,2,1660,50,10
6661,2,1661,56,10
6662,2,1662,201,25
6663,2,1663,59,10
6664,2,1664,138,25
6665,2,1665,89,25
6666,2,1666,53,10
6667,2,1667,289,25
6668,2,1668,25,10
6669,2,1669,20,5
6670,2,1670,66,25
6671,2,1671,7,5
6672,2,1672,19,5
6673,2,1673,18,5
6674,2,1674,56,10
6675,2,1675,68,25
6676,2,1676,32,10
6677,2,1677,50,10
6678,2,1678,22,10
6679,2,1679,139,25
6680,2,1680,237,25
6681,2,1681,21,10
6682,2,1682,25,10
6683,2,1683,182,25
6684,2,1684,50,10
6685,2,1685,12,5
6686,2,1686,22,10
6687,2,1687,27,10
6688,2,1688,191,25
6689,2,1689,29,10
6690,2,1690,191,25
6691,2,1691,268,25
6692,2,1692,17,5
6693,2,1693,33,10
6694,2,1694,21,10
6695,2,1695,113,25
6696,2,1696,50,25
6697,2,1697,31,10
6698,2,1698,12,5
6699,2,1699,38,10
6700,2,1700,246,25
6701,2,1701,277,25
6702,2,1702,165,25
6703,2,1703,186,25
6704,2,1704,187,25
6705,2,1705,291,25
6706,2,1706,129,25
6707,2,1707,76,25
6708,2,1708,263,25
6709,2,1709,48,10
6710,2,1710,20,10
6711,2,1711,19,5
6712,2,1712,64,25
6713,2,1713,239,25
6714,2,1714,11,5
6715,2,1715,53,10
6716,2,1716,8,5
6717,2,1717,216,25
6718,2,1718,30,10
6719,2,1719,9,5
6720,2,1720,129,25
6721,2,1721,82,25
6722,2,1722,246,25
6723,2,1723,8,5
6724,2,1724,31,10
6725,2,1725,44,10
6726,2,1726,180,25
6727,2,1727,12,5
6728,2,1728,153,25
6729,2,1729,229,25
6730,2,1730,175,25
6731,2,1731,16,10
6732,2,1732,19,10
6733,2,1733,59,10
6734,2,1734,23,10
6735,2,1735,7,5
6736,2,1736,26,10
6737,2,1737,236,25
6738,2,1738,52,25
6739,2,1739,27,10
6740,2,1740,12,5
6741,2,1741,50,10
6742,2,1742,18,5
6743,2,1743,182,25
6744,2,1744,27,10
6745,2,1745,284,25
6746,2,1746,16,5
6747,2,1747,49,10
6748,2,1748,12,5
6749,2,1749,11,5
6750,2,1750,40,10
6751,2,1751,293,25
6752,2,1752,38,10
6753,2,1753,189,25
6754,2,1754,39,10
6755,2,1755,225,25
6756,2,1756,46,10
6757,2,1757,289,25
6758,2,1758,19,5
6759,2,1759,33,10
6760,2,1760,90,25
6761,2,1761,142,25
6762,2,1762,18,5
6763,2,1763,50,10
6764,2,1764,86,25
6765,2,1765,18,10
6766,2,1766,19,5
6767,2,1767,267,25
6768,2,1768,40,10
6769,2,1769,231,25
6770,2,1770,281,25
6771,2,1771,9,5
6772,2,1772,41,10
6773,2,1773,15,10
6774,2,1774,187,25
6775,2,1775,15,5
6776,2,1776,58,25
6777,2,1777,17,5
6778,2,1778,53,10
6779,2,1779,51,10
6780,2,1780,59,10
6781,2,1781,285,25
6782,2,1782,296,25
6783,2,1783,278,25
6784,2,1784,12,5
6785,2,1785,25,10
6786,2,1786,9,5
6787,2,1787,221,25
6788,2,1788,186,25
6789,2,1789,55,10
6790,2,1790,113,25
6791,2,1791,8,5
6792,2,1792,141,25
6793,2,1793,246,25
6794,2,1794,100,25
6795,2,1795,40,10
6796,2,1796,20,5
6797,2,1797,15,5
6798,2,1798,47,10
6799,2,1799,30,10
6800,2,1800,266,25
6801,2,1801,214,25
6802,2,1802,147,25
6803,2,1803,242,25
6804,2,1804,153,25
6805,2,1805,18,10
6806,2,1806,75,25
6807,2,1807,43,10
6808,2,1808,181,25
6809,2,1809,113,25
6810,2,1810,231,25
6811,2,1811,16,10
6812,2,1812,18,10
6813,2,1813,209,25
6814,2,1814,55,10
6815,2,1815,17,5
6816,2,1816,252,25
6817,2,1817,8,5
6818,2,1818,148,25
6819,2,1819,172,25
6820,2,1820,80,25
6821,2,1821,55,10
6822,2,1822,132,25
6823,2,1823,105,25
6824,2,1824,11,5
6825,2,1825,56,25
6826,2,1826,26,10
6827,2,1827,199,25
6828,2,1828,42,10
6829,2,1829,10,5
6830,2,1830,77,25
6831,2,1831,27,10
6832,2,1832,10,5
6833,2,1833,30,10
6834,2,1834,35,10
6835,2,1835,234,25
6836,2,1836,135,25
6837,2,1837,242,25
6838,2,1838,118,25
6839,2,1839,28,10
6840,2,1840,57,10
6841,2,1841,23,10
6842,2,1842,42,10
6843,2,1843,282,25
6844,2,1844,247,25
6845,2,1845,45,10
6846,2,1846,6,5
6847,2,1847,49,10
6848,2,1848,58,25
6849,2,1849,294,25
6850,2,1850,32,10
6851,2,1851,187,25
6852,2,1852,5,5
6853,2,1853,21,10
6854,2,1854,284,25
6855,2,1855,27,10
6856,2,1856,46,10
6857,2,1857,9,5
6858,2,1858,34,10
6859,2,1859,260,25
6860,2,1860,55,10
6861,2,1861,51,10
6862,2,1862,94,25
6863,2,1863,45,10
6864,2,1864,77,25
6865,2,1865,21,10
6866,2,1866,24,10
6867,2,1867,45,10
6868,2,1868,30,10
6869,2,1869,49,10
6870,2,1870,18,10
6871,2,1871,5,5
6872,2,1872,12,5
6873,2,1873,8,5
6874,2,1874,17,5
6875,2,1875,13,5
6876,2,1876,18,5
6877,2,1877,228,25
6878,2,1878,55,25
6879,2,1879,168,25
6880,2,1880,44,10
6881,2,1881,75,25
6882,2,1882,40,10
6883,2,1883,54,10
6884,2,1884,135,25
6885,2,1885,55,10
6886,2,1886,92,25
6887,2,1887,19,10
6888,2,1888,76,25
6889,2,1889,226,25
6890,2,1890,66,25
6891,2,1891,60,10
6892,2,1892,250,25
6893,2,1893,15,5
6894,2,1894,292,25
6895,2,1895,206,25
6896,2,1896,272,25
6897,2,1897,182,25
6898,2,1898,57,10
6899,2,1899,219,25
6900,2,1900,52,10
6901,2,1901,237,25
6902,2,1902,34,10
6903,2,1903,51,10
6904,2,1904,121,25
6905,2,1905,106,25
6906,2,1906,23,10
6907,2,1907,39,10
6908,2,1908,241,25
6909,2,1909,11,5
6910,2,1910,16,5
6911,2,1911,10,5
6912,2,1912,215,25
6913,2,1913,37,10
6914,2,1914,53,10
6915,2,1915,6,5
6916,2,1916,12,5
6917,2,1917,239,25
6918,2,1918,13,5
6919,2,1919,18,5
6920,2,1920,139,25
6921,2,1921,46,10
6922,2,1922,66,25
6923,2,1923,5,5
6924,2,1924,9,5
6925,2,1925,18,10
6926,2,1926,285,25
6927,2,1927,17,10
6928,2,1928,177,25
6929,2,1929,111,25
6930,2,1930,124,25
6931,2,1931,15,5
6932,2,1932,56,10
6933,2,1933,15,10
6934,2,1934,178,25
6935,2,1935,40,10
6936,2,1936,271,25
6937,2,1937,192,25
6938,2,1938,38,10
6939,2,1939,30,10
6940,2,1940,63,25
6941,2,1941,15,5
6942,2,1942,54,10
6943,2,1943,5,5
6944,2,1944,14,5
6945,2,1945,293,25
6946,2,1946,40,10
6947,2,1947,53,10
6948,2,1948,9,5
6949,2,1949,257,25
6950,2,1950,60,10
6951,2,1951,170,25
6952,2,1952,47,10
6953,2,1953,36,10
6954,2,1954,214,25
6955,2,1955,259,25
6956,2,1956,55,25
6957,2,1957,14,5
6958,2,1958,5,5
6959,2,1959,147,25
6960,2,1960,152,25
6961,2,1961,47,10
6962,2,1962,22,10
6963,2,1963,297,25
6964,2,1964,30,10
6965,2,1965,228,25
6966,2,1966,153,25
6967,2,1967,187,25
6968,2,1968,236,25
6969,2,1969,23,10
6970,2,1970,49,10
6971,2,1971,248,25
6972,2,1972,56,10
6973,2,1973,165,25
6974,2,1974,46,10
6975,2,1975,139,25
6976,2,1976,261,25
6977,2,1977,16,5
6978,2,1978,48,10
6979,2,1979,199,25
6980,2,1980,57,10
6981,2,1981,22,10
6982,2,1982,284,25
6983,2,1983,47,10
6984,2,1984,86,25
6985,2,1985,9,5
6986,2,1986,17,10
6987,2,1987,250,25
6988,2,1988,19,10
6989,2,1989,52,10
6990,2,1990,178,25
6991,2,1991,47,10
6992,2,1992,11,5
6993,2,1993,12,5
6994,2,1994,211,25
6995,2,1995,45,10
6996,2,1996,98,25
6997,2,1997,17,5
6998,2,1998,33,10
6999,2,1999,124,25
7000,2,2000,39,10
7001,2,2001,15,5
7002,2,2002,108,25
7003,2,2003,89,25
7004,2,2004,9,5
7005,2,2005,182,25
7006,2,2006,44,10
7007,2,2007,44,10
7008,2,2008,19,5
7009,2,2009,239,25
7010,2,2010,24,10
7011,2,2011,49,10
7012,2,2012,208,25
7013,2,2013,22,10
7014,2,2014,39,10
7015,2,2015,262,25
7016,2,2016,60,10
7017,2,2017,5,5
7018,2,2018,192,25
7019,2,2019,104,25
7020,2,2020,251,25
7021,2,2021,6,5
7022,2,2022,52,10
7023,2,2023,50,10
7024,2,2024,236,25
7025,2,2025,14,5
7026,2,2026,263,25
7027,2,2027,17,5
7028,2,2028,8,5
7029,2,2029,145,25
7030,2,2030,162,25
7031,2,2031,24,10
7032,2,2032,49,10
7033,2,2033,20,5
7034,2,2034,146,25
7035,2,2035,257,25
7036,2,2036,291,25
7037,2,2037,17,5
7038,2,2038,39,10
7039,2,2039,16,10
7040,2,2040,47,10
7041,2,2041,178,25
7042,2,2042,216,25
7043,2,2043,154,25
7044,2,2044,43,10
7045,2,2045,65,25
7046,2,2046,145,25
7047,2,2047,242,25
7048,2,2048,17,5
7049,2,2049,208,25
7050,2,2050,232,25
7051,2,2051,13,5
7052,2,2052,15,5
7053,2,2053,53,10
7054,2,2054,34,10
7055,2,2055,219,25
7056,2,2056,86,25
7057,2,2057,17,5
7058,2,2058,171,25
7059,2,2059,202,25
7060,2,2060,161,25
7061,2,2061,150,25
7062,2,2062,224,25
7063,2,2063,257,25
7064,2,2064,202,25
7065,2,2065,24,10
7066,2,2066,11,5
7067,2,2067,131,25
7068,2,2068,31,10
7069,2,2069,171,25
7070,2,2070,26,10
7071,2,2071,20,5
7072,2,2072,8,5
7073,2,2073,247,25
7074,2,2074,216,25
7075,2,2075,122,25
7076,2,2076,48,10
7077,2,2077,237,25
7078,2,2078,212,25
7079,2,2079,85,25
7080,2,2080,44,10
7081,2,2081,35,10
7082,2,2082,142,25
7083,2,2083,25,10
7084,2,2084,60,10
7085,2,2085,36,10
7086,2,2086,6,5
7087,2,2087,24,10
7088,2,2088,33,10
7089,2,2089,20,5
7090,2,2090,44,10
7091,2,2091,55,10
7092,2,2092,258,25
7093,2,2093,234,25
7094,2,2094,117,25
7095,2,2095,13,5
7096,2,2096,17,10
7097,2,2097,33,10
7098,2,2098,46,10
7099,2,2099,54,25
7100,2,2100,272,25
7101,2,2101,252,25
7102,2,2102,202,25
7103,2,2103,214,25
7104,2,2104,34,10
7105,2,2105,20,5
7106,2,2106,45,10
7107,2,2107,56,10
7108,2,2108,6,5
7109,2,2109,248,25
7110,2,2110,24,10
7111,2,2111,211,25
7112,2,2112,16,5
7113,2,2113,110,25
7114,2,2114,282,25
7115,2,2115,135,25
7116,2,2116,39,10
7117,2,2117,155,25
7118,2,2118,208,25
7119,2,2119,220,25
7120,2,2120,17,5
7121,2,2121,31,10
7122,2,2122,124,25
7123,2,2123,57,25
7124,2,2124,59,25
7125,2,2125,121,25
7126,2,2126,23,10
7127,2,2127,42,10
7128,2,2128,37,10
7129,2,2129,36,10
7130,2,2130,17,5
7131,2,2131,148,25
7132,2,2132,296,25
7133,2,2133,51,25
7134,2,2134,11,5
7135,2,2135,35,10
7136,2,2136,31,10
7137,2,2137,48,10
7138,2,2138,289,25
7139,2,2139,256,25
7140,2,2140,17,10
7141,2,2141,226,25
7142,2,2142,18,5
7143,2,2143,219,25
7144,2,2144,229,25
7145,2,2145,109,25
7146,2,2146,176,25
7147,2,2147,278,25
7148,2,2148,42,10
7149,2,2149,26,10
7150,2,2150,30,10
7151,2,2151,59,10
7152,2,2152,14,5
7153,2,2153,13,5
7154,2,2154,27,10
7155,2,2155,7,5
7156,2,2156,93,25
7157,2,2157,29,10
7158,2,2158,237,25
7159,2,2159,10,5
7160,2,2160,15,10
7161,2,2161,30,10
7162,2,2162,240,25
7163,2,2163,19,5
7164,2,2164,19,10
7165,2,2165,57,10
7166,2,2166,87,25
7167,2,2167,6,5
7168,2,2168,29,10
7169,2,2169,141,25
7170,2,2170,256,25
7171,2,2171,44,10
7172,2,2172,8,5
7173,2,2173,105,25
7174,2,2174,110,25
7175,2,2175,51,10
7176,2,2176,18,10
7177,2,2177,64,25
7178,2,2178,96,25
7179,2,2179,158,25
7180,2,2180,206,25
7181,2,2181,159,25
7182,2,2182,27,10
7183,2,2183,51,10
7184,2,2184,86,25
7185,2,2185,90,25
7186,2,2186,56,10
7187,2,2187,39,10
7188,2,2188,177,25
7189,2,2189,6,5
7190,2,2190,9,5
7191,2,2191,220,25
7192,2,2192,53,10
7193,2,2193,251,25
7194,2,2194,84,25
7195,2,2195,59,10
7196,2,2196,195,25
7197,2,2197,60,10
7198,2,2198,60,10
7199,2,2199,15,5
7200,2,2200,7,5
7201,2,2201,27,10
7202,2,2202,6,5
7203,2,2203,38,10
7204,2,2204,56,10
7205,2,2205,25,10
7206,2,2206,54,25
7207,2,2207,42,10
7208,2,2208,33,10
7209,2,2209,41,10
7210,2,2210,25,10
7211,2,2211,30,10
7212,2,2212,38,10
7213,2,2213,45,10
7214,2,2214,89,25
7215,2,2215,240,25
7216,2,2216,39,10
7217,2,2217,299,25
7218,2,2218,174,25
7219,2,2219,53,10
7220,2,2220,29,10
7221,2,2221,54,25
7222,2,2222,95,25
7223,2,2223,278,25
7224,2,2224,20,5
7225,2,2225,38,10
7226,2,2226,49,10
7227,2,2227,31,10
7228,2,2228,78,25
7229,2,2229,148,25
7230,2,2230,36,10
7231,2,2231,89,25
7232,2,2232,125,25
7233,2,2233,21,10
7234,2,2234,242,25
7235,2,2235,52,10
7236,2,2236,232,25
7237,2,2237,97,25
7238,2,2238,211,25
7239,2,2239,38,10
7240,2,2240,17,10
7241,2,2241,205,25
7242,2,2242,24,10
7243,2,2243,78,25
7244,2,2244,27,10
7245,2,2245,20,5
7246,2,2246,7,5
7247,2,2247,12,5
7248,2,2248,17,5
7249,2,2249,31,10
7250,2,2250,153,25
7251,2,2251,48,10
7252,2,2252,53,10
7253,2,2253,171,25
7254,2,2254,8,5
7255,2,2255,111,25
7256,2,2256,126,25
7257,2,2257,21,10
7258,2,2258,197,25
7259,2,2259,206,25
7260,2,2260,11,5
7261,2,2261,16,5
7262,2,2262,159,25
7263,2,2263,6,5
7264,2,2264,56,25
7265,2,2265,147,25
7266,2,2266,219,25
7267,2,2267,246,25
7268,2,2268,22,10
7269,2,2269,7,5
7270,2,2270,21,10
7271,2,2271,48,10
7272,2,2272,55,10
7273,2,2273,19,5
7274,2,2274,55,25
7275,2,2275,33,10
7276,2,2276,77,25
7277,2,2277,53,10
7278,2,2278,31,10
7279,2,2279,11,5
7280,2,2280,43,10
7281,2,2281,142,25
7282,2,2282,18,5
7283,2,2283,43,10
7284,2,2284,48,10
7285,2,2285,35,10
7286,2,2286,28,10
7287,2,2287,179,25
7288,2,2288,42,10
7289,2,2289,250,25
7290,2,2290,91,25
7291,2,2291,9,5
7292,2,2292,32,10
7293,2,2293,33,10
7294,2,2294,261,25
7295,2,2295,251,25
7296,2,2296,23,10
7297,2,2297,173,25
7298,2,2298,39,10
7299,2,2299,55,10
7300,2,2300,46,10
7301,2,2301,229,25
7302,2,2302,119,25
7303,2,2303,293,25
7304,2,2304,29,10
7305,2,2305,5,5
7306,2,2306,89,25
7307,2,2307,6,5
7308,2,2308,28,10
7309,2,2309,18,10
7310,2,2310,95,25
7311,2,2311,75,25
7312,2,2312,288,25
7313,2,2313,17,10
7314,2,2314,15,10
7315,2,2315,72,25
7316,2,2316,16,10
7317,2,2317,13,5
7318,2,2318,144,25
7319,2,2319,168,25
7320,2,2320,133,25
7321,2,2321,14,5
7322,2,2322,57,25
7323,2,2323,230,25
7324,2,2324,132,25
7325,2,2325,15,10
7326,2,2326,47,10
7327,2,2327,249,25
7328,2,2328,23,10
7329,2,2329,6,5
7330,2,2330,18,5
7331,2,2331,44,10
7332,2,2332,45,10
7333,2,2333,264,25
7334,2,2334,51,10
7335,2,2335,130,25
7336,2,2336,263,25
7337,2,2337,199,25
7338,2,2338,179,25
7339,2,2339,150,25
7340,2,2340,271,25
7341,2,2341,294,25
7342,2,2342,170,25
7343,2,2343,46,10
7344,2,2344,56,10
7345,2,2345,163,25
7346,2,2346,42,10
7347,2,2347,53,25
7348,2,2348,154,25
7349,2,2349,39,10
7350,2,2350,227,25
7351,2,2351,276,25
7352,2,2352,72,25
7353,2,2353,294,25
7354,2,2354,112,25
7355,2,2355,30,10
7356,2,2356,31,10
7357,2,2357,25,10
7358,2,2358,11,5
7359,2,2359,148,25
7360,2,2360,279,25
7361,2,2361,296,25
7362,2,2362,109,25
7363,2,2363,276,25
7364,2,2364,191,25
7365,2,2365,25,10
7366,2,2366,136,25
7367,2,2367,32,10
7368,2,2368,16,5
7369,2,2369,241,25
7370,2,2370,205,25
7371,2,2371,18,10
7372,2,2372,6,5
7373,2,2373,22,10
7374,2,2374,130,25
7375,2,2375,58,10
7376,2,2376,55,10
7377,2,2377,174,25
7378,2,2378,37,10
7379,2,2379,19,5
7380,2,2380,25,10
7381,2,2381,185,25
7382,2,2382,25,10
7383,2,2383,190,25
7384,2,2384,213,25
7385,2,2385,14,5
7386,2,2386,51,10
7387,2,2387,99,25
7388,2,2388,15,10
7389,2,2389,18,5
7390,2,2390,108,25
7391,2,2391,26,10
7392,2,2392,53,10
7393,2,2393,14,5
7394,2,2394,97,25
7395,2,2395,249,25
7396,2,2396,15,5
7397,2,2397,162,25
7398,2,2398,60,25
7399,2,2399,236,25
7400,2,2400,25,10
7401,2,2401,18,5
7402,2,2402,52,10
7403,2,2403,212,25
7404,2,2404,133,25
7405,2,2405,73,25
7406,2,2406,281,25
7407,2,2407,78,25
7408,2,2408,28,10
7409,2,2409,59,10
7410,2,2410,10,5
7411,2,2411,291,25
7412,2,2412,44,10
7413,2,2413,35,10
7414,2,2414,6,5
7415,2,2415,45,10
7416,2,2416,115,25
7417,2,2417,41,10
7418,2,2418,30,10
7419,2,2419,192,25
7420,2,2420,43,10
7421,2,2421,109,25
7422,2,2422,37,10
7423,2,2423,59,10
7424,2,2424,176,25
7425,2,2425,57,10
7426,2,2426,47,10
7427,2,2427,16,10
7428,2,2428,38,10
7429,2,2429,202,25
7430,2,2430,14,5
7431,2,2431,218,25
7432,2,2432,149,25
7433,2,2433,36,10
7434,2,2434,56,10
7435,2,2435,42,10
7436,2,2436,127,25
7437,2,2437,46,10
7438,2,2438,7,5
7439,2,2439,91,25
7440,2,2440,11,5
7441,2,2441,184,25
7442,2,2442,51,10
7443,2,2443,205,25
7444,2,2444,161,25
7445,2,2445,50,10
7446,2,2446,5,5
7447,2,2447,50,10
7448,2,2448,28,10
7449,2,2449,225,25
7450,2,2450,168,25
7451,2,2451,187,25
7452,2,2452,124,25
7453,2,2453,222,25
7454,2,2454,146,25
7455,2,2455,273,25
7456,2,2456,36,10
7457,2,2457,12,5
7458,2,2458,52,10
7459,2,2459,21,10
7460,2,2460,16,10
7461,2,2461,19,5
7462,2,2462,32,10
7463,2,2463,42,10
7464,2,2464,14,5
7465,2,2465,38,10
7466,2,2466,50,10
7467,2,2467,28,10
7468,2,2468,22,10
7469,2,2469,265,25
7470,2,2470,82,25
7471,2,2471,19,10
7472,2,2472,117,25
7473,2,2473,60,10
7474,2,2474,18,10
7475,2,2475,44,10
7476,2,2476,22,10
7477,2,2477,47,10
7478,2,2478,21,10
7479,2,2479,153,25
7480,2,2480,192,25
7481,2,2481,48,10
7482,2,2482,133,25
7483,2,2483,8,5
7484,2,2484,39,10
7485,2,2485,52,10
7486,2,2486,123,25
7487,2,2487,217,25
7488,2,2488,73,25
7489,2,2489,38,10
7490,2,2490,198,25
7491,2,2491,50,10
7492,2,2492,16,10
7493,2,2493,147,25
7494,2,2494,115,25
7495,2,2495,5,5
7496,2,2496,32,10
7497,2,2497,31,10
7498,2,2498,244,25
7499,2,2499,185,25
7500,2,2500,158,25
7501,2,2501,151,25
7502,2,2502,15,5
7503,2,2503,17,5
7504,2,2504,59,10
7505,2,2505,9,5
7506,2,2506,202,25
7507,2,2507,34,10
7508,2,2508,7,5
7509,2,2509,147,25
7510,2,2510,18,5
7511,2,2511,265,25
7512,2,2512,22,10
7513,2,2513,213,25
7514,2,2514,98,25
7515,2,2515,158,25
7516,2,2516,138,25
7517,2,2517,180,25
7518,2,2518,45,10
7519,2,2519,121,25
7520,2,2520,159,25
7521,2,2521,124,25
7522,2,2522,230,25
7523,2,2523,69,25
7524,2,2524,35,10
7525,2,2525,227,25
7526,2,2526,15,5
7527,2,2527,62,25
7528,2,2528,248,25
7529,2,2529,24,10
7530,2,2530,6,5
7531,2,2531,139,25
7532,2,2532,19,5
7533,2,2533,119,25
7534,2,2534,177,25
7535,2,2535,190,25
7536,2,2536,42,10
7537,2,2537,39,10
7538,2,2538,65,25
7539,2,2539,64,25
7540,2,2540,22,10
7541,2,2541,238,25
7542,2,2542,13,5
7543,2,2543,252,25
7544,2,2544,264,25
7545,2,2545,199,25
7546,2,2546,57,10
7547,2,2547,201,25
7548,2,2548,52,25
7549,2,2549,52,10
7550,2,2550,247,25
7551,2,2551,101,25
7552,2,2552,47,10
7553,2,2553,298,25
7554,2,2554,36,10
7555,2,2555,23,10
7556,2,2556,280,25
7557,2,2557,51,10
7558,2,2558,85,25
7559,2,2559,59,25
7560,2,2560,215,25
7561,2,2561,32,10
7562,2,2562,110,25
7563,2,2563,7,5
7564,2,2564,8,5
7565,2,2565,135,25
7566,2,2566,8,5
7567,2,2567,19,10
7568,2,2568,109,25
7569,2,2569,172,25
7570,2,2570,125,25
7571,2,2571,237,25
7572,2,2572,196,25
7573,2,2573,23,10
7574,2,2574,29,10
7575,2,2575,143,25
7576,2,2576,49,10
7577,2,2577,31,10
7578,2,2578,46,10
7579,2,2579,300,25
7580,2,2580,55,10
7581,2,2581,45,10
7582,2,2582,212,25
7583,2,2583,276,25
7584,2,2584,183,25
7585,2,2585,88,25
7586,2,2586,122,25
7587,2,2587,10,5
7588,2,2588,229,25
7589,2,2589,78,25
7590,2,2590,16,10
7591,2,2591,38,10
7592,2,2592,18,5
7593,2,2593,77,25
7594,2,2594,118,25
7595,2,2595,56,10
7596,2,2596,70,25
7597,2,2597,87,25
7598,2,2598,130,25
7599,2,2599,39,10
7600,2,2600,141,25
7601,2,2601,42,10
7602,2,2602,52,10
7603,2,2603,36,10
7604,2,2604,53,25
7605,2,2605,149,25
7606,2,2606,241,25
7607,2,2607,262,25
7608,2,2608,13,5
7609,2,2609,253,25
7610,2,2610,14,5
7611,2,2611,159,25
7612,2,2612,11,5
7613,2,2613,267,25
7614,2,2614,71,25
7615,2,2615,211,25
7616,2,2616,190,25
7617,2,2617,150,25
7618,2,2618,15,5
7619,2,2619,187,25
7620,2,2620,78,25
7621,2,2621,52,25
7622,2,2622,10,5
7623,2,2623,20,10
7624,2,2624,20,5
7625,2,2625,22,10
7626,2,2626,12,5
7627,2,2627,23,10
7628,2,2628,59,10
7629,2,2629,19,5
7630,2,2630,49,10
7631,2,2631,249,25
7632,2,2632,271,25
7633,2,2633,20,5
7634,2,2634,140,25
7635,2,2635,59,10
7636,2,2636,6,5
7637,2,2637,134,25
7638,2,2638,20,10
7639,2,2639,160,25
7640,2,2640,10,5
7641,2,2641,157,25
7642,2,2642,57,10
7643,2,2643,278,25
7644,2,2644,227,25
7645,2,2645,20,5
7646,2,2646,227,25
7647,2,2647,8,5
7648,2,2648,56,10
7649,2,2649,19,10
7650,2,2650,8,5
7651,2,2651,40,10
7652,2,2652,258,25
7653,2,2653,271,25
7654,2,2654,25,10
7655,2,2655,50,10
7656,2,2656,37,10
7657,2,2657,195,25
7658,2,2658,51,10
7659,2,2659,20,10
7660,2,2660,44,10
7661,2,2661,51,10
7662,2,2662,71,25
7663,2,2663,18,5
7664,2,2664,50,10
7665,2,2665,298,25
7666,2,2666,91,25
7667,2,2667,210,25
7668,2,2668,259,25
7669,2,2669,117,25
7670,2,2670,291,25
7671,2,2671,40,10
7672,2,2672,138,25
7673,2,2673,47,10
7674,2,2674,274,25
7675,2,2675,148,25
7676,2,2676,294,25
7677,2,2677,5,5
7678,2,2678,29,10
7679,2,2679,239,25
7680,2,2680,18,5
7681,2,2681,105,25
7682,2,2682,53,25
7683,2,2683,90,25
7684,2,2684,191,25
7685,2,2685,19,10
7686,2,2686,21,10
7687,2,2687,26,10
7688,2,2688,13,5
7689,2,2689,108,25
7690,2,2690,30,10
7691,2,2691,225,25
7692,2,2692,265,25
7693,2,2693,51,10
7694,2,2694,5,5
7695,2,2695,43,10
7696,2,2696,27,10
7697,2,2697,14,5
7698,2,2698,52,10
7699,2,2699,50,10
7700,2,2700,259,25
7701,2,2701,47,10
7702,2,2702,23,10
7703,2,2703,54,10
7704,2,2704,16,10
7705,2,2705,129,25
7706,2,2706,42,10
7707,2,2707,19,10
7708,2,2708,8,5
7709,2,2709,7,5
7710,2,2710,192,25
7711,2,2711,6,5
7712,2,2712,74,25
7713,2,2713,106,25
7714,2,2714,41,10
7715,2,2715,194,25
7716,2,2716,176,25
7717,2,2717,136,25
7718,2,2718,8,5
7719,2,2719,37,10
7720,2,2720,275,25
7721,2,2721,16,10
7722,2,2722,51,10
7723,2,2723,278,25
7724,2,2724,203,25
7725,2,2725,104,25
7726,2,2726,18,5
7727,2,2727,206,25
7728,2,2728,67,25
7729,2,2729,142,25
7730,2,2730,46,10
7731,2,2731,269,25
7732,2,2732,99,25
7733,2,2733,45,10
7734,2,2734,243,25
7735,2,2735,7,5
7736,2,2736,41,10
7737,2,2737,121,25
7738,2,2738,80,25
7739,2,2739,21,10
7740,2,2740,156,25
7741,2,2741,57,10
7742,2,2742,64,25
7743,2,2743,238,25
7744,2,2744,11,5
7745,2,2745,203,25
7746,2,2746,256,25
7747,2,2747,59,10
7748,2,2748,209,25
7749,2,2749,273,25
7750,2,2750,172,25
7751,2,2751,33,10
7752,2,2752,7,5
7753,2,2753,22,10
7754,2,2754,26,10
7755,2,2755,77,25
7756,2,2756,26,10
7757,2,2757,25,10
7758,2,2758,259,25
7759,2,2759,42,10
7760,2,2760,14,5
7761,2,2761,10,5
7762,2,2762,180,25
7763,2,2763,174,25
7764,2,2764,63,25
7765,2,2765,10,5
7766,2,2766,57,10
7767,2,2767,260,25
7768,2,2768,51,10
7769,2,2769,102,25
7770,2,2770,48,10
7771,2,2771,53,10
7772,2,2772,129,25
7773,2,2773,25,10
7774,2,2774,111,25
7775,2,2775,76,25
7776,2,2776,24,10
7777,2,2777,12,5
7778,2,2778,238,25
7779,2,2779,259,25
7780,2,2780,36,10
7781,2,2781,248,25
7782,2,2782,161,25
7783,2,2783,265,25
7784,2,2784,49,10
7785,2,2785,23,10
7786,2,2786,253,25
7787,2,2787,264,25
7788,2,2788,146,25
7789,2,2789,259,25
7790,2,2790,233,25
7791,2,2791,50,10
7792,2,2792,133,25
7793,2,2793,10,5
7794,2,2794,48,10
7795,2,2795,34,10
7796,2,2796,93,25
7797,2,2797,183,25
7798,2,2798,15,5
7799,2,2799,209,25
7800,2,2800,120,25
7801,2,2801,27,10
7802,2,2802,214,25
7803,2,2803,48,10
7804,2,2804,247,25
7805,2,2805,268,25
7806,2,2806,5,5
7807,2,2807,9,5
7808,2,2808,18,5
7809,2,2809,97,25
7810,2,2810,42,10
7811,2,2811,99,25
7812,2,2812,19,5
7813,2,2813,12,5
7814,2,2814,225,25
7815,2,2815,46,10
7816,2,2816,20,10
7817,2,2817,224,25
7818,2,2818,281,25
7819,2,2819,54,10
7820,2,2820,152,25
7821,2,2821,240,25
7822,2,2822,38,10
7823,2,2823,56,10
7824,2,2824,45,10
7825,2,2825,273,25
7826,2,2826,221,25
7827,2,2827,65,25
7828,2,2828,12,5
7829,2,2829,16,5
7830,2,2830,31,10
7831,2,2831,168,25
7832,2,2832,5,5
7833,2,2833,255,25
7834,2,2834,44,10
7835,2,2835,46,10
7836,2,2836,72,25
7837,2,2837,271,25
7838,2,2838,103,25
7839,2,2839,6,5
7840,2,2840,54,10
7841,2,2841,30,10
7842,2,2842,13,5
7843,2,2843,17,5
7844,2,2844,161,25
7845,2,2845,25,10
7846,2,2846,10,5
7847,2,2847,18,10
7848,2,2848,247,25
7849,2,2849,31,10
7850,2,2850,126,25
7851,2,2851,55,10
7852,2,2852,53,10
7853,2,2853,44,10
7854,2,2854,37,10
7855,2,2855,258,25
7856,2,2856,26,10
7857,2,2857,8,5
7858,2,2858,224,25
7859,2,2859,139,25
7860,2,2860,15,5
7861,2,2861,46,10
7862,2,2862,140,25
7863,2,2863,7,5
7864,2,2864,55,25
7865,2,2865,20,5
7866,2,2866,12,5
7867,2,2867,14,5
7868,2,2868,43,10
7869,2,2869,47,10
7870,2,2870,222,25
7871,2,2871,9,5
7872,2,2872,60,10
7873,2,2873,24,10
7874,2,2874,24,10
7875,2,2875,185,25
7876,2,2876,268,25
7877,2,2877,9,5
7878,2,2878,173,25
7879,2,2879,138,25
7880,2,2880,20,5
7881,2,2881,127,25
7882,2,2882,110,25
7883,2,2883,13,5
7884,2,2884,25,10
7885,2,2885,94,25
7886,2,2886,34,10
7887,2,2887,41,10
7888,2,2888,38,10
7889,2,2889,65,25
7890,2,2890,53,25
7891,2,2891,39,10
7892,2,2892,78,25
7893,2,2893,44,10
7894,2,2894,26,10
7895,2,2895,42,10
7896,2,2896,35,10
7897,2,2897,214,25
7898,2,2898,23,10
7899,2,2899,120,25
7900,2,2900,15,5
7901,2,2901,53,25
7902,2,2902,12,5
7903,2,2903,232,25
7904,2,2904,35,10
7905,2,2905,23,10
7906,2,2906,6,5
7907,2,2907,264,25
7908,2,2908,8,5
7909,2,2909,240,25
7910,2,2910,261,25
7911,2,2911,256,25
7912,2,2912,278,25
7913,2,2913,8,5
7914,2,2914,7,5
7915,2,2915,39,10
7916,2,2916,43,10
7917,2,2917,217,25
7918,2,2918,19,5
7919,2,2919,157,25
7920,2,2920,76,25
7921,2,2921,40,10
7922,2,2922,106,25
7923,2,2923,40,10
7924,2,2924,187,25
7925,2,2925,20,10
7926,2,2926,35,10
7927,2,2927,82,25
7928,2,2928,15,5
7929,2,2929,20,10
7930,2,2930,17,5
7931,2,2931,158,25
7932,2,2932,211,25
7933,2,2933,258,25
7934,2,2934,280,25
7935,2,2935,141,25
7936,2,2936,229,25
7937,2,2937,5,5
7938,2,2938,100,25
7939,2,2939,6,5
7940,2,2940,143,25
7941,2,2941,198,25
7942,2,2942,81,25
7943,2,2943,139,25
7944,2,2944,63,25
7945,2,2945,23,10
7946,2,2946,14,5
7947,2,2947,276,25
7948,2,2948,24,10
7949,2,2949,11,5
7950,2,2950,19,10
7951,2,2951,9,5
7952,2,2952,56,10
7953,2,2953,18,10
7954,2,2954,38,10
7955,2,2955,48,10
7956,2,2956,39,10
7957,2,2957,11,5
7958,2,2958,47,10
7959,2,2959,31,10
7960,2,2960,60,10
7961,2,2961,209,25
7962,2,2962,11,5
7963,2,2963,43,10
7964,2,2964,98,25
7965,2,2965,13,5
7966,2,2966,24,10
7967,2,2967,57,10
7968,2,2968,179,25
7969,2,2969,178,25
7970,2,2970,6,5
7971,2,2971,34,10
7972,2,2972,23,10
7973,2,2973,52,25
7974,2,2974,205,25
7975,2,2975,18,10
7976,2,2976,224,25
7977,2,2977,150,25
7978,2,2978,14,5
7979,2,2979,75,25
7980,2,2980,24,10
7981,2,2981,54,25
7982,2,2982,148,25
7983,2,2983,228,25
7984,2,2984,201,25
7985,2,2985,68,25
7986,2,2986,141,25
7987,2,2987,49,10
7988,2,2988,33,10
7989,2,2989,65,25
7990,2,2990,28,10
7991,2,2991,252,25
7992,2,2992,91,25
7993,2,2993,103,25
7994,2,2994,56,10
7995,2,2995,17,5
7996,2,2996,213,25
7997,2,2997,18,5
7998,2,2998,78,25
7999,2,2999,89,25
8000,2,3000,17,10
8001,2,3001,86,25
8002,2,3002,179,25
8003,2,3003,230,25
8004,2,3004,279,25
8005,2,3005,41,10
8006,2,3006,214,25
8007,2,3007,6,5
8008,2,3008,197,25
8009,2,3009,20,5
8010,2,3010,213,25
8011,2,3011,30,10
8012,2,3012,19,10
8013,2,3013,31,10
8014,2,3014,49,10
8015,2,3015,149,25
8016,2,3016,57,10
8017,2,3017,165,25
8018,2,3018,45,10
8019,2,3019,248,25
8020,2,3020,298,25
8021,2,3021,23,10
8022,2,3022,121,25
8023,2,3023,46,10
8024,2,3024,12,5
8025,2,3025,50,10
8026,2,3026,110,25
8027,2,3027,240,25
8028,2,3028,37,10
8029,2,3029,16,5
8030,2,3030,181,25
8031,2,3031,54,10
8032,2,3032,23,10
8033,2,3033,22,10
8034,2,3034,73,25
8035,2,3035,192,25
8036,2,3036,40,10
8037,2,3037,42,10
8038,2,3038,10,5
8039,2,3039,20,5
8040,2,3040,181,25
8041,2,3041,97,25
8042,2,3042,37,10
8043,2,3043,33,10
8044,2,3044,57,10
8045,2,3045,16,5
8046,2,3046,106,25
8047,2,3047,47,10
8048,2,3048,150,25
8049,2,3049,28,10
8050,2,3050,224,25
8051,2,3051,194,25
8052,2,3052,15,5
8053,2,3053,166,25
8054,2,3054,178,25
8055,2,3055,30,10
8056,2,3056,39,10
8057,2,3057,100,25
8058,2,3058,255,25
8059,2,3059,36,10
8060,2,3060,40,10
8061,2,3061,19,5
8062,2,3062,18,5
8063,2,3063,47,10
8064,2,3064,24,10
8065,2,3065,175,25
8066,2,3066,18,10
8067,2,3067,134,25
8068,2,3068,125,25
8069,2,3069,204,25
8070,2,3070,288,25
8071,2,3071,281,25
8072,2,3072,11,5
8073,2,3073,37,10
8074,2,3074,5,5
8075,2,3075,92,25
8076,2,3076,22,10
8077,2,3077,20,10
8078,2,3078,21,10
8079,2,3079,15,5
8080,2,3080,196,25
8081,2,3081,8,5
8082,2,3082,29,10
8083,2,3083,18,5
8084,2,3084,30,10
8085,2,3085,177,25
8086,2,3086,35,10
8087,2,3087,132,25
8088,2,3088,46,10
8089,2,3089,43,10
8090,2,3090,7,5
8091,2,3091,173,25
8092,2,3092,151,25
8093,2,3093,36,10
8094,2,3094,23,10
8095,2,3095,21,10
8096,2,3096,201,25
8097,2,3097,128,25
8098,2,3098,43,10
8099,2,3099,38,10
8100,2,3100,117,25
8101,2,3101,267,25
8102,2,3102,51,10
8103,2,3103,22,10
8104,2,3104,210,25
8105,2,3105,146,25
8106,2,3106,55,10
8107,2,3107,231,25
8108,2,3108,133,25
8109,2,3109,60,10
8110,2,3110,63,25
8111,2,3111,60,25
8112,2,3112,67,25
8113,2,3113,45,10
8114,2,3114,50,10
8115,2,3115,23,10
8116,2,3116,32,10
8117,2,3117,193,25
8118,2,3118,35,10
8119,2,3119,6,5
8120,2,3120,66,25
8121,2,3121,55,25
8122,2,3122,229,25
8123,2,3123,52,10
8124,2,3124,50,10
8125,2,3125,53,10
8126,2,3126,217,25
8127,2,3127,65,25
8128,2,3128,111,25
8129,2,3129,9,5
8130,2,3130,47,10
8131,2,3131,159,25
8132,2,3132,161,25
8133,2,3133,229,25
8134,2,3134,297,25
8135,2,3135,80,25
8136,2,3136,14,5
8137,2,3137,30,10
8138,2,3138,10,5
8139,2,3139,189,25
8140,2,3140,289,25
8141,2,3141,155,25
8142,2,3142,33,10
8143,2,3143,209,25
8144,2,3144,53,10
8145,2,3145,41,10
8146,2,3146,8,5
8147,2,3147,33,10
8148,2,3148,137,25
8149,2,3149,116,25
8150,2,3150,223,25
8151,2,3151,13,5
8152,2,3152,295,25
8153,2,3153,47,10
8154,2,3154,236,25
8155,2,3155,200,25
8156,2,3156,255,25
8157,2,3157,121,25
8158,2,3158,102,25
8159,2,3159,176,25
8160,2,3160,8,5
8161,2,3161,274,25
8162,2,3162,49,10
8163,2,3163,49,10
8164,2,3164,245,25
8165,2,3165,164,25
8166,2,3166,48,10
8167,2,3167,168,25
8168,2,3168,140,25
8169,2,3169,65,25
8170,2,3170,104,25
8171,2,3171,60,10
8172,2,3172,17,10
8173,2,3173,133,25
8174,2,3174,46,10
8175,2,3175,58,10
8176,2,3176,73,25
8177,2,3177,21,10
8178,2,3178,111,25
8179,2,3179,96,25
8180,2,3180,27,10
8181,2,3181,20,5
8182,2,3182,45,10
8183,2,3183,26,10
8184,2,3184,19,10
8185,2,3185,73,25
8186,2,3186,286,25
8187,2,3187,105,25
8188,2,3188,32,10
8189,2,3189,47,10
8190,2,3190,52,10
8191,2,3191,156,25
8192,2,3192,15,10
8193,2,3193,281,25
8194,2,3194,80,25
8195,2,3195,46,10
8196,2,3196,19,10
8197,2,3197,40,10
8198,2,3198,285,25
8199,2,3199,202,25
8200,2,3200,253,25
8201,2,3201,152,25
8202,2,3202,20,10
8203,2,3203,129,25
8204,2,3204,49,10
8205,2,3205,57,25
8206,2,3206,54,10
8207,2,3207,53,10
8208,2,3208,82,25
8209,2,3209,53,10
8210,2,3210,18,5
8211,2,3211,106,25
8212,2,3212,156,25
8213,2,3213,50,10
8214,2,3214,20,5
8215,2,3215,36,10
8216,2,3216,272,25
8217,2,3217,50,10
8218,2,3218,235,25
8219,2,3219,16,10
8220,2,3220,113,25
8221,2,3221,212,25
8222,2,3222,9,5
8223,2,3223,255,25
8224,2,3224,46,10
8225,2,3225,10,5
8226,2,3226,8,5
8227,2,3227,20,10
8228,2,3228,45,10
8229,2,3229,56,10
8230,2,3230,13,5
8231,2,3231,156,25
8232,2,3232,291,25
8233,2,3233,255,25
8234,2,3234,9,5
8235,2,3235,34,10
8236,2,3236,170,25
8237,2,3237,18,5
8238,2,3238,8,5
8239,2,3239,245,25
8240,2,3240,177,25
8241,2,3241,29,10
8242,2,3242,45,10
8243,2,3243,251,25
8244,2,3244,5,5
8245,2,3245,5,5
8246,2,3246,60,25
8247,2,3247,17,5
8248,2,3248,21,10
8249,2,3249,10,5
8250,2,3250,84,25
8251,2,3251,95,25
8252,2,3252,19,5
8253,2,3253,20,10
8254,2,3254,11,5
8255,2,3255,239,25
8256,2,3256,181,25
8257,2,3257,100,25
8258,2,3258,172,25
8259,2,3259,11,5
8260,2,3260,177,25
8261,2,3261,6,5
8262,2,3262,54,10
8263,2,3263,215,25
8264,2,3264,164,25
8265,2,3265,199,25
8266,2,3266,18,10
8267,2,3267,14,5
8268,2,3268,20,5
8269,2,3269,51,25
8270,2,3270,7,5
8271,2,3271,10,5
8272,2,3272,72,25
8273,2,3273,8,5
8274,2,3274,199,25
8275,2,3275,12,5
8276,2,3276,28,10
8277,2,3277,269,25
8278,2,3278,33,10
8279,2,3279,46,10
8280,2,3280,15,10
8281,2,3281,18,5
8282,2,3282,28,10
8283,2,3283,109,25
8284,2,3284,75,25
8285,2,3285,17,10
8286,2,3286,17,5
8287,2,3287,14,5
8288,2,3288,15,10
8289,2,3289,220,25
8290,2,3290,27,10
8291,2,3291,50,10
8292,2,3292,22,10
8293,2,3293,288,25
8294,2,3294,59,10
8295,2,3295,8,5
8296,2,3296,37,10
8297,2,3297,161,25
8298,2,3298,53,10
8299,2,3299,15,10
8300,2,3300,5,5
8301,2,3301,94,25
8302,2,3302,257,25
8303,2,3303,37,10
8304,2,3304,198,25
8305,2,3305,275,25
8306,2,3306,287,25
8307,2,3307,267,25
8308,2,3308,120,25
8309,2,3309,12,5
8310,2,3310,43,10
8311,2,3311,47,10
8312,2,3312,49,10
8313,2,3313,17,10
8314,2,3314,12,5
8315,2,3315,120,25
8316,2,3316,111,25
8317,2,3317,7,5
8318,2,3318,16,5
8319,2,3319,173,25
8320,2,3320,56,10
8321,2,3321,58,10
8322,2,3322,15,5
8323,2,3323,10,5
8324,2,3324,21,10
8325,2,3325,108,25
8326,2,3326,19,5
8327,2,3327,19,5
8328,2,3328,24,10
8329,2,3329,107,25
8330,2,3330,77,25
8331,2,3331,90,25
8332,2,3332,299,25
8333,2,3333,17,5
8334,2,3334,162,25
8335,2,3335,48,10
8336,2,3336,130,25
8337,2,3337,299,25
8338,2,3338,120,25
8339,2,3339,12,5
8340,2,3340,171,25
8341,2,3341,263,25
8342,2,3342,51,10
8343,2,3343,32,10
8344,2,3344,18,10
8345,2,3345,28,10
8346,2,3346,25,10
8347,2,3347,128,25
8348,2,3348,56,10
8349,2,3349,242,25
8350,2,3350,41,10
8351,2,3351,269,25
8352,2,3352,118,25
8353,2,3353,199,25
8354,2,3354,47,10
8355,2,3355,49,10
8356,2,3356,287,25
8357,2,3357,146,25
8358,2,3358,17,5
8359,2,3359,54,25
8360,2,3360,20,5
8361,2,3361,16,5
8362,2,3362,136,25
8363,2,3363,11,5
8364,2,3364,12,5
8365,2,3365,252,25
8366,2,3366,163,25
8367,2,3367,36,10
8368,2,3368,235,25
8369,2,3369,19,5
8370,2,3370,52,25
8371,2,3371,43,10
8372,2,3372,41,10
8373,2,3373,146,25
8374,2,3374,146,25
8375,2,3375,13,5
8376,2,3376,8,5
8377,2,3377,43,10
8378,2,3378,43,10
8379,2,3379,27,10
8380,2,3380,29,10
8381,2,3381,255,25
8382,2,3382,7,5
8383,2,3383,219,25
8384,2,3384,18,10
8385,2,3385,15,10
8386,2,3386,50,10
8387,2,3387,29,10
8388,2,3388,229,25
8389,2,3389,69,25
8390,2,3390,22,10
8391,2,3391,137,25
8392,2,3392,238,25
8393,2,3393,258,25
8394,2,3394,17,10
8395,2,3395,217,25
8396,2,3396,49,10
8397,2,3397,286,25
8398,2,3398,55,10
8399,2,3399,143,25
8400,2,3400,8,5
8401,2,3401,251,25
8402,2,3402,26,10
8403,2,3403,281,25
8404,2,3404,208,25
8405,2,3405,49,10
8406,2,3406,28,10
8407,2,3407,18,5
8408,2,3408,17,5
8409,2,3409,13,5
8410,2,3410,205,25
8411,2,3411,117,25
8412,2,3412,224,25
8413,2,3413,35,10
8414,2,3414,229,25
8415,2,3415,89,25
8416,2,3416,63,25
8417,2,3417,5,5
8418,2,3418,220,25
8419,2,3419,188,25
8420,2,3420,120,25
8421,2,3421,83,25
8422,2,3422,126,25
8423,2,3423,297,25
8424,2,3424,180,25
8425,2,3425,15,5
8426,2,3426,36,10
8427,2,3427,258,25
8428,2,3428,19,10
8429,2,3429,22,10
8430,2,3430,143,25
8431,2,3431,46,10
8432,2,3432,49,10
8433,2,3433,54,25
8434,2,3434,52,10
8435,2,3435,73,25
8436,2,3436,35,10
8437,2,3437,145,25
8438,2,3438,32,10
8439,2,3439,34,10
8440,2,3440,24,10
8441,2,3441,19,10
8442,2,3442,16,5
8443,2,3443,32,10
8444,2,3444,298,25
8445,2,3445,6,5
8446,2,3446,29,10
8447,2,3447,45,10
8448,2,3448,12,5
8449,2,3449,239,25
8450,2,3450,43,10
8451,2,3451,19,5
8452,2,3452,56,10
8453,2,3453,16,10
8454,2,3454,10,5
8455,2,3455,91,25
8456,2,3456,195,25
8457,2,3457,53,10
8458,2,3458,290,25
8459,2,3459,48,10
8460,2,3460,84,25
8461,2,3461,249,25
8462,2,3462,41,10
8463,2,3463,231,25
8464,2,3464,27,10
8465,2,3465,52,10
8466,2,3466,10,5
8467,2,3467,40,10
8468,2,3468,16,5
8469,2,3469,47,10
8470,2,3470,81,25
8471,2,3471,167,25
8472,2,3472,31,10
8473,2,3473,254,25
8474,2,3474,5,5
8475,2,3475,21,10
8476,2,3476,208,25
8477,2,3477,29,10
8478,2,3478,71,25
8479,2,3479,222,25
8480,2,3480,90,25
8481,2,3481,216,25
8482,2,3482,12,5
8483,2,3483,50,10
8484,2,3484,27,10
8485,2,3485,11,5
8486,2,3486,14,5
8487,2,3487,36,10
8488,2,3488,96,25
8489,2,3489,48,10
8490,2,3490,299,25
8491,2,3491,48,10
8492,2,3492,91,25
8493,2,3493,205,25
8494,2,3494,53,10
8495,2,3495,206,25
8496,2,3496,115,25
8497,2,3497,42,10
8498,2,3498,28,10
8499,2,3499,173,25
8500,2,3500,28,10
8501,2,3501,58,25
8502,2,3502,35,10
8503,2,3503,11,5
8504,2,3504,107,25
8505,2,3505,225,25
8506,2,3506,33,10
8507,2,3507,38,10
8508,2,3508,216,25
8509,2,3509,9,5
8510,2,3510,19,10
8511,2,3511,29,10
8512,2,3512,120,25
8513,2,3513,7,5
8514,2,3514,55,10
8515,2,3515,36,10
8516,2,3516,7,5
8517,2,3517,233,25
8518,2,3518,60,10
8519,2,3519,263,25
8520,2,3520,10,5
8521,2,3521,19,10
8522,2,3522,21,10
8523,2,3523,171,25
8524,2,3524,95,25
8525,2,3525,296,25
8526,2,3526,5,5
8527,2,3527,33,10
8528,2,3528,107,25
8529,2,3529,9,5
8530,2,3530,187,25
8531,2,3531,48,10
8532,2,3532,272,25
8533,2,3533,288,25
8534,2,3534,46,10
8535,2,3535,32,10
8536,2,3536,100,25
8537,2,3537,48,10
8538,2,3538,54,10
8539,2,3539,165,25
8540,2,3540,13,5
8541,2,3541,15,5
8542,2,3542,243,25
8543,2,3543,243,25
8544,2,3544,51,10
8545,2,3545,166,25
8546,2,3546,125,25
8547,2,3547,190,25
8548,2,3548,33,10
8549,2,3549,56,10
8550,2,3550,215,25
8551,2,3551,55,10
8552,2,3552,149,25
8553,2,3553,30,10
8554,2,3554,32,10
8555,2,3555,283,25
8556,2,3556,32,10
8557,2,3557,22,10
8558,2,3558,6,5
8559,2,3559,204,25
8560,2,3560,238,25
8561,2,3561,222,25
8562,2,3562,52,25
8563,2,3563,57,10
8564,2,3564,39,10
8565,2,3565,175,25
8566,2,3566,235,25
8567,2,3567,78,25
8568,2,3568,68,25
8569,2,3569,49,10
8570,2,3570,18,10
8571,2,3571,222,25
8572,2,3572,96,25
8573,2,3573,166,25
8574,2,3574,206,25
8575,2,3575,15,5
8576,2,3576,45,10
8577,2,3577,22,10
8578,2,3578,20,5
8579,2,3579,85,25
8580,2,3580,43,10
8581,2,3581,285,25
8582,2,3582,20,10
8583,2,3583,6,5
8584,2,3584,10,5
8585,2,3585,78,25
8586,2,3586,195,25
8587,2,3587,11,5
8588,2,3588,15,5
8589,2,3589,15,10
8590,2,3590,10,5
8591,2,3591,161,25
8592,2,3592,66,25
8593,2,3593,17,5
8594,2,3594,54,10
8595,2,3595,279,25
8596,2,3596,20,5
8597,2,3597,52,25
8598,2,3598,183,25
8599,2,3599,18,5
8600,2,3600,30,10
8601,2,3601,9,5
8602,2,3602,15,10
8603,2,3603,33,10
8604,2,3604,37,10
8605,2,3605,262,25
8606,2,3606,9,5
8607,2,3607,46,10
8608,2,3608,48,10
8609,2,3609,17,5
8610,2,3610,51,25
8611,2,3611,296,25
8612,2,3612,55,10
8613,2,3613,154,25
8614,2,3614,45,10
8615,2,3615,226,25
8616,2,3616,216,25
8617,2,3617,40,10
8618,2,3618,56,10
8619,2,3619,222,25
8620,2,3620,38,10
8621,2,3621,125,25
8622,2,3622,136,25
8623,2,3623,15,10
8624,2,3624,36,10
8625,2,3625,251,25
8626,2,3626,100,25
8627,2,3627,19,5
8628,2,3628,8,5
8629,2,3629,32,10
8630,2,3630,16,10
8631,2,3631,155,25
8632,2,3632,38,10
8633,2,3633,15,5
8634,2,3634,38,10
8635,2,3635,98,25
8636,2,3636,18,5
8637,2,3637,32,10
8638,2,3638,16,10
8639,2,3639,255,25
8640,2,3640,30,10
8641,2,3641,184,25
8642,2,3642,132,25
8643,2,3643,62,25
8644,2,3644,55,10
8645,2,3645,8,5
8646,2,3646,166,25
8647,2,3647,226,25
8648,2,3648,55,25
8649,2,3649,141,25
8650,2,3650,30,10
8651,2,3651,18,5
8652,2,3652,256,25
8653,2,3653,33,10
8654,2,3654,27,10
8655,2,3655,19,10
8656,2,3656,23,10
8657,2,3657,217,25
8658,2,3658,238,25
8659,2,3659,114,25
8660,2,3660,19,5
8661,2,3661,23,10
8662,2,3662,20,10
8663,2,3663,288,25
8664,2,3664,67,25
8665,2,3665,15,5
8666,2,3666,5,5
8667,2,3667,57,10
8668,2,3668,46,10
8669,2,3669,56,10
8670,2,3670,56,10
8671,2,3671,39,10
8672,2,3672,245,25
8673,2,3673,82,25
8674,2,3674,127,25
8675,2,3675,240,25
8676,2,3676,15,5
8677,2,3677,16,5
8678,2,3678,16,5
8679,2,3679,254,25
8680,2,3680,54,10
8681,2,3681,174,25
8682,2,3682,31,10
8683,2,3683,11,5
8684,2,3684,10,5
8685,2,3685,59,10
8686,2,3686,7,5
8687,2,3687,194,25
8688,2,3688,44,10
8689,2,3689,19,5
8690,2,3690,55,10
8691,2,3691,22,10
8692,2,3692,251,25
8693,2,3693,68,25
8694,2,3694,16,5
8695,2,3695,124,25
8696,2,3696,107,25
8697,2,3697,49,10
8698,2,3698,15,5
8699,2,3699,256,25
8700,2,3700,277,25
8701,2,3701,17,10
8702,2,3702,257,25
8703,2,3703,209,25
8704,2,3704,241,25
8705,2,3705,50,10
8706,2,3706,213,25
8707,2,3707,121,25
8708,2,3708,99,25
8709,2,3709,191,25
8710,2,3710,79,25
8711,2,3711,278,25
8712,2,3712,38,10
8713,2,3713,144,25
8714,2,3714,181,25
8715,2,3715,55,25
8716,2,3716,29,10
8717,2,3717,32,10
8718,2,3718,105,25
8719,2,3719,20,5
8720,2,3720,34,10
8721,2,3721,5,5
8722,2,3722,57,25
8723,2,3723,32,10
8724,2,3724,182,25
8725,2,3725,30,10
8726,2,3726,18,5
8727,2,3727,17,10
8728,2,3728,18,5
8729,2,3729,283,25
8730,2,3730,5,5
8731,2,3731,23,10
8732,2,3732,250,25
8733,2,3733,6,5
8734,2,3734,39,10
8735,2,3735,18,5
8736,2,3736,137,25
8737,2,3737,108,25
8738,2,3738,17,5
8739,2,3739,7,5
8740,2,3740,212,25
8741,2,3741,19,10
8742,2,3742,223,25
8743,2,3743,43,10
8744,2,3744,22,10
8745,2,3745,6,5
8746,2,3746,15,5
8747,2,3747,51,10
8748,2,3748,49,10
8749,2,3749,13,5
8750,2,3750,6,5
8751,2,3751,14,5
8752,2,3752,22,10
8753,2,3753,151,25
8754,2,3754,77,25
8755,2,3755,27,10
8756,2,3756,136,25
8757,2,3757,27,10
8758,2,3758,39,10
8759,2,3759,15,5
8760,2,3760,50,10
8761,2,3761,253,25
8762,2,3762,30,10
8763,2,3763,41,10
8764,2,3764,208,25
8765,2,3765,12,5
8766,2,3766,30,10
8767,2,3767,12,5
8768,2,3768,53,25
8769,2,3769,27,10
8770,2,3770,91,25
8771,2,3771,215,25
8772,2,3772,50,25
8773,2,3773,158,25
8774,2,3774,109,25
8775,2,3775,93,25
8776,2,3776,158,25
8777,2,3777,14,5
8778,2,3778,41,10
8779,2,3779,15,5
8780,2,3780,34,10
8781,2,3781,35,10
8782,2,3782,139,25
8783,2,3783,18,10
8784,2,3784,38,10
8785,2,3785,12,5
8786,2,3786,46,10
8787,2,3787,97,25
8788,2,3788,36,10
8789,2,3789,257,25
8790,2,3790,243,25
8791,2,3791,46,10
8792,2,3792,47,10
8793,2,3793,14,5
8794,2,3794,18,5
8795,2,3795,22,10
8796,2,3796,16,5
8797,2,3797,45,10
8798,2,3798,20,5
8799,2,3799,200,25
8800,2,3800,209,25
8801,2,3801,224,25
8802,2,3802,40,10
8803,2,3803,223,25
8804,2,3804,20,10
8805,2,3805,39,10
8806,2,3806,18,5
8807,2,3807,42,10
8808,2,3808,42,10
8809,2,3809,9,5
8810,2,3810,20,10
8811,2,3811,194,25
8812,2,3812,23,10
8813,2,3813,189,25
8814,2,3814,7,5
8815,2,3815,122,25
8816,2,3816,12,5
8817,2,3817,149,25
8818,2,3818,9,5
8819,2,3819,254,25
8820,2,3820,23,10
8821,2,3821,22,10
8822,2,3822,9,5
8823,2,3823,25,10
8824,2,3824,19,10
8825,2,3825,138,25
8826,2,3826,238,25
8827,2,3827,8,5
8828,2,3828,44,10
8829,2,3829,99,25
8830,2,3830,11,5
8831,2,3831,56,10
8832,2,3832,9,5
8833,2,3833,203,25
8834,2,3834,107,25
8835,2,3835,15,5
8836,2,3836,24,10
8837,2,3837,191,25
8838,2,3838,38,10
8839,2,3839,57,25
8840,2,3840,56,10
8841,2,3841,59,25
8842,2,3842,19,5
8843,2,3843,12,5
8844,2,3844,55,10
8845,2,3845,14,5
8846,2,3846,178,25
8847,2,3847,135,25
8848,2,3848,37,10
8849,2,3849,45,10
8850,2,3850,147,25
8851,2,3851,292,25
8852,2,3852,44,10
8853,2,3853,13,5
8854,2,3854,166,25
8855,2,3855,278,25
8856,2,3856,50,10
8857,2,3857,109,25
8858,2,3858,198,25
8859,2,3859,43,10
8860,2,3860,49,10
8861,2,3861,86,25
8862,2,3862,6,5
8863,2,3863,20,5
8864,2,3864,241,25
8865,2,3865,20,10
8866,2,3866,38,10
8867,2,3867,23,10
8868,2,3868,260,25
8869,2,3869,5,5
8870,2,3870,55,10
8871,2,3871,17,5
8872,2,3872,104,25
8873,2,3873,60,10
8874,2,3874,170,25
8875,2,3875,33,10
8876,2,3876,75,25
8877,2,3877,158,25
8878,2,3878,5,5
8879,2,3879,9,5
8880,2,3880,101,25
8881,2,3881,244,25
8882,2,3882,9,5
8883,2,3883,21,10
8884,2,3884,5,5
8885,2,3885,59,10
8886,2,3886,55,25
8887,2,3887,103,25
8888,2,3888,21,10
8889,2,3889,6,5
8890,2,3890,33,10
8891,2,3891,8,5
8892,2,3892,213,25
8893,2,3893,220,25
8894,2,3894,15,5
8895,2,3895,6,5
8896,2,3896,57,10
8897,2,3897,56,25
8898,2,3898,48,10
8899,2,3899,13,5
8900,2,3900,44,10
8901,2,3901,34,10
8902,2,3902,20,10
8903,2,3903,282,25
8904,2,3904,298,25
8905,2,3905,14,5
8906,2,3906,180,25
8907,2,3907,34,10
8908,2,3908,24,10
8909,2,3909,76,25
8910,2,3910,18,10
8911,2,3911,100,25
8912,2,3912,171,25
8913,2,3913,138,25
8914,2,3914,18,5
8915,2,3915,31,10
8916,2,3916,82,25
8917,2,3917,249,25
8918,2,3918,99,25
8919,2,3919,225,25
8920,2,3920,247,25
8921,2,3921,291,25
8922,2,3922,38,10
8923,2,3923,22,10
8924,2,3924,164,25
8925,2,3925,29,10
8926,2,3926,36,10
8927,2,3927,7,5
8928,2,3928,16,10
8929,2,3929,25,10
8930,2,3930,20,10
8931,2,3931,34,10
8932,2,3932,138,25
8933,2,3933,190,25
8934,2,3934,266,25
8935,2,3935,33,10
8936,2,3936,5,5
8937,2,3937,194,25
8938,2,3938,14,5
8939,2,3939,52,10
8940,2,3940,51,10
8941,2,3941,57,10
8942,2,3942,46,10
8943,2,3943,15,5
8944,2,3944,32,10
8945,2,3945,239,25
8946,2,3946,16,10
8947,2,3947,215,25
8948,2,3948,49,10
8949,2,3949,30,10
8950,2,3950,262,25
8951,2,3951,34,10
8952,2,3952,252,25
8953,2,3953,8,5
8954,2,3954,20,5
8955,2,3955,19,5
8956,2,3956,53,10
8957,2,3957,12,5
8958,2,3958,10,5
8959,2,3959,162,25
8960,2,3960,288,25
8961,2,3961,190,25
8962,2,3962,58,10
8963,2,3963,46,10
8964,2,3964,121,25
8965,2,3965,18,10
8966,2,3966,45,10
8967,2,3967,37,10
8968,2,3968,9,5
8969,2,3969,16,5
8970,2,3970,106,25
8971,2,3971,43,10
8972,2,3972,63,25
8973,2,3973,52,10
8974,2,3974,62,25
8975,2,3975,36,10
8976,2,3976,32,10
8977,2,3977,183,25
8978,2,3978,50,10
8979,2,3979,46,10
8980,2,3980,6,5
8981,2,3981,300,25
8982,2,3982,5,5
8983,2,3983,53,10
8984,2,3984,30,10
8985,2,3985,42,10
8986,2,3986,234,25
8987,2,3987,49,10
8988,2,3988,48,10
8989,2,3989,51,25
8990,2,3990,124,25
8991,2,3991,16,10
8992,2,3992,33,10
8993,2,3993,55,10
8994,2,3994,69,25
8995,2,3995,64,25
8996,2,3996,22,10
8997,2,3997,39,10
8998,2,3998,115,25
8999,2,3999,39,10
9000,2,4000,29,10
9001,2,4001,6,5
9002,2,4002,41,10
9003,2,4003,228,25
9004,2,4004,298,25
9005,2,4005,17,5
9006,2,4006,46,10
9007,2,4007,6,5
9008,2,4008,15,5
9009,2,4009,279,25
9010,2,4010,118,25
9011,2,4011,109,25
9012,2,4012,29,10
9013,2,4013,251,25
9014,2,4014,12,5
9015,2,4015,14,5
9016,2,4016,8,5
9017,2,4017,8,5
9018,2,4018,20,10
9019,2,4019,15,10
9020,2,4020,136,25
9021,2,4021,101,25
9022,2,4022,64,25
9023,2,4023,30,10
9024,2,4024,24,10
9025,2,4025,30,10
9026,2,4026,16,5
9027,2,4027,7,5
9028,2,4028,250,25
9029,2,4029,238,25
9030,2,4030,52,10
9031,2,4031,20,10
9032,2,4032,20,5
9033,2,4033,13,5
9034,2,4034,39,10
9035,2,4035,48,10
9036,2,4036,258,25
9037,2,4037,16,5
9038,2,4038,11,5
9039,2,4039,277,25
9040,2,4040,38,10
9041,2,4041,16,5
9042,2,4042,155,25
9043,2,4043,10,5
9044,2,4044,21,10
9045,2,4045,281,25
9046,2,4046,236,25
9047,2,4047,172,25
9048,2,4048,9,5
9049,2,4049,258,25
9050,2,4050,221,25
9051,2,4051,164,25
9052,2,4052,175,25
9053,2,4053,14,5
9054,2,4054,55,10
9055,2,4055,34,10
9056,2,4056,108,25
9057,2,4057,137,25
9058,2,4058,76,25
9059,2,4059,20,5
9060,2,4060,43,10
9061,2,4061,33,10
9062,2,4062,81,25
9063,2,4063,277,25
9064,2,4064,36,10
9065,2,4065,264,25
9066,2,4066,146,25
9067,2,4067,257,25
9068,2,4068,22,10
9069,2,4069,278,25
9070,2,4070,30,10
9071,2,4071,96,25
9072,2,4072,5,5
9073,2,4073,5,5
9074,2,4074,58,25
9075,2,4075,18,5
9076,2,4076,57,10
9077,2,4077,20,10
9078,2,4078,202,25
9079,2,4079,188,25
9080,2,4080,127,25
9081,2,4081,49,10
9082,2,4082,272,25
9083,2,4083,33,10
9084,2,4084,70,25
9085,2,4085,9,5
9086,2,4086,217,25
9087,2,4087,133,25
9088,2,4088,133,25
9089,2,4089,24,10
9090,2,4090,279,25
9091,2,4091,133,25
9092,2,4092,174,25
9093,2,4093,17,10
9094,2,4094,275,25
9095,2,4095,18,5
9096,2,4096,243,25
9097,2,4097,60,25
9098,2,4098,34,10
9099,2,4099,54,10
9100,2,4100,49,10
9101,2,4101,24,10
9102,2,4102,10,5
9103,2,4103,267,25
9104,2,4104,226,25
9105,2,4105,56,10
9106,2,4106,127,25
9107,2,4107,77,25
9108,2,4108,17,10
9109,2,4109,10,5
9110,2,4110,66,25
9111,2,4111,23,10
9112,2,4112,184,25
9113,2,4113,218,25
9114,2,4114,17,10
9115,2,4115,45,10
9116,2,4116,33,10
9117,2,4117,20,5
9118,2,4118,94,25
9119,2,4119,23,10
9120,2,4120,191,25
9121,2,4121,58,10
9122,2,4122,6,5
9123,2,4123,6,5
9124,2,4124,31,10
9125,2,4125,144,25
9126,2,4126,31,10
9127,2,4127,15,10
9128,2,4128,40,10
9129,2,4129,128,25
9130,2,4130,206,25
9131,2,4131,46,10
9132,2,4132,8,5
9133,2,4133,152,25
9134,2,4134,234,25
9135,2,4135,6,5
9136,2,4136,43,10
9137,2,4137,38,10
9138,2,4138,43,10
9139,2,4139,154,25
9140,2,4140,18,5
9141,2,4141,288,25
9142,2,4142,50,10
9143,2,4143,51,25
9144,2,4144,124,25
9145,2,4145,39,10
9146,2,4146,228,25
9147,2,4147,221,25
9148,2,4148,259,25
9149,2,4149,58,10
9150,2,4150,26,10
9151,2,4151,5,5
9152,2,4152,253,25
9153,2,4153,20,5
9154,2,4154,203,25
9155,2,4155,54,10
9156,2,4156,123,25
9157,2,4157,39,10
9158,2,4158,32,10
9159,2,4159,164,25
9160,2,4160,16,5
9161,2,4161,58,10
9162,2,4162,27,10
9163,2,4163,47,10
9164,2,4164,16,5
9165,2,4165,27,10
9166,2,4166,44,10
9167,2,4167,55,10
9168,2,4168,181,25
9169,2,4169,6,5
9170,2,4170,9,5
9171,2,4171,157,25
9172,2,4172,15,5
9173,2,4173,260,25
9174,2,4174,20,5
9175,2,4175,20,10
9176,2,4176,288,25
9177,2,4177,12,5
9178,2,4178,208,25
9179,2,4179,47,10
9180,2,4180,12,5
9181,2,4181,147,25
9182,2,4182,200,25
9183,2,4183,14,5
9184,2,4184,17,5
9185,2,4185,229,25
9186,2,4186,7,5
9187,2,4187,28,10
9188,2,4188,9,5
9189,2,4189,88,25
9190,2,4190,38,10
9191,2,4191,19,5
9192,2,4192,25,10
9193,2,4193,157,25
9194,2,4194,270,25
9195,2,4195,49,10
9196,2,4196,15,5
9197,2,4197,20,5
9198,2,4198,9,5
9199,2,4199,13,5
9200,2,4200,128,25
9201,2,4201,29,10
9202,2,4202,6,5
9203,2,4203,43,10
9204,2,4204,199,25
9205,2,4205,6,5
9206,2,4206,296,25
9207,2,4207,201,25
9208,2,4208,59,25
9209,2,4209,134,25
9210,2,4210,41,10
9211,2,4211,14,5
9212,2,4212,77,25
9213,2,4213,16,5
9214,2,4214,35,10
9215,2,4215,214,25
9216,2,4216,31,10
9217,2,4217,169,25
9218,2,4218,49,10
9219,2,4219,235,25
9220,2,4220,8,5
9221,2,4221,34,10
9222,2,4222,74,25
9223,2,4223,20,5
9224,2,4224,69,25
9225,2,4225,161,25
9226,2,4226,281,25
9227,2,4227,193,25
9228,2,4228,9,5
9229,2,4229,77,25
9230,2,4230,24,10
9231,2,4231,16,5
9232,2,4232,5,5
9233,2,4233,293,25
9234,2,4234,20,5
9235,2,4235,210,25
9236,2,4236,20,10
9237,2,4237,141,25
9238,2,4238,18,10
9239,2,4239,18,5
9240,2,4240,35,10
9241,2,4241,274,25
9242,2,4242,19,5
9243,2,4243,171,25
9244,2,4244,270,25
9245,2,4245,293,25
9246,2,4246,7,5
9247,2,4247,121,25
9248,2,4248,40,10
9249,2,4249,19,10
9250,2,4250,16,10
9251,2,4251,204,25
9252,2,4252,10,5
9253,2,4253,48,10
9254,2,4254,47,10
9255,2,4255,30,10
9256,2,4256,47,10
9257,2,4257,33,10
9258,2,4258,17,5
9259,2,4259,188,25
9260,2,4260,14,5
9261,2,4261,140,25
9262,2,4262,239,25
9263,2,4263,26,10
9264,2,4264,131,25
9265,2,4265,180,25
9266,2,4266,156,25
9267,2,4267,274,25
9268,2,4268,191,25
9269,2,4269,45,10
9270,2,4270,50,10
9271,2,4271,27,10
9272,2,4272,26,10
9273,2,4273,188,25
9274,2,4274,196,25
9275,2,4275,234,25
9276,2,4276,54,10
9277,2,4277,132,25
9278,2,4278,85,25
9279,2,4279,110,25
9280,2,4280,59,10
9281,2,4281,24,10
9282,2,4282,270,25
9283,2,4283,259,25
9284,2,4284,158,25
9285,2,4285,258,25
9286,2,4286,253,25
9287,2,4287,120,25
9288,2,4288,54,10
9289,2,4289,109,25
9290,2,4290,13,5
9291,2,4291,21,10
9292,2,4292,15,5
9293,2,4293,283,25
9294,2,4294,280,25
9295,2,4295,214,25
9296,2,4296,117,25
9297,2,4297,48,10
9298,2,4298,258,25
9299,2,4299,34,10
9300,2,4300,66,25
9301,2,4301,133,25
9302,2,4302,6,5
9303,2,4303,23,10
9304,2,4304,52,10
9305,2,4305,30,10
9306,2,4306,65,25
9307,2,4307,129,25
9308,2,4308,131,25
9309,2,4309,36,10
9310,2,4310,49,10
9311,2,4311,50,25
9312,2,4312,20,10
9313,2,4313,42,10
9314,2,4314,201,25
9315,2,4315,272,25
9316,2,4316,187,25
9317,2,4317,56,10
9318,2,4318,291,25
9319,2,4319,18,5
9320,2,4320,79,25
9321,2,4321,194,25
9322,2,4322,250,25
9323,2,4323,8,5
9324,2,4324,174,25
9325,2,4325,187,25
9326,2,4326,135,25
9327,2,4327,38,10
9328,2,4328,248,25
9329,2,4329,27,10
9330,2,4330,269,25
9331,2,4331,172,25
9332,2,4332,58,10
9333,2,4333,52,10
9334,2,4334,29,10
9335,2,4335,149,25
9336,2,4336,22,10
9337,2,4337,24,10
9338,2,4338,236,25
9339,2,4339,263,25
9340,2,4340,17,10
9341,2,4341,30,10
9342,2,4342,281,25
9343,2,4343,54,10
9344,2,4344,66,25
9345,2,4345,16,5
9346,2,4346,75,25
9347,2,4347,12,5
9348,2,4348,86,25
9349,2,4349,38,10
9350,2,4350,15,10
9351,2,4351,223,25
9352,2,4352,284,25
9353,2,4353,246,25
9354,2,4354,159,25
9355,2,4355,199,25
9356,2,4356,41,10
9357,2,4357,132,25
9358,2,4358,15,10
9359,2,4359,54,10
9360,2,4360,80,25
9361,2,4361,137,25
9362,2,4362,254,25
9363,2,4363,289,25
9364,2,4364,183,25
9365,2,4365,24,10
9366,2,4366,34,10
9367,2,4367,97,25
9368,2,4368,5,5
9369,2,4369,265,25
9370,2,4370,20,10
9371,2,4371,96,25
9372,2,4372,157,25
9373,2,4373,129,25
9374,2,4374,60,10
9375,2,4375,31,10
9376,2,4376,253,25
9377,2,4377,14,5
9378,2,4378,73,25
9379,2,4379,197,25
9380,2,4380,19,10
9381,2,4381,19,5
9382,2,4382,15,5
9383,2,4383,11,5
9384,2,4384,51,10
9385,2,4385,234,25
9386,2,4386,206,25
9387,2,4387,33,10
9388,2,4388,31,10
9389,2,4389,219,25
9390,2,4390,61,25
9391,2,4391,278,25
9392,2,4392,97,25
9393,2,4393,48,10
9394,2,4394,33,10
9395,2,4395,15,5
9396,2,4396,114,25
9397,2,4397,104,25
9398,2,4398,24,10
9399,2,4399,11,5
9400,2,4400,228,25
9401,2,4401,47,10
9402,2,4402,15,5
9403,2,4403,124,25
9404,2,4404,20,5
9405,2,4405,299,25
9406,2,4406,287,25
9407,2,4407,109,25
9408,2,4408,22,10
9409,2,4409,176,25
9410,2,4410,17,5
9411,2,4411,169,25
9412,2,4412,188,25
9413,2,4413,44,10
9414,2,4414,15,10
9415,2,4415,180,25
9416,2,4416,150,25
9417,2,4417,201,25
9418,2,4418,276,25
9419,2,4419,55,10
9420,2,4420,11,5
9421,2,4421,51,10
9422,2,4422,209,25
9423,2,4423,74,25
9424,2,4424,50,10
9425,2,4425,257,25
9426,2,4426,24,10
9427,2,4427,91,25
9428,2,4428,292,25
9429,2,4429,17,5
9430,2,4430,240,25
9431,2,4431,93,25
9432,2,4432,44,10
9433,2,4433,26,10
9434,2,4434,37,10
9435,2,4435,6,5
9436,2,4436,72,25
9437,2,4437,43,10
9438,2,4438,298,25
9439,2,4439,19,10
9440,2,4440,264,25
9441,2,4441,66,25
9442,2,4442,217,25
9443,2,4443,190,25
9444,2,4444,30,10
9445,2,4445,26,10
9446,2,4446,190,25
9447,2,4447,115,25
9448,2,4448,214,25
9449,2,4449,12,5
9450,2,4450,274,25
9451,2,4451,228,25
9452,2,4452,69,25
9453,2,4453,36,10
9454,2,4454,14,5
9455,2,4455,175,25
9456,2,4456,17,10
9457,2,4457,205,25
9458,2,4458,241,25
9459,2,4459,60,10
9460,2,4460,30,10
9461,2,4461,18,5
9462,2,4462,51,10
9463,2,4463,128,25
9464,2,4464,100,25
9465,2,4465,21,10
9466,2,4466,282,25
9467,2,4467,194,25
9468,2,4468,68,25
9469,2,4469,122,25
9470,2,4470,58,25
9471,2,4471,26,10
9472,2,4472,36,10
9473,2,4473,58,10
9474,2,4474,224,25
9475,2,4475,44,10
9476,2,4476,44,10
9477,2,4477,19,5
9478,2,4478,56,25
9479,2,4479,237,25
9480,2,4480,77,25
9481,2,4481,22,10
9482,2,4482,34,10
9483,2,4483,42,10
9484,2,4484,25,10
9485,2,4485,18,10
9486,2,4486,34,10
9487,2,4487,81,25
9488,2,4488,42,10
9489,2,4489,32,10
9490,2,4490,94,25
9491,2,4491,55,10
9492,2,4492,125,25
9493,2,4493,15,5
9494,2,4494,27,10
9495,2,4495,42,10
9496,2,4496,46,10
9497,2,4497,8,5
9498,2,4498,35,10
9499,2,4499,105,25
9500,2,4500,65,25
9501,2,4501,257,25
9502,2,4502,19,5
9503,2,4503,10,5
9504,2,4504,285,25
9505,2,4505,255,25
9506,2,4506,14,5
9507,2,4507,48,10
9508,2,4508,16,5
9509,2,4509,161,25
9510,2,4510,6,5
9511,2,4511,236,25
9512,2,4512,46,10
9513,2,4513,42,10
9514,2,4514,168,25
9515,2,4515,128,25
9516,2,4516,261,25
9517,2,4517,49,10
9518,2,4518,49,10
9519,2,4519,34,10
9520,2,4520,183,25
9521,2,4521,40,10
9522,2,4522,225,25
9523,2,4523,17,10
9524,2,4524,6,5
9525,2,4525,139,25
9526,2,4526,25,10
9527,2,4527,185,25
9528,2,4528,152,25
9529,2,4529,288,25
9530,2,4530,6,5
9531,2,4531,152,25
9532,2,4532,246,25
9533,2,4533,54,25
9534,2,4534,39,10
9535,2,4535,25,10
9536,2,4536,146,25
9537,2,4537,25,10
9538,2,4538,57,25
9539,2,4539,54,25
9540,2,4540,248,25
9541,2,4541,235,25
9542,2,4542,16,5
9543,2,4543,179,25
9544,2,4544,116,25
9545,2,4545,210,25
9546,2,4546,18,10
9547,2,4547,19,5
9548,2,4548,38,10
9549,2,4549,7,5
9550,2,4550,97,25
9551,2,4551,300,25
9552,2,4552,18,10
9553,2,4553,202,25
9554,2,4554,19,10
9555,2,4555,52,10
9556,2,4556,24,10
9557,2,4557,47,10
9558,2,4558,26,10
9559,2,4559,19,10
9560,2,4560,34,10
9561,2,4561,10,5
9562,2,4562,263,25
9563,2,4563,148,25
9564,2,4564,20,5
9565,2,4565,188,25
9566,2,4566,194,25
9567,2,4567,38,10
9568,2,4568,86,25
9569,2,4569,56,25
9570,2,4570,46,10
9571,2,4571,14,5
9572,2,4572,108,25
9573,2,4573,231,25
9574,2,4574,178,25
9575,2,4575,25,10
9576,2,4576,148,25
9577,2,4577,49,10
9578,2,4578,13,5
9579,2,4579,17,5
9580,2,4580,28,10
9581,2,4581,181,25
9582,2,4582,16,10
9583,2,4583,253,25
9584,2,4584,38,10
9585,2,4585,56,10
9586,2,4586,230,25
9587,2,4587,127,25
9588,2,4588,171,25
9589,2,4589,28,10
9590,2,4590,259,25
9591,2,4591,90,25
9592,2,4592,36,10
9593,2,4593,18,5
9594,2,4594,36,10
9595,2,4595,192,25
9596,2,4596,35,10
9597,2,4597,16,5
9598,2,4598,205,25
9599,2,4599,250,25
9600,2,4600,16,10
9601,2,4601,43,10
9602,2,4602,59,10
9603,2,4603,36,10
9604,2,4604,131,25
9605,2,4605,38,10
9606,2,4606,160,25
9607,2,4607,80,25
9608,2,4608,17,5
9609,2,4609,95,25
9610,2,4610,22,10
9611,2,4611,283,25
9612,2,4612,20,5
9613,2,4613,152,25
9614,2,4614,79,25
9615,2,4615,101,25
9616,2,4616,202,25
9617,2,4617,138,25
9618,2,4618,56,10
9619,2,4619,226,25
9620,2,4620,80,25
9621,2,4621,17,10
9622,2,4622,27,10
9623,2,4623,253,25
9624,2,4624,9,5
9625,2,4625,16,5
9626,2,4626,72,25
9627,2,4627,143,25
9628,2,4628,168,25
9629,2,4629,52,10
9630,2,4630,32,10
9631,2,4631,17,5
9632,2,4632,122,25
9633,2,4633,291,25
9634,2,4634,37,10
9635,2,4635,53,10
9636,2,4636,296,25
9637,2,4637,162,25
9638,2,4638,21,10
9639,2,4639,46,10
9640,2,4640,237,25
9641,2,4641,228,25
9642,2,4642,10,5
9643,2,4643,92,25
9644,2,4644,30,10
9645,2,4645,25,10
9646,2,4646,40,10
9647,2,4647,74,25
9648,2,4648,51,10
9649,2,4649,104,25
9650,2,4650,43,10
9651,2,4651,156,25
9652,2,4652,150,25
9653,2,4653,181,25
9654,2,4654,242,25
9655,2,4655,44,10
9656,2,4656,52,10
9657,2,4657,20,10
9658,2,4658,19,10
9659,2,4659,5,5
9660,2,4660,145,25
9661,2,4661,52,10
9662,2,4662,29,10
9663,2,4663,124,25
9664,2,4664,111,25
9665,2,4665,10,5
9666,2,4666,5,5
9667,2,4667,49,10
9668,2,4668,96,25
9669,2,4669,6,5
9670,2,4670,21,10
9671,2,4671,10,5
9672,2,4672,17,10
9673,2,4673,7,5
9674,2,4674,18,5
9675,2,4675,13,5
9676,2,4676,12,5
9677,2,4677,6,5
9678,2,4678,54,10
9679,2,4679,52,10
9680,2,4680,51,10
9681,2,4681,7,5
9682,2,4682,147,25
9683,2,4683,19,5
9684,2,4684,54,10
9685,2,4685,137,25
9686,2,4686,54,10
9687,2,4687,286,25
9688,2,4688,177,25
9689,2,4689,18,10
9690,2,4690,14,5
9691,2,4691,5,5
9692,2,4692,177,25
9693,2,4693,110,25
9694,2,4694,56,10
9695,2,4695,45,10
9696,2,4696,232,25
9697,2,4697,234,25
9698,2,4698,12,5
9699,2,4699,251,25
9700,2,4700,192,25
9701,2,4701,115,25
9702,2,4702,47,10
9703,2,4703,236,25
9704,2,4704,286,25
9705,2,4705,235,25
9706,2,4706,87,25
9707,2,4707,235,25
9708,2,4708,225,25
9709,2,4709,233,25
9710,2,4710,54,25
9711,2,4711,186,25
9712,2,4712,87,25
9713,2,4713,209,25
9714,2,4714,51,25
9715,2,4715,42,10
9716,2,4716,80,25
9717,2,4717,6,5
9718,2,4718,223,25
9719,2,4719,202,25
9720,2,4720,226,25
9721,2,4721,58,10
9722,2,4722,110,25
9723,2,4723,7,5
9724,2,4724,14,5
9725,2,4725,23,10
9726,2,4726,10,5
9727,2,4727,20,10
9728,2,4728,281,25
9729,2,4729,54,10
9730,2,4730,32,10
9731,2,4731,136,25
9732,2,4732,168,25
9733,2,4733,19,10
9734,2,4734,22,10
9735,2,4735,142,25
9736,2,4736,6,5
9737,2,4737,112,25
9738,2,4738,200,25
9739,2,4739,35,10
9740,2,4740,37,10
9741,2,4741,8,5
9742,2,4742,16,5
9743,2,4743,20,5
9744,2,4744,52,10
9745,2,4745,82,25
9746,2,4746,17,10
9747,2,4747,23,10
9748,2,4748,45,10
9749,2,4749,20,10
9750,2,4750,180,25
9751,2,4751,230,25
9752,2,4752,235,25
9753,2,4753,289,25
9754,2,4754,156,25
9755,2,4755,42,10
9756,2,4756,22,10
9757,2,4757,9,5
9758,2,4758,48,10
9759,2,4759,98,25
9760,2,4760,12,5
9761,2,4761,20,10
9762,2,4762,47,10
9763,2,4763,134,25
9764,2,4764,187,25
9765,2,4765,19,10
9766,2,4766,44,10
9767,2,4767,258,25
9768,2,4768,16,10
9769,2,4769,221,25
9770,2,4770,16,5
9771,2,4771,46,10
9772,2,4772,130,25
9773,2,4773,143,25
9774,2,4774,6,5
9775,2,4775,75,25
9776,2,4776,39,10
9777,2,4777,39,10
9778,2,4778,275,25
9779,2,4779,13,5
9780,2,4780,273,25
9781,2,4781,16,5
9782,2,4782,43,10
9783,2,4783,261,25
9784,2,4784,35,10
9785,2,4785,107,25
9786,2,4786,48,10
9787,2,4787,40,10
9788,2,4788,19,10
9789,2,4789,119,25
9790,2,4790,243,25
9791,2,4791,268,25
9792,2,4792,210,25
9793,2,4793,150,25
9794,2,4794,271,25
9795,2,4795,21,10
9796,2,4796,126,25
9797,2,4797,242,25
9798,2,4798,46,10
9799,2,4799,20,5
9800,2,4800,132,25
9801,2,4801,15,5
9802,2,4802,50,10
9803,2,4803,16,5
9804,2,4804,239,25
9805,2,4805,101,25
9806,2,4806,20,10
9807,2,4807,260,25
9808,2,4808,25,10
9809,2,4809,54,10
9810,2,4810,17,5
9811,2,4811,19,10
9812,2,4812,282,25
9813,2,4813,40,10
9814,2,4814,48,10
9815,2,4815,33,10
9816,2,4816,59,10
9817,2,4817,283,25
9818,2,4818,237,25
9819,2,4819,287,25
9820,2,4820,36,10
9821,2,4821,66,25
9822,2,4822,214,25
9823,2,4823,32,10
9824,2,4824,54,10
9825,2,4825,6,5
9826,2,4826,170,25
9827,2,4827,206,25
9828,2,4828,104,25
9829,2,4829,51,10
9830,2,4830,149,25
9831,2,4831,214,25
9832,2,4832,11,5
9833,2,4833,27,10
9834,2,4834,11,5
9835,2,4835,95,25
9836,2,4836,293,25
9837,2,4837,10,5
9838,2,4838,142,25
9839,2,4839,40,10
9840,2,4840,38,10
9841,2,4841,19,10
9842,2,4842,26,10
9843,2,4843,5,5
9844,2,4844,85,25
9845,2,4845,18,5
9846,2,4846,20,5
9847,2,4847,233,25
9848,2,4848,53,10
9849,2,4849,17,10
9850,2,4850,19,5
9851,2,4851,17,10
9852,2,4852,14,5
9853,2,4853,246,25
9854,2,4854,19,10
9855,2,4855,39,10
9856,2,4856,27,10
9857,2,4857,15,5
9858,2,4858,254,25
9859,2,4859,7,5
9860,2,4860,46,10
9861,2,4861,29,10
9862,2,4862,29,10
9863,2,4863,260,25
9864,2,4864,17,5
9865,2,4865,78,25
9866,2,4866,95,25
9867,2,4867,44,10
9868,2,4868,7,5
9869,2,4869,24,10
9870,2,4870,24,10
9871,2,4871,117,25
9872,2,4872,121,25
9873,2,4873,36,10
9874,2,4874,239,25
9875,2,4875,213,25
9876,2,4876,47,10
9877,2,4877,265,25
9878,2,4878,143,25
9879,2,4879,53,10
9880,2,4880,8,5
9881,2,4881,254,25
9882,2,4882,185,25
9883,2,4883,14,5
9884,2,4884,69,25
9885,2,4885,49,10
9886,2,4886,10,5
9887,2,4887,281,25
9888,2,4888,10,5
9889,2,4889,163,25
9890,2,4890,6,5
9891,2,4891,35,10
9892,2,4892,36,10
9893,2,4893,46,10
9894,2,4894,240,25
9895,2,4895,25,10
9896,2,4896,23,10
9897,2,4897,5,5
9898,2,4898,59,10
9899,2,4899,195,25
9900,2,4900,54,25
9901,2,4901,284,25
9902,2,4902,46,10
9903,2,4903,16,5
9904,2,4904,11,5
9905,2,4905,7,5
9906,2,4906,8,5
9907,2,4907,121,25
9908,2,4908,55,10
9909,2,4909,34,10
9910,2,4910,43,10
9911,2,4911,102,25
9912,2,4912,290,25
9913,2,4913,13,5
9914,2,4914,110,25
9915,2,4915,28,10
9916,2,4916,178,25
9917,2,4917,181,25
9918,2,4918,36,10
9919,2,4919,138,25
9920,2,4920,16,10
9921,2,4921,30,10
9922,2,4922,34,10
9923,2,4923,17,10
9924,2,4924,6,5
9925,2,4925,78,25
9926,2,4926,13,5
9927,2,4927,106,25
9928,2,4928,12,5
9929,2,4929,165,25
9930,2,4930,42,10
9931,2,4931,174,25
9932,2,4932,172,25
9933,2,4933,7,5
9934,2,4934,24,10
9935,2,4935,25,10
9936,2,4936,106,25
9937,2,4937,246,25
9938,2,4938,272,25
9939,2,4939,31,10
9940,2,4940,19,10
9941,2,4941,36,10
9942,2,4942,209,25
9943,2,4943,224,25
9944,2,4944,23,10
9945,2,4945,59,10
9946,2,4946,31,10
9947,2,4947,262,25
9948,2,4948,139,25
9949,2,4949,105,25
9950,2,4950,130,25
9951,2,4951,8,5
9952,2,4952,15,5
9953,2,4953,24,10
9954,2,4954,125,25
9955,2,4955,58,25
9956,2,4956,218,25
9957,2,4957,189,25
9958,2,4958,29,10
9959,2,4959,230,25
9960,2,4960,274,25
9961,2,4961,18,5
9962,2,4962,20,5
9963,2,4963,54,10
9964,2,4964,25,10
9965,2,4965,164,25
9966,2,4966,17,5
9967,2,4967,96,25
9968,2,4968,58,10
9969,2,4969,52,10
9970,2,4970,186,25
9971,2,4971,80,25
9972,2,4972,50,10
9973,2,4973,202,25
9974,2,4974,8,5
9975,2,4975,111,25
9976,2,4976,14,5
9977,2,4977,7,5
9978,2,4978,7,5
9979,2,4979,20,5
9980,2,4980,15,5
9981,2,4981,18,10
9982,2,4982,17,10
9983,2,4983,93,25
9984,2,4984,273,25
9985,2,4985,29,10
9986,2,4986,18,5
9987,2,4987,22,10
9988,2,4988,118,25
9989,2,4989,18,5
9990,2,4990,39,10
9991,2,4991,16,10
9992,2,4992,19,10
9993,2,4993,211,25
9994,2,4994,7,5
9995,2,4995,93,25
9996,2,4996,13,5
9997,2,4997,95,25
9998,2,4998,163,25
9999,2,4999,184,25
10000,2,5000,17,5
10001,3,1,8,5
10002,3,2,134,25
10003,3,3,7,5
10004,3,4,47,10
10005,3,5,282,25
10006,3,6,218,25
10007,3,7,51,10
10008,3,8,41,10
10009,3,9,226,25
10010,3,10,28,10
10011,3,11,5,5
10012,3,12,272,25
10013,3,13,24,10
10014,3,14,51,10
10015,3,15,5,5
10016,3,16,21,10
10017,3,17,233,25
10018,3,18,273,25
10019,3,19,9,5
10020,3,20,45,10
10021,3,21,16,10
10022,3,22,5,5
10023,3,23,205,25
10024,3,24,30,10
10025,3,25,169,25
10026,3,26,24,10
10027,3,27,30,10
10028,3,28,248,25
10029,3,29,111,25
10030,3,30,228,25
10031,3,31,205,25
10032,3,32,184,25
10033,3,33,16,10
10034,3,34,225,25
10035,3,35,20,10
10036,3,36,16,5
10037,3,37,34,10
10038,3,38,6,5
10039,3,39,55,10
10040,3,40,193,25
10041,3,41,25,10
10042,3,42,135,25
10043,3,43,181,25
10044,3,44,149,25
10045,3,45,57,10
10046,3,46,40,10
10047,3,47,26,10
10048,3,48,40,10
10049,3,49,58,10
10050,3,50,5,5
10051,3,51,72,25
10052,3,52,174,25
10053,3,53,44,10
10054,3,54,300,25
10055,3,55,167,25
10056,3,56,7,5
10057,3,57,56,10
10058,3,58,40,10
10059,3,59,41,10
10060,3,60,26,10
10061,3,61,60,10
10062,3,62,225,25
10063,3,63,60,10
10064,3,64,282,25
10065,3,65,145,25
10066,3,66,19,5
10067,3,67,181,25
10068,3,68,42,10
10069,3,69,21,10
10070,3,70,285,25
10071,3,71,156,25
10072,3,72,88,25
10073,3,73,135,25
10074,3,74,137,25
10075,3,75,32,10
10076,3,76,15,10
10077,3,77,46,10
10078,3,78,27,10
10079,3,79,263,25
10080,3,80,144,25
10081,3,81,18,10
10082,3,82,180,25
10083,3,83,5,5
10084,3,84,58,25
10085,3,85,36,10
10086,3,86,293,25
10087,3,87,15,10
10088,3,88,52,10
10089,3,89,258,25
10090,3,90,8,5
10091,3,91,38,10
10092,3,92,23,10
10093,3,93,24,10
10094,3,94,20,5
10095,3,95,219,25
10096,3,96,15,10
10097,3,97,262,25
10098,3,98,201,25
10099,3,99,59,10
10100,3,100,15,5
10101,3,101,36,10
10102,3,102,297,25
10103,3,103,286,25
10104,3,104,48,10
10105,3,105,26,10
10106,3,106,181,25
10107,3,107,14,5
10108,3,108,59,25
10109,3,109,13,5
10110,3,110,24,10
10111,3,111,99,25
10112,3,112,23,10
10113,3,113,184,25
10114,3,114,61,25
10115,3,115,53,25
10116,3,116,21,10
10117,3,117,12,5
10118,3,118,26,10
10119,3,119,37,10
10120,3,120,179,25
10121,3,121,88,25
10122,3,122,18,10
10123,3,123,49,10
10124,3,124,26,10
10125,3,125,22,10
10126,3,126,36,10
10127,3,127,38,10
10128,3,128,16,5
10129,3,129,119,25
10130,3,130,54,10
10131,3,131,22,10
10132,3,132,28,10
10133,3,133,19,10
10134,3,134,245,25
10135,3,135,33,10
10136,3,136,60,10
10137,3,137,119,25
10138,3,138,50,10
10139,3,139,57,10
10140,3,140,45,10
10141,3,141,48,10
10142,3,142,119,25
10143,3,143,17,10
10144,3,144,30,10
10145,3,145,14,5
10146,3,146,136,25
10147,3,147,47,10
10148,3,148,47,10
10149,3,149,73,25
10150,3,150,60,10
10151,3,151,51,25
10152,3,152,13,5
10153,3,153,176,25
10154,3,154,38,10
10155,3,155,196,25
10156,3,156,44,10
10157,3,157,111,25
10158,3,158,289,25
10159,3,159,5,5
10160,3,160,118,25
10161,3,161,213,25
10162,3,162,9,5
10163,3,163,33,10
10164,3,164,76,25
10165,3,165,200,25
10166,3,166,160,25
10167,3,167,17,5
10168,3,168,193,25
10169,3,169,248,25
10170,3,170,47,10
10171,3,171,30,10
10172,3,172,56,10
10173,3,173,54,10
10174,3,174,15,5
10175,3,175,182,25
10176,3,176,16,10
10177,3,177,45,10
10178,3,178,15,10
10179,3,179,266,25
10180,3,180,41,10
10181,3,181,194,25
10182,3,182,153,25
10183,3,183,100,25
10184,3,184,276,25
10185,3,185,171,25
10186,3,186,122,25
10187,3,187,21,10
10188,3,188,151,25
10189,3,189,53,10
10190,3,190,267,25
10191,3,191,12,5
10192,3,192,262,25
10193,3,193,14,5
10194,3,194,15,5
10195,3,195,48,10
10196,3,196,17,10
10197,3,197,14,5
10198,3,198,36,10
10199,3,199,161,25
10200,3,200,41,10
10201,3,201,16,10
10202,3,202,49,10
10203,3,203,55,25
10204,3,204,20,5
10205,3,205,49,10
10206,3,206,228,25
10207,3,207,20,10
10208,3,208,176,25
10209,3,209,232,25
10210,3,210,133,25
10211,3,211,15,10
10212,3,212,124,25
10213,3,213,5,5
10214,3,214,289,25
10215,3,215,208,25
10216,3,216,98,25
10217,3,217,54,10
10218,3,218,53,10
10219,3,219,85,25
10220,3,220,251,25
10221,3,221,245,25
10222,3,222,20,10
10223,3,223,45,10
10224,3,224,26,10
10225,3,225,8,5
10226,3,226,16,10
10227,3,227,146,25
10228,3,228,15,10
10229,3,229,165,25
10230,3,230,20,10
10231,3,231,244,25
10232,3,232,59,10
10233,3,233,147,25
10234,3,234,210,25
10235,3,235,26,10
10236,3,236,42,10
10237,3,237,24,10
10238,3,238,85,25
10239,3,239,56,10
10240,3,240,46,10
10241,3,241,268,25
10242,3,242,49,10
10243,3,243,55,25
10244,3,244,52,10
10245,3,245,145,25
10246,3,246,131,25
10247,3,247,74,25
10248,3,248,260,25
10249,3,249,279,25
10250,3,250,51,25
10251,3,251,53,10
10252,3,252,51,10
10253,3,253,70,25
10254,3,254,50,10
10255,3,255,11,5
10256,3,256,18,5
10257,3,257,36,10
10258,3,258,180,25
10259,3,259,21,10
10260,3,260,55,10
10261,3,261,22,10
10262,3,262,10,5
10263,3,263,13,5
10264,3,264,16,10
10265,3,265,14,5
10266,3,266,56,10
10267,3,267,164,25
10268,3,268,254,25
10269,3,269,246,25
10270,3,270,8,5
10271,3,271,45,10
10272,3,272,69,25
10273,3,273,144,25
10274,3,274,192,25
10275,3,275,57,10
10276,3,276,15,10
10277,3,277,54,25
10278,3,278,10,5
10279,3,279,9,5
10280,3,280,85,25
10281,3,281,82,25
10282,3,282,9,5
10283,3,283,288,25
10284,3,284,172,25
10285,3,285,262,25
10286,3,286,5,5
10287,3,287,297,25
10288,3,288,37,10
10289,3,289,57,10
10290,3,290,31,10
10291,3,291,229,25
10292,3,292,17,5
10293,3,293,10,5
10294,3,294,231,25
10295,3,295,71,25
10296,3,296,249,25
10297,3,297,176,25
10298,3,298,53,10
10299,3,299,184,25
10300,3,300,55,10
10301,3,301,123,25
10302,3,302,49,10
10303,3,303,14,5
10304,3,304,278,25
10305,3,305,19,5
10306,3,306,171,25
10307,3,307,52,25
10308,3,308,142,25
10309,3,309,77,25
10310,3,310,187,25
10311,3,311,19,5
10312,3,312,256,25
10313,3,313,19,10
10314,3,314,13,5
10315,3,315,161,25
10316,3,316,70,25
10317,3,317,27,10
10318,3,318,220,25
10319,3,319,66,25
10320,3,320,48,10
10321,3,321,30,10
10322,3,322,96,25
10323,3,323,22,10
10324,3,324,69,25
10325,3,325,50,25
10326,3,326,22,10
10327,3,327,40,10
10328,3,328,87,25
10329,3,329,53,10
10330,3,330,122,25
10331,3,331,65,25
10332,3,332,57,10
10333,3,333,50,10
10334,3,334,261,25
10335,3,335,24,10
10336,3,336,276,25
10337,3,337,18,10
10338,3,338,50,10
10339,3,339,177,25
10340,3,340,37,10
10341,3,341,155,25
10342,3,342,298,25
10343,3,343,68,25
10344,3,344,221,25
10345,3,345,156,25
10346,3,346,244,25
10347,3,347,203,25
10348,3,348,193,25
10349,3,349,5,5
10350,3,350,230,25
10351,3,351,170,25
10352,3,352,18,10
10353,3,353,15,5
10354,3,354,46,10
10355,3,355,36,10
10356,3,356,252,25
10357,3,357,75,25
10358,3,358,84,25
10359,3,359,108,25
10360,3,360,215,25
10361,3,361,214,25
10362,3,362,44,10
10363,3,363,55,10
10364,3,364,288,25
10365,3,365,38,10
10366,3,366,67,25
10367,3,367,173,25
10368,3,368,188,25
10369,3,369,122,25
10370,3,370,7,5
10371,3,371,44,10
10372,3,372,8,5
10373,3,373,10,5
10374,3,374,10,5
10375,3,375,45,10
10376,3,376,56,10
10377,3,377,70,25
10378,3,378,42,10
10379,3,379,17,5
10380,3,380,140,25
10381,3,381,258,25
10382,3,382,8,5
10383,3,383,74,25
10384,3,384,185,25
10385,3,385,38,10
10386,3,386,46,10
10387,3,387,17,5
10388,3,388,7,5
10389,3,389,106,25
10390,3,390,59,10
10391,3,391,17,5
10392,3,392,269,25
10393,3,393,12,5
10394,3,394,23,10
10395,3,395,20,5
10396,3,396,33,10
10397,3,397,280,25
10398,3,398,45,10
10399,3,399,15,5
10400,3,400,72,25
10401,3,401,78,25
10402,3,402,165,25
10403,3,403,70,25
10404,3,404,92,25
10405,3,405,12,5
10406,3,406,25,10
10407,3,407,56,10
10408,3,408,131,25
10409,3,409,59,10
10410,3,410,236,25
10411,3,411,38,10
10412,3,412,21,10
10413,3,413,164,25
10414,3,414,16,10
10415,3,415,42,10
10416,3,416,59,10
10417,3,417,13,5
10418,3,418,10,5
10419,3,419,237,25
10420,3,420,201,25
10421,3,421,271,25
10422,3,422,213,25
10423,3,423,96,25
10424,3,424,11,5
10425,3,425,46,10
10426,3,426,135,25
10427,3,427,201,25
10428,3,428,136,25
10429,3,429,18,5
10430,3,430,87,25
10431,3,431,19,10
10432,3,432,32,10
10433,3,433,24,10
10434,3,434,37,10
10435,3,435,59,10
10436,3,436,174,25
10437,3,437,8,5
10438,3,438,294,25
10439,3,439,8,5
10440,3,440,51,10
10441,3,441,16,10
10442,3,442,182,25
10443,3,443,130,25
10444,3,444,37,10
10445,3,445,60,10
10446,3,446,58,25
10447,3,447,12,5
10448,3,448,5,5
10449,3,449,180,25
10450,3,450,18,5
10451,3,451,40,10
10452,3,452,9,5
10453,3,453,252,25
10454,3,454,102,25
10455,3,455,60,10
10456,3,456,16,5
10457,3,457,23,10
10458,3,458,41,10
10459,3,459,18,5
10460,3,460,38,10
10461,3,461,36,10
10462,3,462,37,10
10463,3,463,12,5
10464,3,464,27,10
10465,3,465,34,10
10466,3,466,29,10
10467,3,467,99,25
10468,3,468,36,10
10469,3,469,18,10
10470,3,470,20,5
10471,3,471,275,25
10472,3,472,290,25
10473,3,473,17,5
10474,3,474,17,5
10475,3,475,133,25
10476,3,476,15,10
10477,3,477,17,10
10478,3,478,52,10
10479,3,479,12,5
10480,3,480,5,5
10481,3,481,292,25
10482,3,482,84,25
10483,3,483,168,25
10484,3,484,278,25
10485,3,485,11,5
10486,3,486,18,5
10487,3,487,296,25
10488,3,488,197,25
10489,3,489,234,25
10490,3,490,113,25
10491,3,491,102,25
10492,3,492,12,5
10493,3,493,50,10
10494,3,494,56,10
10495,3,495,29,10
10496,3,496,44,10
10497,3,497,212,25
10498,3,498,258,25
10499,3,499,16,5
10500,3,500,23,10
10501,3,501,6,5
10502,3,502,233,25
10503,3,503,228,25
10504,3,504,56,10
10505,3,505,242,25
10506,3,506,291,25
10507,3,507,11,5
10508,3,508,23,10
10509,3,509,20,10
10510,3,510,257,25
10511,3,511,57,25
10512,3,512,18,5
10513,3,513,20,10
10514,3,514,261,25
10515,3,515,19,10
10516,3,516,174,25
10517,3,517,20,10
10518,3,518,20,5
10519,3,519,16,5
10520,3,520,136,25
10521,3,521,57,10
10522,3,522,14,5
10523,3,523,24,10
10524,3,524,17,10
10525,3,525,59,10
10526,3,526,55,10
10527,3,527,268,25
10528,3,528,50,10
10529,3,529,30,10
10530,3,530,24,10
10531,3,531,85,25
10532,3,532,20,5
10533,3,533,289,25
10534,3,534,22,10
10535,3,535,194,25
10536,3,536,15,5
10537,3,537,285,25
10538,3,538,35,10
10539,3,539,44,10
10540,3,540,288,25
10541,3,541,51,10
10542,3,542,36,10
10543,3,543,20,5
10544,3,544,11,5
10545,3,545,25,10
10546,3,546,17,10
10547,3,547,9,5
10548,3,548,221,25
10549,3,549,29,10
10550,3,550,26,10
10551,3,551,9,5
10552,3,552,271,25
10553,3,553,17,10
10554,3,554,38,10
10555,3,555,17,5
10556,3,556,5,5
10557,3,557,218,25
10558,3,558,55,10
10559,3,559,58,10
10560,3,560,35,10
10561,3,561,11,5
10562,3,562,155,25
10563,3,563,18,5
10564,3,564,53,10
10565,3,565,217,25
10566,3,566,6,5
10567,3,567,44,10
10568,3,568,55,10
10569,3,569,97,25
10570,3,570,163,25
10571,3,571,136,25
10572,3,572,111,25
10573,3,573,32,10
10574,3,574,21,10
10575,3,575,252,25
10576,3,576,179,25
10577,3,577,51,10
10578,3,578,29,10
10579,3,579,19,10
10580,3,580,22,10
10581,3,581,182,25
10582,3,582,131,25
10583,3,583,211,25
10584,3,584,255,25
10585,3,585,51,10
10586,3,586,29,10
10587,3,587,20,10
10588,3,588,199,25
10589,3,589,21,10
10590,3,590,171,25
10591,3,591,16,10
10592,3,592,216,25
10593,3,593,273,25
10594,3,594,16,10
10595,3,595,113,25
10596,3,596,17,10
10597,3,597,69,25
10598,3,598,37,10
10599,3,599,47,10
10600,3,600,19,10
10601,3,601,22,10
10602,3,602,14,5
10603,3,603,22,10
10604,3,604,16,5
10605,3,605,10,5
10606,3,606,214,25
10607,3,607,50,25
10608,3,608,156,25
10609,3,609,58,10
10610,3,610,124,25
10611,3,611,112,25
10612,3,612,181,25
10613,3,613,20,5
10614,3,614,43,10
10615,3,615,45,10
10616,3,616,64,25
10617,3,617,140,25
10618,3,618,50,10
10619,3,619,207,25
10620,3,620,55,25
10621,3,621,46,10
10622,3,622,17,5
10623,3,623,198,25
10624,3,624,8,5
10625,3,625,206,25
10626,3,626,144,25
10627,3,627,18,10
10628,3,628,44,10
10629,3,629,199,25
10630,3,630,47,10
10631,3,631,32,10
10632,3,632,49,10
10633,3,633,237,25
10634,3,634,50,10
10635,3,635,16,5
10636,3,636,54,10
10637,3,637,235,25
10638,3,638,182,25
10639,3,639,172,25
10640,3,640,13,5
10641,3,641,152,25
10642,3,642,213,25
10643,3,643,18,10
10644,3,644,148,25
10645,3,645,171,25
10646,3,646,227,25
10647,3,647,91,25
10648,3,648,80,25
10649,3,649,211,25
10650,3,650,34,10
10651,3,651,34,10
10652,3,652,10,5
10653,3,653,279,25
10654,3,654,22,10
10655,3,655,22,10
10656,3,656,211,25
10657,3,657,252,25
10658,3,658,17,10
10659,3,659,11,5
10660,3,660,161,25
10661,3,661,287,25
10662,3,662,26,10
10663,3,663,202,25
10664,3,664,91,25
10665,3,665,65,25
10666,3,666,9,5
10667,3,667,41,10
10668,3,668,49,10
10669,3,669,26,10
10670,3,670,292,25
10671,3,671,14,5
10672,3,672,38,10
10673,3,673,266,25
10674,3,674,46,10
10675,3,675,54,10
10676,3,676,116,25
10677,3,677,94,25
10678,3,678,44,10
10679,3,679,154,25
10680,3,680,118,25
10681,3,681,48,10
10682,3,682,11,5
10683,3,683,30,10
10684,3,684,30,10
10685,3,685,86,25
10686,3,686,244,25
10687,3,687,155,25
10688,3,688,47,10
10689,3,689,34,10
10690,3,690,87,25
10691,3,691,39,10
10692,3,692,263,25
10693,3,693,54,10
10694,3,694,119,25
10695,3,695,54,10
10696,3,696,148,25
10697,3,697,210,25
10698,3,698,54,10
10699,3,699,22,10
10700,3,700,25,10
10701,3,701,50,10
10702,3,702,51,25
10703,3,703,42,10
10704,3,704,48,10
10705,3,705,60,10
10706,3,706,145,25
10707,3,707,174,25
10708,3,708,30,10
10709,3,709,80,25
10710,3,710,91,25
10711,3,711,160,25
10712,3,712,46,10
10713,3,713,19,5
10714,3,714,59,25
10715,3,715,15,10
10716,3,716,262,25
10717,3,717,207,25
10718,3,718,5,5
10719,3,719,38,10
10720,3,720,15,5
10721,3,721,288,25
10722,3,722,33,10
10723,3,723,54,10
10724,3,724,55,25
10725,3,725,130,25
10726,3,726,279,25
10727,3,727,25,10
10728,3,728,72,25
10729,3,729,32,10
10730,3,730,142,25
10731,3,731,60,10
10732,3,732,181,25
10733,3,733,133,25
10734,3,734,6,5
10735,3,735,51,25
10736,3,736,20,5
10737,3,737,182,25
10738,3,738,35,10
10739,3,739,94,25
10740,3,740,29,10
10741,3,741,114,25
10742,3,742,50,25
10743,3,743,24,10
10744,3,744,15,10
10745,3,745,17,5
10746,3,746,32,10
10747,3,747,195,25
10748,3,748,47,10
10749,3,749,74,25
10750,3,750,209,25
10751,3,751,17,5
10752,3,752,7,5
10753,3,753,28,10
10754,3,754,50,10
10755,3,755,7,5
10756,3,756,76,25
10757,3,757,31,10
10758,3,758,158,25
10759,3,759,276,25
10760,3,760,48,10
10761,3,761,27,10
10762,3,762,25,10
10763,3,763,71,25
10764,3,764,49,10
10765,3,765,30,10
10766,3,766,10,5
10767,3,767,35,10
10768,3,768,74,25
10769,3,769,236,25
10770,3,770,242,25
10771,3,771,244,25
10772,3,772,18,10
10773,3,773,36,10
10774,3,774,18,5
10775,3,775,60,10
10776,3,776,253,25
10777,3,777,233,25
10778,3,778,16,5
10779,3,779,210,25
10780,3,780,24,10
10781,3,781,76,25
10782,3,782,59,10
10783,3,783,16,5
10784,3,784,292,25
10785,3,785,248,25
10786,3,786,19,5
10787,3,787,53,10
10788,3,788,19,5
10789,3,789,52,10
10790,3,790,207,25
10791,3,791,41,10
10792,3,792,291,25
10793,3,793,26,10
10794,3,794,143,25
10795,3,795,20,10
10796,3,796,18,10
10797,3,797,275,25
10798,3,798,47,10
10799,3,799,43,10
10800,3,800,32,10
10801,3,801,8,5
10802,3,802,6,5
10803,3,803,46,10
10804,3,804,116,25
10805,3,805,55,10
10806,3,806,28,10
10807,3,807,49,10
10808,3,808,60,25
10809,3,809,188,25
10810,3,810,22,10
10811,3,811,225,25
10812,3,812,181,25
10813,3,813,58,10
10814,3,814,15,5
10815,3,815,211,25
10816,3,816,10,5
10817,3,817,16,5
10818,3,818,10,5
10819,3,819,183,25
10820,3,820,154,25
10821,3,821,136,25
10822,3,822,30,10
10823,3,823,28,10
10824,3,824,193,25
10825,3,825,43,10
10826,3,826,217,25
10827,3,827,52,10
10828,3,828,201,25
10829,3,829,59,25
10830,3,830,285,25
10831,3,831,16,10
10832,3,832,49,10
10833,3,833,17,10
10834,3,834,83,25
10835,3,835,37,10
10836,3,836,292,25
10837,3,837,222,25
10838,3,838,157,25
10839,3,839,34,10
10840,3,840,263,25
10841,3,841,46,10
10842,3,842,24,10
10843,3,843,42,10
10844,3,844,19,10
10845,3,845,261,25
10846,3,846,20,10
10847,3,847,17,10
10848,3,848,13,5
10849,3,849,16,10
10850,3,850,251,25
10851,3,851,17,5
10852,3,852,12,5
10853,3,853,17,10
10854,3,854,252,25
10855,3,855,99,25
10856,3,856,244,25
10857,3,857,18,5
10858,3,858,25,10
10859,3,859,152,25
10860,3,860,41,10
10861,3,861,11,5
10862,3,862,17,5
10863,3,863,40,10
10864,3,864,34,10
10865,3,865,33,10
10866,3,866,47,10
10867,3,867,279,25
10868,3,868,281,25
10869,3,869,61,25
10870,3,870,273,25
10871,3,871,216,25
10872,3,872,51,25
10873,3,873,209,25
10874,3,874,57,10
10875,3,875,13,5
10876,3,876,130,25
10877,3,877,145,25
10878,3,878,105,25
10879,3,879,28,10
10880,3,880,59,10
10881,3,881,34,10
10882,3,882,12,5
10883,3,883,39,10
10884,3,884,83,25
10885,3,885,271,25
10886,3,886,28,10
10887,3,887,55,10
10888,3,888,58,10
10889,3,889,62,25
10890,3,890,191,25
10891,3,891,42,10
10892,3,892,183,25
10893,3,893,10,5
10894,3,894,220,25
10895,3,895,5,5
10896,3,896,59,10
10897,3,897,97,25
10898,3,898,16,10
10899,3,899,272,25
10900,3,900,211,25
10901,3,901,202,25
10902,3,902,12,5
10903,3,903,211,25
10904,3,904,246,25
10905,3,905,18,10
10906,3,906,53,10
10907,3,907,18,5
10908,3,908,5,5
10909,3,909,282,25
10910,3,910,68,25
10911,3,911,17,10
10912,3,912,28,10
10913,3,913,18,10
10914,3,914,15,10
10915,3,915,213,25
10916,3,916,257,25
10917,3,917,153,25
10918,3,918,140,25
10919,3,919,15,10
10920,3,920,256,25
10921,3,921,168,25
10922,3,922,15,10
10923,3,923,159,25
10924,3,924,289,25
10925,3,925,72,25
10926,3,926,227,25
10927,3,927,29,10
10928,3,928,42,10
10929,3,929,205,25
10930,3,930,18,5
10931,3,931,11,5
10932,3,932,54,10
10933,3,933,51,10
10934,3,934,51,10
10935,3,935,163,25
10936,3,936,180,25
10937,3,937,21,10
10938,3,938,107,25
10939,3,939,21,10
10940,3,940,57,10
10941,3,941,85,25
10942,3,942,175,25
10943,3,943,57,10
10944,3,944,298,25
10945,3,945,136,25
10946,3,946,34,10
10947,3,947,6,5
10948,3,948,82,25
10949,3,949,269,25
10950,3,950,96,25
10951,3,951,243,25
10952,3,952,172,25
10953,3,953,191,25
10954,3,954,31,10
10955,3,955,18,5
10956,3,956,49,10
10957,3,957,54,10
10958,3,958,15,10
10959,3,959,113,25
10960,3,960,150,25
10961,3,961,245,25
10962,3,962,38,10
10963,3,963,48,10
10964,3,964,27,10
10965,3,965,20,5
10966,3,966,19,5
10967,3,967,54,25
10968,3,968,170,25
10969,3,969,18,10
10970,3,970,14,5
10971,3,971,43,10
10972,3,972,129,25
10973,3,973,36,10
10974,3,974,42,10
10975,3,975,162,25
10976,3,976,32,10
10977,3,977,22,10
10978,3,978,34,10
10979,3,979,62,25
10980,3,980,18,10
10981,3,981,18,10
10982,3,982,22,10
10983,3,983,18,5
10984,3,984,19,10
10985,3,985,31,10
10986,3,986,219,25
10987,3,987,73,25
10988,3,988,32,10
10989,3,989,105,25
10990,3,990,166,25
10991,3,991,155,25
10992,3,992,55,10
10993,3,993,155,25
10994,3,994,261,25
10995,3,995,286,25
10996,3,996,212,25
10997,3,997,51,10
10998,3,998,27,10
10999,3,999,30,10
11000,3,1000,240,25
11001,3,1001,30,10
11002,3,1002,97,25
11003,3,1003,104,25
11004,3,1004,172,25
11005,3,1005,292,25
11006,3,1006,26,10
11007,3,1007,167,25
11008,3,1008,265,25
11009,3,1009,19,5
11010,3,1010,288,25
11011,3,1011,191,25
11012,3,1012,228,25
11013,3,1013,10,5
11014,3,1014,15,5
11015,3,1015,9,5
11016,3,1016,15,5
11017,3,1017,26,10
11018,3,1018,36,10
11019,3,1019,31,10
11020,3,1020,37,10
11021,3,1021,38,10
11022,3,1022,8,5
11023,3,1023,34,10
11024,3,1024,87,25
11025,3,1025,48,10
11026,3,1026,158,25
11027,3,1027,292,25
11028,3,1028,278,25
11029,3,1029,17,10
11030,3,1030,49,10
11031,3,1031,265,25
11032,3,1032,35,10
11033,3,1033,205,25
11034,3,1034,290,25
11035,3,1035,215,25
11036,3,1036,6,5
11037,3,1037,297,25
11038,3,1038,18,5
11039,3,1039,226,25
11040,3,1040,42,10
11041,3,1041,13,5
11042,3,1042,179,25
11043,3,1043,41,10
11044,3,1044,215,25
11045,3,1045,61,25
11046,3,1046,119,25
11047,3,1047,15,5
11048,3,1048,22,10
11049,3,1049,33,10
11050,3,1050,51,25
11051,3,1051,173,25
11052,3,1052,300,25
11053,3,1053,22,10
11054,3,1054,170,25
11055,3,1055,20,5
11056,3,1056,172,25
11057,3,1057,116,25
11058,3,1058,115,25
11059,3,1059,19,10
11060,3,1060,51,10
11061,3,1061,15,5
11062,3,1062,154,25
11063,3,1063,20,5
11064,3,1064,8,5
11065,3,1065,51,25
11066,3,1066,252,25
11067,3,1067,40,10
11068,3,1068,8,5
11069,3,1069,27,10
11070,3,1070,18,10
11071,3,1071,77,25
11072,3,1072,55,10
11073,3,1073,173,25
11074,3,1074,257,25
11075,3,1075,168,25
11076,3,1076,44,10
11077,3,1077,199,25
11078,3,1078,161,25
11079,3,1079,198,25
11080,3,1080,83,25
11081,3,1081,38,10
11082,3,1082,27,10
11083,3,1083,20,10
11084,3,1084,12,5
11085,3,1085,88,25
11086,3,1086,38,10
11087,3,1087,296,25
11088,3,1088,258,25
11089,3,1089,176,25
11090,3,1090,16,5
11091,3,1091,54,10
11092,3,1092,13,5
11093,3,1093,19,5
11094,3,1094,50,10
11095,3,1095,12,5
11096,3,1096,49,10
11097,3,1097,103,25
11098,3,1098,17,10
11099,3,1099,76,25
11100,3,1100,231,25
11101,3,1101,6,5
11102,3,1102,52,10
11103,3,1103,114,25
11104,3,1104,202,25
11105,3,1105,31,10
11106,3,1106,42,10
11107,3,1107,52,10
11108,3,1108,25,10
11109,3,1109,14,5
11110,3,1110,41,10
11111,3,1111,37,10
11112,3,1112,93,25
11113,3,1113,251,25
11114,3,1114,5,5
11115,3,1115,17,10
11116,3,1116,61,25
11117,3,1117,14,5
11118,3,1118,15,10
11119,3,1119,17,5
11120,3,1120,7,5
11121,3,1121,45,10
11122,3,1122,197,25
11123,3,1123,26,10
11124,3,1124,115,25
11125,3,1125,40,10
11126,3,1126,86,25
11127,3,1127,236,25
11128,3,1128,43,10
11129,3,1129,40,10
11130,3,1130,139,25
11131,3,1131,108,25
11132,3,1132,57,10
11133,3,1133,165,25
11134,3,1134,5,5
11135,3,1135,26,10
11136,3,1136,17,10
11137,3,1137,112,25
11138,3,1138,80,25
11139,3,1139,149,25
11140,3,1140,51,10
11141,3,1141,128,25
11142,3,1142,294,25
11143,3,1143,98,25
11144,3,1144,125,25
11145,3,1145,54,10
11146,3,1146,52,10
11147,3,1147,46,10
11148,3,1148,215,25
11149,3,1149,9,5
11150,3,1150,42,10
11151,3,1151,120,25
11152,3,1152,5,5
11153,3,1153,12,5
11154,3,1154,19,10
11155,3,1155,84,25
11156,3,1156,24,10
11157,3,1157,18,5
11158,3,1158,60,10
11159,3,1159,32,10
11160,3,1160,57,10
11161,3,1161,197,25
11162,3,1162,51,10
11163,3,1163,24,10
11164,3,1164,98,25
11165,3,1165,137,25
11166,3,1166,46,10
11167,3,1167,264,25
11168,3,1168,55,10
11169,3,1169,17,5
11170,3,1170,39,10
11171,3,1171,33,10
11172,3,1172,29,10
11173,3,1173,77,25
11174,3,1174,16,5
11175,3,1175,69,25
11176,3,1176,49,10
11177,3,1177,254,25
11178,3,1178,205,25
11179,3,1179,18,10
11180,3,1180,264,25
11181,3,1181,52,25
11182,3,1182,33,10
11183,3,1183,31,10
11184,3,1184,214,25
11185,3,1185,50,10
11186,3,1186,166,25
11187,3,1187,222,25
11188,3,1188,36,10
11189,3,1189,285,25
11190,3,1190,13,5
11191,3,1191,185,25
11192,3,1192,16,5
11193,3,1193,78,25
11194,3,1194,192,25
11195,3,1195,54,25
11196,3,1196,80,25
11197,3,1197,35,10
11198,3,1198,150,25
11199,3,1199,119,25
11200,3,1200,17,10
11201,3,1201,211,25
11202,3,1202,56,10
11203,3,1203,112,25
11204,3,1204,22,10
11205,3,1205,12,5
11206,3,1206,36,10
11207,3,1207,122,25
11208,3,1208,51,10
11209,3,1209,121,25
11210,3,1210,19,10
11211,3,1211,56,10
11212,3,1212,182,25
11213,3,1213,90,25
11214,3,1214,38,10
11215,3,1215,119,25
11216,3,1216,13,5
11217,3,1217,24,10
11218,3,1218,31,10
11219,3,1219,16,5
11220,3,1220,39,10
11221,3,1221,16,10
11222,3,1222,89,25
11223,3,1223,13,5
11224,3,1224,265,25
11225,3,1225,204,25
11226,3,1226,283,25
11227,3,1227,207,25
11228,3,1228,262,25
11229,3,1229,14,5
11230,3,1230,206,25
11231,3,1231,56,10
11232,3,1232,12,5
11233,3,1233,47,10
11234,3,1234,6,5
11235,3,1235,138,25
11236,3,1236,20,5
11237,3,1237,76,25
11238,3,1238,20,5
11239,3,1239,59,10
11240,3,1240,20,5
11241,3,1241,57,10
11242,3,1242,119,25
11243,3,1243,88,25
11244,3,1244,30,10
11245,3,1245,16,5
11246,3,1246,107,25
11247,3,1247,266,25
11248,3,1248,45,10
11249,3,1249,284,25
11250,3,1250,252,25
11251,3,1251,281,25
11252,3,1252,262,25
11253,3,1253,281,25
11254,3,1254,96,25
11255,3,1255,47,10
11256,3,1256,8,5
11257,3,1257,268,25
11258,3,1258,233,25
11259,3,1259,147,25
11260,3,1260,24,10
11261,3,1261,281,25
11262,3,1262,100,25
11263,3,1263,102,25
11264,3,1264,40,10
11265,3,1265,64,25
11266,3,1266,252,25
11267,3,1267,204,25
11268,3,1268,20,5
11269,3,1269,20,5
11270,3,1270,20,5
11271,3,1271,52,25
11272,3,1272,59,10
11273,3,1273,288,25
11274,3,1274,11,5
11275,3,1275,198,25
11276,3,1276,150,25
11277,3,1277,18,5
11278,3,1278,15,10
11279,3,1279,39,10
11280,3,1280,205,25
11281,3,1281,29,10
11282,3,1282,269,25
11283,3,1283,43,10
11284,3,1284,49,10
11285,3,1285,165,25
11286,3,1286,19,5
11287,3,1287,36,10
11288,3,1288,15,5
11289,3,1289,35,10
11290,3,1290,20,5
11291,3,1291,136,25
11292,3,1292,159,25
11293,3,1293,267,25
11294,3,1294,128,25
11295,3,1295,93,25
11296,3,1296,9,5
11297,3,1297,11,5
11298,3,1298,194,25
11299,3,1299,48,10
11300,3,1300,15,5
11301,3,1301,15,10
11302,3,1302,52,10
11303,3,1303,52,10
11304,3,1304,9,5
11305,3,1305,14,5
11306,3,1306,14,5
11307,3,1307,13,5
11308,3,1308,113,25
11309,3,1309,60,10
11310,3,1310,285,25
11311,3,1311,34,10
11312,3,1312,18,10
11313,3,1313,12,5
11314,3,1314,7,5
11315,3,1315,183,25
11316,3,1316,53,10
11317,3,1317,18,5
11318,3,1318,155,25
11319,3,1319,54,10
11320,3,1320,115,25
11321,3,1321,168,25
11322,3,1322,257,25
11323,3,1323,282,25
11324,3,1324,18,5
11325,3,1325,60,10
11326,3,1326,57,10
11327,3,1327,36,10
11328,3,1328,19,5
11329,3,1329,211,25
11330,3,1330,296,25
11331,3,1331,29,10
11332,3,1332,47,10
11333,3,1333,56,25
11334,3,1334,17,5
11335,3,1335,29,10
11336,3,1336,46,10
11337,3,1337,14,5
11338,3,1338,292,25
11339,3,1339,53,25
11340,3,1340,161,25
11341,3,1341,15,5
11342,3,1342,13,5
11343,3,1343,56,10
11344,3,1344,48,10
11345,3,1345,179,25
11346,3,1346,182,25
11347,3,1347,10,5
11348,3,1348,99,25
11349,3,1349,14,5
11350,3,1350,298,25
11351,3,1351,50,10
11352,3,1352,223,25
11353,3,1353,18,10
11354,3,1354,18,10
11355,3,1355,41,10
11356,3,1356,203,25
11357,3,1357,19,10
11358,3,1358,199,25
11359,3,1359,78,25
11360,3,1360,20,5
11361,3,1361,24,10
11362,3,1362,51,10
11363,3,1363,206,25
11364,3,1364,56,10
11365,3,1365,209,25
11366,3,1366,59,10
11367,3,1367,35,10
11368,3,1368,68,25
11369,3,1369,20,5
11370,3,1370,152,25
11371,3,1371,31,10
11372,3,1372,46,10
11373,3,1373,277,25
11374,3,1374,109,25
11375,3,1375,56,10
11376,3,1376,66,25
11377,3,1377,92,25
11378,3,1378,20,5
11379,3,1379,112,25
11380,3,1380,37,10
11381,3,1381,182,25
11382,3,1382,299,25
11383,3,1383,160,25
11384,3,1384,121,25
11385,3,1385,138,25
11386,3,1386,15,10
11387,3,1387,40,10
11388,3,1388,75,25
11389,3,1389,39,10
11390,3,1390,51,10
11391,3,1391,247,25
11392,3,1392,30,10
11393,3,1393,41,10
11394,3,1394,192,25
11395,3,1395,270,25
11396,3,1396,130,25
11397,3,1397,20,10
11398,3,1398,48,10
11399,3,1399,272,25
11400,3,1400,259,25
11401,3,1401,113,25
11402,3,1402,267,25
11403,3,1403,27,10
11404,3,1404,90,25
11405,3,1405,83,25
11406,3,1406,145,25
11407,3,1407,166,25
11408,3,1408,262,25
11409,3,1409,48,10
11410,3,1410,199,25
11411,3,1411,12,5
11412,3,1412,290,25
11413,3,1413,226,25
11414,3,1414,57,10
11415,3,1415,150,25
11416,3,1416,36,10
11417,3,1417,60,10
11418,3,1418,25,10
11419,3,1419,20,5
11420,3,1420,25,10
11421,3,1421,30,10
11422,3,1422,122,25
11423,3,1423,98,25
11424,3,1424,251,25
11425,3,1425,70,25
11426,3,1426,145,25
11427,3,1427,47,10
11428,3,1428,47,10
11429,3,1429,167,25
11430,3,1430,58,25
11431,3,1431,11,5
11432,3,1432,56,25
11433,3,1433,20,10
11434,3,1434,28,10
11435,3,1435,111,25
11436,3,1436,268,25
11437,3,1437,19,5
11438,3,1438,16,5
11439,3,1439,20,10
11440,3,1440,181,25
11441,3,1441,8,5
11442,3,1442,34,10
11443,3,1443,10,5
11444,3,1444,9,5
11445,3,1445,218,25
11446,3,1446,54,10
11447,3,1447,124,25
11448,3,1448,159,25
11449,3,1449,292,25
11450,3,1450,48,10
11451,3,1451,130,25
11452,3,1452,18,10
11453,3,1453,27,10
11454,3,1454,6,5
11455,3,1455,139,25
11456,3,1456,59,10
11457,3,1457,15,10
11458,3,1458,60,25
11459,3,1459,215,25
11460,3,1460,157,25
11461,3,1461,59,10
11462,3,1462,152,25
11463,3,1463,97,25
11464,3,1464,264,25
11465,3,1465,18,10
11466,3,1466,22,10
11467,3,1467,48,10
11468,3,1468,35,10
11469,3,1469,54,10
11470,3,1470,37,10
11471,3,1471,135,25
11472,3,1472,125,25
11473,3,1473,46,10
11474,3,1474,32,10
11475,3,1475,5,5
11476,3,1476,15,10
11477,3,1477,185,25
11478,3,1478,58,10
11479,3,1479,46,10
11480,3,1480,57,10
11481,3,1481,238,25
11482,3,1482,73,25
11483,3,1483,20,10
11484,3,1484,113,25
11485,3,1485,84,25
11486,3,1486,46,10
11487,3,1487,131,25
11488,3,1488,140,25
11489,3,1489,97,25
11490,3,1490,203,25
11491,3,1491,62,25
11492,3,1492,237,25
11493,3,1493,45,10
11494,3,1494,224,25
11495,3,1495,15,5
11496,3,1496,231,25
11497,3,1497,5,5
11498,3,1498,177,25
11499,3,1499,20,5
11500,3,1500,18,5
11501,3,1501,7,5
11502,3,1502,126,25
11503,3,1503,31,10
11504,3,1504,46,10
11505,3,1505,237,25
11506,3,1506,96,25
11507,3,1507,54,10
11508,3,1508,257,25
11509,3,1509,8,5
11510,3,1510,253,25
11511,3,1511,160,25
11512,3,1512,43,10
11513,3,1513,15,10
11514,3,1514,98,25
11515,3,1515,55,10
11516,3,1516,278,25
11517,3,1517,131,25
11518,3,1518,59,10
11519,3,1519,245,25
11520,3,1520,105,25
11521,3,1521,249,25
11522,3,1522,141,25
11523,3,1523,16,10
11524,3,1524,20,5
11525,3,1525,45,10
11526,3,1526,17,5
11527,3,1527,17,5
11528,3,1528,245,25
11529,3,1529,105,25
11530,3,1530,112,25
11531,3,1531,223,25
11532,3,1532,287,25
11533,3,1533,57,10
11534,3,1534,16,10
11535,3,1535,17,5
11536,3,1536,44,10
11537,3,1537,17,10
11538,3,1538,53,10
11539,3,1539,17,10
11540,3,1540,97,25
11541,3,1541,107,25
11542,3,1542,154,25
11543,3,1543,208,25
11544,3,1544,290,25
11545,3,1545,213,25
11546,3,1546,118,25
11547,3,1547,291,25
11548,3,1548,81,25
11549,3,1549,7,5
11550,3,1550,20,10
11551,3,1551,62,25
11552,3,1552,46,10
11553,3,1553,29,10
11554,3,1554,292,25
11555,3,1555,51,10
11556,3,1556,8,5
11557,3,1557,47,10
11558,3,1558,20,10
11559,3,1559,6,5
11560,3,1560,233,25
11561,3,1561,25,10
11562,3,1562,16,5
11563,3,1563,18,5
11564,3,1564,23,10
11565,3,1565,284,25
11566,3,1566,29,10
11567,3,1567,96,25
11568,3,1568,18,10
11569,3,1569,44,10
11570,3,1570,15,10
11571,3,1571,8,5
11572,3,1572,45,10
11573,3,1573,277,25
11574,3,1574,16,10
11575,3,1575,40,10
11576,3,1576,38,10
11577,3,1577,103,25
11578,3,1578,36,10
11579,3,1579,44,10
11580,3,1580,249,25
11581,3,1581,49,10
11582,3,1582,7,5
11583,3,1583,158,25
11584,3,1584,18,5
11585,3,1585,238,25
11586,3,1586,32,10
11587,3,1587,210,25
11588,3,1588,202,25
11589,3,1589,34,10
11590,3,1590,27,10
11591,3,1591,40,10
11592,3,1592,122,25
11593,3,1593,6,5
11594,3,1594,180,25
11595,3,1595,44,10
11596,3,1596,30,10
11597,3,1597,220,25
11598,3,1598,18,5
11599,3,1599,20,10
11600,3,1600,95,25
11601,3,1601,40,10
11602,3,1602,160,25
11603,3,1603,31,10
11604,3,1604,17,10
11605,3,1605,46,10
11606,3,1606,11,5
11607,3,1607,148,25
11608,3,1608,229,25
11609,3,1609,116,25
11610,3,1610,95,25
11611,3,1611,215,25
11612,3,1612,269,25
11613,3,1613,198,25
11614,3,1614,242,25
11615,3,1615,14,5
11616,3,1616,18,10
11617,3,1617,190,25
11618,3,1618,30,10
11619,3,1619,7,5
11620,3,1620,163,25
11621,3,1621,53,10
11622,3,1622,28,10
11623,3,1623,171,25
11624,3,1624,205,25
11625,3,1625,284,25
11626,3,1626,267,25
11627,3,1627,35,10
11628,3,1628,25,10
11629,3,1629,182,25
11630,3,1630,58,10
11631,3,1631,85,25
11632,3,1632,34,10
11633,3,1633,90,25
11634,3,1634,19,5
11635,3,1635,15,10
11636,3,1636,182,25
11637,3,1637,142,25
11638,3,1638,18,10
11639,3,1639,74,25
11640,3,1640,49,10
11641,3,1641,111,25
11642,3,1642,21,10
11643,3,1643,8,5
11644,3,1644,5,5
11645,3,1645,20,10
11646,3,1646,122,25
11647,3,1647,17,5
11648,3,1648,152,25
11649,3,1649,10,5
11650,3,1650,47,10
11651,3,1651,25,10
11652,3,1652,266,25
11653,3,1653,32,10
11654,3,1654,59,25
11655,3,1655,14,5
11656,3,1656,87,25
11657,3,1657,255,25
11658,3,1658,55,10
11659,3,1659,49,10
11660,3,1660,39,10
11661,3,1661,57,10
11662,3,1662,140,25
11663,3,1663,42,10
11664,3,1664,280,25
11665,3,1665,159,25
11666,3,1666,42,10
11667,3,1667,101,25
11668,3,1668,25,10
11669,3,1669,18,5
11670,3,1670,68,25
11671,3,1671,18,5
11672,3,1672,18,5
11673,3,1673,13,5
11674,3,1674,50,10
11675,3,1675,282,25
11676,3,1676,30,10
11677,3,1677,50,10
11678,3,1678,21,10
11679,3,1679,148,25
11680,3,1680,123,25
11681,3,1681,15,10
11682,3,1682,40,10
11683,3,1683,97,25
11684,3,1684,24,10
11685,3,1685,9,5
11686,3,1686,16,10
11687,3,1687,31,10
11688,3,1688,51,25
11689,3,1689,57,10
11690,3,1690,61,25
11691,3,1691,172,25
11692,3,1692,13,5
11693,3,1693,27,10
11694,3,1694,41,10
11695,3,1695,232,25
11696,3,1696,52,25
11697,3,1697,53,10
11698,3,1698,17,5
11699,3,1699,28,10
11700,3,1700,82,25
11701,3,1701,189,25
11702,3,1702,89,25
11703,3,1703,67,25
11704,3,1704,84,25
11705,3,1705,56,25
11706,3,1706,109,25
11707,3,1707,293,25
11708,3,1708,143,25
11709,3,1709,18,10
11710,3,1710,54,10
11711,3,1711,14,5
11712,3,1712,242,25
11713,3,1713,277,25
11714,3,1714,9,5
11715,3,1715,23,10
11716,3,1716,5,5
11717,3,1717,150,25
11718,3,1718,59,10
11719,3,1719,9,5
11720,3,1720,214,25
11721,3,1721,151,25
11722,3,1722,240,25
11723,3,1723,12,5
11724,3,1724,19,10
11725,3,1725,36,10
11726,3,1726,229,25
11727,3,1727,8,5
11728,3,1728,98,25
11729,3,1729,70,25
11730,3,1730,138,25
11731,3,1731,33,10
11732,3,1732,20,10
11733,3,1733,33,10
11734,3,1734,22,10
11735,3,1735,11,5
11736,3,1736,38,10
11737,3,1737,95,25
11738,3,1738,224,25
11739,3,1739,45,10
11740,3,1740,10,5
11741,3,1741,58,10
11742,3,1742,19,5
11743,3,1743,247,25
11744,3,1744,21,10
11745,3,1745,216,25
11746,3,1746,5,5
11747,3,1747,17,10
11748,3,1748,13,5
11749,3,1749,12,5
11750,3,1750,22,10
11751,3,1751,287,25
11752,3,1752,54,10
11753,3,1753,166,25
11754,3,1754,32,10
11755,3,1755,299,25
11756,3,1756,34,10
11757,3,1757,183,25
11758,3,1758,13,5
11759,3,1759,21,10
11760,3,1760,58,25
11761,3,1761,80,25
11762,3,1762,13,5
11763,3,1763,38,10
11764,3,1764,94,25
11765,3,1765,30,10
11766,3,1766,17,5
11767,3,1767,84,25
11768,3,1768,15,10
11769,3,1769,79,25
11770,3,1770,94,25
11771,3,1771,19,5
11772,3,1772,59,10
11773,3,1773,57,10
11774,3,1774,118,25
11775,3,1775,19,5
11776,3,1776,223,25
11777,3,1777,17,5
11778,3,1778,31,10
11779,3,1779,56,10
11780,3,1780,35,10
11781,3,1781,99,25
11782,3,1782,287,25
11783,3,1783,79,25
11784,3,1784,16,5
11785,3,1785,28,10
11786,3,1786,6,5
11787,3,1787,242,25
11788,3,1788,286,25
11789,3,1789,15,10
11790,3,1790,52,25
11791,3,1791,20,5
11792,3,1792,113,25
11793,3,1793,252,25
11794,3,1794,283,25
11795,3,1795,42,10
11796,3,1796,6,5
11797,3,1797,7,5
11798,3,1798,20,10
11799,3,1799,48,10
11800,3,1800,102,25
11801,3,1801,145,25
11802,3,1802,87,25
11803,3,1803,115,25
11804,3,1804,269,25
11805,3,1805,46,10
11806,3,1806,298,25
11807,3,1807,53,10
11808,3,1808,286,25
11809,3,1809,159,25
11810,3,1810,80,25
11811,3,1811,53,10
11812,3,1812,16,10
11813,3,1813,99,25
11814,3,1814,57,10
11815,3,1815,12,5
11816,3,1816,291,25
11817,3,1817,7,5
11818,3,1818,166,25
11819,3,1819,256,25
11820,3,1820,128,25
11821,3,1821,18,10
11822,3,1822,243,25
11823,3,1823,58,25
11824,3,1824,7,5
11825,3,1825,137,25
11826,3,1826,39,10
11827,3,1827,183,25
11828,3,1828,21,10
11829,3,1829,19,5
11830,3,1830,214,25
11831,3,1831,40,10
11832,3,1832,18,5
11833,3,1833,48,10
11834,3,1834,38,10
11835,3,1835,267,25
11836,3,1836,205,25
11837,3,1837,86,25
11838,3,1838,126,25
11839,3,1839,56,10
11840,3,1840,41,10
11841,3,1841,15,10
11842,3,1842,31,10
11843,3,1843,231,25
11844,3,1844,283,25
11845,3,1845,29,10
11846,3,1846,20,5
11847,3,1847,40,10
11848,3,1848,61,25
11849,3,1849,52,25
11850,3,1850,31,10
11851,3,1851,267,25
11852,3,1852,5,5
11853,3,1853,24,10
11854,3,1854,79,25
11855,3,1855,30,10
11856,3,1856,59,10
11857,3,1857,14,5
11858,3,1858,27,10
11859,3,1859,182,25
11860,3,1860,17,10
11861,3,1861,33,10
11862,3,1862,199,25
11863,3,1863,41,10
11864,3,1864,134,25
11865,3,1865,40,10
11866,3,1866,45,10
11867,3,1867,60,10
11868,3,1868,44,10
11869,3,1869,30,10
11870,3,1870,46,10
11871,3,1871,8,5
11872,3,1872,18,5
11873,3,1873,7,5
11874,3,1874,7,5
11875,3,1875,5,5
11876,3,1876,14,5
11877,3,1877,75,25
11878,3,1878,75,25
11879,3,1879,146,25
11880,3,1880,60,10
11881,3,1881,154,25
11882,3,1882,31,10
11883,3,1883,32,10
11884,3,1884,253,25
11885,3,1885,20,10
11886,3,1886,134,25
11887,3,1887,33,10
11888,3,1888,245,25
11889,3,1889,101,25
11890,3,1890,164,25
11891,3,1891,20,10
11892,3,1892,286,25
11893,3,1893,11,5
11894,3,1894,68,25
11895,3,1895,55,25
11896,3,1896,210,25
11897,3,1897,294,25
11898,3,1898,17,10
11899,3,1899,186,25
11900,3,1900,29,10
11901,3,1901,141,25
11902,3,1902,56,10
11903,3,1903,48,10
11904,3,1904,110,25
11905,3,1905,173,25
11906,3,1906,42,10
11907,3,1907,15,10
11908,3,1908,262,25
11909,3,1909,17,5
11910,3,1910,20,5
11911,3,1911,8,5
11912,3,1912,235,25
11913,3,1913,34,10
11914,3,1914,53,10
11915,3,1915,20,5
11916,3,1916,14,5
11917,3,1917,68,25
11918,3,1918,19,5
11919,3,1919,12,5
11920,3,1920,283,25
11921,3,1921,16,10
11922,3,1922,109,25
11923,3,1923,9,5
11924,3,1924,16,5
11925,3,1925,58,10
11926,3,1926,130,25
11927,3,1927,26,10
11928,3,1928,185,25
11929,3,1929,110,25
11930,3,1930,93,25
11931,3,1931,7,5
11932,3,1932,39,10
11933,3,1933,34,10
11934,3,1934,187,25
11935,3,1935,33,10
11936,3,1936,244,25
11937,3,1937,268,25
11938,3,1938,21,10
11939,3,1939,35,10
11940,3,1940,66,25
11941,3,1941,13,5
11942,3,1942,25,10
11943,3,1943,12,5
11944,3,1944,13,5
11945,3,1945,81,25
11946,3,1946,56,10
11947,3,1947,34,10
11948,3,1948,9,5
11949,3,1949,161,25
11950,3,1950,18,10
11951,3,1951,85,25
11952,3,1952,54,10
11953,3,1953,58,10
11954,3,1954,254,25
11955,3,1955,158,25
11956,3,1956,143,25
11957,3,1957,9,5
11958,3,1958,17,5
11959,3,1959,100,25
11960,3,1960,56,25
11961,3,1961,55,10
11962,3,1962,48,10
11963,3,1963,279,25
11964,3,1964,49,10
11965,3,1965,213,25
11966,3,1966,200,25
11967,3,1967,231,25
11968,3,1968,188,25
11969,3,1969,59,10
11970,3,1970,22,10
11971,3,1971,181,25
11972,3,1972,34,10
11973,3,1973,292,25
11974,3,1974,32,10
11975,3,1975,241,25
11976,3,1976,53,25
11977,3,1977,15,5
11978,3,1978,22,10
11979,3,1979,140,25
11980,3,1980,19,10
11981,3,1981,44,10
11982,3,1982,185,25
11983,3,1983,28,10
11984,3,1984,131,25
11985,3,1985,14,5
11986,3,1986,35,10
11987,3,1987,185,25
11988,3,1988,28,10
11989,3,1989,22,10
11990,3,1990,135,25
11991,3,1991,18,10
11992,3,1992,12,5
11993,3,1993,13,5
11994,3,1994,50,25
11995,3,1995,25,10
11996,3,1996,142,25
11997,3,1997,11,5
11998,3,1998,53,10
11999,3,1999,203,25
12000,3,2000,36,10
12001,3,2001,14,5
12002,3,2002,230,25
12003,3,2003,196,25
12004,3,2004,13,5
12005,3,2005,199,25
12006,3,2006,25,10
12007,3,2007,49,10
12008,3,2008,8,5
12009,3,2009,91,25
12010,3,2010,52,10
12011,3,2011,42,10
12012,3,2012,160,25
12013,3,2013,19,10
12014,3,2014,25,10
12015,3,2015,201,25
12016,3,2016,56,10
12017,3,2017,18,5
12018,3,2018,164,25
12019,3,2019,194,25
12020,3,2020,162,25
12021,3,2021,7,5
12022,3,2022,52,10
12023,3,2023,32,10
12024,3,2024,158,25
12025,3,2025,5,5
12026,3,2026,118,25
12027,3,2027,14,5
12028,3,2028,5,5
12029,3,2029,194,25
12030,3,2030,117,25
12031,3,2031,55,10
12032,3,2032,58,10
12033,3,2033,14,5
12034,3,2034,226,25
12035,3,2035,241,25
12036,3,2036,298,25
12037,3,2037,7,5
12038,3,2038,33,10
12039,3,2039,52,10
12040,3,2040,34,10
12041,3,2041,213,25
12042,3,2042,283,25
12043,3,2043,264,25
12044,3,2044,28,10
12045,3,2045,77,25
12046,3,2046,152,25
12047,3,2047,111,25
12048,3,2048,10,5
12049,3,2049,127,25
12050,3,2050,228,25
12051,3,2051,11,5
12052,3,2052,16,5
12053,3,2053,33,10
12054,3,2054,18,10
12055,3,2055,219,25
12056,3,2056,288,25
12057,3,2057,11,5
12058,3,2058,274,25
12059,3,2059,280,25
12060,3,2060,138,25
12061,3,2061,176,25
12062,3,2062,93,25
12063,3,2063,171,25
12064,3,2064,144,25
12065,3,2065,52,10
12066,3,2066,9,5
12067,3,2067,285,25
12068,3,2068,17,10
12069,3,2069,198,25
12070,3,2070,49,10
12071,3,2071,14,5
12072,3,2072,8,5
12073,3,2073,141,25
12074,3,2074,64,25
12075,3,2075,98,25
12076,3,2076,17,10
12077,3,2077,214,25
12078,3,2078,56,25
12079,3,2079,168,25
12080,3,2080,40,10
12081,3,2081,16,10
12082,3,2082,289,25
12083,3,2083,27,10
12084,3,2084,46,10
12085,3,2085,35,10
12086,3,2086,7,5
12087,3,2087,43,10
12088,3,2088,42,10
12089,3,2089,19,5
12090,3,2090,43,10
12091,3,2091,18,10
12092,3,2092,133,25
12093,3,2093,120,25
12094,3,2094,82,25
12095,3,2095,14,5
12096,3,2096,16,10
12097,3,2097,59,10
12098,3,2098,49,10
12099,3,2099,272,25
12100,3,2100,115,25
12101,3,2101,96,25
12102,3,2102,238,25
12103,3,2103,238,25
12104,3,2104,36,10
12105,3,2105,13,5
12106,3,2106,31,10
12107,3,2107,25,10
12108,3,2108,17,5
12109,3,2109,232,25
12110,3,2110,33,10
12111,3,2111,68,25
12112,3,2112,13,5
12113,3,2113,192,25
12114,3,2114,170,25
12115,3,2115,136,25
12116,3,2116,36,10
12117,3,2117,249,25
12118,3,2118,148,25
12119,3,2119,63,25
12120,3,2120,13,5
12121,3,2121,57,10
12122,3,2122,149,25
12123,3,2123,203,25
12124,3,2124,282,25
12125,3,2125,54,25
12126,3,2126,52,10
12127,3,2127,37,10
12128,3,2128,58,10
12129,3,2129,58,10
12130,3,2130,5,5
12131,3,2131,295,25
12132,3,2132,210,25
12133,3,2133,177,25
12134,3,2134,8,5
12135,3,2135,43,10
12136,3,2136,25,10
12137,3,2137,24,10
12138,3,2138,82,25
12139,3,2139,72,25
12140,3,2140,53,10
12141,3,2141,57,25
12142,3,2142,19,5
12143,3,2143,176,25
12144,3,2144,290,25
12145,3,2145,89,25
12146,3,2146,117,25
12147,3,2147,290,25
12148,3,2148,47,10
12149,3,2149,50,10
12150,3,2150,52,10
12151,3,2151,31,10
12152,3,2152,12,5
12153,3,2153,19,5
12154,3,2154,38,10
12155,3,2155,8,5
12156,3,2156,139,25
12157,3,2157,60,10
12158,3,2158,51,25
12159,3,2159,11,5
12160,3,2160,24,10
12161,3,2161,60,10
12162,3,2162,110,25
12163,3,2163,17,5
12164,3,2164,32,10
12165,3,2165,15,10
12166,3,2166,166,25
12167,3,2167,15,5
12168,3,2168,47,10
12169,3,2169,108,25
12170,3,2170,207,25
12171,3,2171,41,10
12172,3,2172,5,5
12173,3,2173,73,25
12174,3,2174,160,25
12175,3,2175,48,10
12176,3,2176,34,10
12177,3,2177,66,25
12178,3,2178,163,25
12179,3,2179,118,25
12180,3,2180,281,25
12181,3,2181,267,25
12182,3,2182,15,10
12183,3,2183,45,10
12184,3,2184,69,25
12185,3,2185,190,25
12186,3,2186,48,10
12187,3,2187,21,10
12188,3,2188,59,25
12189,3,2189,19,5
12190,3,2190,19,5
12191,3,2191,223,25
12192,3,2192,21,10
12193,3,2193,188,25
12194,3,2194,109,25
12195,3,2195,37,10
12196,3,2196,242,25
12197,3,2197,21,10
12198,3,2198,28,10
12199,3,2199,11,5
12200,3,2200,12,5
12201,3,2201,47,10
12202,3,2202,19,5
12203,3,2203,47,10
12204,3,2204,16,10
12205,3,2205,21,10
12206,3,2206,67,25
12207,3,2207,57,10
12208,3,2208,23,10
12209,3,2209,43,10
12210,3,2210,26,10
12211,3,2211,51,10
12212,3,2212,56,10
12213,3,2213,20,10
12214,3,2214,258,25
12215,3,2215,275,25
12216,3,2216,17,10
12217,3,2217,211,25
12218,3,2218,211,25
12219,3,2219,38,10
12220,3,2220,55,10
12221,3,2221,257,25
12222,3,2222,264,25
12223,3,2223,196,25
12224,3,2224,8,5
12225,3,2225,29,10
12226,3,2226,28,10
12227,3,2227,19,10
12228,3,2228,110,25
12229,3,2229,300,25
12230,3,2230,19,10
12231,3,2231,158,25
12232,3,2232,67,25
12233,3,2233,52,10
12234,3,2234,88,25
12235,3,2235,22,10
12236,3,2236,256,25
12237,3,2237,74,25
12238,3,2238,141,25
12239,3,2239,42,10
12240,3,2240,32,10
12241,3,2241,71,25
12242,3,2242,42,10
12243,3,2243,81,25
12244,3,2244,53,10
12245,3,2245,10,5
12246,3,2246,15,5
12247,3,2247,12,5
12248,3,2248,10,5
12249,3,2249,24,10
12250,3,2250,141,25
12251,3,2251,36,10
12252,3,2252,58,10
12253,3,2253,215,25
12254,3,2254,16,5
12255,3,2255,219,25
12256,3,2256,129,25
12257,3,2257,58,10
12258,3,2258,273,25
12259,3,2259,81,25
12260,3,2260,17,5
12261,3,2261,20,5
12262,3,2262,180,25
12263,3,2263,13,5
12264,3,2264,146,25
12265,3,2265,255,25
12266,3,2266,203,25
12267,3,2267,285,25
12268,3,2268,23,10
12269,3,2269,6,5
12270,3,2270,58,10
12271,3,2271,48,10
12272,3,2272,35,10
12273,3,2273,13,5
12274,3,2274,205,25
12275,3,2275,38,10
12276,3,2276,71,25
12277,3,2277,55,10
12278,3,2278,51,10
12279,3,2279,16,5
12280,3,2280,28,10
12281,3,2281,284,25
12282,3,2282,17,5
12283,3,2283,38,10
12284,3,2284,31,10
12285,3,2285,40,10
12286,3,2286,21,10
12287,3,2287,263,25
12288,3,2288,50,10
12289,3,2289,198,25
12290,3,2290,231,25
12291,3,2291,18,5
12292,3,2292,50,10
12293,3,2293,26,10
12294,3,2294,190,25
12295,3,2295,225,25
12296,3,2296,45,10
12297,3,2297,134,25
12298,3,2298,37,10
12299,3,2299,35,10
12300,3,2300,54,10
12301,3,2301,274,25
12302,3,2302,66,25
12303,3,2303,78,25
12304,3,2304,45,10
12305,3,2305,16,5
12306,3,2306,122,25
12307,3,2307,9,5
12308,3,2308,24,10
12309,3,2309,32,10
12310,3,2310,241,25
12311,3,2311,278,25
12312,3,2312,276,25
12313,3,2313,35,10
12314,3,2314,36,10
12315,3,2315,77,25
12316,3,2316,32,10
12317,3,2317,16,5
12318,3,2318,192,25
12319,3,2319,182,25
12320,3,2320,118,25
12321,3,2321,7,5
12322,3,2322,265,25
12323,3,2323,207,25
12324,3,2324,192,25
12325,3,2325,48,10
12326,3,2326,28,10
12327,3,2327,84,25
12328,3,2328,22,10
12329,3,2329,5,5
12330,3,2330,15,5
12331,3,2331,60,10
12332,3,2332,51,10
12333,3,2333,202,25
12334,3,2334,19,10
12335,3,2335,262,25
12336,3,2336,171,25
12337,3,2337,185,25
12338,3,2338,269,25
12339,3,2339,229,25
12340,3,2340,283,25
12341,3,2341,144,25
12342,3,2342,226,25
12343,3,2343,46,10
12344,3,2344,58,10
12345,3,2345,198,25
12346,3,2346,57,10
12347,3,2347,99,25
12348,3,2348,153,25
12349,3,2349,52,10
12350,3,2350,210,25
12351,3,2351,181,25
12352,3,2352,178,25
12353,3,2353,75,25
12354,3,2354,139,25
12355,3,2355,48,10
12356,3,2356,54,10
12357,3,2357,45,10
12358,3,2358,11,5
12359,3,2359,82,25
12360,3,2360,120,25
12361,3,2361,185,25
12362,3,2362,199,25
12363,3,2363,123,25
12364,3,2364,158,25
12365,3,2365,28,10
12366,3,2366,215,25
12367,3,2367,43,10
12368,3,2368,7,5
12369,3,2369,268,25
12370,3,2370,242,25
12371,3,2371,26,10
12372,3,2372,12,5
12373,3,2373,43,10
12374,3,2374,176,25
12375,3,2375,43,10
12376,3,2376,30,10
12377,3,2377,197,25
12378,3,2378,38,10
12379,3,2379,5,5
12380,3,2380,26,10
12381,3,2381,124,25
12382,3,2382,32,10
12383,3,2383,279,25
12384,3,2384,148,25
12385,3,2385,5,5
12386,3,2386,21,10
12387,3,2387,87,25
12388,3,2388,46,10
12389,3,2389,8,5
12390,3,2390,186,25
12391,3,2391,37,10
12392,3,2392,56,10
12393,3,2393,17,5
12394,3,2394,66,25
12395,3,2395,136,25
12396,3,2396,19,5
12397,3,2397,214,25
12398,3,2398,131,25
12399,3,2399,276,25
12400,3,2400,32,10
12401,3,2401,8,5
12402,3,2402,39,10
12403,3,2403,101,25
12404,3,2404,127,25
12405,3,2405,229,25
12406,3,2406,94,25
12407,3,2407,201,25
12408,3,2408,53,10
12409,3,2409,26,10
12410,3,2410,11,5
12411,3,2411,105,25
12412,3,2412,56,10
12413,3,2413,16,10
12414,3,2414,15,5
12415,3,2415,23,10
12416,3,2416,129,25
12417,3,2417,59,10
12418,3,2418,49,10
12419,3,2419,182,25
12420,3,2420,39,10
12421,3,2421,153,25
12422,3,2422,20,10
12423,3,2423,40,10
12424,3,2424,188,25
12425,3,2425,19,10
12426,3,2426,58,10
12427,3,2427,39,10
12428,3,2428,29,10
12429,3,2429,253,25
12430,3,2430,15,5
12431,3,2431,180,25
12432,3,2432,184,25
12433,3,2433,58,10
12434,3,2434,38,10
12435,3,2435,52,10
12436,3,2436,62,25
12437,3,2437,40,10
12438,3,2438,13,5
12439,3,2439,124,25
12440,3,2440,11,5
12441,3,2441,218,25
12442,3,2442,56,10
12443,3,2443,112,25
12444,3,2444,215,25
12445,3,2445,58,10
12446,3,2446,16,5
12447,3,2447,50,10
12448,3,2448,39,10
12449,3,2449,106,25
12450,3,2450,54,25
12451,3,2451,171,25
12452,3,2452,207,25
12453,3,2453,125,25
12454,3,2454,235,25
12455,3,2455,264,25
12456,3,2456,33,10
12457,3,2457,11,5
12458,3,2458,18,10
12459,3,2459,60,10
12460,3,2460,48,10
12461,3,2461,8,5
12462,3,2462,52,10
12463,3,2463,58,10
12464,3,2464,11,5
12465,3,2465,60,10
12466,3,2466,19,10
12467,3,2467,40,10
12468,3,2468,48,10
12469,3,2469,248,25
12470,3,2470,52,25
12471,3,2471,48,10
12472,3,2472,69,25
12473,3,2473,35,10
12474,3,2474,54,10
12475,3,2475,37,10
12476,3,2476,55,10
12477,3,2477,49,10
12478,3,2478,27,10
12479,3,2479,254,25
12480,3,2480,280,25
12481,3,2481,46,10
12482,3,2482,132,25
12483,3,2483,20,5
12484,3,2484,29,10
12485,3,2485,25,10
12486,3,2486,258,25
12487,3,2487,162,25
12488,3,2488,53,25
12489,3,2489,44,10
12490,3,2490,264,25
12491,3,2491,20,10
12492,3,2492,31,10
12493,3,2493,249,25
12494,3,2494,163,25
12495,3,2495,14,5
12496,3,2496,38,10
12497,3,2497,15,10
12498,3,2498,256,25
12499,3,2499,211,25
12500,3,2500,99,25
12501,3,2501,104,25
12502,3,2502,18,5
12503,3,2503,19,5
12504,3,2504,45,10
12505,3,2505,15,5
12506,3,2506,180,25
12507,3,2507,18,10
12508,3,2508,16,5
12509,3,2509,227,25
12510,3,2510,10,5
12511,3,2511,265,25
12512,3,2512,47,10
12513,3,2513,168,25
12514,3,2514,133,25
12515,3,2515,284,25
12516,3,2516,285,25
12517,3,2517,181,25
12518,3,2518,37,10
12519,3,2519,171,25
12520,3,2520,59,25
12521,3,2521,188,25
12522,3,2522,245,25
12523,3,2523,290,25
12524,3,2524,51,10
12525,3,2525,237,25
12526,3,2526,8,5
12527,3,2527,119,25
12528,3,2528,72,25
12529,3,2529,16,10
12530,3,2530,8,5
12531,3,2531,111,25
12532,3,2532,11,5
12533,3,2533,275,25
12534,3,2534,147,25
12535,3,2535,134,25
12536,3,2536,39,10
12537,3,2537,27,10
12538,3,2538,237,25
12539,3,2539,248,25
12540,3,2540,36,10
12541,3,2541,260,25
12542,3,2542,16,5
12543,3,2543,263,25
12544,3,2544,100,25
12545,3,2545,236,25
12546,3,2546,43,10
12547,3,2547,276,25
12548,3,2548,227,25
12549,3,2549,31,10
12550,3,2550,81,25
12551,3,2551,103,25
12552,3,2552,19,10
12553,3,2553,143,25
12554,3,2554,41,10
12555,3,2555,43,10
12556,3,2556,88,25
12557,3,2557,32,10
12558,3,2558,293,25
12559,3,2559,218,25
12560,3,2560,79,25
12561,3,2561,48,10
12562,3,2562,86,25
12563,3,2563,10,5
12564,3,2564,5,5
12565,3,2565,185,25
12566,3,2566,13,5
12567,3,2567,46,10
12568,3,2568,253,25
12569,3,2569,288,25
12570,3,2570,54,25
12571,3,2571,176,25
12572,3,2572,296,25
12573,3,2573,50,10
12574,3,2574,39,10
12575,3,2575,111,25
12576,3,2576,32,10
12577,3,2577,42,10
12578,3,2578,51,10
12579,3,2579,73,25
12580,3,2580,56,10
12581,3,2581,45,10
12582,3,2582,110,25
12583,3,2583,114,25
12584,3,2584,238,25
12585,3,2585,267,25
12586,3,2586,72,25
12587,3,2587,16,5
12588,3,2588,242,25
12589,3,2589,132,25
12590,3,2590,35,10
12591,3,2591,54,10
12592,3,2592,9,5
12593,3,2593,221,25
12594,3,2594,267,25
12595,3,2595,41,10
12596,3,2596,118,25
12597,3,2597,88,25
12598,3,2598,107,25
12599,3,2599,36,10
12600,3,2600,130,25
12601,3,2601,27,10
12602,3,2602,23,10
12603,3,2603,57,10
12604,3,2604,264,25
12605,3,2605,262,25
12606,3,2606,100,25
12607,3,2607,225,25
12608,3,2608,8,5
12609,3,2609,108,25
12610,3,2610,19,5
12611,3,2611,276,25
12612,3,2612,18,5
12613,3,2613,77,25
12614,3,2614,232,25
12615,3,2615,102,25
12616,3,2616,170,25
12617,3,2617,283,25
12618,3,2618,18,5
12619,3,2619,186,25
12620,3,2620,127,25
12621,3,2621,264,25
12622,3,2622,14,5
12623,3,2623,30,10
12624,3,2624,17,5
12625,3,2625,35,10
12626,3,2626,11,5
12627,3,2627,19,10
12628,3,2628,27,10
12629,3,2629,12,5
12630,3,2630,30,10
12631,3,2631,152,25
12632,3,2632,243,25
12633,3,2633,9,5
12634,3,2634,80,25
12635,3,2635,44,10
12636,3,2636,11,5
12637,3,2637,279,25
12638,3,2638,49,10
12639,3,2639,168,25
12640,3,2640,18,5
12641,3,2641,167,25
12642,3,2642,59,10
12643,3,2643,225,25
12644,3,2644,132,25
12645,3,2645,11,5
12646,3,2646,279,25
12647,3,2647,14,5
12648,3,2648,43,10
12649,3,2649,46,10
12650,3,2650,19,5
12651,3,2651,24,10
12652,3,2652,250,25
12653,3,2653,226,25
12654,3,2654,47,10
12655,3,2655,32,10
12656,3,2656,24,10
12657,3,2657,75,25
12658,3,2658,37,10
12659,3,2659,36,10
12660,3,2660,41,10
12661,3,2661,36,10
12662,3,2662,138,25
12663,3,2663,10,5
12664,3,2664,15,10
12665,3,2665,255,25
12666,3,2666,149,25
12667,3,2667,186,25
12668,3,2668,255,25
12669,3,2669,111,25
12670,3,2670,164,25
12671,3,2671,16,10
12672,3,2672,119,25
12673,3,2673,18,10
12674,3,2674,57,25
12675,3,2675,157,25
12676,3,2676,157,25
12677,3,2677,13,5
12678,3,2678,38,10
12679,3,2679,174,25
12680,3,2680,13,5
12681,3,2681,299,25
12682,3,2682,94,25
12683,3,2683,127,25
12684,3,2684,180,25
12685,3,2685,18,10
12686,3,2686,34,10
12687,3,2687,30,10
12688,3,2688,6,5
12689,3,2689,98,25
12690,3,2690,28,10
12691,3,2691,296,25
12692,3,2692,244,25
12693,3,2693,55,10
12694,3,2694,20,5
12695,3,2695,44,10
12696,3,2696,25,10
12697,3,2697,8,5
12698,3,2698,58,10
12699,3,2699,43,10
12700,3,2700,51,25
12701,3,2701,54,10
12702,3,2702,20,10
12703,3,2703,49,10
12704,3,2704,41,10
12705,3,2705,100,25
12706,3,2706,24,10
12707,3,2707,56,10
12708,3,2708,20,5
12709,3,2709,5,5
12710,3,2710,290,25
12711,3,2711,6,5
12712,3,2712,109,25
12713,3,2713,300,25
12714,3,2714,25,10
12715,3,2715,68,25
12716,3,2716,128,25
12717,3,2717,274,25
12718,3,2718,9,5
12719,3,2719,44,10
12720,3,2720,205,25
12721,3,2721,57,10
12722,3,2722,55,10
12723,3,2723,132,25
12724,3,2724,112,25
12725,3,2725,166,25
12726,3,2726,15,5
12727,3,2727,268,25
12728,3,2728,79,25
12729,3,2729,299,25
12730,3,2730,15,10
12731,3,2731,93,25
12732,3,2732,199,25
12733,3,2733,28,10
12734,3,2734,107,25
12735,3,2735,10,5
12736,3,2736,43,10
12737,3,2737,138,25
12738,3,2738,131,25
12739,3,2739,53,10
12740,3,2740,222,25
12741,3,2741,53,10
12742,3,2742,286,25
12743,3,2743,247,25
12744,3,2744,5,5
12745,3,2745,142,25
12746,3,2746,80,25
12747,3,2747,39,10
12748,3,2748,220,25
12749,3,2749,233,25
12750,3,2750,219,25
12751,3,2751,46,10
12752,3,2752,19,5
12753,3,2753,53,10
12754,3,2754,33,10
12755,3,2755,211,25
12756,3,2756,27,10
12757,3,2757,40,10
12758,3,2758,278,25
12759,3,2759,41,10
12760,3,2760,13,5
12761,3,2761,9,5
12762,3,2762,72,25
12763,3,2763,119,25
12764,3,2764,62,25
12765,3,2765,9,5
12766,3,2766,26,10
12767,3,2767,260,25
12768,3,2768,47,10
12769,3,2769,74,25
12770,3,2770,58,10
12771,3,2771,37,10
12772,3,2772,106,25
12773,3,2773,58,10
12774,3,2774,217,25
12775,3,2775,282,25
12776,3,2776,23,10
12777,3,2777,14,5
12778,3,2778,282,25
12779,3,2779,145,25
12780,3,2780,47,10
12781,3,2781,97,25
12782,3,2782,225,25
12783,3,2783,285,25
12784,3,2784,39,10
12785,3,2785,33,10
12786,3,2786,255,25
12787,3,2787,202,25
12788,3,2788,91,25
12789,3,2789,100,25
12790,3,2790,146,25
12791,3,2791,57,10
12792,3,2792,278,25
12793,3,2793,10,5
12794,3,2794,35,10
12795,3,2795,18,10
12796,3,2796,186,25
12797,3,2797,261,25
12798,3,2798,18,5
12799,3,2799,132,25
12800,3,2800,268,25
12801,3,2801,54,10
12802,3,2802,170,25
12803,3,2803,47,10
12804,3,2804,63,25
12805,3,2805,242,25
12806,3,2806,15,5
12807,3,2807,13,5
12808,3,2808,17,5
12809,3,2809,288,25
12810,3,2810,49,10
12811,3,2811,229,25
12812,3,2812,5,5
12813,3,2813,20,5
12814,3,2814,112,25
12815,3,2815,38,10
12816,3,2816,28,10
12817,3,2817,237,25
12818,3,2818,93,25
12819,3,2819,47,10
12820,3,2820,186,25
12821,3,2821,120,25
12822,3,2822,34,10
12823,3,2823,43,10
12824,3,2824,23,10
12825,3,2825,201,25
12826,3,2826,136,25
12827,3,2827,74,25
12828,3,2828,8,5
12829,3,2829,11,5
12830,3,2830,20,10
12831,3,2831,136,25
12832,3,2832,20,5
12833,3,2833,140,25
12834,3,2834,51,10
12835,3,2835,41,10
12836,3,2836,167,25
12837,3,2837,153,25
12838,3,2838,223,25
12839,3,2839,19,5
12840,3,2840,41,10
12841,3,2841,40,10
12842,3,2842,7,5
12843,3,2843,10,5
12844,3,2844,62,25
12845,3,2845,41,10
12846,3,2846,10,5
12847,3,2847,35,10
12848,3,2848,112,25
12849,3,2849,16,10
12850,3,2850,294,25
12851,3,2851,19,10
12852,3,2852,29,10
12853,3,2853,40,10
12854,3,2854,39,10
12855,3,2855,90,25
12856,3,2856,42,10
12857,3,2857,11,5
12858,3,2858,85,25
12859,3,2859,129,25
12860,3,2860,9,5
12861,3,2861,36,10
12862,3,2862,50,25
12863,3,2863,8,5
12864,3,2864,283,25
12865,3,2865,12,5
12866,3,2866,10,5
12867,3,2867,17,5
12868,3,2868,33,10
12869,3,2869,16,10
12870,3,2870,62,25
12871,3,2871,19,5
12872,3,2872,35,10
12873,3,2873,38,10
12874,3,2874,51,10
12875,3,2875,233,25
12876,3,2876,217,25
12877,3,2877,8,5
12878,3,2878,204,25
12879,3,2879,247,25
12880,3,2880,8,5
12881,3,2881,181,25
12882,3,2882,88,25
12883,3,2883,20,5
12884,3,2884,43,10
12885,3,2885,67,25
12886,3,2886,21,10
12887,3,2887,45,10
12888,3,2888,55,10
12889,3,2889,284,25
12890,3,2890,259,25
12891,3,2891,30,10
12892,3,2892,284,25
12893,3,2893,29,10
12894,3,2894,34,10
12895,3,2895,30,10
12896,3,2896,38,10
12897,3,2897,85,25
12898,3,2898,21,10
12899,3,2899,93,25
12900,3,2900,12,5
12901,3,2901,212,25
12902,3,2902,13,5
12903,3,2903,220,25
12904,3,2904,32,10
12905,3,2905,38,10
12906,3,2906,19,5
12907,3,2907,227,25
12908,3,2908,12,5
12909,3,2909,174,25
12910,3,2910,139,25
12911,3,2911,177,25
12912,3,2912,297,25
12913,3,2913,8,5
12914,3,2914,19,5
12915,3,2915,45,10
12916,3,2916,60,10
12917,3,2917,78,25
12918,3,2918,11,5
12919,3,2919,126,25
12920,3,2920,115,25
12921,3,2921,59,10
12922,3,2922,264,25
12923,3,2923,38,10
12924,3,2924,225,25
12925,3,2925,24,10
12926,3,2926,38,10
12927,3,2927,210,25
12928,3,2928,19,5
12929,3,2929,36,10
12930,3,2930,14,5
12931,3,2931,201,25
12932,3,2932,129,25
12933,3,2933,78,25
12934,3,2934,200,25
12935,3,2935,204,25
12936,3,2936,269,25
12937,3,2937,12,5
12938,3,2938,175,25
12939,3,2939,18,5
12940,3,2940,239,25
12941,3,2941,205,25
12942,3,2942,62,25
12943,3,2943,83,25
12944,3,2944,263,25
12945,3,2945,26,10
12946,3,2946,19,5
12947,3,2947,162,25
12948,3,2948,42,10
12949,3,2949,14,5
12950,3,2950,51,10
12951,3,2951,6,5
12952,3,2952,23,10
12953,3,2953,43,10
12954,3,2954,40,10
12955,3,2955,52,10
12956,3,2956,49,10
12957,3,2957,15,5
12958,3,2958,21,10
12959,3,2959,45,10
12960,3,2960,45,10
12961,3,2961,185,25
12962,3,2962,15,5
12963,3,2963,42,10
12964,3,2964,279,25
12965,3,2965,5,5
12966,3,2966,46,10
12967,3,2967,22,10
12968,3,2968,52,25
12969,3,2969,87,25
12970,3,2970,17,5
12971,3,2971,30,10
12972,3,2972,44,10
12973,3,2973,271,25
12974,3,2974,123,25
12975,3,2975,54,10
12976,3,2976,148,25
12977,3,2977,290,25
12978,3,2978,17,5
12979,3,2979,199,25
12980,3,2980,47,10
12981,3,2981,237,25
12982,3,2982,147,25
12983,3,2983,229,25
12984,3,2984,274,25
12985,3,2985,96,25
12986,3,2986,256,25
12987,3,2987,28,10
12988,3,2988,51,10
12989,3,2989,80,25
12990,3,2990,25,10
12991,3,2991,268,25
12992,3,2992,255,25
12993,3,2993,138,25
12994,3,2994,25,10
12995,3,2995,18,5
12996,3,2996,96,25
12997,3,2997,18,5
12998,3,2998,292,25
12999,3,2999,211,25
13000,3,3000,37,10
13001,3,3001,58,25
13002,3,3002,101,25
13003,3,3003,130,25
13004,3,3004,113,25
13005,3,3005,37,10
13006,3,3006,247,25
13007,3,3007,12,5
13008,3,3008,107,25
13009,3,3009,14,5
13010,3,3010,77,25
13011,3,3011,54,10
13012,3,3012,17,10
13013,3,3013,40,10
13014,3,3014,18,10
13015,3,3015,250,25
13016,3,3016,24,10
13017,3,3017,179,25
13018,3,3018,53,10
13019,3,3019,203,25
13020,3,3020,162,25
13021,3,3021,33,10
13022,3,3022,173,25
13023,3,3023,53,10
13024,3,3024,12,5
13025,3,3025,56,10
13026,3,3026,159,25
13027,3,3027,265,25
13028,3,3028,31,10
13029,3,3029,12,5
13030,3,3030,72,25
13031,3,3031,24,10
13032,3,3032,34,10
13033,3,3033,32,10
13034,3,3034,59,25
13035,3,3035,132,25
13036,3,3036,36,10
13037,3,3037,38,10
13038,3,3038,17,5
13039,3,3039,10,5
13040,3,3040,132,25
13041,3,3041,99,25
13042,3,3042,16,10
13043,3,3043,30,10
13044,3,3044,48,10
13045,3,3045,19,5
13046,3,3046,201,25
13047,3,3047,49,10
13048,3,3048,100,25
13049,3,3049,56,10
13050,3,3050,65,25
13051,3,3051,176,25
13052,3,3052,16,5
13053,3,3053,79,25
13054,3,3054,285,25
13055,3,3055,59,10
13056,3,3056,39,10
13057,3,3057,81,25
13058,3,3058,142,25
13059,3,3059,29,10
13060,3,3060,37,10
13061,3,3061,9,5
13062,3,3062,7,5
13063,3,3063,24,10
13064,3,3064,22,10
13065,3,3065,205,25
13066,3,3066,41,10
13067,3,3067,161,25
13068,3,3068,126,25
13069,3,3069,169,25
13070,3,3070,229,25
13071,3,3071,84,25
13072,3,3072,10,5
13073,3,3073,24,10
13074,3,3074,6,5
13075,3,3075,201,25
13076,3,3076,31,10
13077,3,3077,46,10
13078,3,3078,27,10
13079,3,3079,6,5
13080,3,3080,289,25
13081,3,3081,12,5
13082,3,3082,56,10
13083,3,3083,10,5
13084,3,3084,25,10
13085,3,3085,99,25
13086,3,3086,23,10
13087,3,3087,245,25
13088,3,3088,24,10
13089,3,3089,27,10
13090,3,3090,14,5
13091,3,3091,164,25
13092,3,3092,158,25
13093,3,3093,23,10
13094,3,3094,37,10
13095,3,3095,25,10
13096,3,3096,228,25
13097,3,3097,161,25
13098,3,3098,42,10
13099,3,3099,50,10
13100,3,3100,264,25
13101,3,3101,205,25
13102,3,3102,19,10
13103,3,3103,44,10
13104,3,3104,298,25
13105,3,3105,207,25
13106,3,3106,17,10
13107,3,3107,58,25
13108,3,3108,239,25
13109,3,3109,30,10
13110,3,3110,163,25
13111,3,3111,143,25
13112,3,3112,81,25
13113,3,3113,30,10
13114,3,3114,24,10
13115,3,3115,46,10
13116,3,3116,47,10
13117,3,3117,123,25
13118,3,3118,44,10
13119,3,3119,12,5
13120,3,3120,146,25
13121,3,3121,61,25
13122,3,3122,139,25
13123,3,3123,42,10
13124,3,3124,29,10
13125,3,3125,56,10
13126,3,3126,198,25
13127,3,3127,133,25
13128,3,3128,290,25
13129,3,3129,16,5
13130,3,3130,18,10
13131,3,3131,127,25
13132,3,3132,71,25
13133,3,3133,196,25
13134,3,3134,214,25
13135,3,3135,210,25
13136,3,3136,7,5
13137,3,3137,32,10
13138,3,3138,20,5
13139,3,3139,121,25
13140,3,3140,230,25
13141,3,3141,109,25
13142,3,3142,39,10
13143,3,3143,100,25
13144,3,3144,23,10
13145,3,3145,40,10
13146,3,3146,14,5
13147,3,3147,18,10
13148,3,3148,161,25
13149,3,3149,194,25
13150,3,3150,290,25
13151,3,3151,8,5
13152,3,3152,132,25
13153,3,3153,59,10
13154,3,3154,64,25
13155,3,3155,245,25
13156,3,3156,261,25
13157,3,3157,230,25
13158,3,3158,62,25
13159,3,3159,60,25
13160,3,3160,11,5
13161,3,3161,251,25
13162,3,3162,54,10
13163,3,3163,21,10
13164,3,3164,137,25
13165,3,3165,166,25
13166,3,3166,42,10
13167,3,3167,186,25
13168,3,3168,123,25
13169,3,3169,296,25
13170,3,3170,80,25
13171,3,3171,50,10
13172,3,3172,40,10
13173,3,3173,105,25
13174,3,3174,19,10
13175,3,3175,55,10
13176,3,3176,201,25
13177,3,3177,28,10
13178,3,3178,78,25
13179,3,3179,157,25
13180,3,3180,22,10
13181,3,3181,20,5
13182,3,3182,46,10
13183,3,3183,45,10
13184,3,3184,32,10
13185,3,3185,239,25
13186,3,3186,293,25
13187,3,3187,152,25
13188,3,3188,54,10
13189,3,3189,15,10
13190,3,3190,26,10
13191,3,3191,106,25
13192,3,3192,33,10
13193,3,3193,64,25
13194,3,3194,100,25
13195,3,3195,34,10
13196,3,3196,56,10
13197,3,3197,43,10
13198,3,3198,257,25
13199,3,3199,74,25
13200,3,3200,87,25
13201,3,3201,245,25
13202,3,3202,55,10
13203,3,3203,149,25
13204,3,3204,58,10
13205,3,3205,259,25
13206,3,3206,27,10
13207,3,3207,53,10
13208,3,3208,119,25
13209,3,3209,55,10
13210,3,3210,7,5
13211,3,3211,216,25
13212,3,3212,211,25
13213,3,3213,36,10
13214,3,3214,20,5
13215,3,3215,52,10
13216,3,3216,286,25
13217,3,3217,52,10
13218,3,3218,53,25
13219,3,3219,50,10
13220,3,3220,291,25
13221,3,3221,130,25
13222,3,3222,20,5
13223,3,3223,160,25
13224,3,3224,42,10
13225,3,3225,7,5
13226,3,3226,13,5
13227,3,3227,39,10
13228,3,3228,19,10
13229,3,3229,48,10
13230,3,3230,15,5
13231,3,3231,168,25
13232,3,3232,180,25
13233,3,3233,176,25
13234,3,3234,14,5
13235,3,3235,20,10
13236,3,3236,286,25
13237,3,3237,20,5
13238,3,3238,14,5
13239,3,3239,102,25
13240,3,3240,62,25
13241,3,3241,58,10
13242,3,3242,27,10
13243,3,3243,130,25
13244,3,3244,19,5
13245,3,3245,7,5
13246,3,3246,299,25
13247,3,3247,9,5
13248,3,3248,59,10
13249,3,3249,19,5
13250,3,3250,101,25
13251,3,3251,160,25
13252,3,3252,9,5
13253,3,3253,19,10
13254,3,3254,11,5
13255,3,3255,276,25
13256,3,3256,222,25
13257,3,3257,211,25
13258,3,3258,72,25
13259,3,3259,8,5
13260,3,3260,179,25
13261,3,3261,12,5
13262,3,3262,30,10
13263,3,3263,66,25
13264,3,3264,76,25
13265,3,3265,247,25
13266,3,3266,55,10
13267,3,3267,13,5
13268,3,3268,10,5
13269,3,3269,186,25
13270,3,3270,18,5
13271,3,3271,19,5
13272,3,3272,84,25
13273,3,3273,14,5
13274,3,3274,194,25
13275,3,3275,11,5
13276,3,3276,40,10
13277,3,3277,287,25
13278,3,3278,34,10
13279,3,3279,20,10
13280,3,3280,34,10
13281,3,3281,9,5
13282,3,3282,50,10
13283,3,3283,51,25
13284,3,3284,72,25
13285,3,3285,56,10
13286,3,3286,18,5
13287,3,3287,12,5
13288,3,3288,24,10
13289,3,3289,245,25
13290,3,3290,20,10
13291,3,3291,25,10
13292,3,3292,19,10
13293,3,3293,111,25
13294,3,3294,43,10
13295,3,3295,13,5
13296,3,3296,24,10
13297,3,3297,256,25
13298,3,3298,38,10
13299,3,3299,56,10
13300,3,3300,17,5
13301,3,3301,239,25
13302,3,3302,131,25
13303,3,3303,30,10
13304,3,3304,299,25
13305,3,3305,83,25
13306,3,3306,114,25
13307,3,3307,138,25
13308,3,3308,254,25
13309,3,3309,14,5
13310,3,3310,60,10
13311,3,3311,39,10
13312,3,3312,22,10
13313,3,3313,22,10
13314,3,3314,5,5
13315,3,3315,247,25
13316,3,3316,136,25
13317,3,3317,16,5
13318,3,3318,13,5
13319,3,3319,84,25
13320,3,3320,51,10
13321,3,3321,51,10
13322,3,3322,7,5
13323,3,3323,14,5
13324,3,3324,37,10
13325,3,3325,139,25
13326,3,3326,7,5
13327,3,3327,20,5
13328,3,3328,60,10
13329,3,3329,154,25
13330,3,3330,299,25
13331,3,3331,67,25
13332,3,3332,179,25
13333,3,3333,13,5
13334,3,3334,188,25
13335,3,3335,50,10
13336,3,3336,188,25
13337,3,3337,164,25
13338,3,3338,186,25
13339,3,3339,20,5
13340,3,3340,127,25
13341,3,3341,218,25
13342,3,3342,21,10
13343,3,3343,31,10
13344,3,3344,19,10
13345,3,3345,32,10
13346,3,3346,27,10
13347,3,3347,93,25
13348,3,3348,17,10
13349,3,3349,60,25
13350,3,3350,44,10
13351,3,3351,188,25
13352,3,3352,168,25
13353,3,3353,72,25
13354,3,3354,32,10
13355,3,3355,49,10
13356,3,3356,220,25
13357,3,3357,219,25
13358,3,3358,10,5
13359,3,3359,204,25
13360,3,3360,5,5
13361,3,3361,9,5
13362,3,3362,136,25
13363,3,3363,7,5
13364,3,3364,14,5
13365,3,3365,188,25
13366,3,3366,102,25
13367,3,3367,32,10
13368,3,3368,293,25
13369,3,3369,9,5
13370,3,3370,87,25
13371,3,3371,54,10
13372,3,3372,37,10
13373,3,3373,73,25
13374,3,3374,65,25
13375,3,3375,17,5
13376,3,3376,13,5
13377,3,3377,29,10
13378,3,3378,25,10
13379,3,3379,58,10
13380,3,3380,45,10
13381,3,3381,67,25
13382,3,3382,17,5
13383,3,3383,193,25
13384,3,3384,19,10
13385,3,3385,23,10
13386,3,3386,28,10
13387,3,3387,56,10
13388,3,3388,190,25
13389,3,3389,135,25
13390,3,3390,38,10
13391,3,3391,119,25
13392,3,3392,185,25
13393,3,3393,244,25
13394,3,3394,25,10
13395,3,3395,263,25
13396,3,3396,26,10
13397,3,3397,233,25
13398,3,3398,51,10
13399,3,3399,186,25
13400,3,3400,10,5
13401,3,3401,211,25
13402,3,3402,19,10
13403,3,3403,101,25
13404,3,3404,67,25
13405,3,3405,17,10
13406,3,3406,15,10
13407,3,3407,5,5
13408,3,3408,7,5
13409,3,3409,19,5
13410,3,3410,163,25
13411,3,3411,51,25
13412,3,3412,203,25
13413,3,3413,29,10
13414,3,3414,225,25
13415,3,3415,228,25
13416,3,3416,199,25
13417,3,3417,16,5
13418,3,3418,275,25
13419,3,3419,209,25
13420,3,3420,200,25
13421,3,3421,281,25
13422,3,3422,178,25
13423,3,3423,294,25
13424,3,3424,109,25
13425,3,3425,11,5
13426,3,3426,58,10
13427,3,3427,238,25
13428,3,3428,36,10
13429,3,3429,44,10
13430,3,3430,50,25
13431,3,3431,42,10
13432,3,3432,59,10
13433,3,3433,97,25
13434,3,3434,21,10
13435,3,3435,104,25
13436,3,3436,41,10
13437,3,3437,242,25
13438,3,3438,43,10
13439,3,3439,18,10
13440,3,3440,33,10
13441,3,3441,43,10
13442,3,3442,5,5
13443,3,3443,34,10
13444,3,3444,87,25
13445,3,3445,13,5
13446,3,3446,41,10
13447,3,3447,39,10
13448,3,3448,8,5
13449,3,3449,164,25
13450,3,3450,33,10
13451,3,3451,9,5
13452,3,3452,15,10
13453,3,3453,15,10
13454,3,3454,12,5
13455,3,3455,285,25
13456,3,3456,120,25
13457,3,3457,32,10
13458,3,3458,132,25
13459,3,3459,23,10
13460,3,3460,170,25
13461,3,3461,300,25
13462,3,3462,22,10
13463,3,3463,110,25
13464,3,3464,26,10
13465,3,3465,52,10
13466,3,3466,16,5
13467,3,3467,20,10
13468,3,3468,13,5
13469,3,3469,29,10
13470,3,3470,196,25
13471,3,3471,177,25
13472,3,3472,31,10
13473,3,3473,196,25
13474,3,3474,14,5
13475,3,3475,18,10
13476,3,3476,206,25
13477,3,3477,48,10
13478,3,3478,177,25
13479,3,3479,205,25
13480,3,3480,104,25
13481,3,3481,183,25
13482,3,3482,13,5
13483,3,3483,25,10
13484,3,3484,31,10
13485,3,3485,7,5
13486,3,3486,14,5
13487,3,3487,33,10
13488,3,3488,269,25
13489,3,3489,37,10
13490,3,3490,219,25
13491,3,3491,21,10
13492,3,3492,97,25
13493,3,3493,200,25
13494,3,3494,39,10
13495,3,3495,190,25
13496,3,3496,73,25
13497,3,3497,39,10
13498,3,3498,50,10
13499,3,3499,148,25
13500,3,3500,53,10
13501,3,3501,258,25
13502,3,3502,16,10
13503,3,3503,5,5
13504,3,3504,200,25
13505,3,3505,249,25
13506,3,3506,35,10
13507,3,3507,34,10
13508,3,3508,195,25
13509,3,3509,9,5
13510,3,3510,22,10
13511,3,3511,31,10
13512,3,3512,207,25
13513,3,3513,10,5
13514,3,3514,28,10
13515,3,3515,43,10
13516,3,3516,14,5
13517,3,3517,275,25
13518,3,3518,50,10
13519,3,3519,300,25
13520,3,3520,5,5
13521,3,3521,16,10
13522,3,3522,36,10
13523,3,3523,222,25
13524,3,3524,134,25
13525,3,3525,89,25
13526,3,3526,10,5
13527,3,3527,15,10
13528,3,3528,169,25
13529,3,3529,6,5
13530,3,3530,297,25
13531,3,3531,35,10
13532,3,3532,271,25
13533,3,3533,257,25
13534,3,3534,53,10
13535,3,3535,36,10
13536,3,3536,95,25
13537,3,3537,15,10
13538,3,3538,54,10
13539,3,3539,251,25
13540,3,3540,18,5
13541,3,3541,9,5
13542,3,3542,173,25
13543,3,3543,187,25
13544,3,3544,27,10
13545,3,3545,195,25
13546,3,3546,106,25
13547,3,3547,102,25
13548,3,3548,34,10
13549,3,3549,30,10
13550,3,3550,259,25
13551,3,3551,28,10
13552,3,3552,60,25
13553,3,3553,33,10
13554,3,3554,16,10
13555,3,3555,244,25
13556,3,3556,37,10
13557,3,3557,42,10
13558,3,3558,18,5
13559,3,3559,119,25
13560,3,3560,161,25
13561,3,3561,136,25
13562,3,3562,223,25
13563,3,3563,29,10
13564,3,3564,28,10
13565,3,3565,275,25
13566,3,3566,277,25
13567,3,3567,164,25
13568,3,3568,163,25
13569,3,3569,31,10
13570,3,3570,47,10
13571,3,3571,223,25
13572,3,3572,206,25
13573,3,3573,210,25
13574,3,3574,206,25
13575,3,3575,6,5
13576,3,3576,54,10
13577,3,3577,59,10
13578,3,3578,13,5
13579,3,3579,246,25
13580,3,3580,45,10
13581,3,3581,242,25
13582,3,3582,40,10
13583,3,3583,6,5
13584,3,3584,18,5
13585,3,3585,280,25
13586,3,3586,248,25
13587,3,3587,18,5
13588,3,3588,18,5
13589,3,3589,31,10
13590,3,3590,11,5
13591,3,3591,184,25
13592,3,3592,194,25
13593,3,3593,7,5
13594,3,3594,48,10
13595,3,3595,265,25
13596,3,3596,10,5
13597,3,3597,195,25
13598,3,3598,171,25
13599,3,3599,10,5
13600,3,3600,28,10
13601,3,3601,6,5
13602,3,3602,43,10
13603,3,3603,40,10
13604,3,3604,48,10
13605,3,3605,253,25
13606,3,3606,11,5
13607,3,3607,19,10
13608,3,3608,40,10
13609,3,3609,10,5
13610,3,3610,223,25
13611,3,3611,104,25
13612,3,3612,46,10
13613,3,3613,218,25
13614,3,3614,15,10
13615,3,3615,203,25
13616,3,3616,125,25
13617,3,3617,18,10
13618,3,3618,26,10
13619,3,3619,104,25
13620,3,3620,59,10
13621,3,3621,75,25
13622,3,3622,239,25
13623,3,3623,24,10
13624,3,3624,47,10
13625,3,3625,94,25
13626,3,3626,276,25
13627,3,3627,11,5
13628,3,3628,15,5
13629,3,3629,22,10
13630,3,3630,28,10
13631,3,3631,268,25
13632,3,3632,33,10
13633,3,3633,13,5
13634,3,3634,42,10
13635,3,3635,129,25
13636,3,3636,15,5
13637,3,3637,57,10
13638,3,3638,37,10
13639,3,3639,91,25
13640,3,3640,39,10
13641,3,3641,276,25
13642,3,3642,300,25
13643,3,3643,300,25
13644,3,3644,30,10
13645,3,3645,20,5
13646,3,3646,56,25
13647,3,3647,181,25
13648,3,3648,231,25
13649,3,3649,93,25
13650,3,3650,23,10
13651,3,3651,5,5
13652,3,3652,247,25
13653,3,3653,21,10
13654,3,3654,49,10
13655,3,3655,27,10
13656,3,3656,43,10
13657,3,3657,129,25
13658,3,3658,180,25
13659,3,3659,261,25
13660,3,3660,10,5
13661,3,3661,43,10
13662,3,3662,42,10
13663,3,3663,160,25
13664,3,3664,237,25
13665,3,3665,10,5
13666,3,3666,13,5
13667,3,3667,39,10
13668,3,3668,47,10
13669,3,3669,49,10
13670,3,3670,32,10
13671,3,3671,28,10
13672,3,3672,262,25
13673,3,3673,128,25
13674,3,3674,141,25
13675,3,3675,101,25
13676,3,3676,17,5
13677,3,3677,12,5
13678,3,3678,13,5
13679,3,3679,103,25
13680,3,3680,25,10
13681,3,3681,204,25
13682,3,3682,25,10
13683,3,3683,11,5
13684,3,3684,19,5
13685,3,3685,48,10
13686,3,3686,15,5
13687,3,3687,198,25
13688,3,3688,17,10
13689,3,3689,14,5
13690,3,3690,25,10
13691,3,3691,15,10
13692,3,3692,257,25
13693,3,3693,186,25
13694,3,3694,10,5
13695,3,3695,273,25
13696,3,3696,165,25
13697,3,3697,55,10
13698,3,3698,10,5
13699,3,3699,106,25
13700,3,3700,285,25
13701,3,3701,35,10
13702,3,3702,242,25
13703,3,3703,119,25
13704,3,3704,163,25
13705,3,3705,50,10
13706,3,3706,161,25
13707,3,3707,222,25
13708,3,3708,285,25
13709,3,3709,62,25
13710,3,3710,183,25
13711,3,3711,168,25
13712,3,3712,16,10
13713,3,3713,284,25
13714,3,3714,136,25
13715,3,3715,163,25
13716,3,3716,24,10
13717,3,3717,56,10
13718,3,3718,220,25
13719,3,3719,20,5
13720,3,3720,18,10
13721,3,3721,14,5
13722,3,3722,193,25
13723,3,3723,56,10
13724,3,3724,244,25
13725,3,3725,39,10
13726,3,3726,10,5
13727,3,3727,43,10
13728,3,3728,8,5
13729,3,3729,182,25
13730,3,3730,10,5
13731,3,3731,22,10
13732,3,3732,161,25
13733,3,3733,11,5
13734,3,3734,42,10
13735,3,3735,5,5
13736,3,3736,238,25
13737,3,3737,72,25
13738,3,3738,6,5
13739,3,3739,10,5
13740,3,3740,102,25
13741,3,3741,48,10
13742,3,3742,162,25
13743,3,3743,50,10
13744,3,3744,56,10
13745,3,3745,13,5
13746,3,3746,6,5
13747,3,3747,27,10
13748,3,3748,48,10
13749,3,3749,7,5
13750,3,3750,14,5
13751,3,3751,18,5
13752,3,3752,30,10
13753,3,3753,264,25
13754,3,3754,230,25
13755,3,3755,35,10
13756,3,3756,193,25
13757,3,3757,23,10
13758,3,3758,43,10
13759,3,3759,5,5
13760,3,3760,57,10
13761,3,3761,184,25
13762,3,3762,54,10
13763,3,3763,51,10
13764,3,3764,289,25
13765,3,3765,16,5
13766,3,3766,22,10
13767,3,3767,13,5
13768,3,3768,201,25
13769,3,3769,35,10
13770,3,3770,83,25
13771,3,3771,112,25
13772,3,3772,263,25
13773,3,3773,276,25
13774,3,3774,167,25
13775,3,3775,293,25
13776,3,3776,153,25
13777,3,3777,5,5
13778,3,3778,34,10
13779,3,3779,12,5
13780,3,3780,41,10
13781,3,3781,20,10
13782,3,3782,270,25
13783,3,3783,38,10
13784,3,3784,57,10
13785,3,3785,13,5
13786,3,3786,52,10
13787,3,3787,166,25
13788,3,3788,58,10
13789,3,3789,274,25
13790,3,3790,130,25
13791,3,3791,18,10
13792,3,3792,27,10
13793,3,3793,11,5
13794,3,3794,20,5
13795,3,3795,19,10
13796,3,3796,16,5
13797,3,3797,56,10
13798,3,3798,13,5
13799,3,3799,62,25
13800,3,3800,247,25
13801,3,3801,78,25
13802,3,3802,49,10
13803,3,3803,299,25
13804,3,3804,60,10
13805,3,3805,47,10
13806,3,3806,10,5
13807,3,3807,46,10
13808,3,3808,49,10
13809,3,3809,12,5
13810,3,3810,17,10
13811,3,3811,122,25
13812,3,3812,19,10
13813,3,3813,252,25
13814,3,3814,16,5
13815,3,3815,84,25
13816,3,3816,16,5
13817,3,3817,143,25
13818,3,3818,12,5
13819,3,3819,212,25
13820,3,3820,57,10
13821,3,3821,40,10
13822,3,3822,6,5
13823,3,3823,17,10
13824,3,3824,23,10
13825,3,3825,51,25
13826,3,3826,176,25
13827,3,3827,10,5
13828,3,3828,17,10
13829,3,3829,195,25
13830,3,3830,7,5
13831,3,3831,55,10
13832,3,3832,16,5
13833,3,3833,55,25
13834,3,3834,189,25
13835,3,3835,14,5
13836,3,3836,24,10
13837,3,3837,246,25
13838,3,3838,31,10
13839,3,3839,142,25
13840,3,3840,59,10
13841,3,3841,240,25
13842,3,3842,19,5
13843,3,3843,19,5
13844,3,3844,43,10
13845,3,3845,18,5
13846,3,3846,194,25
13847,3,3847,86,25
13848,3,3848,23,10
13849,3,3849,47,10
13850,3,3850,99,25
13851,3,3851,86,25
13852,3,3852,40,10
13853,3,3853,17,5
13854,3,3854,75,25
13855,3,3855,153,25
13856,3,3856,41,10
13857,3,3857,124,25
13858,3,3858,267,25
13859,3,3859,41,10
13860,3,3860,29,10
13861,3,3861,171,25
13862,3,3862,20,5
13863,3,3863,11,5
13864,3,3864,66,25
13865,3,3865,42,10
13866,3,3866,45,10
13867,3,3867,51,10
13868,3,3868,257,25
13869,3,3869,10,5
13870,3,3870,40,10
13871,3,3871,9,5
13872,3,3872,157,25
13873,3,3873,58,10
13874,3,3874,220,25
13875,3,3875,27,10
13876,3,3876,300,25
13877,3,3877,103,25
13878,3,3878,19,5
13879,3,3879,5,5
13880,3,3880,143,25
13881,3,3881,51,25
13882,3,3882,19,5
13883,3,3883,20,10
13884,3,3884,17,5
13885,3,3885,52,10
13886,3,3886,297,25
13887,3,3887,78,25
13888,3,3888,21,10
13889,3,3889,7,5
13890,3,3890,33,10
13891,3,3891,14,5
13892,3,3892,106,25
13893,3,3893,118,25
13894,3,3894,15,5
13895,3,3895,19,5
13896,3,3896,25,10
13897,3,3897,221,25
13898,3,3898,25,10
13899,3,3899,15,5
13900,3,3900,60,10
13901,3,3901,48,10
13902,3,3902,36,10
13903,3,3903,111,25
13904,3,3904,170,25
13905,3,3905,19,5
13906,3,3906,230,25
13907,3,3907,33,10
13908,3,3908,37,10
13909,3,3909,258,25
13910,3,3910,60,10
13911,3,3911,86,25
13912,3,3912,247,25
13913,3,3913,67,25
13914,3,3914,17,5
13915,3,3915,42,10
13916,3,3916,145,25
13917,3,3917,200,25
13918,3,3918,72,25
13919,3,3919,87,25
13920,3,3920,171,25
13921,3,3921,297,25
13922,3,3922,53,10
13923,3,3923,54,10
13924,3,3924,273,25
13925,3,3925,23,10
13926,3,3926,23,10
13927,3,3927,14,5
13928,3,3928,22,10
13929,3,3929,42,10
13930,3,3930,42,10
13931,3,3931,27,10
13932,3,3932,178,25
13933,3,3933,180,25
13934,3,3934,267,25
13935,3,3935,37,10
13936,3,3936,16,5
13937,3,3937,268,25
13938,3,3938,8,5
13939,3,3939,41,10
13940,3,3940,49,10
13941,3,3941,60,10
13942,3,3942,60,10
13943,3,3943,18,5
13944,3,3944,16,10
13945,3,3945,72,25
13946,3,3946,22,10
13947,3,3947,138,25
13948,3,3948,53,10
13949,3,3949,57,10
13950,3,3950,151,25
13951,3,3951,28,10
13952,3,3952,172,25
13953,3,3953,9,5
13954,3,3954,7,5
13955,3,3955,6,5
13956,3,3956,48,10
13957,3,3957,8,5
13958,3,3958,18,5
13959,3,3959,61,25
13960,3,3960,273,25
13961,3,3961,270,25
13962,3,3962,47,10
13963,3,3963,53,10
13964,3,3964,154,25
13965,3,3965,43,10
13966,3,3966,15,10
13967,3,3967,60,10
13968,3,3968,7,5
13969,3,3969,20,5
13970,3,3970,297,25
13971,3,3971,20,10
13972,3,3972,195,25
13973,3,3973,52,10
13974,3,3974,131,25
13975,3,3975,32,10
13976,3,3976,25,10
13977,3,3977,231,25
13978,3,3978,35,10
13979,3,3979,50,10
13980,3,3980,10,5
13981,3,3981,129,25
13982,3,3982,7,5
13983,3,3983,24,10
13984,3,3984,60,10
13985,3,3985,53,10
13986,3,3986,56,25
13987,3,3987,54,10
13988,3,3988,38,10
13989,3,3989,217,25
13990,3,3990,159,25
13991,3,3991,51,10
13992,3,3992,40,10
13993,3,3993,47,10
13994,3,3994,142,25
13995,3,3995,192,25
13996,3,3996,36,10
13997,3,3997,49,10
13998,3,3998,286,25
13999,3,3999,41,10
14000,3,4000,20,10
14001,3,4001,8,5
14002,3,4002,30,10
14003,3,4003,259,25
14004,3,4004,276,25
14005,3,4005,11,5
14006,3,4006,53,10
14007,3,4007,11,5
14008,3,4008,10,5
14009,3,4009,241,25
14010,3,4010,244,25
14011,3,4011,178,25
14012,3,4012,27,10
14013,3,4013,272,25
14014,3,4014,9,5
14015,3,4015,20,5
14016,3,4016,5,5
14017,3,4017,20,5
14018,3,4018,60,10
14019,3,4019,22,10
14020,3,4020,95,25
14021,3,4021,132,25
14022,3,4022,189,25
14023,3,4023,54,10
14024,3,4024,39,10
14025,3,4025,30,10
14026,3,4026,14,5
14027,3,4027,16,5
14028,3,4028,57,25
14029,3,4029,121,25
14030,3,4030,51,10
14031,3,4031,21,10
14032,3,4032,11,5
14033,3,4033,17,5
14034,3,4034,23,10
14035,3,4035,27,10
14036,3,4036,200,25
14037,3,4037,8,5
14038,3,4038,11,5
14039,3,4039,65,25
14040,3,4040,39,10
14041,3,4041,12,5
14042,3,4042,237,25
14043,3,4043,8,5
14044,3,4044,17,10
14045,3,4045,80,25
14046,3,4046,273,25
14047,3,4047,84,25
14048,3,4048,5,5
14049,3,4049,289,25
14050,3,4050,113,25
14051,3,4051,123,25
14052,3,4052,191,25
14053,3,4053,9,5
14054,3,4054,56,10
14055,3,4055,59,10
14056,3,4056,185,25
14057,3,4057,50,25
14058,3,4058,140,25
14059,3,4059,5,5
14060,3,4060,25,10
14061,3,4061,29,10
14062,3,4062,245,25
14063,3,4063,78,25
14064,3,4064,49,10
14065,3,4065,231,25
14066,3,4066,66,25
14067,3,4067,143,25
14068,3,4068,24,10
14069,3,4069,255,25
14070,3,4070,60,10
14071,3,4071,222,25
14072,3,4072,14,5
14073,3,4073,6,5
14074,3,4074,285,25
14075,3,4075,14,5
14076,3,4076,47,10
14077,3,4077,36,10
14078,3,4078,55,25
14079,3,4079,247,25
14080,3,4080,58,25
14081,3,4081,18,10
14082,3,4082,218,25
14083,3,4083,57,10
14084,3,4084,178,25
14085,3,4085,5,5
14086,3,4086,111,25
14087,3,4087,241,25
14088,3,4088,137,25
14089,3,4089,45,10
14090,3,4090,266,25
14091,3,4091,140,25
14092,3,4092,172,25
14093,3,4093,46,10
14094,3,4094,51,25
14095,3,4095,5,5
14096,3,4096,102,25
14097,3,4097,58,25
14098,3,4098,19,10
14099,3,4099,52,10
14100,3,4100,58,10
14101,3,4101,32,10
14102,3,4102,19,5
14103,3,4103,134,25
14104,3,4104,92,25
14105,3,4105,34,10
14106,3,4106,122,25
14107,3,4107,112,25
14108,3,4108,51,10
14109,3,4109,18,5
14110,3,4110,278,25
14111,3,4111,59,10
14112,3,4112,109,25
14113,3,4113,219,25
14114,3,4114,32,10
14115,3,4115,48,10
14116,3,4116,56,10
14117,3,4117,19,5
14118,3,4118,127,25
14119,3,4119,34,10
14120,3,4120,267,25
14121,3,4121,15,10
14122,3,4122,10,5
14123,3,4123,11,5
14124,3,4124,48,10
14125,3,4125,74,25
14126,3,4126,37,10
14127,3,4127,27,10
14128,3,4128,52,10
14129,3,4129,149,25
14130,3,4130,263,25
14131,3,4131,30,10
14132,3,4132,8,5
14133,3,4133,76,25
14134,3,4134,257,25
14135,3,4135,9,5
14136,3,4136,34,10
14137,3,4137,37,10
14138,3,4138,48,10
14139,3,4139,254,25
14140,3,4140,17,5
14141,3,4141,126,25
14142,3,4142,51,10
14143,3,4143,281,25
14144,3,4144,164,25
14145,3,4145,49,10
14146,3,4146,123,25
14147,3,4147,185,25
14148,3,4148,135,25
14149,3,4149,38,10
14150,3,4150,37,10
14151,3,4151,7,5
14152,3,4152,247,25
14153,3,4153,20,5
14154,3,4154,89,25
14155,3,4155,41,10
14156,3,4156,115,25
14157,3,4157,44,10
14158,3,4158,52,10
14159,3,4159,116,25
14160,3,4160,16,5
14161,3,4161,25,10
14162,3,4162,28,10
14163,3,4163,32,10
14164,3,4164,17,5
14165,3,4165,41,10
14166,3,4166,35,10
14167,3,4167,34,10
14168,3,4168,187,25
14169,3,4169,7,5
14170,3,4170,20,5
14171,3,4171,72,25
14172,3,4172,12,5
14173,3,4173,111,25
14174,3,4174,10,5
14175,3,4175,18,10
14176,3,4176,282,25
14177,3,4177,20,5
14178,3,4178,96,25
14179,3,4179,54,10
14180,3,4180,12,5
14181,3,4181,209,25
14182,3,4182,287,25
14183,3,4183,18,5
14184,3,4184,15,5
14185,3,4185,154,25
14186,3,4186,9,5
14187,3,4187,59,10
14188,3,4188,18,5
14189,3,4189,267,25
14190,3,4190,53,10
14191,3,4191,18,5
14192,3,4192,30,10
14193,3,4193,139,25
14194,3,4194,139,25
14195,3,4195,39,10
14196,3,4196,19,5
14197,3,4197,19,5
14198,3,4198,7,5
14199,3,4199,11,5
14200,3,4200,211,25
14201,3,4201,51,10
14202,3,4202,8,5
14203,3,4203,34,10
14204,3,4204,182,25
14205,3,4205,19,5
14206,3,4206,228,25
14207,3,4207,58,25
14208,3,4208,188,25
14209,3,4209,238,25
14210,3,4210,31,10
14211,3,4211,6,5
14212,3,4212,58,25
14213,3,4213,16,5
14214,3,4214,39,10
14215,3,4215,152,25
14216,3,4216,59,10
14217,3,4217,133,25
14218,3,4218,43,10
14219,3,4219,276,25
14220,3,4220,19,5
14221,3,4221,52,10
14222,3,4222,209,25
14223,3,4223,12,5
14224,3,4224,229,25
14225,3,4225,117,25
14226,3,4226,176,25
14227,3,4227,140,25
14228,3,4228,20,5
14229,3,4229,143,25
14230,3,4230,42,10
14231,3,4231,19,5
14232,3,4232,6,5
14233,3,4233,240,25
14234,3,4234,10,5
14235,3,4235,127,25
14236,3,4236,58,10
14237,3,4237,196,25
14238,3,4238,37,10
14239,3,4239,10,5
14240,3,4240,27,10
14241,3,4241,260,25
14242,3,4242,17,5
14243,3,4243,288,25
14244,3,4244,88,25
14245,3,4245,289,25
14246,3,4246,6,5
14247,3,4247,204,25
14248,3,4248,53,10
14249,3,4249,32,10
14250,3,4250,58,10
14251,3,4251,239,25
14252,3,4252,18,5
14253,3,4253,26,10
14254,3,4254,49,10
14255,3,4255,45,10
14256,3,4256,24,10
14257,3,4257,52,10
14258,3,4258,10,5
14259,3,4259,56,25
14260,3,4260,13,5
14261,3,4261,197,25
14262,3,4262,238,25
14263,3,4263,24,10
14264,3,4264,252,25
14265,3,4265,102,25
14266,3,4266,51,25
14267,3,4267,72,25
14268,3,4268,248,25
14269,3,4269,56,10
14270,3,4270,31,10
14271,3,4271,46,10
14272,3,4272,40,10
14273,3,4273,258,25
14274,3,4274,148,25
14275,3,4275,109,25
14276,3,4276,46,10
14277,3,4277,111,25
14278,3,4278,294,25
14279,3,4279,104,25
14280,3,4280,31,10
14281,3,4281,22,10
14282,3,4282,259,25
14283,3,4283,127,25
14284,3,4284,65,25
14285,3,4285,211,25
14286,3,4286,295,25
14287,3,4287,281,25
14288,3,4288,39,10
14289,3,4289,243,25
14290,3,4290,13,5
14291,3,4291,15,10
14292,3,4292,14,5
14293,3,4293,130,25
14294,3,4294,255,25
14295,3,4295,231,25
14296,3,4296,219,25
14297,3,4297,16,10
14298,3,4298,180,25
14299,3,4299,59,10
14300,3,4300,58,25
14301,3,4301,217,25
14302,3,4302,18,5
14303,3,4303,18,10
14304,3,4304,26,10
14305,3,4305,43,10
14306,3,4306,198,25
14307,3,4307,165,25
14308,3,4308,268,25
14309,3,4309,33,10
14310,3,4310,36,10
14311,3,4311,65,25
14312,3,4312,37,10
14313,3,4313,37,10
14314,3,4314,284,25
14315,3,4315,218,25
14316,3,4316,112,25
14317,3,4317,36,10
14318,3,4318,168,25
14319,3,4319,20,5
14320,3,4320,83,25
14321,3,4321,244,25
14322,3,4322,116,25
14323,3,4323,8,5
14324,3,4324,204,25
14325,3,4325,194,25
14326,3,4326,286,25
14327,3,4327,19,10
14328,3,4328,108,25
14329,3,4329,50,10
14330,3,4330,153,25
14331,3,4331,222,25
14332,3,4332,52,10
14333,3,4333,40,10
14334,3,4334,60,10
14335,3,4335,72,25
14336,3,4336,49,10
14337,3,4337,19,10
14338,3,4338,207,25
14339,3,4339,142,25
14340,3,4340,22,10
14341,3,4341,25,10
14342,3,4342,198,25
14343,3,4343,46,10
14344,3,4344,70,25
14345,3,4345,14,5
14346,3,4346,127,25
14347,3,4347,20,5
14348,3,4348,212,25
14349,3,4349,55,10
14350,3,4350,47,10
14351,3,4351,113,25
14352,3,4352,254,25
14353,3,4353,176,25
14354,3,4354,281,25
14355,3,4355,107,25
14356,3,4356,25,10
14357,3,4357,153,25
14358,3,4358,47,10
14359,3,4359,54,10
14360,3,4360,120,25
14361,3,4361,131,25
14362,3,4362,101,25
14363,3,4363,135,25
14364,3,4364,85,25
14365,3,4365,45,10
14366,3,4366,26,10
14367,3,4367,203,25
14368,3,4368,6,5
14369,3,4369,74,25
14370,3,4370,33,10
14371,3,4371,235,25
14372,3,4372,133,25
14373,3,4373,116,25
14374,3,4374,33,10
14375,3,4375,37,10
14376,3,4376,261,25
14377,3,4377,17,5
14378,3,4378,84,25
14379,3,4379,170,25
14380,3,4380,49,10
14381,3,4381,13,5
14382,3,4382,17,5
14383,3,4383,14,5
14384,3,4384,45,10
14385,3,4385,178,25
14386,3,4386,152,25
14387,3,4387,36,10
14388,3,4388,33,10
14389,3,4389,242,25
14390,3,4390,84,25
14391,3,4391,289,25
14392,3,4392,259,25
14393,3,4393,60,10
14394,3,4394,55,10
14395,3,4395,5,5
14396,3,4396,60,25
14397,3,4397,84,25
14398,3,4398,27,10
14399,3,4399,10,5
14400,3,4400,80,25
14401,3,4401,19,10
14402,3,4402,12,5
14403,3,4403,236,25
14404,3,4404,9,5
14405,3,4405,74,25
14406,3,4406,237,25
14407,3,4407,70,25
14408,3,4408,44,10
14409,3,4409,228,25
14410,3,4410,18,5
14411,3,4411,211,25
14412,3,4412,267,25
14413,3,4413,17,10
14414,3,4414,24,10
14415,3,4415,275,25
14416,3,4416,267,25
14417,3,4417,89,25
14418,3,4418,242,25
14419,3,4419,17,10
14420,3,4420,17,5
14421,3,4421,57,10
14422,3,4422,211,25
14423,3,4423,142,25
14424,3,4424,19,10
14425,3,4425,89,25
14426,3,4426,54,10
14427,3,4427,89,25
14428,3,4428,215,25
14429,3,4429,5,5
14430,3,4430,212,25
14431,3,4431,107,25
14432,3,4432,50,10
14433,3,4433,46,10
14434,3,4434,51,10
14435,3,4435,11,5
14436,3,4436,87,25
14437,3,4437,58,10
14438,3,4438,164,25
14439,3,4439,32,10
14440,3,4440,131,25
14441,3,4441,264,25
14442,3,4442,184,25
14443,3,4443,97,25
14444,3,4444,51,10
14445,3,4445,38,10
14446,3,4446,96,25
14447,3,4447,281,25
14448,3,4448,214,25
14449,3,4449,19,5
14450,3,4450,121,25
14451,3,4451,241,25
14452,3,4452,126,25
14453,3,4453,57,10
14454,3,4454,15,5
14455,3,4455,278,25
14456,3,4456,49,10
14457,3,4457,209,25
14458,3,4458,162,25
14459,3,4459,36,10
14460,3,4460,56,10
14461,3,4461,12,5
14462,3,4462,29,10
14463,3,4463,223,25
14464,3,4464,297,25
14465,3,4465,29,10
14466,3,4466,138,25
14467,3,4467,119,25
14468,3,4468,247,25
14469,3,4469,129,25
14470,3,4470,194,25
14471,3,4471,35,10
14472,3,4472,15,10
14473,3,4473,27,10
14474,3,4474,75,25
14475,3,4475,52,10
14476,3,4476,58,10
14477,3,4477,5,5
14478,3,4478,195,25
14479,3,4479,195,25
14480,3,4480,105,25
14481,3,4481,33,10
14482,3,4482,25,10
14483,3,4483,34,10
14484,3,4484,30,10
14485,3,4485,25,10
14486,3,4486,21,10
14487,3,4487,52,25
14488,3,4488,57,10
14489,3,4489,58,10
14490,3,4490,157,25
14491,3,4491,33,10
14492,3,4492,249,25
14493,3,4493,14,5
14494,3,4494,50,10
14495,3,4495,51,10
14496,3,4496,18,10
14497,3,4497,16,5
14498,3,4498,43,10
14499,3,4499,232,25
14500,3,4500,148,25
14501,3,4501,57,25
14502,3,4502,19,5
14503,3,4503,13,5
14504,3,4504,247,25
14505,3,4505,72,25
14506,3,4506,12,5
14507,3,4507,15,10
14508,3,4508,20,5
14509,3,4509,288,25
14510,3,4510,9,5
14511,3,4511,263,25
14512,3,4512,22,10
14513,3,4513,17,10
14514,3,4514,224,25
14515,3,4515,182,25
14516,3,4516,241,25
14517,3,4517,60,10
14518,3,4518,28,10
14519,3,4519,48,10
14520,3,4520,171,25
14521,3,4521,28,10
14522,3,4522,200,25
14523,3,4523,42,10
14524,3,4524,14,5
14525,3,4525,163,25
14526,3,4526,19,10
14527,3,4527,300,25
14528,3,4528,238,25
14529,3,4529,210,25
14530,3,4530,5,5
14531,3,4531,278,25
14532,3,4532,112,25
14533,3,4533,164,25
14534,3,4534,58,10
14535,3,4535,37,10
14536,3,4536,113,25
14537,3,4537,21,10
14538,3,4538,295,25
14539,3,4539,211,25
14540,3,4540,77,25
14541,3,4541,79,25
14542,3,4542,13,5
14543,3,4543,211,25
14544,3,4544,262,25
14545,3,4545,104,25
14546,3,4546,59,10
14547,3,4547,14,5
14548,3,4548,21,10
14549,3,4549,7,5
14550,3,4550,145,25
14551,3,4551,276,25
14552,3,4552,57,10
14553,3,4553,295,25
14554,3,4554,36,10
14555,3,4555,35,10
14556,3,4556,23,10
14557,3,4557,55,10
14558,3,4558,50,10
14559,3,4559,19,10
14560,3,4560,53,10
14561,3,4561,16,5
14562,3,4562,217,25
14563,3,4563,237,25
14564,3,4564,13,5
14565,3,4565,53,25
14566,3,4566,162,25
14567,3,4567,42,10
14568,3,4568,168,25
14569,3,4569,250,25
14570,3,4570,19,10
14571,3,4571,15,5
14572,3,4572,164,25
14573,3,4573,294,25
14574,3,4574,195,25
14575,3,4575,17,10
14576,3,4576,70,25
14577,3,4577,25,10
14578,3,4578,5,5
14579,3,4579,6,5
14580,3,4580,40,10
14581,3,4581,101,25
14582,3,4582,40,10
14583,3,4583,296,25
14584,3,4584,15,10
14585,3,4585,39,10
14586,3,4586,103,25
14587,3,4587,90,25
14588,3,4588,255,25
14589,3,4589,38,10
14590,3,4590,192,25
14591,3,4591,267,25
14592,3,4592,45,10
14593,3,4593,13,5
14594,3,4594,18,10
14595,3,4595,76,25
14596,3,4596,36,10
14597,3,4597,20,5
14598,3,4598,269,25
14599,3,4599,184,25
14600,3,4600,34,10
14601,3,4601,50,10
14602,3,4602,41,10
14603,3,4603,32,10
14604,3,4604,109,25
14605,3,4605,34,10
14606,3,4606,111,25
14607,3,4607,267,25
14608,3,4608,8,5
14609,3,4609,153,25
14610,3,4610,34,10
14611,3,4611,138,25
14612,3,4612,18,5
14613,3,4613,147,25
14614,3,4614,222,25
14615,3,4615,107,25
14616,3,4616,243,25
14617,3,4617,60,25
14618,3,4618,38,10
14619,3,4619,108,25
14620,3,4620,151,25
14621,3,4621,28,10
14622,3,4622,35,10
14623,3,4623,261,25
14624,3,4624,9,5
14625,3,4625,5,5
14626,3,4626,214,25
14627,3,4627,92,25
14628,3,4628,169,25
14629,3,4629,33,10
14630,3,4630,57,10
14631,3,4631,5,5
14632,3,4632,174,25
14633,3,4633,83,25
14634,3,4634,29,10
14635,3,4635,57,10
14636,3,4636,162,25
14637,3,4637,215,25
14638,3,4638,51,10
14639,3,4639,54,10
14640,3,4640,93,25
14641,3,4641,249,25
14642,3,4642,5,5
14643,3,4643,147,25
14644,3,4644,40,10
14645,3,4645,24,10
14646,3,4646,33,10
14647,3,4647,90,25
14648,3,4648,28,10
14649,3,4649,162,25
14650,3,4650,58,10
14651,3,4651,170,25
14652,3,4652,125,25
14653,3,4653,107,25
14654,3,4654,245,25
14655,3,4655,33,10
14656,3,4656,46,10
14657,3,4657,25,10
14658,3,4658,15,10
14659,3,4659,12,5
14660,3,4660,99,25
14661,3,4661,48,10
14662,3,4662,32,10
14663,3,4663,265,25
14664,3,4664,178,25
14665,3,4665,7,5
14666,3,4666,5,5
14667,3,4667,58,10
14668,3,4668,54,25
14669,3,4669,15,5
14670,3,4670,56,10
14671,3,4671,14,5
14672,3,4672,20,10
14673,3,4673,17,5
14674,3,4674,10,5
14675,3,4675,16,5
14676,3,4676,9,5
14677,3,4677,5,5
14678,3,4678,53,10
14679,3,4679,55,10
14680,3,4680,55,10
14681,3,4681,8,5
14682,3,4682,69,25
14683,3,4683,16,5
14684,3,4684,44,10
14685,3,4685,294,25
14686,3,4686,46,10
14687,3,4687,257,25
14688,3,4688,289,25
14689,3,4689,17,10
14690,3,4690,9,5
14691,3,4691,5,5
14692,3,4692,132,25
14693,3,4693,77,25
14694,3,4694,24,10
14695,3,4695,50,10
14696,3,4696,147,25
14697,3,4697,122,25
14698,3,4698,6,5
14699,3,4699,236,25
14700,3,4700,162,25
14701,3,4701,278,25
14702,3,4702,36,10
14703,3,4703,84,25
14704,3,4704,159,25
14705,3,4705,300,25
14706,3,4706,89,25
14707,3,4707,132,25
14708,3,4708,78,25
14709,3,4709,261,25
14710,3,4710,112,25
14711,3,4711,295,25
14712,3,4712,207,25
14713,3,4713,252,25
14714,3,4714,104,25
14715,3,4715,46,10
14716,3,4716,110,25
14717,3,4717,9,5
14718,3,4718,60,25
14719,3,4719,176,25
14720,3,4720,89,25
14721,3,4721,54,10
14722,3,4722,226,25
14723,3,4723,11,5
14724,3,4724,9,5
14725,3,4725,50,10
14726,3,4726,19,5
14727,3,4727,57,10
14728,3,4728,237,25
14729,3,4729,22,10
14730,3,4730,59,10
14731,3,4731,300,25
14732,3,4732,109,25
14733,3,4733,27,10
14734,3,4734,32,10
14735,3,4735,249,25
14736,3,4736,11,5
14737,3,4737,238,25
14738,3,4738,245,25
14739,3,4739,31,10
14740,3,4740,44,10
14741,3,4741,12,5
14742,3,4742,11,5
14743,3,4743,11,5
14744,3,4744,28,10
14745,3,4745,297,25
14746,3,4746,38,10
14747,3,4747,53,10
14748,3,4748,26,10
14749,3,4749,34,10
14750,3,4750,71,25
14751,3,4751,266,25
14752,3,4752,253,25
14753,3,4753,116,25
14754,3,4754,286,25
14755,3,4755,34,10
14756,3,4756,30,10
14757,3,4757,7,5
14758,3,4758,18,10
14759,3,4759,66,25
14760,3,4760,19,5
14761,3,4761,33,10
14762,3,4762,16,10
14763,3,4763,198,25
14764,3,4764,223,25
14765,3,4765,60,10
14766,3,4766,45,10
14767,3,4767,195,25
14768,3,4768,35,10
14769,3,4769,233,25
14770,3,4770,16,5
14771,3,4771,49,10
14772,3,4772,187,25
14773,3,4773,183,25
14774,3,4774,8,5
14775,3,4775,114,25
14776,3,4776,31,10
14777,3,4777,53,10
14778,3,4778,61,25
14779,3,4779,15,5
14780,3,4780,231,25
14781,3,4781,6,5
14782,3,4782,31,10
14783,3,4783,273,25
14784,3,4784,19,10
14785,3,4785,300,25
14786,3,4786,28,10
14787,3,4787,30,10
14788,3,4788,36,10
14789,3,4789,119,25
14790,3,4790,156,25
14791,3,4791,73,25
14792,3,4792,240,25
14793,3,4793,80,25
14794,3,4794,146,25
14795,3,4795,17,10
14796,3,4796,90,25
14797,3,4797,121,25
14798,3,4798,28,10
14799,3,4799,15,5
14800,3,4800,167,25
14801,3,4801,18,5
14802,3,4802,41,10
14803,3,4803,19,5
14804,3,4804,293,25
14805,3,4805,238,25
14806,3,4806,44,10
14807,3,4807,233,25
14808,3,4808,39,10
14809,3,4809,57,10
14810,3,4810,15,5
14811,3,4811,53,10
14812,3,4812,289,25
14813,3,4813,19,10
14814,3,4814,36,10
14815,3,4815,55,10
14816,3,4816,47,10
14817,3,4817,150,25
14818,3,4818,288,25
14819,3,4819,262,25
14820,3,4820,59,10
14821,3,4821,114,25
14822,3,4822,278,25
14823,3,4823,39,10
14824,3,4824,28,10
14825,3,4825,18,5
14826,3,4826,131,25
14827,3,4827,64,25
14828,3,4828,276,25
14829,3,4829,24,10
14830,3,4830,60,25
14831,3,4831,204,25
14832,3,4832,6,5
14833,3,4833,24,10
14834,3,4834,5,5
14835,3,4835,80,25
14836,3,4836,188,25
14837,3,4837,5,5
14838,3,4838,122,25
14839,3,4839,49,10
14840,3,4840,33,10
14841,3,4841,34,10
14842,3,4842,45,10
14843,3,4843,7,5
14844,3,4844,63,25
14845,3,4845,12,5
14846,3,4846,8,5
14847,3,4847,163,25
14848,3,4848,54,10
14849,3,4849,44,10
14850,3,4850,11,5
14851,3,4851,28,10
14852,3,4852,16,5
14853,3,4853,192,25
14854,3,4854,39,10
14855,3,4855,52,10
14856,3,4856,49,10
14857,3,4857,18,5
14858,3,4858,291,25
14859,3,4859,14,5
14860,3,4860,51,10
14861,3,4861,35,10
14862,3,4862,59,10
14863,3,4863,81,25
14864,3,4864,16,5
14865,3,4865,80,25
14866,3,4866,131,25
14867,3,4867,37,10
14868,3,4868,5,5
14869,3,4869,60,10
14870,3,4870,41,10
14871,3,4871,154,25
14872,3,4872,79,25
14873,3,4873,45,10
14874,3,4874,216,25
14875,3,4875,299,25
14876,3,4876,26,10
14877,3,4877,202,25
14878,3,4878,186,25
14879,3,4879,17,10
14880,3,4880,8,5
14881,3,4881,144,25
14882,3,4882,57,25
14883,3,4883,9,5
14884,3,4884,198,25
14885,3,4885,54,10
14886,3,4886,5,5
14887,3,4887,182,25
14888,3,4888,14,5
14889,3,4889,142,25
14890,3,4890,13,5
14891,3,4891,60,10
14892,3,4892,42,10
14893,3,4893,48,10
14894,3,4894,98,25
14895,3,4895,52,10
14896,3,4896,53,10
14897,3,4897,19,5
14898,3,4898,58,10
14899,3,4899,95,25
14900,3,4900,206,25
14901,3,4901,299,25
14902,3,4902,57,10
14903,3,4903,15,5
14904,3,4904,19,5
14905,3,4905,6,5
14906,3,4906,16,5
14907,3,4907,186,25
14908,3,4908,17,10
14909,3,4909,60,10
14910,3,4910,44,10
14911,3,4911,227,25
14912,3,4912,256,25
14913,3,4913,17,5
14914,3,4914,268,25
14915,3,4915,22,10
14916,3,4916,94,25
14917,3,4917,205,25
14918,3,4918,57,10
14919,3,4919,126,25
14920,3,4920,57,10
14921,3,4921,35,10
14922,3,4922,40,10
14923,3,4923,50,10
14924,3,4924,6,5
14925,3,4925,221,25
14926,3,4926,13,5
14927,3,4927,268,25
14928,3,4928,18,5
14929,3,4929,62,25
14930,3,4930,23,10
14931,3,4931,245,25
14932,3,4932,293,25
14933,3,4933,14,5
14934,3,4934,15,10
14935,3,4935,20,10
14936,3,4936,226,25
14937,3,4937,112,25
14938,3,4938,78,25
14939,3,4939,50,10
14940,3,4940,45,10
14941,3,4941,30,10
14942,3,4942,247,25
14943,3,4943,243,25
14944,3,4944,44,10
14945,3,4945,36,10
14946,3,4946,39,10
14947,3,4947,58,25
14948,3,4948,155,25
14949,3,4949,93,25
14950,3,4950,291,25
14951,3,4951,9,5
14952,3,4952,14,5
14953,3,4953,30,10
14954,3,4954,179,25
14955,3,4955,131,25
14956,3,4956,177,25
14957,3,4957,163,25
14958,3,4958,49,10
14959,3,4959,246,25
14960,3,4960,248,25
14961,3,4961,5,5
14962,3,4962,9,5
14963,3,4963,15,10
14964,3,4964,18,10
14965,3,4965,203,25
14966,3,4966,8,5
14967,3,4967,257,25
14968,3,4968,44,10
14969,3,4969,43,10
14970,3,4970,261,25
14971,3,4971,270,25
14972,3,4972,35,10
14973,3,4973,95,25
14974,3,4974,13,5
14975,3,4975,96,25
14976,3,4976,14,5
14977,3,4977,12,5
14978,3,4978,8,5
14979,3,4979,19,5
14980,3,4980,11,5
14981,3,4981,37,10
14982,3,4982,15,10
14983,3,4983,203,25
14984,3,4984,155,25
14985,3,4985,39,10
14986,3,4986,15,5
14987,3,4987,34,10
14988,3,4988,299,25
14989,3,4989,12,5
14990,3,4990,49,10
14991,3,4991,58,10
14992,3,4992,40,10
14993,3,4993,257,25
14994,3,4994,15,5
14995,3,4995,128,25
14996,3,4996,13,5
14997,3,4997,145,25
14998,3,4998,279,25
14999,3,4999,126,25
15000,3,5000,20,5
15001,4,1,6,5
15002,4,2,94,25
15003,4,3,15,5
15004,4,4,48,10
15005,4,5,83,25
15006,4,6,255,25
15007,4,7,57,10
15008,4,8,39,10
15009,4,9,294,25
15010,4,10,39,10
15011,4,11,10,5
15012,4,12,282,25
15013,4,13,55,10
15014,4,14,24,10
15015,4,15,11,5
15016,4,16,51,10
15017,4,17,87,25
15018,4,18,262,25
15019,4,19,17,5
15020,4,20,36,10
15021,4,21,46,10
15022,4,22,13,5
15023,4,23,249,25
15024,4,24,29,10
15025,4,25,229,25
15026,4,26,41,10
15027,4,27,52,10
15028,4,28,86,25
15029,4,29,253,25
15030,4,30,85,25
15031,4,31,200,25
15032,4,32,181,25
15033,4,33,55,10
15034,4,34,164,25
15035,4,35,51,10
15036,4,36,11,5
15037,4,37,40,10
15038,4,38,19,5
15039,4,39,58,10
15040,4,40,203,25
15041,4,41,22,10
15042,4,42,81,25
15043,4,43,179,25
15044,4,44,171,25
15045,4,45,37,10
15046,4,46,26,10
15047,4,47,36,10
15048,4,48,28,10
15049,4,49,21,10
15050,4,50,10,5
15051,4,51,55,25
15052,4,52,278,25
15053,4,53,22,10
15054,4,54,230,25
15055,4,55,266,25
15056,4,56,13,5
15057,4,57,20,10
15058,4,58,53,10
15059,4,59,26,10
15060,4,60,55,10
15061,4,61,53,10
15062,4,62,169,25
15063,4,63,19,10
15064,4,64,104,25
15065,4,65,246,25
15066,4,66,19,5
15067,4,67,236,25
15068,4,68,33,10
15069,4,69,17,10
15070,4,70,269,25
15071,4,71,151,25
15072,4,72,71,25
15073,4,73,164,25
15074,4,74,215,25
15075,4,75,44,10
15076,4,76,58,10
15077,4,77,55,10
15078,4,78,52,10
15079,4,79,191,25
15080,4,80,185,25
15081,4,81,35,10
15082,4,82,145,25
15083,4,83,14,5
15084,4,84,182,25
15085,4,85,30,10
15086,4,86,194,25
15087,4,87,29,10
15088,4,88,27,10
15089,4,89,219,25
15090,4,90,18,5
15091,4,91,46,10
15092,4,92,27,10
15093,4,93,55,10
15094,4,94,9,5
15095,4,95,151,25
15096,4,96,21,10
15097,4,97,188,25
15098,4,98,199,25
15099,4,99,15,10
15100,4,100,9,5
15101,4,101,58,10
15102,4,102,83,25
15103,4,103,238,25
15104,4,104,51,10
15105,4,105,28,10
15106,4,106,216,25
15107,4,107,13,5
15108,4,108,96,25
15109,4,109,18,5
15110,4,110,43,10
15111,4,111,93,25
15112,4,112,53,10
15113,4,113,227,25
15114,4,114,57,25
15115,4,115,152,25
15116,4,116,57,10
15117,4,117,16,5
15118,4,118,37,10
15119,4,119,35,10
15120,4,120,246,25
15121,4,121,52,25
15122,4,122,29,10
15123,4,123,20,10
15124,4,124,42,10
15125,4,125,59,10
15126,4,126,28,10
15127,4,127,27,10
15128,4,128,19,5
15129,4,129,127,25
15130,4,130,59,10
15131,4,131,60,10
15132,4,132,50,10
15133,4,133,45,10
15134,4,134,134,25
15135,4,135,44,10
15136,4,136,34,10
15137,4,137,161,25
15138,4,138,21,10
15139,4,139,18,10
15140,4,140,51,10
15141,4,141,30,10
15142,4,142,145,25
15143,4,143,36,10
15144,4,144,51,10
15145,4,145,14,5
15146,4,146,166,25
15147,4,147,27,10
15148,4,148,57,10
15149,4,149,154,25
15150,4,150,52,10
15151,4,151,77,25
15152,4,152,14,5
15153,4,153,127,25
15154,4,154,49,10
15155,4,155,66,25
15156,4,156,40,10
15157,4,157,189,25
15158,4,158,69,25
15159,4,159,15,5
15160,4,160,133,25
15161,4,161,118,25
15162,4,162,8,5
15163,4,163,57,10
15164,4,164,115,25
15165,4,165,107,25
15166,4,166,224,25
15167,4,167,10,5
15168,4,168,206,25
15169,4,169,221,25
15170,4,170,42,10
15171,4,171,44,10
15172,4,172,55,10
15173,4,173,23,10
15174,4,174,10,5
15175,4,175,124,25
15176,4,176,17,10
15177,4,177,31,10
15178,4,178,41,10
15179,4,179,171,25
15180,4,180,28,10
15181,4,181,223,25
15182,4,182,227,25
15183,4,183,209,25
15184,4,184,66,25
15185,4,185,162,25
15186,4,186,214,25
15187,4,187,20,10
15188,4,188,109,25
15189,4,189,47,10
15190,4,190,189,25
15191,4,191,10,5
15192,4,192,183,25
15193,4,193,15,5
15194,4,194,16,5
15195,4,195,24,10
15196,4,196,18,10
15197,4,197,14,5
15198,4,198,47,10
15199,4,199,266,25
15200,4,200,58,10
15201,4,201,24,10
15202,4,202,52,10
15203,4,203,238,25
15204,4,204,10,5
15205,4,205,35,10
15206,4,206,121,25
15207,4,207,43,10
15208,4,208,203,25
15209,4,209,168,25
15210,4,210,238,25
15211,4,211,52,10
15212,4,212,192,25
15213,4,213,11,5
15214,4,214,208,25
15215,4,215,81,25
15216,4,216,218,25
15217,4,217,42,10
15218,4,218,18,10
15219,4,219,166,25
15220,4,220,263,25
15221,4,221,93,25
15222,4,222,48,10
15223,4,223,32,10
15224,4,224,37,10
15225,4,225,15,5
15226,4,226,51,10
15227,4,227,231,25
15228,4,228,53,10
15229,4,229,229,25
15230,4,230,31,10
15231,4,231,86,25
15232,4,232,20,10
15233,4,233,300,25
15234,4,234,126,25
15235,4,235,39,10
15236,4,236,55,10
15237,4,237,56,10
15238,4,238,196,25
15239,4,239,25,10
15240,4,240,38,10
15241,4,241,96,25
15242,4,242,26,10
15243,4,243,274,25
15244,4,244,34,10
15245,4,245,123,25
15246,4,246,239,25
15247,4,247,54,25
15248,4,248,262,25
15249,4,249,249,25
15250,4,250,216,25
15251,4,251,20,10
15252,4,252,18,10
15253,4,253,195,25
15254,4,254,46,10
15255,4,255,20,5
15256,4,256,13,5
15257,4,257,15,10
15258,4,258,82,25
15259,4,259,44,10
15260,4,260,24,10
15261,4,261,34,10
15262,4,262,15,5
15263,4,263,17,5
15264,4,264,52,10
15265,4,265,16,5
15266,4,266,20,10
15267,4,267,254,25
15268,4,268,160,25
15269,4,269,295,25
15270,4,270,6,5
15271,4,271,27,10
15272,4,272,58,25
15273,4,273,210,25
15274,4,274,166,25
15275,4,275,32,10
15276,4,276,36,10
15277,4,277,253,25
15278,4,278,14,5
15279,4,279,10,5
15280,4,280,79,25
15281,4,281,261,25
15282,4,282,5,5
15283,4,283,282,25
15284,4,284,52,25
15285,4,285,153,25
15286,4,286,5,5
15287,4,287,288,25
15288,4,288,30,10
15289,4,289,34,10
15290,4,290,33,10
15291,4,291,247,25
15292,4,292,18,5
15293,4,293,11,5
15294,4,294,141,25
15295,4,295,246,25
15296,4,296,195,25
15297,4,297,191,25
15298,4,298,60,10
15299,4,299,254,25
15300,4,300,21,10
15301,4,301,264,25
15302,4,302,31,10
15303,4,303,6,5
15304,4,304,191,25
15305,4,305,13,5
15306,4,306,143,25
15307,4,307,55,25
15308,4,308,129,25
15309,4,309,248,25
15310,4,310,130,25
15311,4,311,17,5
15312,4,312,205,25
15313,4,313,50,10
15314,4,314,8,5
15315,4,315,137,25
15316,4,316,198,25
15317,4,317,24,10
15318,4,318,248,25
15319,4,319,206,25
15320,4,320,36,10
15321,4,321,45,10
15322,4,322,131,25
15323,4,323,45,10
15324,4,324,67,25
15325,4,325,256,25
15326,4,326,28,10
15327,4,327,58,10
15328,4,328,151,25
15329,4,329,31,10
15330,4,330,243,25
15331,4,331,184,25
15332,4,332,23,10
15333,4,333,40,10
15334,4,334,205,25
15335,4,335,17,10
15336,4,336,206,25
15337,4,337,49,10
15338,4,338,47,10
15339,4,339,117,25
15340,4,340,24,10
15341,4,341,234,25
15342,4,342,273,25
15343,4,343,169,25
15344,4,344,237,25
15345,4,345,204,25
15346,4,346,244,25
15347,4,347,93,25
15348,4,348,169,25
15349,4,349,17,5
15350,4,350,90,25
15351,4,351,165,25
15352,4,352,17,10
15353,4,353,12,5
15354,4,354,46,10
15355,4,355,41,10
15356,4,356,177,25
15357,4,357,241,25
15358,4,358,219,25
15359,4,359,64,25
15360,4,360,219,25
15361,4,361,220,25
15362,4,362,29,10
15363,4,363,17,10
15364,4,364,231,25
15365,4,365,52,10
15366,4,366,87,25
15367,4,367,170,25
15368,4,368,255,25
15369,4,369,79,25
15370,4,370,12,5
15371,4,371,24,10
15372,4,372,19,5
15373,4,373,11,5
15374,4,374,6,5
15375,4,375,38,10
15376,4,376,57,10
15377,4,377,83,25
15378,4,378,51,10
15379,4,379,14,5
15380,4,380,116,25
15381,4,381,185,25
15382,4,382,11,5
15383,4,383,288,25
15384,4,384,222,25
15385,4,385,17,10
15386,4,386,15,10
15387,4,387,11,5
15388,4,388,13,5
15389,4,389,128,25
15390,4,390,18,10
15391,4,391,8,5
15392,4,392,184,25
15393,4,393,9,5
15394,4,394,19,10
15395,4,395,13,5
15396,4,396,33,10
15397,4,397,117,25
15398,4,398,21,10
15399,4,399,15,5
15400,4,400,104,25
15401,4,401,67,25
15402,4,402,237,25
15403,4,403,156,25
15404,4,404,78,25
15405,4,405,12,5
15406,4,406,49,10
15407,4,407,19,10
15408,4,408,146,25
15409,4,409,23,10
15410,4,410,53,25
15411,4,411,48,10
15412,4,412,45,10
15413,4,413,66,25
15414,4,414,58,10
15415,4,415,57,10
15416,4,416,35,10
15417,4,417,7,5
15418,4,418,15,5
15419,4,419,201,25
15420,4,420,263,25
15421,4,421,124,25
15422,4,422,165,25
15423,4,423,130,25
15424,4,424,12,5
15425,4,425,25,10
15426,4,426,215,25
15427,4,427,53,25
15428,4,428,134,25
15429,4,429,17,5
15430,4,430,261,25
15431,4,431,51,10
15432,4,432,37,10
15433,4,433,32,10
15434,4,434,51,10
15435,4,435,58,10
15436,4,436,234,25
15437,4,437,13,5
15438,4,438,219,25
15439,4,439,7,5
15440,4,440,37,10
15441,4,441,52,10
15442,4,442,222,25
15443,4,443,79,25
15444,4,444,51,10
15445,4,445,18,10
15446,4,446,163,25
15447,4,447,17,5
15448,4,448,11,5
15449,4,449,99,25
15450,4,450,20,5
15451,4,451,38,10
15452,4,452,7,5
15453,4,453,70,25
15454,4,454,66,25
15455,4,455,27,10
15456,4,456,7,5
15457,4,457,24,10
15458,4,458,32,10
15459,4,459,16,5
15460,4,460,27,10
15461,4,461,24,10
15462,4,462,29,10
15463,4,463,18,5
15464,4,464,40,10
15465,4,465,20,10
15466,4,466,50,10
15467,4,467,148,25
15468,4,468,53,10
15469,4,469,44,10
15470,4,470,8,5
15471,4,471,186,25
15472,4,472,222,25
15473,4,473,20,5
15474,4,474,11,5
15475,4,475,166,25
15476,4,476,53,10
15477,4,477,49,10
15478,4,478,27,10
15479,4,479,8,5
15480,4,480,20,5
15481,4,481,274,25
15482,4,482,157,25
15483,4,483,136,25
15484,4,484,290,25
15485,4,485,14,5
15486,4,486,17,5
15487,4,487,114,25
15488,4,488,87,25
15489,4,489,260,25
15490,4,490,269,25
15491,4,491,236,25
15492,4,492,7,5
15493,4,493,51,10
15494,4,494,45,10
15495,4,495,36,10
15496,4,496,42,10
15497,4,497,159,25
15498,4,498,199,25
15499,4,499,9,5
15500,4,500,37,10
15501,4,501,13,5
15502,4,502,98,25
15503,4,503,269,25
15504,4,504,47,10
15505,4,505,277,25
15506,4,506,212,25
15507,4,507,14,5
15508,4,508,49,10
15509,4,509,41,10
15510,4,510,214,25
15511,4,511,192,25
15512,4,512,12,5
15513,4,513,56,10
15514,4,514,70,25
15515,4,515,52,10
15516,4,516,255,25
15517,4,517,55,10
15518,4,518,6,5
15519,4,519,9,5
15520,4,520,227,25
15521,4,521,22,10
15522,4,522,5,5
15523,4,523,23,10
15524,4,524,48,10
15525,4,525,60,10
15526,4,526,36,10
15527,4,527,182,25
15528,4,528,48,10
15529,4,529,38,10
15530,4,530,54,10
15531,4,531,279,25
15532,4,532,8,5
15533,4,533,155,25
15534,4,534,32,10
15535,4,535,278,25
15536,4,536,10,5
15537,4,537,69,25
15538,4,538,53,10
15539,4,539,38,10
15540,4,540,63,25
15541,4,541,21,10
15542,4,542,58,10
15543,4,543,13,5
15544,4,544,16,5
15545,4,545,29,10
15546,4,546,18,10
15547,4,547,8,5
15548,4,548,102,25
15549,4,549,47,10
15550,4,550,57,10
15551,4,551,12,5
15552,4,552,300,25
15553,4,553,30,10
15554,4,554,16,10
15555,4,555,19,5
15556,4,556,13,5
15557,4,557,141,25
15558,4,558,48,10
15559,4,559,44,10
15560,4,560,24,10
15561,4,561,13,5
15562,4,562,94,25
15563,4,563,11,5
15564,4,564,29,10
15565,4,565,184,25
15566,4,566,8,5
15567,4,567,40,10
15568,4,568,24,10
15569,4,569,232,25
15570,4,570,228,25
15571,4,571,148,25
15572,4,572,200,25
15573,4,573,37,10
15574,4,574,41,10
15575,4,575,241,25
15576,4,576,147,25
15577,4,577,20,10
15578,4,578,34,10
15579,4,579,21,10
15580,4,580,42,10
15581,4,581,107,25
15582,4,582,55,25
15583,4,583,183,25
15584,4,584,52,25
15585,4,585,56,10
15586,4,586,23,10
15587,4,587,47,10
15588,4,588,239,25
15589,4,589,50,10
15590,4,590,214,25
15591,4,591,21,10
15592,4,592,211,25
15593,4,593,274,25
15594,4,594,24,10
15595,4,595,151,25
15596,4,596,38,10
15597,4,597,107,25
15598,4,598,34,10
15599,4,599,44,10
15600,4,600,45,10
15601,4,601,19,10
15602,4,602,11,5
15603,4,603,59,10
15604,4,604,6,5
15605,4,605,13,5
15606,4,606,193,25
15607,4,607,228,25
15608,4,608,266,25
15609,4,609,42,10
15610,4,610,61,25
15611,4,611,161,25
15612,4,612,276,25
15613,4,613,13,5
15614,4,614,30,10
15615,4,615,46,10
15616,4,616,51,25
15617,4,617,93,25
15618,4,618,40,10
15619,4,619,249,25
15620,4,620,292,25
15621,4,621,60,10
15622,4,622,20,5
15623,4,623,236,25
15624,4,624,16,5
15625,4,625,264,25
15626,4,626,192,25
15627,4,627,57,10
15628,4,628,21,10
15629,4,629,128,25
15630,4,630,42,10
15631,4,631,55,10
15632,4,632,21,10
15633,4,633,213,25
15634,4,634,58,10
15635,4,635,7,5
15636,4,636,28,10
15637,4,637,133,25
15638,4,638,283,25
15639,4,639,275,25
15640,4,640,12,5
15641,4,641,191,25
15642,4,642,266,25
15643,4,643,30,10
15644,4,644,262,25
15645,4,645,277,25
15646,4,646,282,25
15647,4,647,63,25
15648,4,648,52,25
15649,4,649,276,25
15650,4,650,19,10
15651,4,651,36,10
15652,4,652,18,5
15653,4,653,87,25
15654,4,654,31,10
15655,4,655,27,10
15656,4,656,294,25
15657,4,657,221,25
15658,4,658,35,10
15659,4,659,5,5
15660,4,660,247,25
15661,4,661,197,25
15662,4,662,20,10
15663,4,663,158,25
15664,4,664,271,25
15665,4,665,268,25
15666,4,666,7,5
15667,4,667,18,10
15668,4,668,26,10
15669,4,669,49,10
15670,4,670,170,25
15671,4,671,12,5
15672,4,672,58,10
15673,4,673,180,25
15674,4,674,46,10
15675,4,675,31,10
15676,4,676,219,25
15677,4,677,279,25
15678,4,678,24,10
15679,4,679,149,25
15680,4,680,119,25
15681,4,681,46,10
15682,4,682,6,5
15683,4,683,48,10
15684,4,684,60,10
15685,4,685,256,25
15686,4,686,87,25
15687,4,687,53,25
15688,4,688,37,10
15689,4,689,29,10
15690,4,690,118,25
15691,4,691,21,10
15692,4,692,133,25
15693,4,693,25,10
15694,4,694,108,25
15695,4,695,59,10
15696,4,696,85,25
15697,4,697,244,25
15698,4,698,59,10
15699,4,699,53,10
15700,4,700,55,10
15701,4,701,39,10
15702,4,702,138,25
15703,4,703,19,10
15704,4,704,33,10
15705,4,705,60,10
15706,4,706,116,25
15707,4,707,256,25
15708,4,708,22,10
15709,4,709,124,25
15710,4,710,262,25
15711,4,711,92,25
15712,4,712,16,10
15713,4,713,17,5
15714,4,714,65,25
15715,4,715,46,10
15716,4,716,292,25
15717,4,717,124,25
15718,4,718,15,5
15719,4,719,40,10
15720,4,720,10,5
15721,4,721,54,25
15722,4,722,37,10
15723,4,723,35,10
15724,4,724,161,25
15725,4,725,297,25
15726,4,726,122,25
15727,4,727,28,10
15728,4,728,267,25
15729,4,729,60,10
15730,4,730,120,25
15731,4,731,22,10
15732,4,732,175,25
15733,4,733,292,25
15734,4,734,8,5
15735,4,735,108,25
15736,4,736,10,5
15737,4,737,259,25
15738,4,738,26,10
15739,4,739,178,25
15740,4,740,18,10
15741,4,741,79,25
15742,4,742,157,25
15743,4,743,37,10
15744,4,744,19,10
15745,4,745,16,5
15746,4,746,52,10
15747,4,747,284,25
15748,4,748,21,10
15749,4,749,242,25
15750,4,750,225,25
15751,4,751,16,5
15752,4,752,10,5
15753,4,753,50,10
15754,4,754,36,10
15755,4,755,8,5
15756,4,756,292,25
15757,4,757,60,10
15758,4,758,183,25
15759,4,759,90,25
15760,4,760,57,10
15761,4,761,36,10
15762,4,762,21,10
15763,4,763,150,25
15764,4,764,44,10
15765,4,765,48,10
15766,4,766,11,5
15767,4,767,21,10
15768,4,768,223,25
15769,4,769,206,25
15770,4,770,146,25
15771,4,771,201,25
15772,4,772,37,10
15773,4,773,55,10
15774,4,774,8,5
15775,4,775,32,10
15776,4,776,64,25
15777,4,777,161,25
15778,4,778,5,5
15779,4,779,245,25
15780,4,780,23,10
15781,4,781,102,25
15782,4,782,33,10
15783,4,783,11,5
15784,4,784,264,25
15785,4,785,146,25
15786,4,786,14,5
15787,4,787,47,10
15788,4,788,12,5
15789,4,789,48,10
15790,4,790,77,25
15791,4,791,54,10
15792,4,792,170,25
15793,4,793,57,10
15794,4,794,149,25
15795,4,795,55,10
15796,4,796,19,10
15797,4,797,77,25
15798,4,798,60,10
15799,4,799,20,10
15800,4,800,60,10
15801,4,801,17,5
15802,4,802,10,5
15803,4,803,32,10
15804,4,804,174,25
15805,4,805,50,10
15806,4,806,52,10
15807,4,807,53,10
15808,4,808,185,25
15809,4,809,101,25
15810,4,810,17,10
15811,4,811,189,25
15812,4,812,129,25
15813,4,813,42,10
15814,4,814,9,5
15815,4,815,108,25
15816,4,816,20,5
15817,4,817,18,5
15818,4,818,20,5
15819,4,819,56,25
15820,4,820,116,25
15821,4,821,165,25
15822,4,822,55,10
15823,4,823,53,10
15824,4,824,155,25
15825,4,825,50,10
15826,4,826,85,25
15827,4,827,35,10
15828,4,828,274,25
15829,4,829,223,25
15830,4,830,97,25
15831,4,831,51,10
15832,4,832,32,10
15833,4,833,21,10
15834,4,834,296,25
15835,4,835,34,10
15836,4,836,188,25
15837,4,837,68,25
15838,4,838,256,25
15839,4,839,39,10
15840,4,840,92,25
15841,4,841,38,10
15842,4,842,60,10
15843,4,843,21,10
15844,4,844,33,10
15845,4,845,221,25
15846,4,846,40,10
15847,4,847,54,10
15848,4,848,12,5
15849,4,849,32,10
15850,4,850,299,25
15851,4,851,13,5
15852,4,852,10,5
15853,4,853,58,10
15854,4,854,273,25
15855,4,855,90,25
15856,4,856,236,25
15857,4,857,8,5
15858,4,858,21,10
15859,4,859,206,25
15860,4,860,55,10
15861,4,861,12,5
15862,4,862,9,5
15863,4,863,47,10
15864,4,864,33,10
15865,4,865,56,10
15866,4,866,53,10
15867,4,867,233,25
15868,4,868,177,25
15869,4,869,229,25
15870,4,870,293,25
15871,4,871,145,25
15872,4,872,280,25
15873,4,873,274,25
15874,4,874,44,10
15875,4,875,19,5
15876,4,876,293,25
15877,4,877,193,25
15878,4,878,136,25
15879,4,879,38,10
15880,4,880,55,10
15881,4,881,50,10
15882,4,882,19,5
15883,4,883,52,10
15884,4,884,141,25
15885,4,885,119,25
15886,4,886,37,10
15887,4,887,53,10
15888,4,888,48,10
15889,4,889,114,25
15890,4,890,75,25
15891,4,891,54,10
15892,4,892,283,25
15893,4,893,11,5
15894,4,894,204,25
15895,4,895,13,5
15896,4,896,20,10
15897,4,897,184,25
15898,4,898,53,10
15899,4,899,213,25
15900,4,900,161,25
15901,4,901,270,25
15902,4,902,10,5
15903,4,903,81,25
15904,4,904,202,25
15905,4,905,16,10
15906,4,906,34,10
15907,4,907,18,5
15908,4,908,7,5
15909,4,909,149,25
15910,4,910,284,25
15911,4,911,42,10
15912,4,912,49,10
15913,4,913,16,10
15914,4,914,32,10
15915,4,915,108,25
15916,4,916,144,25
15917,4,917,298,25
15918,4,918,71,25
15919,4,919,15,10
15920,4,920,100,25
15921,4,921,242,25
15922,4,922,25,10
15923,4,923,92,25
15924,4,924,166,25
15925,4,925,81,25
15926,4,926,268,25
15927,4,927,43,10
15928,4,928,55,10
15929,4,929,153,25
15930,4,930,5,5
15931,4,931,6,5
15932,4,932,26,10
15933,4,933,59,10
15934,4,934,28,10
15935,4,935,156,25
15936,4,936,229,25
15937,4,937,60,10
15938,4,938,92,25
15939,4,939,31,10
15940,4,940,58,10
15941,4,941,237,25
15942,4,942,214,25
15943,4,943,54,10
15944,4,944,61,25
15945,4,945,201,25
15946,4,946,24,10
15947,4,947,16,5
15948,4,948,202,25
15949,4,949,58,25
15950,4,950,194,25
15951,4,951,128,25
15952,4,952,136,25
15953,4,953,71,25
15954,4,954,52,10
15955,4,955,8,5
15956,4,956,49,10
15957,4,957,34,10
15958,4,958,54,10
15959,4,959,177,25
15960,4,960,119,25
15961,4,961,236,25
15962,4,962,20,10
15963,4,963,30,10
15964,4,964,53,10
15965,4,965,6,5
15966,4,966,12,5
15967,4,967,151,25
15968,4,968,162,25
15969,4,969,19,10
15970,4,970,10,5
15971,4,971,46,10
15972,4,972,132,25
15973,4,973,45,10
15974,4,974,24,10
15975,4,975,290,25
15976,4,976,26,10
15977,4,977,58,10
15978,4,978,38,10
15979,4,979,137,25
15980,4,980,44,10
15981,4,981,54,10
15982,4,982,51,10
15983,4,983,5,5
15984,4,984,24,10
15985,4,985,15,10
15986,4,986,281,25
15987,4,987,183,25
15988,4,988,16,10
15989,4,989,164,25
15990,4,990,101,25
15991,4,991,113,25
15992,4,992,20,10
15993,4,993,164,25
15994,4,994,145,25
15995,4,995,223,25
15996,4,996,268,25
15997,4,997,41,10
15998,4,998,19,10
15999,4,999,47,10
16000,4,1000,198,25
16001,4,1001,31,10
16002,4,1002,191,25
16003,4,1003,272,25
16004,4,1004,244,25
16005,4,1005,98,25
16006,4,1006,28,10
16007,4,1007,113,25
16008,4,1008,90,25
16009,4,1009,13,5
16010,4,1010,284,25
16011,4,1011,235,25
16012,4,1012,125,25
16013,4,1013,6,5
16014,4,1014,15,5
16015,4,1015,11,5
16016,4,1016,11,5
16017,4,1017,34,10
16018,4,1018,51,10
16019,4,1019,27,10
16020,4,1020,54,10
16021,4,1021,23,10
16022,4,1022,13,5
16023,4,1023,24,10
16024,4,1024,74,25
16025,4,1025,37,10
16026,4,1026,135,25
16027,4,1027,146,25
16028,4,1028,59,25
16029,4,1029,59,10
16030,4,1030,34,10
16031,4,1031,172,25
16032,4,1032,28,10
16033,4,1033,255,25
16034,4,1034,155,25
16035,4,1035,236,25
16036,4,1036,17,5
16037,4,1037,207,25
16038,4,1038,11,5
16039,4,1039,141,25
16040,4,1040,20,10
16041,4,1041,6,5
16042,4,1042,186,25
16043,4,1043,58,10
16044,4,1044,292,25
16045,4,1045,59,25
16046,4,1046,206,25
16047,4,1047,18,5
16048,4,1048,59,10
16049,4,1049,31,10
16050,4,1050,116,25
16051,4,1051,267,25
16052,4,1052,186,25
16053,4,1053,47,10
16054,4,1054,203,25
16055,4,1055,7,5
16056,4,1056,93,25
16057,4,1057,111,25
16058,4,1058,227,25
16059,4,1059,60,10
16060,4,1060,57,10
16061,4,1061,5,5
16062,4,1062,172,25
16063,4,1063,20,5
16064,4,1064,16,5
16065,4,1065,196,25
16066,4,1066,191,25
16067,4,1067,40,10
16068,4,1068,7,5
16069,4,1069,47,10
16070,4,1070,52,10
16071,4,1071,144,25
16072,4,1072,16,10
16073,4,1073,182,25
16074,4,1074,119,25
16075,4,1075,119,25
16076,4,1076,40,10
16077,4,1077,262,25
16078,4,1078,192,25
16079,4,1079,275,25
16080,4,1080,175,25
16081,4,1081,41,10
16082,4,1082,42,10
16083,4,1083,31,10
16084,4,1084,12,5
16085,4,1085,158,25
16086,4,1086,54,10
16087,4,1087,87,25
16088,4,1088,232,25
16089,4,1089,211,25
16090,4,1090,7,5
16091,4,1091,35,10
16092,4,1092,20,5
16093,4,1093,6,5
16094,4,1094,48,10
16095,4,1095,18,5
16096,4,1096,15,10
16097,4,1097,193,25
16098,4,1098,22,10
16099,4,1099,161,25
16100,4,1100,212,25
16101,4,1101,13,5
16102,4,1102,56,10
16103,4,1103,119,25
16104,4,1104,96,25
16105,4,1105,45,10
16106,4,1106,49,10
16107,4,1107,60,10
16108,4,1108,57,10
16109,4,1109,11,5
16110,4,1110,43,10
16111,4,1111,32,10
16112,4,1112,212,25
16113,4,1113,76,25
16114,4,1114,17,5
16115,4,1115,53,10
16116,4,1116,64,25
16117,4,1117,9,5
16118,4,1118,55,10
16119,4,1119,6,5
16120,4,1120,10,5
16121,4,1121,30,10
16122,4,1122,71,25
16123,4,1123,34,10
16124,4,1124,124,25
16125,4,1125,30,10
16126,4,1126,219,25
16127,4,1127,226,25
16128,4,1128,46,10
16129,4,1129,39,10
16130,4,1130,231,25
16131,4,1131,73,25
16132,4,1132,37,10
16133,4,1133,64,25
16134,4,1134,12,5
16135,4,1135,54,10
16136,4,1136,42,10
16137,4,1137,164,25
16138,4,1138,80,25
16139,4,1139,288,25
16140,4,1140,22,10
16141,4,1141,200,25
16142,4,1142,116,25
16143,4,1143,284,25
16144,4,1144,218,25
16145,4,1145,54,10
16146,4,1146,36,10
16147,4,1147,20,10
16148,4,1148,133,25
16149,4,1149,15,5
16150,4,1150,28,10
16151,4,1151,270,25
16152,4,1152,8,5
16153,4,1153,14,5
16154,4,1154,47,10
16155,4,1155,83,25
16156,4,1156,41,10
16157,4,1157,10,5
16158,4,1158,26,10
16159,4,1159,59,10
16160,4,1160,50,10
16161,4,1161,219,25
16162,4,1162,23,10
16163,4,1163,19,10
16164,4,1164,201,25
16165,4,1165,117,25
16166,4,1166,22,10
16167,4,1167,74,25
16168,4,1168,49,10
16169,4,1169,8,5
16170,4,1170,15,10
16171,4,1171,38,10
16172,4,1172,48,10
16173,4,1173,153,25
16174,4,1174,7,5
16175,4,1175,265,25
16176,4,1176,29,10
16177,4,1177,288,25
16178,4,1178,290,25
16179,4,1179,60,10
16180,4,1180,194,25
16181,4,1181,56,25
16182,4,1182,21,10
16183,4,1183,31,10
16184,4,1184,84,25
16185,4,1185,43,10
16186,4,1186,243,25
16187,4,1187,166,25
16188,4,1188,35,10
16189,4,1189,57,25
16190,4,1190,13,5
16191,4,1191,113,25
16192,4,1192,14,5
16193,4,1193,267,25
16194,4,1194,283,25
16195,4,1195,93,25
16196,4,1196,129,25
16197,4,1197,46,10
16198,4,1198,115,25
16199,4,1199,71,25
16200,4,1200,17,10
16201,4,1201,120,25
16202,4,1202,27,10
16203,4,1203,256,25
16204,4,1204,33,10
16205,4,1205,15,5
16206,4,1206,40,10
16207,4,1207,243,25
16208,4,1208,37,10
16209,4,1209,63,25
16210,4,1210,34,10
16211,4,1211,49,10
16212,4,1212,199,25
16213,4,1213,191,25
16214,4,1214,57,10
16215,4,1215,160,25
16216,4,1216,16,5
16217,4,1217,60,10
16218,4,1218,52,10
16219,4,1219,7,5
16220,4,1220,40,10
16221,4,1221,37,10
16222,4,1222,109,25
16223,4,1223,7,5
16224,4,1224,82,25
16225,4,1225,282,25
16226,4,1226,272,25
16227,4,1227,143,25
16228,4,1228,95,25
16229,4,1229,9,5
16230,4,1230,218,25
16231,4,1231,21,10
16232,4,1232,20,5
16233,4,1233,22,10
16234,4,1234,9,5
16235,4,1235,203,25
16236,4,1236,14,5
16237,4,1237,91,25
16238,4,1238,7,5
16239,4,1239,60,10
16240,4,1240,11,5
16241,4,1241,30,10
16242,4,1242,124,25
16243,4,1243,128,25
16244,4,1244,55,10
16245,4,1245,17,5
16246,4,1246,94,25
16247,4,1247,130,25
16248,4,1248,35,10
16249,4,1249,205,25
16250,4,1250,184,25
16251,4,1251,80,25
16252,4,1252,233,25
16253,4,1253,266,25
16254,4,1254,278,25
16255,4,1255,29,10
16256,4,1256,19,5
16257,4,1257,218,25
16258,4,1258,193,25
16259,4,1259,75,25
16260,4,1260,56,10
16261,4,1261,61,25
16262,4,1262,236,25
16263,4,1263,81,25
16264,4,1264,57,10
16265,4,1265,231,25
16266,4,1266,132,25
16267,4,1267,299,25
16268,4,1268,14,5
16269,4,1269,18,5
16270,4,1270,11,5
16271,4,1271,259,25
16272,4,1272,32,10
16273,4,1273,60,25
16274,4,1274,6,5
16275,4,1275,268,25
16276,4,1276,256,25
16277,4,1277,13,5
16278,4,1278,33,10
16279,4,1279,39,10
16280,4,1280,167,25
16281,4,1281,20,10
16282,4,1282,52,25
16283,4,1283,57,10
16284,4,1284,35,10
16285,4,1285,138,25
16286,4,1286,9,5
16287,4,1287,41,10
16288,4,1288,13,5
16289,4,1289,23,10
16290,4,1290,18,5
16291,4,1291,206,25
16292,4,1292,200,25
16293,4,1293,243,25
16294,4,1294,205,25
16295,4,1295,60,25
16296,4,1296,19,5
16297,4,1297,17,5
16298,4,1298,203,25
16299,4,1299,47,10
16300,4,1300,14,5
16301,4,1301,41,10
16302,4,1302,41,10
16303,4,1303,37,10
16304,4,1304,10,5
16305,4,1305,16,5
16306,4,1306,12,5
16307,4,1307,12,5
16308,4,1308,89,25
16309,4,1309,38,10
16310,4,1310,276,25
16311,4,1311,25,10
16312,4,1312,38,10
16313,4,1313,10,5
16314,4,1314,9,5
16315,4,1315,271,25
16316,4,1316,28,10
16317,4,1317,9,5
16318,4,1318,170,25
16319,4,1319,54,10
16320,4,1320,74,25
16321,4,1321,127,25
16322,4,1322,160,25
16323,4,1323,189,25
16324,4,1324,13,5
16325,4,1325,58,10
16326,4,1326,22,10
16327,4,1327,20,10
16328,4,1328,18,5
16329,4,1329,101,25
16330,4,1330,104,25
16331,4,1331,16,10
16332,4,1332,51,10
16333,4,1333,267,25
16334,4,1334,14,5
16335,4,1335,47,10
16336,4,1336,34,10
16337,4,1337,14,5
16338,4,1338,203,25
16339,4,1339,140,25
16340,4,1340,52,25
16341,4,1341,8,5
16342,4,1342,11,5
16343,4,1343,31,10
16344,4,1344,46,10
16345,4,1345,122,25
16346,4,1346,156,25
16347,4,1347,10,5
16348,4,1348,191,25
16349,4,1349,17,5
16350,4,1350,72,25
16351,4,1351,19,10
16352,4,1352,213,25
16353,4,1353,28,10
16354,4,1354,24,10
16355,4,1355,56,10
16356,4,1356,110,25
16357,4,1357,21,10
16358,4,1358,229,25
16359,4,1359,59,25
16360,4,1360,16,5
16361,4,1361,23,10
16362,4,1362,24,10
16363,4,1363,83,25
16364,4,1364,37,10
16365,4,1365,162,25
16366,4,1366,28,10
16367,4,1367,15,10
16368,4,1368,101,25
16369,4,1369,13,5
16370,4,1370,144,25
16371,4,1371,32,10
16372,4,1372,23,10
16373,4,1373,137,25
16374,4,1374,106,25
16375,4,1375,20,10
16376,4,1376,53,25
16377,4,1377,133,25
16378,4,1378,13,5
16379,4,1379,83,25
16380,4,1380,21,10
16381,4,1381,131,25
16382,4,1382,130,25
16383,4,1383,101,25
16384,4,1384,226,25
16385,4,1385,241,25
16386,4,1386,22,10
16387,4,1387,40,10
16388,4,1388,156,25
16389,4,1389,32,10
16390,4,1390,59,10
16391,4,1391,50,25
16392,4,1392,36,10
16393,4,1393,19,10
16394,4,1394,106,25
16395,4,1395,155,25
16396,4,1396,202,25
16397,4,1397,23,10
16398,4,1398,39,10
16399,4,1399,247,25
16400,4,1400,82,25
16401,4,1401,93,25
16402,4,1402,163,25
16403,4,1403,16,10
16404,4,1404,63,25
16405,4,1405,174,25
16406,4,1406,88,25
16407,4,1407,178,25
16408,4,1408,237,25
16409,4,1409,26,10
16410,4,1410,123,25
16411,4,1411,9,5
16412,4,1412,181,25
16413,4,1413,262,25
16414,4,1414,58,10
16415,4,1415,91,25
16416,4,1416,53,10
16417,4,1417,52,10
16418,4,1418,53,10
16419,4,1419,14,5
16420,4,1420,23,10
16421,4,1421,46,10
16422,4,1422,195,25
16423,4,1423,166,25
16424,4,1424,78,25
16425,4,1425,140,25
16426,4,1426,123,25
16427,4,1427,60,10
16428,4,1428,28,10
16429,4,1429,217,25
16430,4,1430,203,25
16431,4,1431,7,5
16432,4,1432,90,25
16433,4,1433,17,10
16434,4,1434,32,10
16435,4,1435,191,25
16436,4,1436,57,25
16437,4,1437,13,5
16438,4,1438,15,5
16439,4,1439,48,10
16440,4,1440,98,25
16441,4,1441,19,5
16442,4,1442,49,10
16443,4,1443,5,5
16444,4,1444,13,5
16445,4,1445,290,25
16446,4,1446,46,10
16447,4,1447,123,25
16448,4,1448,172,25
16449,4,1449,235,25
16450,4,1450,21,10
16451,4,1451,210,25
16452,4,1452,55,10
16453,4,1453,40,10
16454,4,1454,13,5
16455,4,1455,148,25
16456,4,1456,39,10
16457,4,1457,30,10
16458,4,1458,167,25
16459,4,1459,104,25
16460,4,1460,211,25
16461,4,1461,35,10
16462,4,1462,211,25
16463,4,1463,113,25
16464,4,1464,127,25
16465,4,1465,58,10
16466,4,1466,28,10
16467,4,1467,36,10
16468,4,1468,52,10
16469,4,1469,19,10
16470,4,1470,43,10
16471,4,1471,226,25
16472,4,1472,172,25
16473,4,1473,33,10
16474,4,1474,35,10
16475,4,1475,20,5
16476,4,1476,31,10
16477,4,1477,273,25
16478,4,1478,43,10
16479,4,1479,33,10
16480,4,1480,57,10
16481,4,1481,108,25
16482,4,1482,206,25
16483,4,1483,23,10
16484,4,1484,80,25
16485,4,1485,287,25
16486,4,1486,34,10
16487,4,1487,104,25
16488,4,1488,232,25
16489,4,1489,149,25
16490,4,1490,138,25
16491,4,1491,189,25
16492,4,1492,79,25
16493,4,1493,55,10
16494,4,1494,120,25
16495,4,1495,10,5
16496,4,1496,205,25
16497,4,1497,18,5
16498,4,1498,56,25
16499,4,1499,11,5
16500,4,1500,12,5
16501,4,1501,11,5
16502,4,1502,175,25
16503,4,1503,40,10
16504,4,1504,60,10
16505,4,1505,55,25
16506,4,1506,97,25
16507,4,1507,18,10
16508,4,1508,251,25
16509,4,1509,12,5
16510,4,1510,283,25
16511,4,1511,127,25
16512,4,1512,16,10
16513,4,1513,43,10
16514,4,1514,194,25
16515,4,1515,48,10
16516,4,1516,148,25
16517,4,1517,107,25
16518,4,1518,17,10
16519,4,1519,175,25
16520,4,1520,229,25
16521,4,1521,295,25
16522,4,1522,202,25
16523,4,1523,47,10
16524,4,1524,18,5
16525,4,1525,43,10
16526,4,1526,8,5
16527,4,1527,15,5
16528,4,1528,166,25
16529,4,1529,95,25
16530,4,1530,287,25
16531,4,1531,169,25
16532,4,1532,99,25
16533,4,1533,18,10
16534,4,1534,43,10
16535,4,1535,20,5
16536,4,1536,18,10
16537,4,1537,45,10
16538,4,1538,43,10
16539,4,1539,15,10
16540,4,1540,103,25
16541,4,1541,177,25
16542,4,1542,220,25
16543,4,1543,108,25
16544,4,1544,77,25
16545,4,1545,252,25
16546,4,1546,143,25
16547,4,1547,256,25
16548,4,1548,147,25
16549,4,1549,6,5
16550,4,1550,31,10
16551,4,1551,234,25
16552,4,1552,24,10
16553,4,1553,15,10
16554,4,1554,121,25
16555,4,1555,33,10
16556,4,1556,18,5
16557,4,1557,49,10
16558,4,1558,25,10
16559,4,1559,9,5
16560,4,1560,187,25
16561,4,1561,26,10
16562,4,1562,6,5
16563,4,1563,5,5
16564,4,1564,41,10
16565,4,1565,197,25
16566,4,1566,51,10
16567,4,1567,225,25
16568,4,1568,41,10
16569,4,1569,32,10
16570,4,1570,34,10
16571,4,1571,5,5
16572,4,1572,50,10
16573,4,1573,54,25
16574,4,1574,22,10
16575,4,1575,35,10
16576,4,1576,54,10
16577,4,1577,233,25
16578,4,1578,48,10
16579,4,1579,59,10
16580,4,1580,197,25
16581,4,1581,43,10
16582,4,1582,19,5
16583,4,1583,265,25
16584,4,1584,13,5
16585,4,1585,153,25
16586,4,1586,56,10
16587,4,1587,164,25
16588,4,1588,65,25
16589,4,1589,59,10
16590,4,1590,57,10
16591,4,1591,22,10
16592,4,1592,130,25
16593,4,1593,14,5
16594,4,1594,280,25
16595,4,1595,36,10
16596,4,1596,48,10
16597,4,1597,217,25
16598,4,1598,16,5
16599,4,1599,55,10
16600,4,1600,223,25
16601,4,1601,43,10
16602,4,1602,262,25
16603,4,1603,22,10
16604,4,1604,52,10
16605,4,1605,50,10
16606,4,1606,8,5
16607,4,1607,88,25
16608,4,1608,248,25
16609,4,1609,130,25
16610,4,1610,92,25
16611,4,1611,297,25
16612,4,1612,181,25
16613,4,1613,249,25
16614,4,1614,111,25
16615,4,1615,15,5
16616,4,1616,26,10
16617,4,1617,227,25
16618,4,1618,45,10
16619,4,1619,5,5
16620,4,1620,87,25
16621,4,1621,29,10
16622,4,1622,49,10
16623,4,1623,88,25
16624,4,1624,266,25
16625,4,1625,174,25
16626,4,1626,228,25
16627,4,1627,48,10
16628,4,1628,35,10
16629,4,1629,295,25
16630,4,1630,49,10
16631,4,1631,240,25
16632,4,1632,46,10
16633,4,1633,262,25
16634,4,1634,20,5
16635,4,1635,24,10
16636,4,1636,254,25
16637,4,1637,170,25
16638,4,1638,59,10
16639,4,1639,119,25
16640,4,1640,35,10
16641,4,1641,228,25
16642,4,1642,20,10
16643,4,1643,5,5
16644,4,1644,15,5
16645,4,1645,58,10
16646,4,1646,140,25
16647,4,1647,6,5
16648,4,1648,127,25
16649,4,1649,12,5
16650,4,1650,28,10
16651,4,1651,33,10
16652,4,1652,130,25
16653,4,1653,50,10
16654,4,1654,204,25
16655,4,1655,9,5
16656,4,1656,60,25
16657,4,1657,146,25
16658,4,1658,50,10
16659,4,1659,41,10
16660,4,1660,48,10
16661,4,1661,36,10
16662,4,1662,284,25
16663,4,1663,57,10
16664,4,1664,106,25
16665,4,1665,257,25
16666,4,1666,25,10
16667,4,1667,296,25
16668,4,1668,49,10
16669,4,1669,16,5
16670,4,1670,201,25
16671,4,1671,7,5
16672,4,1672,6,5
16673,4,1673,14,5
16674,4,1674,52,10
16675,4,1675,89,25
16676,4,1676,26,10
16677,4,1677,55,10
16678,4,1678,38,10
16679,4,1679,54,25
16680,4,1680,271,25
16681,4,1681,49,10
16682,4,1682,33,10
16683,4,1683,282,25
16684,4,1684,39,10
16685,4,1685,6,5
16686,4,1686,57,10
16687,4,1687,59,10
16688,4,1688,129,25
16689,4,1689,25,10
16690,4,1690,184,25
16691,4,1691,166,25
16692,4,1692,19,5
16693,4,1693,57,10
16694,4,1694,54,10
16695,4,1695,234,25
16696,4,1696,285,25
16697,4,1697,33,10
16698,4,1698,5,5
16699,4,1699,47,10
16700,4,1700,64,25
16701,4,1701,159,25
16702,4,1702,122,25
16703,4,1703,162,25
16704,4,1704,129,25
16705,4,1705,58,25
16706,4,1706,109,25
16707,4,1707,62,25
16708,4,1708,114,25
16709,4,1709,49,10
16710,4,1710,29,10
16711,4,1711,18,5
16712,4,1712,219,25
16713,4,1713,209,25
16714,4,1714,17,5
16715,4,1715,36,10
16716,4,1716,9,5
16717,4,1717,147,25
16718,4,1718,15,10
16719,4,1719,15,5
16720,4,1720,262,25
16721,4,1721,112,25
16722,4,1722,244,25
16723,4,1723,5,5
16724,4,1724,42,10
16725,4,1725,19,10
16726,4,1726,87,25
16727,4,1727,19,5
16728,4,1728,59,25
16729,4,1729,152,25
16730,4,1730,214,25
16731,4,1731,35,10
16732,4,1732,27,10
16733,4,1733,20,10
16734,4,1734,51,10
16735,4,1735,20,5
16736,4,1736,44,10
16737,4,1737,99,25
16738,4,1738,262,25
16739,4,1739,19,10
16740,4,1740,6,5
16741,4,1741,49,10
16742,4,1742,12,5
16743,4,1743,262,25
16744,4,1744,57,10
16745,4,1745,172,25
16746,4,1746,16,5
16747,4,1747,59,10
16748,4,1748,18,5
16749,4,1749,18,5
16750,4,1750,41,10
16751,4,1751,101,25
16752,4,1752,27,10
16753,4,1753,175,25
16754,4,1754,15,10
16755,4,1755,136,25
16756,4,1756,15,10
16757,4,1757,148,25
16758,4,1758,18,5
16759,4,1759,48,10
16760,4,1760,73,25
16761,4,1761,211,25
16762,4,1762,14,5
16763,4,1763,49,10
16764,4,1764,182,25
16765,4,1765,48,10
16766,4,1766,14,5
16767,4,1767,81,25
16768,4,1768,30,10
16769,4,1769,193,25
16770,4,1770,159,25
16771,4,1771,16,5
16772,4,1772,26,10
16773,4,1773,25,10
16774,4,1774,77,25
16775,4,1775,18,5
16776,4,1776,108,25
16777,4,1777,10,5
16778,4,1778,24,10
16779,4,1779,26,10
16780,4,1780,54,10
16781,4,1781,82,25
16782,4,1782,263,25
16783,4,1783,115,25
16784,4,1784,5,5
16785,4,1785,55,10
16786,4,1786,10,5
16787,4,1787,286,25
16788,4,1788,247,25
16789,4,1789,22,10
16790,4,1790,135,25
16791,4,1791,11,5
16792,4,1792,136,25
16793,4,1793,123,25
16794,4,1794,89,25
16795,4,1795,23,10
16796,4,1796,15,5
16797,4,1797,20,5
16798,4,1798,51,10
16799,4,1799,27,10
16800,4,1800,142,25
16801,4,1801,102,25
16802,4,1802,181,25
16803,4,1803,243,25
16804,4,1804,92,25
16805,4,1805,25,10
16806,4,1806,281,25
16807,4,1807,34,10
16808,4,1808,64,25
16809,4,1809,186,25
16810,4,1810,263,25
16811,4,1811,46,10
16812,4,1812,49,10
16813,4,1813,177,25
16814,4,1814,16,10
16815,4,1815,12,5
16816,4,1816,268,25
16817,4,1817,7,5
16818,4,1818,160,25
16819,4,1819,163,25
16820,4,1820,172,25
16821,4,1821,31,10
16822,4,1822,284,25
16823,4,1823,288,25
16824,4,1824,17,5
16825,4,1825,264,25
16826,4,1826,20,10
16827,4,1827,112,25
16828,4,1828,42,10
16829,4,1829,11,5
16830,4,1830,199,25
16831,4,1831,40,10
16832,4,1832,12,5
16833,4,1833,23,10
16834,4,1834,16,10
16835,4,1835,60,25
16836,4,1836,199,25
16837,4,1837,171,25
16838,4,1838,50,25
16839,4,1839,32,10
16840,4,1840,21,10
16841,4,1841,32,10
16842,4,1842,50,10
16843,4,1843,284,25
16844,4,1844,164,25
16845,4,1845,39,10
16846,4,1846,10,5
16847,4,1847,36,10
16848,4,1848,214,25
16849,4,1849,93,25
16850,4,1850,16,10
16851,4,1851,218,25
16852,4,1852,14,5
16853,4,1853,38,10
16854,4,1854,154,25
16855,4,1855,42,10
16856,4,1856,58,10
16857,4,1857,13,5
16858,4,1858,28,10
16859,4,1859,171,25
16860,4,1860,58,10
16861,4,1861,29,10
16862,4,1862,189,25
16863,4,1863,41,10
16864,4,1864,156,25
16865,4,1865,24,10
16866,4,1866,35,10
16867,4,1867,48,10
16868,4,1868,17,10
16869,4,1869,47,10
16870,4,1870,24,10
16871,4,1871,17,5
16872,4,1872,20,5
16873,4,1873,15,5
16874,4,1874,20,5
16875,4,1875,9,5
16876,4,1876,11,5
16877,4,1877,138,25
16878,4,1878,79,25
16879,4,1879,218,25
16880,4,1880,50,10
16881,4,1881,102,25
16882,4,1882,52,10
16883,4,1883,35,10
16884,4,1884,219,25
16885,4,1885,44,10
16886,4,1886,291,25
16887,4,1887,40,10
16888,4,1888,65,25
16889,4,1889,240,25
16890,4,1890,72,25
16891,4,1891,50,10
16892,4,1892,112,25
16893,4,1893,7,5
16894,4,1894,227,25
16895,4,1895,124,25
16896,4,1896,281,25
16897,4,1897,87,25
16898,4,1898,43,10
16899,4,1899,123,25
16900,4,1900,23,10
16901,4,1901,97,25
16902,4,1902,44,10
16903,4,1903,17,10
16904,4,1904,251,25
16905,4,1905,214,25
16906,4,1906,26,10
16907,4,1907,49,10
16908,4,1908,165,25
16909,4,1909,12,5
16910,4,1910,17,5
16911,4,1911,11,5
16912,4,1912,136,25
16913,4,1913,47,10
16914,4,1914,36,10
16915,4,1915,20,5
16916,4,1916,17,5
16917,4,1917,127,25
16918,4,1918,10,5
16919,4,1919,6,5
16920,4,1920,238,25
16921,4,1921,57,10
16922,4,1922,62,25
16923,4,1923,18,5
16924,4,1924,20,5
16925,4,1925,20,10
16926,4,1926,61,25
16927,4,1927,36,10
16928,4,1928,179,25
16929,4,1929,52,25
16930,4,1930,123,25
16931,4,1931,19,5
16932,4,1932,60,10
16933,4,1933,25,10
16934,4,1934,143,25
16935,4,1935,16,10
16936,4,1936,230,25
16937,4,1937,177,25
16938,4,1938,44,10
16939,4,1939,20,10
16940,4,1940,287,25
16941,4,1941,12,5
16942,4,1942,25,10
16943,4,1943,13,5
16944,4,1944,19,5
16945,4,1945,157,25
16946,4,1946,23,10
16947,4,1947,18,10
16948,4,1948,9,5
16949,4,1949,109,25
16950,4,1950,35,10
16951,4,1951,115,25
16952,4,1952,22,10
16953,4,1953,31,10
16954,4,1954,253,25
16955,4,1955,128,25
16956,4,1956,84,25
16957,4,1957,6,5
16958,4,1958,14,5
16959,4,1959,261,25
16960,4,1960,150,25
16961,4,1961,54,10
16962,4,1962,25,10
16963,4,1963,160,25
16964,4,1964,22,10
16965,4,1965,223,25
16966,4,1966,283,25
16967,4,1967,86,25
16968,4,1968,62,25
16969,4,1969,33,10
16970,4,1970,45,10
16971,4,1971,249,25
16972,4,1972,58,10
16973,4,1973,133,25
16974,4,1974,57,10
16975,4,1975,255,25
16976,4,1976,104,25
16977,4,1977,7,5
16978,4,1978,53,10
16979,4,1979,202,25
16980,4,1980,45,10
16981,4,1981,23,10
16982,4,1982,98,25
16983,4,1983,30,10
16984,4,1984,168,25
16985,4,1985,5,5
16986,4,1986,31,10
16987,4,1987,268,25
16988,4,1988,60,10
16989,4,1989,17,10
16990,4,1990,189,25
16991,4,1991,53,10
16992,4,1992,19,5
16993,4,1993,13,5
16994,4,1994,215,25
16995,4,1995,38,10
16996,4,1996,114,25
16997,4,1997,7,5
16998,4,1998,30,10
16999,4,1999,282,25
17000,4,2000,37,10
17001,4,2001,7,5
17002,4,2002,239,25
17003,4,2003,282,25
17004,4,2004,13,5
17005,4,2005,296,25
17006,4,2006,59,10
17007,4,2007,48,10
17008,4,2008,20,5
17009,4,2009,56,25
17010,4,2010,36,10
17011,4,2011,28,10
17012,4,2012,129,25
17013,4,2013,26,10
17014,4,2014,37,10
17015,4,2015,224,25
17016,4,2016,46,10
17017,4,2017,10,5
17018,4,2018,82,25
17019,4,2019,147,25
17020,4,2020,54,25
17021,4,2021,15,5
17022,4,2022,18,10
17023,4,2023,40,10
17024,4,2024,209,25
17025,4,2025,17,5
17026,4,2026,89,25
17027,4,2027,17,5
17028,4,2028,11,5
17029,4,2029,219,25
17030,4,2030,135,25
17031,4,2031,55,10
17032,4,2032,46,10
17033,4,2033,18,5
17034,4,2034,80,25
17035,4,2035,186,25
17036,4,2036,95,25
17037,4,2037,14,5
17038,4,2038,23,10
17039,4,2039,17,10
17040,4,2040,56,10
17041,4,2041,195,25
17042,4,2042,158,25
17043,4,2043,184,25
17044,4,2044,19,10
17045,4,2045,299,25
17046,4,2046,249,25
17047,4,2047,186,25
17048,4,2048,13,5
17049,4,2049,142,25
17050,4,2050,217,25
17051,4,2051,7,5
17052,4,2052,7,5
17053,4,2053,51,10
17054,4,2054,31,10
17055,4,2055,214,25
17056,4,2056,298,25
17057,4,2057,5,5
17058,4,2058,104,25
17059,4,2059,57,25
17060,4,2060,142,25
17061,4,2061,300,25
17062,4,2062,85,25
17063,4,2063,256,25
17064,4,2064,294,25
17065,4,2065,56,10
17066,4,2066,12,5
17067,4,2067,172,25
17068,4,2068,27,10
17069,4,2069,193,25
17070,4,2070,28,10
17071,4,2071,15,5
17072,4,2072,16,5
17073,4,2073,63,25
17074,4,2074,249,25
17075,4,2075,164,25
17076,4,2076,57,10
17077,4,2077,116,25
17078,4,2078,168,25
17079,4,2079,130,25
17080,4,2080,54,10
17081,4,2081,34,10
17082,4,2082,238,25
17083,4,2083,25,10
17084,4,2084,37,10
17085,4,2085,55,10
17086,4,2086,13,5
17087,4,2087,23,10
17088,4,2088,45,10
17089,4,2089,11,5
17090,4,2090,21,10
17091,4,2091,40,10
17092,4,2092,157,25
17093,4,2093,138,25
17094,4,2094,125,25
17095,4,2095,7,5
17096,4,2096,60,10
17097,4,2097,52,10
17098,4,2098,54,10
17099,4,2099,171,25
17100,4,2100,166,25
17101,4,2101,296,25
17102,4,2102,238,25
17103,4,2103,266,25
17104,4,2104,40,10
17105,4,2105,13,5
17106,4,2106,33,10
17107,4,2107,52,10
17108,4,2108,19,5
17109,4,2109,235,25
17110,4,2110,33,10
17111,4,2111,150,25
17112,4,2112,18,5
17113,4,2113,87,25
17114,4,2114,108,25
17115,4,2115,101,25
17116,4,2116,21,10
17117,4,2117,63,25
17118,4,2118,215,25
17119,4,2119,99,25
17120,4,2120,13,5
17121,4,2121,25,10
17122,4,2122,205,25
17123,4,2123,151,25
17124,4,2124,95,25
17125,4,2125,88,25
17126,4,2126,55,10
17127,4,2127,15,10
17128,4,2128,56,10
17129,4,2129,52,10
17130,4,2130,16,5
17131,4,2131,223,25
17132,4,2132,294,25
17133,4,2133,269,25
17134,4,2134,19,5
17135,4,2135,22,10
17136,4,2136,53,10
17137,4,2137,16,10
17138,4,2138,164,25
17139,4,2139,197,25
17140,4,2140,31,10
17141,4,2141,270,25
17142,4,2142,5,5
17143,4,2143,253,25
17144,4,2144,231,25
17145,4,2145,159,25
17146,4,2146,82,25
17147,4,2147,272,25
17148,4,2148,28,10
17149,4,2149,55,10
17150,4,2150,30,10
17151,4,2151,36,10
17152,4,2152,11,5
17153,4,2153,11,5
17154,4,2154,54,10
17155,4,2155,7,5
17156,4,2156,267,25
17157,4,2157,21,10
17158,4,2158,74,25
17159,4,2159,15,5
17160,4,2160,54,10
17161,4,2161,37,10
17162,4,2162,104,25
17163,4,2163,7,5
17164,4,2164,51,10
17165,4,2165,60,10
17166,4,2166,82,25
17167,4,2167,13,5
17168,4,2168,28,10
17169,4,2169,78,25
17170,4,2170,50,25
17171,4,2171,32,10
17172,4,2172,16,5
17173,4,2173,275,25
17174,4,2174,74,25
17175,4,2175,45,10
17176,4,2176,54,10
17177,4,2177,119,25
17178,4,2178,215,25
17179,4,2179,92,25
17180,4,2180,122,25
17181,4,2181,224,25
17182,4,2182,23,10
17183,4,2183,37,10
17184,4,2184,187,25
17185,4,2185,89,25
17186,4,2186,41,10
17187,4,2187,37,10
17188,4,2188,146,25
17189,4,2189,19,5
17190,4,2190,8,5
17191,4,2191,143,25
17192,4,2192,16,10
17193,4,2193,265,25
17194,4,2194,109,25
17195,4,2195,51,10
17196,4,2196,241,25
17197,4,2197,27,10
17198,4,2198,59,10
17199,4,2199,18,5
17200,4,2200,6,5
17201,4,2201,57,10
17202,4,2202,16,5
17203,4,2203,60,10
17204,4,2204,30,10
17205,4,2205,34,10
17206,4,2206,214,25
17207,4,2207,41,10
17208,4,2208,39,10
17209,4,2209,52,10
17210,4,2210,54,10
17211,4,2211,26,10
17212,4,2212,20,10
17213,4,2213,47,10
17214,4,2214,226,25
17215,4,2215,117,25
17216,4,2216,40,10
17217,4,2217,64,25
17218,4,2218,54,25
17219,4,2219,36,10
17220,4,2220,49,10
17221,4,2221,254,25
17222,4,2222,240,25
17223,4,2223,132,25
17224,4,2224,7,5
17225,4,2225,39,10
17226,4,2226,20,10
17227,4,2227,20,10
17228,4,2228,222,25
17229,4,2229,178,25
17230,4,2230,56,10
17231,4,2231,89,25
17232,4,2232,241,25
17233,4,2233,17,10
17234,4,2234,272,25
17235,4,2235,46,10
17236,4,2236,287,25
17237,4,2237,292,25
17238,4,2238,298,25
17239,4,2239,21,10
17240,4,2240,25,10
17241,4,2241,184,25
17242,4,2242,29,10
17243,4,2243,212,25
17244,4,2244,57,10
17245,4,2245,15,5
17246,4,2246,15,5
17247,4,2247,10,5
17248,4,2248,12,5
17249,4,2249,22,10
17250,4,2250,55,25
17251,4,2251,32,10
17252,4,2252,18,10
17253,4,2253,298,25
17254,4,2254,13,5
17255,4,2255,75,25
17256,4,2256,55,25
17257,4,2257,18,10
17258,4,2258,287,25
17259,4,2259,150,25
17260,4,2260,15,5
17261,4,2261,5,5
17262,4,2262,125,25
17263,4,2263,18,5
17264,4,2264,119,25
17265,4,2265,155,25
17266,4,2266,187,25
17267,4,2267,55,25
17268,4,2268,31,10
17269,4,2269,7,5
17270,4,2270,57,10
17271,4,2271,20,10
17272,4,2272,37,10
17273,4,2273,11,5
17274,4,2274,123,25
17275,4,2275,38,10
17276,4,2276,261,25
17277,4,2277,53,10
17278,4,2278,50,10
17279,4,2279,16,5
17280,4,2280,58,10
17281,4,2281,216,25
17282,4,2282,5,5
17283,4,2283,49,10
17284,4,2284,21,10
17285,4,2285,58,10
17286,4,2286,46,10
17287,4,2287,222,25
17288,4,2288,17,10
17289,4,2289,111,25
17290,4,2290,155,25
17291,4,2291,7,5
17292,4,2292,54,10
17293,4,2293,15,10
17294,4,2294,76,25
17295,4,2295,265,25
17296,4,2296,50,10
17297,4,2297,131,25
17298,4,2298,41,10
17299,4,2299,35,10
17300,4,2300,43,10
17301,4,2301,246,25
17302,4,2302,217,25
17303,4,2303,189,25
17304,4,2304,50,10
17305,4,2305,20,5
17306,4,2306,95,25
17307,4,2307,13,5
17308,4,2308,22,10
17309,4,2309,38,10
17310,4,2310,57,25
17311,4,2311,121,25
17312,4,2312,228,25
17313,4,2313,33,10
17314,4,2314,50,10
17315,4,2315,77,25
17316,4,2316,38,10
17317,4,2317,14,5
17318,4,2318,100,25
17319,4,2319,239,25
17320,4,2320,105,25
17321,4,2321,14,5
17322,4,2322,218,25
17323,4,2323,223,25
17324,4,2324,292,25
17325,4,2325,26,10
17326,4,2326,41,10
17327,4,2327,252,25
17328,4,2328,28,10
17329,4,2329,7,5
17330,4,2330,17,5
17331,4,2331,40,10
17332,4,2332,23,10
17333,4,2333,192,25
17334,4,2334,39,10
17335,4,2335,191,25
17336,4,2336,74,25
17337,4,2337,100,25
17338,4,2338,97,25
17339,4,2339,112,25
17340,4,2340,250,25
17341,4,2341,262,25
17342,4,2342,273,25
17343,4,2343,60,10
17344,4,2344,47,10
17345,4,2345,240,25
17346,4,2346,31,10
17347,4,2347,296,25
17348,4,2348,300,25
17349,4,2349,53,10
17350,4,2350,184,25
17351,4,2351,114,25
17352,4,2352,63,25
17353,4,2353,275,25
17354,4,2354,77,25
17355,4,2355,21,10
17356,4,2356,57,10
17357,4,2357,41,10
17358,4,2358,8,5
17359,4,2359,220,25
17360,4,2360,263,25
17361,4,2361,155,25
17362,4,2362,210,25
17363,4,2363,235,25
17364,4,2364,265,25
17365,4,2365,20,10
17366,4,2366,148,25
17367,4,2367,33,10
17368,4,2368,19,5
17369,4,2369,241,25
17370,4,2370,204,25
17371,4,2371,51,10
17372,4,2372,17,5
17373,4,2373,32,10
17374,4,2374,73,25
17375,4,2375,30,10
17376,4,2376,46,10
17377,4,2377,77,25
17378,4,2378,47,10
17379,4,2379,7,5
17380,4,2380,57,10
17381,4,2381,201,25
17382,4,2382,46,10
17383,4,2383,67,25
17384,4,2384,159,25
17385,4,2385,17,5
17386,4,2386,60,10
17387,4,2387,299,25
17388,4,2388,51,10
17389,4,2389,17,5
17390,4,2390,89,25
17391,4,2391,51,10
17392,4,2392,51,10
17393,4,2393,7,5
17394,4,2394,243,25
17395,4,2395,248,25
17396,4,2396,10,5
17397,4,2397,114,25
17398,4,2398,215,25
17399,4,2399,276,25
17400,4,2400,22,10
17401,4,2401,19,5
17402,4,2402,46,10
17403,4,2403,211,25
17404,4,2404,218,25
17405,4,2405,276,25
17406,4,2406,68,25
17407,4,2407,233,25
17408,4,2408,29,10
17409,4,2409,42,10
17410,4,2410,12,5
17411,4,2411,104,25
17412,4,2412,56,10
17413,4,2413,48,10
17414,4,2414,7,5
17415,4,2415,50,10
17416,4,2416,176,25
17417,4,2417,37,10
17418,4,2418,37,10
17419,4,2419,97,25
17420,4,2420,22,10
17421,4,2421,246,25
17422,4,2422,56,10
17423,4,2423,16,10
17424,4,2424,286,25
17425,4,2425,56,10
17426,4,2426,17,10
17427,4,2427,34,10
17428,4,2428,45,10
17429,4,2429,289,25
17430,4,2430,14,5
17431,4,2431,295,25
17432,4,2432,179,25
17433,4,2433,30,10
17434,4,2434,27,10
17435,4,2435,50,10
17436,4,2436,167,25
17437,4,2437,28,10
17438,4,2438,20,5
17439,4,2439,72,25
17440,4,2440,13,5
17441,4,2441,185,25
17442,4,2442,49,10
17443,4,2443,204,25
17444,4,2444,292,25
17445,4,2445,49,10
17446,4,2446,14,5
17447,4,2447,48,10
17448,4,2448,37,10
17449,4,2449,169,25
17450,4,2450,152,25
17451,4,2451,56,25
17452,4,2452,88,25
17453,4,2453,91,25
17454,4,2454,271,25
17455,4,2455,217,25
17456,4,2456,59,10
17457,4,2457,7,5
17458,4,2458,38,10
17459,4,2459,37,10
17460,4,2460,55,10
17461,4,2461,19,5
17462,4,2462,25,10
17463,4,2463,60,10
17464,4,2464,15,5
17465,4,2465,25,10
17466,4,2466,32,10
17467,4,2467,21,10
17468,4,2468,31,10
17469,4,2469,77,25
17470,4,2470,229,25
17471,4,2471,39,10
17472,4,2472,166,25
17473,4,2473,25,10
17474,4,2474,56,10
17475,4,2475,26,10
17476,4,2476,23,10
17477,4,2477,26,10
17478,4,2478,18,10
17479,4,2479,244,25
17480,4,2480,90,25
17481,4,2481,34,10
17482,4,2482,58,25
17483,4,2483,15,5
17484,4,2484,37,10
17485,4,2485,54,10
17486,4,2486,223,25
17487,4,2487,187,25
17488,4,2488,137,25
17489,4,2489,26,10
17490,4,2490,214,25
17491,4,2491,16,10
17492,4,2492,22,10
17493,4,2493,91,25
17494,4,2494,159,25
17495,4,2495,7,5
17496,4,2496,45,10
17497,4,2497,29,10
17498,4,2498,199,25
17499,4,2499,182,25
17500,4,2500,213,25
17501,4,2501,297,25
17502,4,2502,18,5
17503,4,2503,7,5
17504,4,2504,51,10
17505,4,2505,8,5
17506,4,2506,180,25
17507,4,2507,54,10
17508,4,2508,10,5
17509,4,2509,53,25
17510,4,2510,18,5
17511,4,2511,243,25
17512,4,2512,33,10
17513,4,2513,206,25
17514,4,2514,65,25
17515,4,2515,59,25
17516,4,2516,205,25
17517,4,2517,115,25
17518,4,2518,36,10
17519,4,2519,51,25
17520,4,2520,225,25
17521,4,2521,153,25
17522,4,2522,178,25
17523,4,2523,104,25
17524,4,2524,16,10
17525,4,2525,261,25
17526,4,2526,6,5
17527,4,2527,180,25
17528,4,2528,126,25
17529,4,2529,30,10
17530,4,2530,19,5
17531,4,2531,272,25
17532,4,2532,12,5
17533,4,2533,122,25
17534,4,2534,196,25
17535,4,2535,289,25
17536,4,2536,26,10
17537,4,2537,55,10
17538,4,2538,288,25
17539,4,2539,206,25
17540,4,2540,32,10
17541,4,2541,234,25
17542,4,2542,8,5
17543,4,2543,120,25
17544,4,2544,293,25
17545,4,2545,260,25
17546,4,2546,23,10
17547,4,2547,282,25
17548,4,2548,99,25
17549,4,2549,30,10
17550,4,2550,132,25
17551,4,2551,80,25
17552,4,2552,49,10
17553,4,2553,247,25
17554,4,2554,26,10
17555,4,2555,21,10
17556,4,2556,51,25
17557,4,2557,39,10
17558,4,2558,300,25
17559,4,2559,68,25
17560,4,2560,137,25
17561,4,2561,59,10
17562,4,2562,255,25
17563,4,2563,12,5
17564,4,2564,7,5
17565,4,2565,286,25
17566,4,2566,9,5
17567,4,2567,39,10
17568,4,2568,95,25
17569,4,2569,115,25
17570,4,2570,179,25
17571,4,2571,293,25
17572,4,2572,182,25
17573,4,2573,25,10
17574,4,2574,59,10
17575,4,2575,236,25
17576,4,2576,33,10
17577,4,2577,34,10
17578,4,2578,28,10
17579,4,2579,289,25
17580,4,2580,28,10
17581,4,2581,16,10
17582,4,2582,209,25
17583,4,2583,218,25
17584,4,2584,206,25
17585,4,2585,190,25
17586,4,2586,289,25
17587,4,2587,17,5
17588,4,2588,219,25
17589,4,2589,137,25
17590,4,2590,37,10
17591,4,2591,34,10
17592,4,2592,13,5
17593,4,2593,201,25
17594,4,2594,300,25
17595,4,2595,38,10
17596,4,2596,190,25
17597,4,2597,125,25
17598,4,2598,68,25
17599,4,2599,15,10
17600,4,2600,147,25
17601,4,2601,32,10
17602,4,2602,35,10
17603,4,2603,42,10
17604,4,2604,203,25
17605,4,2605,175,25
17606,4,2606,137,25
17607,4,2607,69,25
17608,4,2608,14,5
17609,4,2609,65,25
17610,4,2610,9,5
17611,4,2611,102,25
17612,4,2612,5,5
17613,4,2613,298,25
17614,4,2614,190,25
17615,4,2615,147,25
17616,4,2616,148,25
17617,4,2617,137,25
17618,4,2618,14,5
17619,4,2619,292,25
17620,4,2620,103,25
17621,4,2621,208,25
17622,4,2622,9,5
17623,4,2623,15,10
17624,4,2624,13,5
17625,4,2625,18,10
17626,4,2626,19,5
17627,4,2627,31,10
17628,4,2628,45,10
17629,4,2629,9,5
17630,4,2630,45,10
17631,4,2631,93,25
17632,4,2632,175,25
17633,4,2633,18,5
17634,4,2634,173,25
17635,4,2635,55,10
17636,4,2636,17,5
17637,4,2637,200,25
17638,4,2638,54,10
17639,4,2639,224,25
17640,4,2640,17,5
17641,4,2641,277,25
17642,4,2642,29,10
17643,4,2643,285,25
17644,4,2644,257,25
17645,4,2645,18,5
17646,4,2646,199,25
17647,4,2647,18,5
17648,4,2648,57,10
17649,4,2649,34,10
17650,4,2650,17,5
17651,4,2651,16,10
17652,4,2652,161,25
17653,4,2653,144,25
17654,4,2654,38,10
17655,4,2655,21,10
17656,4,2656,27,10
17657,4,2657,285,25
17658,4,2658,39,10
17659,4,2659,57,10
17660,4,2660,33,10
17661,4,2661,26,10
17662,4,2662,210,25
17663,4,2663,5,5
17664,4,2664,21,10
17665,4,2665,97,25
17666,4,2666,194,25
17667,4,2667,197,25
17668,4,2668,289,25
17669,4,2669,243,25
17670,4,2670,61,25
17671,4,2671,37,10
17672,4,2672,240,25
17673,4,2673,47,10
17674,4,2674,74,25
17675,4,2675,58,25
17676,4,2676,211,25
17677,4,2677,13,5
17678,4,2678,40,10
17679,4,2679,197,25
17680,4,2680,20,5
17681,4,2681,128,25
17682,4,2682,122,25
17683,4,2683,147,25
17684,4,2684,217,25
17685,4,2685,26,10
17686,4,2686,50,10
17687,4,2687,33,10
17688,4,2688,20,5
17689,4,2689,290,25
17690,4,2690,57,10
17691,4,2691,232,25
17692,4,2692,235,25
17693,4,2693,25,10
17694,4,2694,19,5
17695,4,2695,48,10
17696,4,2696,49,10
17697,4,2697,11,5
17698,4,2698,20,10
17699,4,2699,56,10
17700,4,2700,118,25
17701,4,2701,17,10
17702,4,2702,34,10
17703,4,2703,23,10
17704,4,2704,30,10
17705,4,2705,203,25
17706,4,2706,47,10
17707,4,2707,23,10
17708,4,2708,17,5
17709,4,2709,15,5
17710,4,2710,64,25
17711,4,2711,9,5
17712,4,2712,255,25
17713,4,2713,106,25
17714,4,2714,58,10
17715,4,2715,139,25
17716,4,2716,182,25
17717,4,2717,247,25
17718,4,2718,14,5
17719,4,2719,15,10
17720,4,2720,166,25
17721,4,2721,24,10
17722,4,2722,54,10
17723,4,2723,247,25
17724,4,2724,233,25
17725,4,2725,182,25
17726,4,2726,17,5
17727,4,2727,122,25
17728,4,2728,272,25
17729,4,2729,70,25
17730,4,2730,47,10
17731,4,2731,231,25
17732,4,2732,69,25
17733,4,2733,16,10
17734,4,2734,280,25
17735,4,2735,19,5
17736,4,2736,32,10
17737,4,2737,257,25
17738,4,2738,67,25
17739,4,2739,25,10
17740,4,2740,150,25
17741,4,2741,48,10
17742,4,2742,110,25
17743,4,2743,291,25
17744,4,2744,11,5
17745,4,2745,238,25
17746,4,2746,102,25
17747,4,2747,36,10
17748,4,2748,243,25
17749,4,2749,264,25
17750,4,2750,72,25
17751,4,2751,15,10
17752,4,2752,10,5
17753,4,2753,53,10
17754,4,2754,23,10
17755,4,2755,299,25
17756,4,2756,55,10
17757,4,2757,27,10
17758,4,2758,206,25
17759,4,2759,49,10
17760,4,2760,17,5
17761,4,2761,14,5
17762,4,2762,105,25
17763,4,2763,297,25
17764,4,2764,55,25
17765,4,2765,13,5
17766,4,2766,43,10
17767,4,2767,98,25
17768,4,2768,46,10
17769,4,2769,265,25
17770,4,2770,39,10
17771,4,2771,59,10
17772,4,2772,259,25
17773,4,2773,28,10
17774,4,2774,188,25
17775,4,2775,160,25
17776,4,2776,19,10
17777,4,2777,8,5
17778,4,2778,182,25
17779,4,2779,298,25
17780,4,2780,38,10
17781,4,2781,273,25
17782,4,2782,189,25
17783,4,2783,92,25
17784,4,2784,31,10
17785,4,2785,37,10
17786,4,2786,72,25
17787,4,2787,115,25
17788,4,2788,141,25
17789,4,2789,287,25
17790,4,2790,76,25
17791,4,2791,32,10
17792,4,2792,212,25
17793,4,2793,18,5
17794,4,2794,56,10
17795,4,2795,57,10
17796,4,2796,283,25
17797,4,2797,78,25
17798,4,2798,9,5
17799,4,2799,157,25
17800,4,2800,54,25
17801,4,2801,34,10
17802,4,2802,174,25
17803,4,2803,34,10
17804,4,2804,194,25
17805,4,2805,78,25
17806,4,2806,20,5
17807,4,2807,13,5
17808,4,2808,12,5
17809,4,2809,273,25
17810,4,2810,52,10
17811,4,2811,157,25
17812,4,2812,5,5
17813,4,2813,9,5
17814,4,2814,130,25
17815,4,2815,24,10
17816,4,2816,18,10
17817,4,2817,116,25
17818,4,2818,244,25
17819,4,2819,45,10
17820,4,2820,247,25
17821,4,2821,151,25
17822,4,2822,43,10
17823,4,2823,35,10
17824,4,2824,25,10
17825,4,2825,103,25
17826,4,2826,298,25
17827,4,2827,263,25
17828,4,2828,15,5
17829,4,2829,19,5
17830,4,2830,45,10
17831,4,2831,233,25
17832,4,2832,12,5
17833,4,2833,147,25
17834,4,2834,35,10
17835,4,2835,59,10
17836,4,2836,258,25
17837,4,2837,74,25
17838,4,2838,118,25
17839,4,2839,14,5
17840,4,2840,52,10
17841,4,2841,19,10
17842,4,2842,7,5
17843,4,2843,18,5
17844,4,2844,78,25
17845,4,2845,30,10
17846,4,2846,16,5
17847,4,2847,16,10
17848,4,2848,179,25
17849,4,2849,19,10
17850,4,2850,248,25
17851,4,2851,31,10
17852,4,2852,16,10
17853,4,2853,35,10
17854,4,2854,33,10
17855,4,2855,177,25
17856,4,2856,58,10
17857,4,2857,18,5
17858,4,2858,240,25
17859,4,2859,229,25
17860,4,2860,5,5
17861,4,2861,51,10
17862,4,2862,91,25
17863,4,2863,5,5
17864,4,2864,286,25
17865,4,2865,11,5
17866,4,2866,14,5
17867,4,2867,10,5
17868,4,2868,18,10
17869,4,2869,26,10
17870,4,2870,120,25
17871,4,2871,16,5
17872,4,2872,45,10
17873,4,2873,28,10
17874,4,2874,27,10
17875,4,2875,120,25
17876,4,2876,127,25
17877,4,2877,19,5
17878,4,2878,88,25
17879,4,2879,112,25
17880,4,2880,18,5
17881,4,2881,64,25
17882,4,2882,93,25
17883,4,2883,15,5
17884,4,2884,48,10
17885,4,2885,220,25
17886,4,2886,37,10
17887,4,2887,42,10
17888,4,2888,43,10
17889,4,2889,65,25
17890,4,2890,234,25
17891,4,2891,36,10
17892,4,2892,81,25
17893,4,2893,41,10
17894,4,2894,16,10
17895,4,2895,42,10
17896,4,2896,56,10
17897,4,2897,93,25
17898,4,2898,22,10
17899,4,2899,91,25
17900,4,2900,10,5
17901,4,2901,229,25
17902,4,2902,12,5
17903,4,2903,240,25
17904,4,2904,20,10
17905,4,2905,19,10
17906,4,2906,5,5
17907,4,2907,147,25
17908,4,2908,18,5
17909,4,2909,200,25
17910,4,2910,293,25
17911,4,2911,289,25
17912,4,2912,252,25
17913,4,2913,20,5
17914,4,2914,20,5
17915,4,2915,34,10
17916,4,2916,19,10
17917,4,2917,103,25
17918,4,2918,17,5
17919,4,2919,142,25
17920,4,2920,274,25
17921,4,2921,17,10
17922,4,2922,140,25
17923,4,2923,28,10
17924,4,2924,296,25
17925,4,2925,39,10
17926,4,2926,34,10
17927,4,2927,294,25
17928,4,2928,8,5
17929,4,2929,41,10
17930,4,2930,9,5
17931,4,2931,220,25
17932,4,2932,222,25
17933,4,2933,261,25
17934,4,2934,200,25
17935,4,2935,298,25
17936,4,2936,218,25
17937,4,2937,20,5
17938,4,2938,231,25
17939,4,2939,17,5
17940,4,2940,296,25
17941,4,2941,293,25
17942,4,2942,215,25
17943,4,2943,127,25
17944,4,2944,191,25
17945,4,2945,40,10
17946,4,2946,16,5
17947,4,2947,274,25
17948,4,2948,31,10
17949,4,2949,19,5
17950,4,2950,22,10
17951,4,2951,13,5
17952,4,2952,56,10
17953,4,2953,19,10
17954,4,2954,36,10
17955,4,2955,57,10
17956,4,2956,55,10
17957,4,2957,18,5
17958,4,2958,35,10
17959,4,2959,35,10
17960,4,2960,57,10
17961,4,2961,152,25
17962,4,2962,14,5
17963,4,2963,50,10
17964,4,2964,163,25
17965,4,2965,20,5
17966,4,2966,43,10
17967,4,2967,50,10
17968,4,2968,235,25
17969,4,2969,113,25
17970,4,2970,11,5
17971,4,2971,31,10
17972,4,2972,50,10
17973,4,2973,134,25
17974,4,2974,72,25
17975,4,2975,20,10
17976,4,2976,271,25
17977,4,2977,296,25
17978,4,2978,14,5
17979,4,2979,203,25
17980,4,2980,22,10
17981,4,2981,154,25
17982,4,2982,55,25
17983,4,2983,197,25
17984,4,2984,120,25
17985,4,2985,151,25
17986,4,2986,213,25
17987,4,2987,31,10
17988,4,2988,43,10
17989,4,2989,103,25
17990,4,2990,28,10
17991,4,2991,91,25
17992,4,2992,93,25
17993,4,2993,83,25
17994,4,2994,36,10
17995,4,2995,12,5
17996,4,2996,132,25
17997,4,2997,15,5
17998,4,2998,210,25
17999,4,2999,78,25
18000,4,3000,37,10
18001,4,3001,51,25
18002,4,3002,120,25
18003,4,3003,255,25
18004,4,3004,127,25
18005,4,3005,16,10
18006,4,3006,294,25
18007,4,3007,15,5
18008,4,3008,291,25
18009,4,3009,15,5
18010,4,3010,229,25
18011,4,3011,25,10
18012,4,3012,28,10
18013,4,3013,41,10
18014,4,3014,57,10
18015,4,3015,124,25
18016,4,3016,32,10
18017,4,3017,228,25
18018,4,3018,49,10
18019,4,3019,235,25
18020,4,3020,73,25
18021,4,3021,27,10
18022,4,3022,172,25
18023,4,3023,19,10
18024,4,3024,12,5
18025,4,3025,19,10
18026,4,3026,199,25
18027,4,3027,143,25
18028,4,3028,41,10
18029,4,3029,9,5
18030,4,3030,165,25
18031,4,3031,54,10
18032,4,3032,59,10
18033,4,3033,37,10
18034,4,3034,151,25
18035,4,3035,131,25
18036,4,3036,29,10
18037,4,3037,47,10
18038,4,3038,8,5
18039,4,3039,18,5
18040,4,3040,74,25
18041,4,3041,208,25
18042,4,3042,36,10
18043,4,3043,57,10
18044,4,3044,33,10
18045,4,3045,15,5
18046,4,3046,163,25
18047,4,3047,43,10
18048,4,3048,229,25
18049,4,3049,20,10
18050,4,3050,156,25
18051,4,3051,150,25
18052,4,3052,19,5
18053,4,3053,224,25
18054,4,3054,185,25
18055,4,3055,26,10
18056,4,3056,60,10
18057,4,3057,138,25
18058,4,3058,155,25
18059,4,3059,26,10
18060,4,3060,22,10
18061,4,3061,6,5
18062,4,3062,15,5
18063,4,3063,57,10
18064,4,3064,17,10
18065,4,3065,166,25
18066,4,3066,25,10
18067,4,3067,261,25
18068,4,3068,165,25
18069,4,3069,157,25
18070,4,3070,215,25
18071,4,3071,108,25
18072,4,3072,7,5
18073,4,3073,36,10
18074,4,3074,7,5
18075,4,3075,159,25
18076,4,3076,44,10
18077,4,3077,47,10
18078,4,3078,25,10
18079,4,3079,18,5
18080,4,3080,106,25
18081,4,3081,13,5
18082,4,3082,19,10
18083,4,3083,19,5
18084,4,3084,55,10
18085,4,3085,202,25
18086,4,3086,49,10
18087,4,3087,270,25
18088,4,3088,59,10
18089,4,3089,16,10
18090,4,3090,19,5
18091,4,3091,68,25
18092,4,3092,69,25
18093,4,3093,32,10
18094,4,3094,31,10
18095,4,3095,34,10
18096,4,3096,259,25
18097,4,3097,113,25
18098,4,3098,52,10
18099,4,3099,26,10
18100,4,3100,252,25
18101,4,3101,108,25
18102,4,3102,50,10
18103,4,3103,18,10
18104,4,3104,123,25
18105,4,3105,103,25
18106,4,3106,38,10
18107,4,3107,176,25
18108,4,3108,148,25
18109,4,3109,22,10
18110,4,3110,63,25
18111,4,3111,101,25
18112,4,3112,283,25
18113,4,3113,21,10
18114,4,3114,18,10
18115,4,3115,44,10
18116,4,3116,15,10
18117,4,3117,179,25
18118,4,3118,56,10
18119,4,3119,5,5
18120,4,3120,259,25
18121,4,3121,215,25
18122,4,3122,252,25
18123,4,3123,25,10
18124,4,3124,22,10
18125,4,3125,18,10
18126,4,3126,56,25
18127,4,3127,275,25
18128,4,3128,170,25
18129,4,3129,5,5
18130,4,3130,57,10
18131,4,3131,287,25
18132,4,3132,260,25
18133,4,3133,144,25
18134,4,3134,163,25
18135,4,3135,199,25
18136,4,3136,15,5
18137,4,3137,41,10
18138,4,3138,16,5
18139,4,3139,247,25
18140,4,3140,108,25
18141,4,3141,97,25
18142,4,3142,21,10
18143,4,3143,104,25
18144,4,3144,37,10
18145,4,3145,15,10
18146,4,3146,18,5
18147,4,3147,32,10
18148,4,3148,256,25
18149,4,3149,152,25
18150,4,3150,50,25
18151,4,3151,15,5
18152,4,3152,262,25
18153,4,3153,25,10
18154,4,3154,228,25
18155,4,3155,157,25
18156,4,3156,157,25
18157,4,3157,89,25
18158,4,3158,123,25
18159,4,3159,117,25
18160,4,3160,12,5
18161,4,3161,300,25
18162,4,3162,36,10
18163,4,3163,28,10
18164,4,3164,257,25
18165,4,3165,281,25
18166,4,3166,56,10
18167,4,3167,273,25
18168,4,3168,265,25
18169,4,3169,79,25
18170,4,3170,79,25
18171,4,3171,36,10
18172,4,3172,22,10
18173,4,3173,90,25
18174,4,3174,19,10
18175,4,3175,35,10
18176,4,3176,268,25
18177,4,3177,18,10
18178,4,3178,170,25
18179,4,3179,164,25
18180,4,3180,45,10
18181,4,3181,20,5
18182,4,3182,56,10
18183,4,3183,44,10
18184,4,3184,48,10
18185,4,3185,254,25
18186,4,3186,152,25
18187,4,3187,209,25
18188,4,3188,24,10
18189,4,3189,36,10
18190,4,3190,49,10
18191,4,3191,60,25
18192,4,3192,26,10
18193,4,3193,159,25
18194,4,3194,271,25
18195,4,3195,18,10
18196,4,3196,23,10
18197,4,3197,58,10
18198,4,3198,170,25
18199,4,3199,136,25
18200,4,3200,285,25
18201,4,3201,228,25
18202,4,3202,54,10
18203,4,3203,109,25
18204,4,3204,23,10
18205,4,3205,100,25
18206,4,3206,23,10
18207,4,3207,34,10
18208,4,3208,256,25
18209,4,3209,16,10
18210,4,3210,20,5
18211,4,3211,257,25
18212,4,3212,242,25
18213,4,3213,19,10
18214,4,3214,15,5
18215,4,3215,42,10
18216,4,3216,92,25
18217,4,3217,29,10
18218,4,3218,136,25
18219,4,3219,60,10
18220,4,3220,102,25
18221,4,3221,163,25
18222,4,3222,5,5
18223,4,3223,200,25
18224,4,3224,25,10
18225,4,3225,5,5
18226,4,3226,14,5
18227,4,3227,46,10
18228,4,3228,23,10
18229,4,3229,37,10
18230,4,3230,9,5
18231,4,3231,106,25
18232,4,3232,274,25
18233,4,3233,209,25
18234,4,3234,19,5
18235,4,3235,27,10
18236,4,3236,65,25
18237,4,3237,8,5
18238,4,3238,10,5
18239,4,3239,131,25
18240,4,3240,286,25
18241,4,3241,47,10
18242,4,3242,46,10
18243,4,3243,122,25
18244,4,3244,16,5
18245,4,3245,6,5
18246,4,3246,76,25
18247,4,3247,6,5
18248,4,3248,33,10
18249,4,3249,18,5
18250,4,3250,207,25
18251,4,3251,182,25
18252,4,3252,11,5
18253,4,3253,57,10
18254,4,3254,16,5
18255,4,3255,189,25
18256,4,3256,139,25
18257,4,3257,132,25
18258,4,3258,100,25
18259,4,3259,11,5
18260,4,3260,191,25
18261,4,3261,17,5
18262,4,3262,23,10
18263,4,3263,257,25
18264,4,3264,133,25
18265,4,3265,158,25
18266,4,3266,56,10
18267,4,3267,13,5
18268,4,3268,16,5
18269,4,3269,289,25
18270,4,3270,7,5
18271,4,3271,19,5
18272,4,3272,118,25
18273,4,3273,18,5
18274,4,3274,278,25
18275,4,3275,7,5
18276,4,3276,30,10
18277,4,3277,127,25
18278,4,3278,19,10
18279,4,3279,50,10
18280,4,3280,31,10
18281,4,3281,10,5
18282,4,3282,26,10
18283,4,3283,199,25
18284,4,3284,174,25
18285,4,3285,37,10
18286,4,3286,11,5
18287,4,3287,16,5
18288,4,3288,53,10
18289,4,3289,99,25
18290,4,3290,30,10
18291,4,3291,44,10
18292,4,3292,17,10
18293,4,3293,71,25
18294,4,3294,36,10
18295,4,3295,19,5
18296,4,3296,27,10
18297,4,3297,96,25
18298,4,3298,22,10
18299,4,3299,45,10
18300,4,3300,19,5
18301,4,3301,148,25
18302,4,3302,57,25
18303,4,3303,56,10
18304,4,3304,190,25
18305,4,3305,205,25
18306,4,3306,118,25
18307,4,3307,147,25
18308,4,3308,171,25
18309,4,3309,19,5
18310,4,3310,37,10
18311,4,3311,55,10
18312,4,3312,45,10
18313,4,3313,60,10
18314,4,3314,15,5
18315,4,3315,97,25
18316,4,3316,269,25
18317,4,3317,8,5
18318,4,3318,18,5
18319,4,3319,229,25
18320,4,3320,37,10
18321,4,3321,41,10
18322,4,3322,11,5
18323,4,3323,13,5
18324,4,3324,55,10
18325,4,3325,155,25
18326,4,3326,10,5
18327,4,3327,16,5
18328,4,3328,58,10
18329,4,3329,59,25
18330,4,3330,287,25
18331,4,3331,110,25
18332,4,3332,144,25
18333,4,3333,16,5
18334,4,3334,162,25
18335,4,3335,22,10
18336,4,3336,157,25
18337,4,3337,101,25
18338,4,3338,279,25
18339,4,3339,6,5
18340,4,3340,129,25
18341,4,3341,61,25
18342,4,3342,18,10
18343,4,3343,21,10
18344,4,3344,21,10
18345,4,3345,41,10
18346,4,3346,50,10
18347,4,3347,232,25
18348,4,3348,45,10
18349,4,3349,157,25
18350,4,3350,54,10
18351,4,3351,79,25
18352,4,3352,143,25
18353,4,3353,227,25
18354,4,3354,34,10
18355,4,3355,42,10
18356,4,3356,300,25
18357,4,3357,184,25
18358,4,3358,18,5
18359,4,3359,136,25
18360,4,3360,13,5
18361,4,3361,7,5
18362,4,3362,117,25
18363,4,3363,9,5
18364,4,3364,6,5
18365,4,3365,116,25
18366,4,3366,164,25
18367,4,3367,20,10
18368,4,3368,232,25
18369,4,3369,20,5
18370,4,3370,230,25
18371,4,3371,53,10
18372,4,3372,31,10
18373,4,3373,268,25
18374,4,3374,251,25
18375,4,3375,14,5
18376,4,3376,15,5
18377,4,3377,48,10
18378,4,3378,50,10
18379,4,3379,29,10
18380,4,3380,29,10
18381,4,3381,190,25
18382,4,3382,15,5
18383,4,3383,124,25
18384,4,3384,59,10
18385,4,3385,56,10
18386,4,3386,28,10
18387,4,3387,28,10
18388,4,3388,245,25
18389,4,3389,122,25
18390,4,3390,58,10
18391,4,3391,280,25
18392,4,3392,99,25
18393,4,3393,105,25
18394,4,3394,30,10
18395,4,3395,248,25
18396,4,3396,18,10
18397,4,3397,272,25
18398,4,3398,52,10
18399,4,3399,119,25
18400,4,3400,17,5
18401,4,3401,214,25
18402,4,3402,16,10
18403,4,3403,262,25
18404,4,3404,156,25
18405,4,3405,33,10
18406,4,3406,54,10
18407,4,3407,14,5
18408,4,3408,14,5
18409,4,3409,8,5
18410,4,3410,179,25
18411,4,3411,52,25
18412,4,3412,133,25
18413,4,3413,38,10
18414,4,3414,97,25
18415,4,3415,192,25
18416,4,3416,216,25
18417,4,3417,8,5
18418,4,3418,153,25
18419,4,3419,70,25
18420,4,3420,139,25
18421,4,3421,78,25
18422,4,3422,185,25
18423,4,3423,218,25
18424,4,3424,89,25
18425,4,3425,9,5
18426,4,3426,42,10
18427,4,3427,218,25
18428,4,3428,35,10
18429,4,3429,55,10
18430,4,3430,130,25
18431,4,3431,21,10
18432,4,3432,49,10
18433,4,3433,170,25
18434,4,3434,30,10
18435,4,3435,87,25
18436,4,3436,53,10
18437,4,3437,268,25
18438,4,3438,49,10
18439,4,3439,35,10
18440,4,3440,20,10
18441,4,3441,52,10
18442,4,3442,7,5
18443,4,3443,47,10
18444,4,3444,217,25
18445,4,3445,20,5
18446,4,3446,47,10
18447,4,3447,25,10
18448,4,3448,7,5
18449,4,3449,223,25
18450,4,3450,21,10
18451,4,3451,6,5
18452,4,3452,32,10
18453,4,3453,40,10
18454,4,3454,18,5
18455,4,3455,85,25
18456,4,3456,98,25
18457,4,3457,42,10
18458,4,3458,103,25
18459,4,3459,51,10
18460,4,3460,62,25
18461,4,3461,192,25
18462,4,3462,19,10
18463,4,3463,152,25
18464,4,3464,44,10
18465,4,3465,41,10
18466,4,3466,12,5
18467,4,3467,47,10
18468,4,3468,10,5
18469,4,3469,46,10
18470,4,3470,82,25
18471,4,3471,206,25
18472,4,3472,37,10
18473,4,3473,289,25
18474,4,3474,6,5
18475,4,3475,58,10
18476,4,3476,174,25
18477,4,3477,45,10
18478,4,3478,166,25
18479,4,3479,168,25
18480,4,3480,300,25
18481,4,3481,213,25
18482,4,3482,20,5
18483,4,3483,56,10
18484,4,3484,32,10
18485,4,3485,14,5
18486,4,3486,19,5
18487,4,3487,57,10
18488,4,3488,110,25
18489,4,3489,26,10
18490,4,3490,92,25
18491,4,3491,45,10
18492,4,3492,237,25
18493,4,3493,289,25
18494,4,3494,41,10
18495,4,3495,272,25
18496,4,3496,94,25
18497,4,3497,60,10
18498,4,3498,44,10
18499,4,3499,249,25
18500,4,3500,60,10
18501,4,3501,143,25
18502,4,3502,33,10
18503,4,3503,6,5
18504,4,3504,246,25
18505,4,3505,195,25
18506,4,3506,17,10
18507,4,3507,38,10
18508,4,3508,173,25
18509,4,3509,7,5
18510,4,3510,37,10
18511,4,3511,43,10
18512,4,3512,71,25
18513,4,3513,6,5
18514,4,3514,44,10
18515,4,3515,32,10
18516,4,3516,14,5
18517,4,3517,213,25
18518,4,3518,57,10
18519,4,3519,95,25
18520,4,3520,14,5
18521,4,3521,49,10
18522,4,3522,18,10
18523,4,3523,54,25
18524,4,3524,229,25
18525,4,3525,225,25
18526,4,3526,15,5
18527,4,3527,58,10
18528,4,3528,233,25
18529,4,3529,6,5
18530,4,3530,293,25
18531,4,3531,57,10
18532,4,3532,255,25
18533,4,3533,97,25
18534,4,3534,25,10
18535,4,3535,54,10
18536,4,3536,66,25
18537,4,3537,46,10
18538,4,3538,34,10
18539,4,3539,165,25
18540,4,3540,15,5
18541,4,3541,19,5
18542,4,3542,279,25
18543,4,3543,269,25
18544,4,3544,46,10
18545,4,3545,286,25
18546,4,3546,135,25
18547,4,3547,189,25
18548,4,3548,45,10
18549,4,3549,30,10
18550,4,3550,185,25
18551,4,3551,31,10
18552,4,3552,101,25
18553,4,3553,22,10
18554,4,3554,42,10
18555,4,3555,124,25
18556,4,3556,34,10
18557,4,3557,52,10
18558,4,3558,5,5
18559,4,3559,213,25
18560,4,3560,239,25
18561,4,3561,122,25
18562,4,3562,128,25
18563,4,3563,28,10
18564,4,3564,15,10
18565,4,3565,227,25
18566,4,3566,271,25
18567,4,3567,217,25
18568,4,3568,107,25
18569,4,3569,44,10
18570,4,3570,32,10
18571,4,3571,288,25
18572,4,3572,52,25
18573,4,3573,110,25
18574,4,3574,208,25
18575,4,3575,5,5
18576,4,3576,36,10
18577,4,3577,55,10
18578,4,3578,17,5
18579,4,3579,148,25
18580,4,3580,47,10
18581,4,3581,271,25
18582,4,3582,34,10
18583,4,3583,12,5
18584,4,3584,9,5
18585,4,3585,276,25
18586,4,3586,125,25
18587,4,3587,13,5
18588,4,3588,11,5
18589,4,3589,16,10
18590,4,3590,12,5
18591,4,3591,148,25
18592,4,3592,112,25
18593,4,3593,10,5
18594,4,3594,52,10
18595,4,3595,194,25
18596,4,3596,8,5
18597,4,3597,142,25
18598,4,3598,146,25
18599,4,3599,11,5
18600,4,3600,20,10
18601,4,3601,13,5
18602,4,3602,28,10
18603,4,3603,54,10
18604,4,3604,47,10
18605,4,3605,289,25
18606,4,3606,6,5
18607,4,3607,37,10
18608,4,3608,29,10
18609,4,3609,14,5
18610,4,3610,266,25
18611,4,3611,110,25
18612,4,3612,53,10
18613,4,3613,149,25
18614,4,3614,42,10
18615,4,3615,63,25
18616,4,3616,204,25
18617,4,3617,28,10
18618,4,3618,49,10
18619,4,3619,261,25
18620,4,3620,57,10
18621,4,3621,57,25
18622,4,3622,200,25
18623,4,3623,48,10
18624,4,3624,26,10
18625,4,3625,174,25
18626,4,3626,71,25
18627,4,3627,11,5
18628,4,3628,14,5
18629,4,3629,27,10
18630,4,3630,34,10
18631,4,3631,207,25
18632,4,3632,39,10
18633,4,3633,7,5
18634,4,3634,18,10
18635,4,3635,65,25
18636,4,3636,13,5
18637,4,3637,22,10
18638,4,3638,52,10
18639,4,3639,65,25
18640,4,3640,42,10
18641,4,3641,239,25
18642,4,3642,240,25
18643,4,3643,173,25
18644,4,3644,20,10
18645,4,3645,9,5
18646,4,3646,194,25
18647,4,3647,78,25
18648,4,3648,300,25
18649,4,3649,221,25
18650,4,3650,44,10
18651,4,3651,7,5
18652,4,3652,117,25
18653,4,3653,19,10
18654,4,3654,37,10
18655,4,3655,44,10
18656,4,3656,30,10
18657,4,3657,241,25
18658,4,3658,195,25
18659,4,3659,158,25
18660,4,3660,5,5
18661,4,3661,58,10
18662,4,3662,50,10
18663,4,3663,129,25
18664,4,3664,175,25
18665,4,3665,12,5
18666,4,3666,15,5
18667,4,3667,35,10
18668,4,3668,59,10
18669,4,3669,36,10
18670,4,3670,27,10
18671,4,3671,45,10
18672,4,3672,232,25
18673,4,3673,163,25
18674,4,3674,70,25
18675,4,3675,217,25
18676,4,3676,5,5
18677,4,3677,14,5
18678,4,3678,6,5
18679,4,3679,137,25
18680,4,3680,17,10
18681,4,3681,152,25
18682,4,3682,15,10
18683,4,3683,10,5
18684,4,3684,5,5
18685,4,3685,50,10
18686,4,3686,19,5
18687,4,3687,170,25
18688,4,3688,22,10
18689,4,3689,9,5
18690,4,3690,41,10
18691,4,3691,27,10
18692,4,3692,90,25
18693,4,3693,90,25
18694,4,3694,10,5
18695,4,3695,86,25
18696,4,3696,248,25
18697,4,3697,19,10
18698,4,3698,20,5
18699,4,3699,69,25
18700,4,3700,115,25
18701,4,3701,60,10
18702,4,3702,173,25
18703,4,3703,184,25
18704,4,3704,167,25
18705,4,3705,24,10
18706,4,3706,246,25
18707,4,3707,283,25
18708,4,3708,300,25
18709,4,3709,96,25
18710,4,3710,124,25
18711,4,3711,206,25
18712,4,3712,36,10
18713,4,3713,270,25
18714,4,3714,258,25
18715,4,3715,261,25
18716,4,3716,41,10
18717,4,3717,35,10
18718,4,3718,225,25
18719,4,3719,16,5
18720,4,3720,24,10
18721,4,3721,18,5
18722,4,3722,293,25
18723,4,3723,51,10
18724,4,3724,61,25
18725,4,3725,34,10
18726,4,3726,20,5
18727,4,3727,17,10
18728,4,3728,14,5
18729,4,3729,231,25
18730,4,3730,11,5
18731,4,3731,22,10
18732,4,3732,94,25
18733,4,3733,16,5
18734,4,3734,52,10
18735,4,3735,6,5
18736,4,3736,202,25
18737,4,3737,268,25
18738,4,3738,11,5
18739,4,3739,16,5
18740,4,3740,124,25
18741,4,3741,23,10
18742,4,3742,242,25
18743,4,3743,29,10
18744,4,3744,19,10
18745,4,3745,8,5
18746,4,3746,9,5
18747,4,3747,32,10
18748,4,3748,45,10
18749,4,3749,12,5
18750,4,3750,12,5
18751,4,3751,9,5
18752,4,3752,54,10
18753,4,3753,186,25
18754,4,3754,297,25
18755,4,3755,41,10
18756,4,3756,62,25
18757,4,3757,42,10
18758,4,3758,16,10
18759,4,3759,19,5
18760,4,3760,54,10
18761,4,3761,246,25
18762,4,3762,20,10
18763,4,3763,31,10
18764,4,3764,80,25
18765,4,3765,18,5
18766,4,3766,46,10
18767,4,3767,18,5
18768,4,3768,238,25
18769,4,3769,15,10
18770,4,3770,211,25
18771,4,3771,87,25
18772,4,3772,260,25
18773,4,3773,104,25
18774,4,3774,214,25
18775,4,3775,191,25
18776,4,3776,137,25
18777,4,3777,19,5
18778,4,3778,54,10
18779,4,3779,14,5
18780,4,3780,60,10
18781,4,3781,42,10
18782,4,3782,100,25
18783,4,3783,29,10
18784,4,3784,29,10
18785,4,3785,8,5
18786,4,3786,59,10
18787,4,3787,152,25
18788,4,3788,40,10
18789,4,3789,286,25
18790,4,3790,225,25
18791,4,3791,18,10
18792,4,3792,17,10
18793,4,3793,12,5
18794,4,3794,13,5
18795,4,3795,38,10
18796,4,3796,14,5
18797,4,3797,47,10
18798,4,3798,18,5
18799,4,3799,241,25
18800,4,3800,54,25
18801,4,3801,125,25
18802,4,3802,53,10
18803,4,3803,57,25
18804,4,3804,36,10
18805,4,3805,32,10
18806,4,3806,9,5
18807,4,3807,25,10
18808,4,3808,21,10
18809,4,3809,7,5
18810,4,3810,28,10
18811,4,3811,277,25
18812,4,3812,35,10
18813,4,3813,281,25
18814,4,3814,5,5
18815,4,3815,206,25
18816,4,3816,15,5
18817,4,3817,195,25
18818,4,3818,7,5
18819,4,3819,199,25
18820,4,3820,30,10
18821,4,3821,23,10
18822,4,3822,18,5
18823,4,3823,44,10
18824,4,3824,16,10
18825,4,3825,85,25
18826,4,3826,236,25
18827,4,3827,15,5
18828,4,3828,41,10
18829,4,3829,95,25
18830,4,3830,5,5
18831,4,3831,17,10
18832,4,3832,14,5
18833,4,3833,75,25
18834,4,3834,125,25
18835,4,3835,10,5
18836,4,3836,37,10
18837,4,3837,103,25
18838,4,3838,31,10
18839,4,3839,262,25
18840,4,3840,37,10
18841,4,3841,234,25
18842,4,3842,19,5
18843,4,3843,11,5
18844,4,3844,23,10
18845,4,3845,18,5
18846,4,3846,252,25
18847,4,3847,86,25
18848,4,3848,48,10
18849,4,3849,56,10
18850,4,3850,63,25
18851,4,3851,168,25
18852,4,3852,38,10
18853,4,3853,19,5
18854,4,3854,79,25
18855,4,3855,76,25
18856,4,3856,19,10
18857,4,3857,163,25
18858,4,3858,296,25
18859,4,3859,25,10
18860,4,3860,48,10
18861,4,3861,216,25
18862,4,3862,9,5
18863,4,3863,7,5
18864,4,3864,235,25
18865,4,3865,48,10
18866,4,3866,35,10
18867,4,3867,55,10
18868,4,3868,110,25
18869,4,3869,6,5
18870,4,3870,28,10
18871,4,3871,17,5
18872,4,3872,296,25
18873,4,3873,56,10
18874,4,3874,84,25
18875,4,3875,47,10
18876,4,3876,280,25
18877,4,3877,249,25
18878,4,3878,11,5
18879,4,3879,7,5
18880,4,3880,69,25
18881,4,3881,149,25
18882,4,3882,5,5
18883,4,3883,42,10
18884,4,3884,9,5
18885,4,3885,54,10
18886,4,3886,219,25
18887,4,3887,254,25
18888,4,3888,27,10
18889,4,3889,18,5
18890,4,3890,16,10
18891,4,3891,13,5
18892,4,3892,155,25
18893,4,3893,115,25
18894,4,3894,17,5
18895,4,3895,20,5
18896,4,3896,58,10
18897,4,3897,117,25
18898,4,3898,33,10
18899,4,3899,5,5
18900,4,3900,44,10
18901,4,3901,27,10
18902,4,3902,35,10
18903,4,3903,192,25
18904,4,3904,225,25
18905,4,3905,9,5
18906,4,3906,145,25
18907,4,3907,54,10
18908,4,3908,48,10
18909,4,3909,250,25
18910,4,3910,37,10
18911,4,3911,172,25
18912,4,3912,135,25
18913,4,3913,205,25
18914,4,3914,15,5
18915,4,3915,18,10
18916,4,3916,128,25
18917,4,3917,67,25
18918,4,3918,283,25
18919,4,3919,290,25
18920,4,3920,198,25
18921,4,3921,132,25
18922,4,3922,33,10
18923,4,3923,49,10
18924,4,3924,154,25
18925,4,3925,23,10
18926,4,3926,54,10
18927,4,3927,15,5
18928,4,3928,50,10
18929,4,3929,26,10
18930,4,3930,20,10
18931,4,3931,21,10
18932,4,3932,167,25
18933,4,3933,221,25
18934,4,3934,101,25
18935,4,3935,27,10
18936,4,3936,13,5
18937,4,3937,268,25
18938,4,3938,16,5
18939,4,3939,60,10
18940,4,3940,46,10
18941,4,3941,44,10
18942,4,3942,30,10
18943,4,3943,17,5
18944,4,3944,39,10
18945,4,3945,162,25
18946,4,3946,15,10
18947,4,3947,221,25
18948,4,3948,17,10
18949,4,3949,23,10
18950,4,3950,233,25
18951,4,3951,60,10
18952,4,3952,85,25
18953,4,3953,14,5
18954,4,3954,16,5
18955,4,3955,16,5
18956,4,3956,41,10
18957,4,3957,18,5
18958,4,3958,16,5
18959,4,3959,99,25
18960,4,3960,185,25
18961,4,3961,73,25
18962,4,3962,53,10
18963,4,3963,41,10
18964,4,3964,126,25
18965,4,3965,46,10
18966,4,3966,50,10
18967,4,3967,18,10
18968,4,3968,19,5
18969,4,3969,18,5
18970,4,3970,200,25
18971,4,3971,50,10
18972,4,3972,221,25
18973,4,3973,23,10
18974,4,3974,297,25
18975,4,3975,38,10
18976,4,3976,57,10
18977,4,3977,211,25
18978,4,3978,46,10
18979,4,3979,59,10
18980,4,3980,19,5
18981,4,3981,268,25
18982,4,3982,20,5
18983,4,3983,31,10
18984,4,3984,36,10
18985,4,3985,41,10
18986,4,3986,202,25
18987,4,3987,46,10
18988,4,3988,50,10
18989,4,3989,276,25
18990,4,3990,51,25
18991,4,3991,16,10
18992,4,3992,31,10
18993,4,3993,27,10
18994,4,3994,200,25
18995,4,3995,281,25
18996,4,3996,36,10
18997,4,3997,60,10
18998,4,3998,108,25
18999,4,3999,48,10
19000,4,4000,17,10
19001,4,4001,18,5
19002,4,4002,30,10
19003,4,4003,229,25
19004,4,4004,281,25
19005,4,4005,12,5
19006,4,4006,46,10
19007,4,4007,10,5
19008,4,4008,9,5
19009,4,4009,237,25
19010,4,4010,232,25
19011,4,4011,215,25
19012,4,4012,59,10
19013,4,4013,160,25
19014,4,4014,8,5
19015,4,4015,15,5
19016,4,4016,7,5
19017,4,4017,10,5
19018,4,4018,40,10
19019,4,4019,23,10
19020,4,4020,134,25
19021,4,4021,55,25
19022,4,4022,119,25
19023,4,4023,52,10
19024,4,4024,36,10
19025,4,4025,47,10
19026,4,4026,20,5
19027,4,4027,12,5
19028,4,4028,84,25
19029,4,4029,236,25
19030,4,4030,37,10
19031,4,4031,17,10
19032,4,4032,12,5
19033,4,4033,8,5
19034,4,4034,22,10
19035,4,4035,44,10
19036,4,4036,133,25
19037,4,4037,5,5
19038,4,4038,16,5
19039,4,4039,55,25
19040,4,4040,47,10
19041,4,4041,9,5
19042,4,4042,134,25
19043,4,4043,13,5
19044,4,4044,46,10
19045,4,4045,247,25
19046,4,4046,177,25
19047,4,4047,72,25
19048,4,4048,17,5
19049,4,4049,52,25
19050,4,4050,88,25
19051,4,4051,274,25
19052,4,4052,171,25
19053,4,4053,19,5
19054,4,4054,32,10
19055,4,4055,25,10
19056,4,4056,285,25
19057,4,4057,299,25
19058,4,4058,203,25
19059,4,4059,7,5
19060,4,4060,25,10
19061,4,4061,21,10
19062,4,4062,273,25
19063,4,4063,243,25
19064,4,4064,27,10
19065,4,4065,54,25
19066,4,4066,175,25
19067,4,4067,72,25
19068,4,4068,23,10
19069,4,4069,61,25
19070,4,4070,34,10
19071,4,4071,132,25
19072,4,4072,18,5
19073,4,4073,17,5
19074,4,4074,223,25
19075,4,4075,11,5
19076,4,4076,33,10
19077,4,4077,17,10
19078,4,4078,218,25
19079,4,4079,181,25
19080,4,4080,291,25
19081,4,4081,15,10
19082,4,4082,81,25
19083,4,4083,37,10
19084,4,4084,121,25
19085,4,4085,7,5
19086,4,4086,147,25
19087,4,4087,148,25
19088,4,4088,287,25
19089,4,4089,26,10
19090,4,4090,129,25
19091,4,4091,142,25
19092,4,4092,184,25
19093,4,4093,48,10
19094,4,4094,111,25
19095,4,4095,20,5
19096,4,4096,261,25
19097,4,4097,250,25
19098,4,4098,38,10
19099,4,4099,24,10
19100,4,4100,32,10
19101,4,4101,47,10
19102,4,4102,8,5
19103,4,4103,91,25
19104,4,4104,292,25
19105,4,4105,51,10
19106,4,4106,258,25
19107,4,4107,180,25
19108,4,4108,22,10
19109,4,4109,14,5
19110,4,4110,204,25
19111,4,4111,43,10
19112,4,4112,211,25
19113,4,4113,122,25
19114,4,4114,52,10
19115,4,4115,24,10
19116,4,4116,53,10
19117,4,4117,14,5
19118,4,4118,230,25
19119,4,4119,58,10
19120,4,4120,142,25
19121,4,4121,34,10
19122,4,4122,16,5
19123,4,4123,8,5
19124,4,4124,18,10
19125,4,4125,268,25
19126,4,4126,40,10
19127,4,4127,57,10
19128,4,4128,22,10
19129,4,4129,166,25
19130,4,4130,106,25
19131,4,4131,20,10
19132,4,4132,15,5
19133,4,4133,107,25
19134,4,4134,113,25
19135,4,4135,11,5
19136,4,4136,21,10
19137,4,4137,55,10
19138,4,4138,15,10
19139,4,4139,233,25
19140,4,4140,14,5
19141,4,4141,243,25
19142,4,4142,52,10
19143,4,4143,245,25
19144,4,4144,155,25
19145,4,4145,52,10
19146,4,4146,82,25
19147,4,4147,253,25
19148,4,4148,222,25
19149,4,4149,39,10
19150,4,4150,18,10
19151,4,4151,11,5
19152,4,4152,233,25
19153,4,4153,12,5
19154,4,4154,155,25
19155,4,4155,20,10
19156,4,4156,142,25
19157,4,4157,58,10
19158,4,4158,46,10
19159,4,4159,227,25
19160,4,4160,12,5
19161,4,4161,37,10
19162,4,4162,27,10
19163,4,4163,33,10
19164,4,4164,20,5
19165,4,4165,43,10
19166,4,4166,42,10
19167,4,4167,56,10
19168,4,4168,70,25
19169,4,4169,5,5
19170,4,4170,16,5
19171,4,4171,163,25
19172,4,4172,5,5
19173,4,4173,127,25
19174,4,4174,11,5
19175,4,4175,45,10
19176,4,4176,261,25
19177,4,4177,6,5
19178,4,4178,121,25
19179,4,4179,32,10
19180,4,4180,14,5
19181,4,4181,216,25
19182,4,4182,257,25
19183,4,4183,19,5
19184,4,4184,20,5
19185,4,4185,156,25
19186,4,4186,13,5
19187,4,4187,30,10
19188,4,4188,10,5
19189,4,4189,157,25
19190,4,4190,21,10
19191,4,4191,16,5
19192,4,4192,26,10
19193,4,4193,284,25
19194,4,4194,242,25
19195,4,4195,44,10
19196,4,4196,11,5
19197,4,4197,14,5
19198,4,4198,16,5
19199,4,4199,5,5
19200,4,4200,265,25
19201,4,4201,34,10
19202,4,4202,11,5
19203,4,4203,47,10
19204,4,4204,88,25
19205,4,4205,16,5
19206,4,4206,283,25
19207,4,4207,251,25
19208,4,4208,129,25
19209,4,4209,113,25
19210,4,4210,15,10
19211,4,4211,5,5
19212,4,4212,95,25
19213,4,4213,12,5
19214,4,4214,24,10
19215,4,4215,102,25
19216,4,4216,37,10
19217,4,4217,120,25
19218,4,4218,46,10
19219,4,4219,244,25
19220,4,4220,20,5
19221,4,4221,41,10
19222,4,4222,102,25
19223,4,4223,16,5
19224,4,4224,296,25
19225,4,4225,157,25
19226,4,4226,183,25
19227,4,4227,260,25
19228,4,4228,7,5
19229,4,4229,223,25
19230,4,4230,53,10
19231,4,4231,7,5
19232,4,4232,15,5
19233,4,4233,96,25
19234,4,4234,11,5
19235,4,4235,114,25
19236,4,4236,42,10
19237,4,4237,101,25
19238,4,4238,57,10
19239,4,4239,17,5
19240,4,4240,20,10
19241,4,4241,101,25
19242,4,4242,20,5
19243,4,4243,280,25
19244,4,4244,272,25
19245,4,4245,145,25
19246,4,4246,10,5
19247,4,4247,74,25
19248,4,4248,43,10
19249,4,4249,27,10
19250,4,4250,40,10
19251,4,4251,89,25
19252,4,4252,20,5
19253,4,4253,58,10
19254,4,4254,15,10
19255,4,4255,50,10
19256,4,4256,43,10
19257,4,4257,37,10
19258,4,4258,7,5
19259,4,4259,84,25
19260,4,4260,17,5
19261,4,4261,279,25
19262,4,4262,281,25
19263,4,4263,23,10
19264,4,4264,63,25
19265,4,4265,284,25
19266,4,4266,190,25
19267,4,4267,137,25
19268,4,4268,227,25
19269,4,4269,54,10
19270,4,4270,23,10
19271,4,4271,36,10
19272,4,4272,45,10
19273,4,4273,266,25
19274,4,4274,257,25
19275,4,4275,72,25
19276,4,4276,19,10
19277,4,4277,106,25
19278,4,4278,201,25
19279,4,4279,91,25
19280,4,4280,52,10
19281,4,4281,42,10
19282,4,4282,172,25
19283,4,4283,191,25
19284,4,4284,156,25
19285,4,4285,182,25
19286,4,4286,219,25
19287,4,4287,108,25
19288,4,4288,44,10
19289,4,4289,219,25
19290,4,4290,19,5
19291,4,4291,45,10
19292,4,4292,6,5
19293,4,4293,59,25
19294,4,4294,57,25
19295,4,4295,177,25
19296,4,4296,267,25
19297,4,4297,28,10
19298,4,4298,242,25
19299,4,4299,15,10
19300,4,4300,265,25
19301,4,4301,186,25
19302,4,4302,8,5
19303,4,4303,31,10
19304,4,4304,21,10
19305,4,4305,25,10
19306,4,4306,142,25
19307,4,4307,235,25
19308,4,4308,186,25
19309,4,4309,33,10
19310,4,4310,15,10
19311,4,4311,250,25
19312,4,4312,15,10
19313,4,4313,16,10
19314,4,4314,212,25
19315,4,4315,278,25
19316,4,4316,66,25
19317,4,4317,44,10
19318,4,4318,269,25
19319,4,4319,7,5
19320,4,4320,192,25
19321,4,4321,85,25
19322,4,4322,158,25
19323,4,4323,6,5
19324,4,4324,98,25
19325,4,4325,60,25
19326,4,4326,296,25
19327,4,4327,31,10
19328,4,4328,132,25
19329,4,4329,23,10
19330,4,4330,127,25
19331,4,4331,65,25
19332,4,4332,20,10
19333,4,4333,38,10
19334,4,4334,56,10
19335,4,4335,125,25
19336,4,4336,28,10
19337,4,4337,47,10
19338,4,4338,264,25
19339,4,4339,278,25
19340,4,4340,18,10
19341,4,4341,37,10
19342,4,4342,293,25
19343,4,4343,15,10
19344,4,4344,152,25
19345,4,4345,12,5
19346,4,4346,241,25
19347,4,4347,6,5
19348,4,4348,87,25
19349,4,4349,55,10
19350,4,4350,36,10
19351,4,4351,172,25
19352,4,4352,106,25
19353,4,4353,112,25
19354,4,4354,225,25
19355,4,4355,168,25
19356,4,4356,55,10
19357,4,4357,97,25
19358,4,4358,16,10
19359,4,4359,39,10
19360,4,4360,72,25
19361,4,4361,104,25
19362,4,4362,131,25
19363,4,4363,181,25
19364,4,4364,108,25
19365,4,4365,25,10
19366,4,4366,15,10
19367,4,4367,124,25
19368,4,4368,9,5
19369,4,4369,184,25
19370,4,4370,37,10
19371,4,4371,228,25
19372,4,4372,262,25
19373,4,4373,253,25
19374,4,4374,22,10
19375,4,4375,57,10
19376,4,4376,267,25
19377,4,4377,14,5
19378,4,4378,260,25
19379,4,4379,224,25
19380,4,4380,43,10
19381,4,4381,14,5
19382,4,4382,6,5
19383,4,4383,11,5
19384,4,4384,38,10
19385,4,4385,173,25
19386,4,4386,170,25
19387,4,4387,34,10
19388,4,4388,60,10
19389,4,4389,78,25
19390,4,4390,226,25
19391,4,4391,190,25
19392,4,4392,188,25
19393,4,4393,52,10
19394,4,4394,56,10
19395,4,4395,20,5
19396,4,4396,77,25
19397,4,4397,105,25
19398,4,4398,47,10
19399,4,4399,12,5
19400,4,4400,199,25
19401,4,4401,34,10
19402,4,4402,11,5
19403,4,4403,175,25
19404,4,4404,6,5
19405,4,4405,51,25
19406,4,4406,109,25
19407,4,4407,90,25
19408,4,4408,43,10
19409,4,4409,251,25
19410,4,4410,19,5
19411,4,4411,141,25
19412,4,4412,57,25
19413,4,4413,56,10
19414,4,4414,18,10
19415,4,4415,155,25
19416,4,4416,275,25
19417,4,4417,276,25
19418,4,4418,113,25
19419,4,4419,54,10
19420,4,4420,16,5
19421,4,4421,41,10
19422,4,4422,117,25
19423,4,4423,72,25
19424,4,4424,41,10
19425,4,4425,147,25
19426,4,4426,57,10
19427,4,4427,272,25
19428,4,4428,203,25
19429,4,4429,8,5
19430,4,4430,228,25
19431,4,4431,75,25
19432,4,4432,40,10
19433,4,4433,57,10
19434,4,4434,56,10
19435,4,4435,8,5
19436,4,4436,50,25
19437,4,4437,34,10
19438,4,4438,97,25
19439,4,4439,18,10
19440,4,4440,270,25
19441,4,4441,136,25
19442,4,4442,257,25
19443,4,4443,126,25
19444,4,4444,22,10
19445,4,4445,16,10
19446,4,4446,225,25
19447,4,4447,113,25
19448,4,4448,265,25
19449,4,4449,10,5
19450,4,4450,209,25
19451,4,4451,295,25
19452,4,4452,227,25
19453,4,4453,37,10
19454,4,4454,11,5
19455,4,4455,86,25
19456,4,4456,35,10
19457,4,4457,180,25
19458,4,4458,90,25
19459,4,4459,52,10
19460,4,4460,35,10
19461,4,4461,6,5
19462,4,4462,56,10
19463,4,4463,253,25
19464,4,4464,150,25
19465,4,4465,45,10
19466,4,4466,86,25
19467,4,4467,262,25
19468,4,4468,248,25
19469,4,4469,95,25
19470,4,4470,114,25
19471,4,4471,44,10
19472,4,4472,36,10
19473,4,4473,45,10
19474,4,4474,112,25
19475,4,4475,42,10
19476,4,4476,56,10
19477,4,4477,14,5
19478,4,4478,290,25
19479,4,4479,54,25
19480,4,4480,132,25
19481,4,4481,22,10
19482,4,4482,35,10
19483,4,4483,15,10
19484,4,4484,35,10
19485,4,4485,31,10
19486,4,4486,32,10
19487,4,4487,163,25
19488,4,4488,43,10
19489,4,4489,31,10
19490,4,4490,195,25
19491,4,4491,35,10
19492,4,4492,242,25
19493,4,4493,19,5
19494,4,4494,20,10
19495,4,4495,48,10
19496,4,4496,18,10
19497,4,4497,12,5
19498,4,4498,53,10
19499,4,4499,66,25
19500,4,4500,70,25
19501,4,4501,165,25
19502,4,4502,14,5
19503,4,4503,15,5
19504,4,4504,287,25
19505,4,4505,292,25
19506,4,4506,5,5
19507,4,4507,29,10
19508,4,4508,11,5
19509,4,4509,101,25
19510,4,4510,6,5
19511,4,4511,59,25
19512,4,4512,33,10
19513,4,4513,15,10
19514,4,4514,197,25
19515,4,4515,90,25
19516,4,4516,278,25
19517,4,4517,51,10
19518,4,4518,59,10
19519,4,4519,37,10
19520,4,4520,104,25
19521,4,4521,21,10
19522,4,4522,101,25
19523,4,4523,59,10
19524,4,4524,17,5
19525,4,4525,179,25
19526,4,4526,32,10
19527,4,4527,177,25
19528,4,4528,132,25
19529,4,4529,109,25
19530,4,4530,6,5
19531,4,4531,166,25
19532,4,4532,72,25
19533,4,4533,219,25
19534,4,4534,55,10
19535,4,4535,40,10
19536,4,4536,106,25
19537,4,4537,51,10
19538,4,4538,144,25
19539,4,4539,134,25
19540,4,4540,160,25
19541,4,4541,240,25
19542,4,4542,5,5
19543,4,4543,122,25
19544,4,4544,134,25
19545,4,4545,149,25
19546,4,4546,46,10
19547,4,4547,11,5
19548,4,4548,50,10
19549,4,4549,15,5
19550,4,4550,252,25
19551,4,4551,234,25
19552,4,4552,31,10
19553,4,4553,136,25
19554,4,4554,32,10
19555,4,4555,60,10
19556,4,4556,37,10
19557,4,4557,16,10
19558,4,4558,56,10
19559,4,4559,29,10
19560,4,4560,23,10
19561,4,4561,15,5
19562,4,4562,296,25
19563,4,4563,117,25
19564,4,4564,16,5
19565,4,4565,64,25
19566,4,4566,67,25
19567,4,4567,58,10
19568,4,4568,76,25
19569,4,4569,112,25
19570,4,4570,25,10
19571,4,4571,15,5
19572,4,4572,225,25
19573,4,4573,225,25
19574,4,4574,71,25
19575,4,4575,31,10
19576,4,4576,270,25
19577,4,4577,38,10
19578,4,4578,7,5
19579,4,4579,13,5
19580,4,4580,58,10
19581,4,4581,237,25
19582,4,4582,26,10
19583,4,4583,152,25
19584,4,4584,45,10
19585,4,4585,58,10
19586,4,4586,84,25
19587,4,4587,166,25
19588,4,4588,135,25
19589,4,4589,28,10
19590,4,4590,170,25
19591,4,4591,273,25
19592,4,4592,45,10
19593,4,4593,6,5
19594,4,4594,31,10
19595,4,4595,273,25
19596,4,4596,36,10
19597,4,4597,19,5
19598,4,4598,278,25
19599,4,4599,223,25
19600,4,4600,49,10
19601,4,4601,34,10
19602,4,4602,53,10
19603,4,4603,18,10
19604,4,4604,271,25
19605,4,4605,46,10
19606,4,4606,183,25
19607,4,4607,180,25
19608,4,4608,19,5
19609,4,4609,64,25
19610,4,4610,50,10
19611,4,4611,184,25
19612,4,4612,8,5
19613,4,4613,89,25
19614,4,4614,272,25
19615,4,4615,252,25
19616,4,4616,96,25
19617,4,4617,178,25
19618,4,4618,23,10
19619,4,4619,109,25
19620,4,4620,74,25
19621,4,4621,51,10
19622,4,4622,43,10
19623,4,4623,232,25
19624,4,4624,11,5
19625,4,4625,10,5
19626,4,4626,294,25
19627,4,4627,291,25
19628,4,4628,117,25
19629,4,4629,31,10
19630,4,4630,27,10
19631,4,4631,7,5
19632,4,4632,204,25
19633,4,4633,116,25
19634,4,4634,20,10
19635,4,4635,32,10
19636,4,4636,155,25
19637,4,4637,277,25
19638,4,4638,21,10
19639,4,4639,50,10
19640,4,4640,156,25
19641,4,4641,83,25
19642,4,4642,14,5
19643,4,4643,100,25
19644,4,4644,40,10
19645,4,4645,31,10
19646,4,4646,54,10
19647,4,4647,263,25
19648,4,4648,60,10
19649,4,4649,131,25
19650,4,4650,40,10
19651,4,4651,124,25
19652,4,4652,142,25
19653,4,4653,178,25
19654,4,4654,279,25
19655,4,4655,49,10
19656,4,4656,25,10
19657,4,4657,47,10
19658,4,4658,48,10
19659,4,4659,14,5
19660,4,4660,238,25
19661,4,4661,43,10
19662,4,4662,41,10
19663,4,4663,258,25
19664,4,4664,74,25
19665,4,4665,8,5
19666,4,4666,19,5
19667,4,4667,34,10
19668,4,4668,261,25
19669,4,4669,15,5
19670,4,4670,16,10
19671,4,4671,6,5
19672,4,4672,48,10
19673,4,4673,13,5
19674,4,4674,19,5
19675,4,4675,12,5
19676,4,4676,6,5
19677,4,4677,20,5
19678,4,4678,16,10
19679,4,4679,19,10
19680,4,4680,59,10
19681,4,4681,13,5
19682,4,4682,253,25
19683,4,4683,16,5
19684,4,4684,44,10
19685,4,4685,167,25
19686,4,4686,28,10
19687,4,4687,249,25
19688,4,4688,235,25
19689,4,4689,22,10
19690,4,4690,16,5
19691,4,4691,19,5
19692,4,4692,102,25
19693,4,4693,187,25
19694,4,4694,17,10
19695,4,4695,29,10
19696,4,4696,210,25
19697,4,4697,68,25
19698,4,4698,7,5
19699,4,4699,193,25
19700,4,4700,211,25
19701,4,4701,147,25
19702,4,4702,15,10
19703,4,4703,67,25
19704,4,4704,135,25
19705,4,4705,181,25
19706,4,4706,204,25
19707,4,4707,124,25
19708,4,4708,197,25
19709,4,4709,51,25
19710,4,4710,220,25
19711,4,4711,253,25
19712,4,4712,174,25
19713,4,4713,94,25
19714,4,4714,105,25
19715,4,4715,31,10
19716,4,4716,85,25
19717,4,4717,11,5
19718,4,4718,299,25
19719,4,4719,127,25
19720,4,4720,223,25
19721,4,4721,40,10
19722,4,4722,195,25
19723,4,4723,14,5
19724,4,4724,10,5
19725,4,4725,30,10
19726,4,4726,14,5
19727,4,4727,55,10
19728,4,4728,209,25
19729,4,4729,53,10
19730,4,4730,26,10
19731,4,4731,74,25
19732,4,4732,188,25
19733,4,4733,46,10
19734,4,4734,21,10
19735,4,4735,167,25
19736,4,4736,15,5
19737,4,4737,174,25
19738,4,4738,120,25
19739,4,4739,56,10
19740,4,4740,49,10
19741,4,4741,6,5
19742,4,4742,13,5
19743,4,4743,5,5
19744,4,4744,40,10
19745,4,4745,128,25
19746,4,4746,52,10
19747,4,4747,43,10
19748,4,4748,37,10
19749,4,4749,24,10
19750,4,4750,159,25
19751,4,4751,265,25
19752,4,4752,105,25
19753,4,4753,279,25
19754,4,4754,234,25
19755,4,4755,32,10
19756,4,4756,16,10
19757,4,4757,18,5
19758,4,4758,32,10
19759,4,4759,111,25
19760,4,4760,16,5
19761,4,4761,60,10
19762,4,4762,60,10
19763,4,4763,194,25
19764,4,4764,78,25
19765,4,4765,42,10
19766,4,4766,32,10
19767,4,4767,280,25
19768,4,4768,35,10
19769,4,4769,206,25
19770,4,4770,15,5
19771,4,4771,51,10
19772,4,4772,249,25
19773,4,4773,56,25
19774,4,4774,8,5
19775,4,4775,200,25
19776,4,4776,52,10
19777,4,4777,36,10
19778,4,4778,69,25
19779,4,4779,13,5
19780,4,4780,236,25
19781,4,4781,15,5
19782,4,4782,56,10
19783,4,4783,102,25
19784,4,4784,39,10
19785,4,4785,257,25
19786,4,4786,42,10
19787,4,4787,30,10
19788,4,4788,33,10
19789,4,4789,283,25
19790,4,4790,252,25
19791,4,4791,140,25
19792,4,4792,182,25
19793,4,4793,78,25
19794,4,4794,231,25
19795,4,4795,26,10
19796,4,4796,66,25
19797,4,4797,186,25
19798,4,4798,33,10
19799,4,4799,15,5
19800,4,4800,103,25
19801,4,4801,17,5
19802,4,4802,49,10
19803,4,4803,10,5
19804,4,4804,143,25
19805,4,4805,291,25
19806,4,4806,22,10
19807,4,4807,95,25
19808,4,4808,47,10
19809,4,4809,49,10
19810,4,4810,6,5
19811,4,4811,50,10
19812,4,4812,77,25
19813,4,4813,53,10
19814,4,4814,23,10
19815,4,4815,60,10
19816,4,4816,27,10
19817,4,4817,151,25
19818,4,4818,243,25
19819,4,4819,82,25
19820,4,4820,59,10
19821,4,4821,275,25
19822,4,4822,286,25
19823,4,4823,51,10
19824,4,4824,57,10
19825,4,4825,18,5
19826,4,4826,236,25
19827,4,4827,143,25
19828,4,4828,151,25
19829,4,4829,50,10
19830,4,4830,142,25
19831,4,4831,120,25
19832,4,4832,16,5
19833,4,4833,19,10
19834,4,4834,7,5
19835,4,4835,202,25
19836,4,4836,65,25
19837,4,4837,18,5
19838,4,4838,99,25
19839,4,4839,50,10
19840,4,4840,58,10
19841,4,4841,33,10
19842,4,4842,55,10
19843,4,4843,7,5
19844,4,4844,274,25
19845,4,4845,10,5
19846,4,4846,10,5
19847,4,4847,187,25
19848,4,4848,55,10
19849,4,4849,60,10
19850,4,4850,17,5
19851,4,4851,27,10
19852,4,4852,6,5
19853,4,4853,196,25
19854,4,4854,30,10
19855,4,4855,29,10
19856,4,4856,41,10
19857,4,4857,16,5
19858,4,4858,271,25
19859,4,4859,8,5
19860,4,4860,42,10
19861,4,4861,47,10
19862,4,4862,42,10
19863,4,4863,196,25
19864,4,4864,9,5
19865,4,4865,128,25
19866,4,4866,285,25
19867,4,4867,46,10
19868,4,4868,19,5
19869,4,4869,58,10
19870,4,4870,44,10
19871,4,4871,195,25
19872,4,4872,275,25
19873,4,4873,45,10
19874,4,4874,99,25
19875,4,4875,131,25
19876,4,4876,30,10
19877,4,4877,149,25
19878,4,4878,239,25
19879,4,4879,32,10
19880,4,4880,18,5
19881,4,4881,76,25
19882,4,4882,50,25
19883,4,4883,20,5
19884,4,4884,70,25
19885,4,4885,29,10
19886,4,4886,15,5
19887,4,4887,152,25
19888,4,4888,13,5
19889,4,4889,63,25
19890,4,4890,17,5
19891,4,4891,53,10
19892,4,4892,54,10
19893,4,4893,49,10
19894,4,4894,198,25
19895,4,4895,53,10
19896,4,4896,38,10
19897,4,4897,14,5
19898,4,4898,32,10
19899,4,4899,209,25
19900,4,4900,134,25
19901,4,4901,81,25
19902,4,4902,15,10
19903,4,4903,8,5
19904,4,4904,10,5
19905,4,4905,13,5
19906,4,4906,14,5
19907,4,4907,241,25
19908,4,4908,34,10
19909,4,4909,33,10
19910,4,4910,24,10
19911,4,4911,261,25
19912,4,4912,270,25
19913,4,4913,20,5
19914,4,4914,116,25
19915,4,4915,37,10
19916,4,4916,74,25
19917,4,4917,239,25
19918,4,4918,17,10
19919,4,4919,119,25
19920,4,4920,49,10
19921,4,4921,53,10
19922,4,4922,31,10
19923,4,4923,35,10
19924,4,4924,5,5
19925,4,4925,82,25
19926,4,4926,17,5
19927,4,4927,275,25
19928,4,4928,12,5
19929,4,4929,73,25
19930,4,4930,54,10
19931,4,4931,155,25
19932,4,4932,228,25
19933,4,4933,15,5
19934,4,4934,53,10
19935,4,4935,54,10
19936,4,4936,163,25
19937,4,4937,188,25
19938,4,4938,260,25
19939,4,4939,23,10
19940,4,4940,18,10
19941,4,4941,45,10
19942,4,4942,85,25
19943,4,4943,217,25
19944,4,4944,41,10
19945,4,4945,39,10
19946,4,4946,56,10
19947,4,4947,91,25
19948,4,4948,277,25
19949,4,4949,189,25
19950,4,4950,153,25
19951,4,4951,19,5
19952,4,4952,15,5
19953,4,4953,47,10
19954,4,4954,135,25
19955,4,4955,150,25
19956,4,4956,169,25
19957,4,4957,66,25
19958,4,4958,53,10
19959,4,4959,53,25
19960,4,4960,274,25
19961,4,4961,17,5
19962,4,4962,16,5
19963,4,4963,19,10
19964,4,4964,15,10
19965,4,4965,106,25
19966,4,4966,18,5
19967,4,4967,219,25
19968,4,4968,35,10
19969,4,4969,50,10
19970,4,4970,161,25
19971,4,4971,120,25
19972,4,4972,36,10
19973,4,4973,251,25
19974,4,4974,17,5
19975,4,4975,171,25
19976,4,4976,18,5
19977,4,4977,17,5
19978,4,4978,17,5
19979,4,4979,18,5
19980,4,4980,7,5
19981,4,4981,25,10
19982,4,4982,34,10
19983,4,4983,104,25
19984,4,4984,92,25
19985,4,4985,56,10
19986,4,4986,11,5
19987,4,4987,54,10
19988,4,4988,91,25
19989,4,4989,7,5
19990,4,4990,35,10
19991,4,4991,41,10
19992,4,4992,40,10
19993,4,4993,116,25
19994,4,4994,17,5
19995,4,4995,119,25
19996,4,4996,12,5
19997,4,4997,214,25
19998,4,4998,249,25
19999,4,4999,273,25
20000,4,5000,7,5
20001,5,1,9,5
20002,5,2,100,25
20003,5,3,20,5
20004,5,4,16,10
20005,5,5,150,25
20006,5,6,216,25
20007,5,7,49,10
20008,5,8,31,10
20009,5,9,164,25
20010,5,10,35,10
20011,5,11,11,5
20012,5,12,277,25
20013,5,13,58,10
20014,5,14,60,10
20015,5,15,12,5
20016,5,16,58,10
20017,5,17,192,25
20018,5,18,76,25
20019,5,19,6,5
20020,5,20,59,10
20021,5,21,55,10
20022,5,22,19,5
20023,5,23,142,25
20024,5,24,40,10
20025,5,25,88,25
20026,5,26,23,10
20027,5,27,27,10
20028,5,28,95,25
20029,5,29,137,25
20030,5,30,258,25
20031,5,31,287,25
20032,5,32,167,25
20033,5,33,26,10
20034,5,34,174,25
20035,5,35,15,10
20036,5,36,9,5
20037,5,37,43,10
20038,5,38,5,5
20039,5,39,54,10
20040,5,40,276,25
20041,5,41,35,10
20042,5,42,65,25
20043,5,43,100,25
20044,5,44,190,25
20045,5,45,24,10
20046,5,46,18,10
20047,5,47,50,10
20048,5,48,48,10
20049,5,49,20,10
20050,5,50,13,5
20051,5,51,214,25
20052,5,52,233,25
20053,5,53,34,10
20054,5,54,244,25
20055,5,55,64,25
20056,5,56,7,5
20057,5,57,31,10
20058,5,58,24,10
20059,5,59,37,10
20060,5,60,33,10
20061,5,61,28,10
20062,5,62,272,25
20063,5,63,59,10
20064,5,64,71,25
20065,5,65,153,25
20066,5,66,13,5
20067,5,67,53,25
20068,5,68,34,10
20069,5,69,52,10
20070,5,70,276,25
20071,5,71,181,25
20072,5,72,136,25
20073,5,73,210,25
20074,5,74,77,25
20075,5,75,55,10
20076,5,76,20,10
20077,5,77,39,10
20078,5,78,20,10
20079,5,79,286,25
20080,5,80,285,25
20081,5,81,38,10
20082,5,82,237,25
20083,5,83,5,5
20084,5,84,130,25
20085,5,85,51,10
20086,5,86,179,25
20087,5,87,50,10
20088,5,88,57,10
20089,5,89,163,25
20090,5,90,15,5
20091,5,91,45,10
20092,5,92,34,10
20093,5,93,53,10
20094,5,94,17,5
20095,5,95,293,25
20096,5,96,45,10
20097,5,97,204,25
20098,5,98,227,25
20099,5,99,22,10
20100,5,100,19,5
20101,5,101,39,10
20102,5,102,149,25
20103,5,103,63,25
20104,5,104,26,10
20105,5,105,16,10
20106,5,106,244,25
20107,5,107,13,5
20108,5,108,198,25
20109,5,109,5,5
20110,5,110,47,10
20111,5,111,64,25
20112,5,112,47,10
20113,5,113,59,25
20114,5,114,131,25
20115,5,115,252,25
20116,5,116,34,10
20117,5,117,13,5
20118,5,118,46,10
20119,5,119,17,10
20120,5,120,96,25
20121,5,121,210,25
20122,5,122,39,10
20123,5,123,24,10
20124,5,124,37,10
20125,5,125,52,10
20126,5,126,36,10
20127,5,127,25,10
20128,5,128,18,5
20129,5,129,158,25
20130,5,130,34,10
20131,5,131,18,10
20132,5,132,15,10
20133,5,133,40,10
20134,5,134,102,25
20135,5,135,22,10
20136,5,136,32,10
20137,5,137,73,25
20138,5,138,16,10
20139,5,139,24,10
20140,5,140,19,10
20141,5,141,31,10
20142,5,142,96,25
20143,5,143,28,10
20144,5,144,25,10
20145,5,145,5,5
20146,5,146,65,25
20147,5,147,22,10
20148,5,148,59,10
20149,5,149,154,25
20150,5,150,47,10
20151,5,151,203,25
20152,5,152,5,5
20153,5,153,127,25
20154,5,154,34,10
20155,5,155,63,25
20156,5,156,46,10
20157,5,157,146,25
20158,5,158,153,25
20159,5,159,6,5
20160,5,160,237,25
20161,5,161,128,25
20162,5,162,12,5
20163,5,163,28,10
20164,5,164,214,25
20165,5,165,181,25
20166,5,166,168,25
20167,5,167,15,5
20168,5,168,50,25
20169,5,169,282,25
20170,5,170,27,10
20171,5,171,41,10
20172,5,172,42,10
20173,5,173,45,10
20174,5,174,15,5
20175,5,175,97,25
20176,5,176,27,10
20177,5,177,49,10
20178,5,178,50,10
20179,5,179,72,25
20180,5,180,34,10
20181,5,181,140,25
20182,5,182,206,25
20183,5,183,85,25
20184,5,184,129,25
20185,5,185,259,25
20186,5,186,72,25
20187,5,187,30,10
20188,5,188,193,25
20189,5,189,33,10
20190,5,190,60,25
20191,5,191,8,5
20192,5,192,181,25
20193,5,193,7,5
20194,5,194,18,5
20195,5,195,15,10
20196,5,196,58,10
20197,5,197,18,5
20198,5,198,50,10
20199,5,199,167,25
20200,5,200,50,10
20201,5,201,23,10
20202,5,202,15,10
20203,5,203,62,25
20204,5,204,8,5
20205,5,205,47,10
20206,5,206,63,25
20207,5,207,50,10
20208,5,208,228,25
20209,5,209,92,25
20210,5,210,217,25
20211,5,211,38,10
20212,5,212,284,25
20213,5,213,6,5
20214,5,214,140,25
20215,5,215,81,25
20216,5,216,251,25
20217,5,217,59,10
20218,5,218,46,10
20219,5,219,226,25
20220,5,220,262,25
20221,5,221,240,25
20222,5,222,24,10
20223,5,223,29,10
20224,5,224,38,10
20225,5,225,20,5
20226,5,226,50,10
20227,5,227,244,25
20228,5,228,29,10
20229,5,229,198,25
20230,5,230,58,10
20231,5,231,67,25
20232,5,232,19,10
20233,5,233,253,25
20234,5,234,294,25
20235,5,235,31,10
20236,5,236,31,10
20237,5,237,48,10
20238,5,238,176,25
20239,5,239,49,10
20240,5,240,47,10
20241,5,241,98,25
20242,5,242,59,10
20243,5,243,146,25
20244,5,244,26,10
20245,5,245,138,25
20246,5,246,240,25
20247,5,247,207,25
20248,5,248,85,25
20249,5,249,239,25
20250,5,250,80,25
20251,5,251,55,10
20252,5,252,48,10
20253,5,253,202,25
20254,5,254,59,10
20255,5,255,7,5
20256,5,256,13,5
20257,5,257,20,10
20258,5,258,189,25
20259,5,259,54,10
20260,5,260,40,10
20261,5,261,18,10
20262,5,262,15,5
20263,5,263,11,5
20264,5,264,55,10
20265,5,265,18,5
20266,5,266,51,10
20267,5,267,205,25
20268,5,268,210,25
20269,5,269,272,25
20270,5,270,10,5
20271,5,271,16,10
20272,5,272,260,25
20273,5,273,217,25
20274,5,274,136,25
20275,5,275,52,10
20276,5,276,20,10
20277,5,277,241,25
20278,5,278,9,5
20279,5,279,16,5
20280,5,280,287,25
20281,5,281,190,25
20282,5,282,7,5
20283,5,283,202,25
20284,5,284,195,25
20285,5,285,82,25
20286,5,286,20,5
20287,5,287,278,25
20288,5,288,35,10
20289,5,289,47,10
20290,5,290,48,10
20291,5,291,170,25
20292,5,292,5,5
20293,5,293,14,5
20294,5,294,283,25
20295,5,295,268,25
20296,5,296,145,25
20297,5,297,202,25
20298,5,298,54,10
20299,5,299,273,25
20300,5,300,52,10
20301,5,301,199,25
20302,5,302,53,10
20303,5,303,11,5
20304,5,304,64,25
20305,5,305,13,5
20306,5,306,188,25
20307,5,307,194,25
20308,5,308,220,25
20309,5,309,76,25
20310,5,310,276,25
20311,5,311,18,5
20312,5,312,203,25
20313,5,313,53,10
20314,5,314,16,5
20315,5,315,229,25
20316,5,316,128,25
20317,5,317,51,10
20318,5,318,228,25
20319,5,319,80,25
20320,5,320,39,10
20321,5,321,60,10
20322,5,322,298,25
20323,5,323,41,10
20324,5,324,279,25
20325,5,325,240,25
20326,5,326,17,10
20327,5,327,36,10
20328,5,328,175,25
20329,5,329,23,10
20330,5,330,133,25
20331,5,331,60,25
20332,5,332,52,10
20333,5,333,28,10
20334,5,334,57,25
20335,5,335,23,10
20336,5,336,278,25
20337,5,337,28,10
20338,5,338,16,10
20339,5,339,144,25
20340,5,340,42,10
20341,5,341,150,25
20342,5,342,155,25
20343,5,343,76,25
20344,5,344,300,25
20345,5,345,218,25
20346,5,346,55,25
20347,5,347,62,25
20348,5,348,244,25
20349,5,349,15,5
20350,5,350,92,25
20351,5,351,117,25
20352,5,352,54,10
20353,5,353,5,5
20354,5,354,36,10
20355,5,355,56,10
20356,5,356,279,25
20357,5,357,98,25
20358,5,358,202,25
20359,5,359,299,25
20360,5,360,279,25
20361,5,361,141,25
20362,5,362,33,10
20363,5,363,27,10
20364,5,364,106,25
20365,5,365,59,10
20366,5,366,53,25
20367,5,367,172,25
20368,5,368,90,25
20369,5,369,256,25
20370,5,370,15,5
20371,5,371,24,10
20372,5,372,11,5
20373,5,373,5,5
20374,5,374,18,5
20375,5,375,20,10
20376,5,376,51,10
20377,5,377,55,25
20378,5,378,53,10
20379,5,379,11,5
20380,5,380,84,25
20381,5,381,122,25
20382,5,382,12,5
20383,5,383,103,25
20384,5,384,249,25
20385,5,385,30,10
20386,5,386,36,10
20387,5,387,9,5
20388,5,388,5,5
20389,5,389,230,25
20390,5,390,15,10
20391,5,391,11,5
20392,5,392,181,25
20393,5,393,11,5
20394,5,394,56,10
20395,5,395,11,5
20396,5,396,34,10
20397,5,397,84,25
20398,5,398,31,10
20399,5,399,13,5
20400,5,400,202,25
20401,5,401,119,25
20402,5,402,142,25
20403,5,403,206,25
20404,5,404,104,25
20405,5,405,7,5
20406,5,406,60,10
20407,5,407,18,10
20408,5,408,271,25
20409,5,409,40,10
20410,5,410,185,25
20411,5,411,40,10
20412,5,412,17,10
20413,5,413,125,25
20414,5,414,35,10
20415,5,415,22,10
20416,5,416,37,10
20417,5,417,14,5
20418,5,418,8,5
20419,5,419,171,25
20420,5,420,78,25
20421,5,421,245,25
20422,5,422,287,25
20423,5,423,167,25
20424,5,424,7,5
20425,5,425,50,10
20426,5,426,149,25
20427,5,427,158,25
20428,5,428,104,25
20429,5,429,17,5
20430,5,430,181,25
20431,5,431,58,10
20432,5,432,26,10
20433,5,433,26,10
20434,5,434,18,10
20435,5,435,23,10
20436,5,436,53,25
20437,5,437,16,5
20438,5,438,289,25
20439,5,439,10,5
20440,5,440,60,10
20441,5,441,56,10
20442,5,442,159,25
20443,5,443,181,25
20444,5,444,54,10
20445,5,445,28,10
20446,5,446,203,25
20447,5,447,15,5
20448,5,448,15,5
20449,5,449,104,25
20450,5,450,19,5
20451,5,451,28,10
20452,5,452,15,5
20453,5,453,278,25
20454,5,454,273,25
20455,5,455,55,10
20456,5,456,11,5
20457,5,457,44,10
20458,5,458,17,10
20459,5,459,9,5
20460,5,460,25,10
20461,5,461,22,10
20462,5,462,36,10
20463,5,463,18,5
20464,5,464,26,10
20465,5,465,17,10
20466,5,466,38,10
20467,5,467,226,25
20468,5,468,31,10
20469,5,469,51,10
20470,5,470,20,5
20471,5,471,65,25
20472,5,472,211,25
20473,5,473,10,5
20474,5,474,12,5
20475,5,475,71,25
20476,5,476,17,10
20477,5,477,35,10
20478,5,478,52,10
20479,5,479,12,5
20480,5,480,6,5
20481,5,481,206,25
20482,5,482,102,25
20483,5,483,248,25
20484,5,484,92,25
20485,5,485,14,5
20486,5,486,5,5
20487,5,487,110,25
20488,5,488,220,25
20489,5,489,192,25
20490,5,490,153,25
20491,5,491,143,25
20492,5,492,20,5
20493,5,493,47,10
20494,5,494,27,10
20495,5,495,33,10
20496,5,496,53,10
20497,5,497,58,25
20498,5,498,154,25
20499,5,499,12,5
20500,5,500,34,10
20501,5,501,15,5
20502,5,502,231,25
20503,5,503,108,25
20504,5,504,33,10
20505,5,505,145,25
20506,5,506,106,25
20507,5,507,19,5
20508,5,508,38,10
20509,5,509,47,10
20510,5,510,135,25
20511,5,511,152,25
20512,5,512,14,5
20513,5,513,33,10
20514,5,514,160,25
20515,5,515,50,10
20516,5,516,158,25
20517,5,517,18,10
20518,5,518,8,5
20519,5,519,5,5
20520,5,520,195,25
20521,5,521,19,10
20522,5,522,5,5
20523,5,523,21,10
20524,5,524,59,10
20525,5,525,39,10
20526,5,526,52,10
20527,5,527,56,25
20528,5,528,52,10
20529,5,529,22,10
20530,5,530,33,10
20531,5,531,114,25
20532,5,532,20,5
20533,5,533,290,25
20534,5,534,42,10
20535,5,535,98,25
20536,5,536,19,5
20537,5,537,64,25
20538,5,538,54,10
20539,5,539,36,10
20540,5,540,79,25
20541,5,541,37,10
20542,5,542,36,10
20543,5,543,7,5
20544,5,544,13,5
20545,5,545,25,10
20546,5,546,44,10
20547,5,547,18,5
20548,5,548,258,25
20549,5,549,38,10
20550,5,550,33,10
20551,5,551,13,5
20552,5,552,162,25
20553,5,553,60,10
20554,5,554,44,10
20555,5,555,6,5
20556,5,556,20,5
20557,5,557,67,25
20558,5,558,34,10
20559,5,559,54,10
20560,5,560,42,10
20561,5,561,9,5
20562,5,562,219,25
20563,5,563,5,5
20564,5,564,51,10
20565,5,565,105,25
20566,5,566,8,5
20567,5,567,58,10
20568,5,568,24,10
20569,5,569,230,25
20570,5,570,166,25
20571,5,571,253,25
20572,5,572,210,25
20573,5,573,25,10
20574,5,574,19,10
20575,5,575,283,25
20576,5,576,297,25
20577,5,577,30,10
20578,5,578,49,10
20579,5,579,43,10
20580,5,580,27,10
20581,5,581,96,25
20582,5,582,287,25
20583,5,583,236,25
20584,5,584,283,25
20585,5,585,27,10
20586,5,586,60,10
20587,5,587,58,10
20588,5,588,72,25
20589,5,589,24,10
20590,5,590,191,25
20591,5,591,56,10
20592,5,592,88,25
20593,5,593,257,25
20594,5,594,31,10
20595,5,595,246,25
20596,5,596,33,10
20597,5,597,131,25
20598,5,598,60,10
20599,5,599,16,10
20600,5,600,33,10
20601,5,601,43,10
20602,5,602,7,5
20603,5,603,39,10
20604,5,604,11,5
20605,5,605,14,5
20606,5,606,298,25
20607,5,607,165,25
20608,5,608,142,25
20609,5,609,20,10
20610,5,610,298,25
20611,5,611,186,25
20612,5,612,172,25
20613,5,613,17,5
20614,5,614,54,10
20615,5,615,26,10
20616,5,616,242,25
20617,5,617,177,25
20618,5,618,47,10
20619,5,619,280,25
20620,5,620,191,25
20621,5,621,27,10
20622,5,622,12,5
20623,5,623,181,25
20624,5,624,12,5
20625,5,625,155,25
20626,5,626,273,25
20627,5,627,55,10
20628,5,628,32,10
20629,5,629,100,25
20630,5,630,59,10
20631,5,631,57,10
20632,5,632,54,10
20633,5,633,234,25
20634,5,634,39,10
20635,5,635,8,5
20636,5,636,53,10
20637,5,637,107,25
20638,5,638,58,25
20639,5,639,134,25
20640,5,640,14,5
20641,5,641,191,25
20642,5,642,255,25
20643,5,643,31,10
20644,5,644,71,25
20645,5,645,104,25
20646,5,646,73,25
20647,5,647,172,25
20648,5,648,172,25
20649,5,649,221,25
20650,5,650,58,10
20651,5,651,56,10
20652,5,652,18,5
20653,5,653,130,25
20654,5,654,44,10
20655,5,655,53,10
20656,5,656,262,25
20657,5,657,56,25
20658,5,658,27,10
20659,5,659,13,5
20660,5,660,295,25
20661,5,661,59,25
20662,5,662,45,10
20663,5,663,299,25
20664,5,664,196,25
20665,5,665,111,25
20666,5,666,15,5
20667,5,667,16,10
20668,5,668,28,10
20669,5,669,25,10
20670,5,670,71,25
20671,5,671,5,5
20672,5,672,36,10
20673,5,673,202,25
20674,5,674,29,10
20675,5,675,16,10
20676,5,676,67,25
20677,5,677,96,25
20678,5,678,43,10
20679,5,679,126,25
20680,5,680,292,25
20681,5,681,18,10
20682,5,682,8,5
20683,5,683,29,10
20684,5,684,35,10
20685,5,685,173,25
20686,5,686,62,25
20687,5,687,251,25
20688,5,688,57,10
20689,5,689,36,10
20690,5,690,246,25
20691,5,691,27,10
20692,5,692,289,25
20693,5,693,25,10
20694,5,694,176,25
20695,5,695,48,10
20696,5,696,143,25
20697,5,697,231,25
20698,5,698,30,10
20699,5,699,41,10
20700,5,700,54,10
20701,5,701,16,10
20702,5,702,165,25
20703,5,703,43,10
20704,5,704,31,10
20705,5,705,44,10
20706,5,706,110,25
20707,5,707,167,25
20708,5,708,43,10
20709,5,709,163,25
20710,5,710,137,25
20711,5,711,299,25
20712,5,712,36,10
20713,5,713,9,5
20714,5,714,207,25
20715,5,715,35,10
20716,5,716,197,25
20717,5,717,242,25
20718,5,718,5,5
20719,5,719,42,10
20720,5,720,20,5
20721,5,721,145,25
20722,5,722,48,10
20723,5,723,34,10
20724,5,724,206,25
20725,5,725,250,25
20726,5,726,170,25
20727,5,727,55,10
20728,5,728,206,25
20729,5,729,26,10
20730,5,730,234,25
20731,5,731,37,10
20732,5,732,290,25
20733,5,733,176,25
20734,5,734,8,5
20735,5,735,269,25
20736,5,736,19,5
20737,5,737,51,25
20738,5,738,49,10
20739,5,739,202,25
20740,5,740,54,10
20741,5,741,280,25
20742,5,742,149,25
20743,5,743,43,10
20744,5,744,27,10
20745,5,745,9,5
20746,5,746,39,10
20747,5,747,169,25
20748,5,748,48,10
20749,5,749,273,25
20750,5,750,170,25
20751,5,751,8,5
20752,5,752,16,5
20753,5,753,16,10
20754,5,754,43,10
20755,5,755,9,5
20756,5,756,123,25
20757,5,757,17,10
20758,5,758,113,25
20759,5,759,226,25
20760,5,760,43,10
20761,5,761,29,10
20762,5,762,29,10
20763,5,763,255,25
20764,5,764,18,10
20765,5,765,45,10
20766,5,766,19,5
20767,5,767,28,10
20768,5,768,94,25
20769,5,769,295,25
20770,5,770,243,25
20771,5,771,249,25
20772,5,772,19,10
20773,5,773,47,10
20774,5,774,14,5
20775,5,775,43,10
20776,5,776,91,25
20777,5,777,150,25
20778,5,778,7,5
20779,5,779,90,25
20780,5,780,57,10
20781,5,781,245,25
20782,5,782,33,10
20783,5,783,15,5
20784,5,784,59,25
20785,5,785,56,25
20786,5,786,14,5
20787,5,787,15,10
20788,5,788,20,5
20789,5,789,29,10
20790,5,790,112,25
20791,5,791,48,10
20792,5,792,233,25
20793,5,793,48,10
20794,5,794,209,25
20795,5,795,18,10
20796,5,796,16,10
20797,5,797,167,25
20798,5,798,17,10
20799,5,799,43,10
20800,5,800,41,10
20801,5,801,11,5
20802,5,802,5,5
20803,5,803,24,10
20804,5,804,71,25
20805,5,805,46,10
20806,5,806,22,10
20807,5,807,35,10
20808,5,808,117,25
20809,5,809,255,25
20810,5,810,41,10
20811,5,811,69,25
20812,5,812,267,25
20813,5,813,50,10
20814,5,814,7,5
20815,5,815,288,25
20816,5,816,16,5
20817,5,817,8,5
20818,5,818,13,5
20819,5,819,272,25
20820,5,820,258,25
20821,5,821,217,25
20822,5,822,25,10
20823,5,823,40,10
20824,5,824,185,25
20825,5,825,21,10
20826,5,826,114,25
20827,5,827,55,10
20828,5,828,191,25
20829,5,829,189,25
20830,5,830,157,25
20831,5,831,32,10
20832,5,832,24,10
20833,5,833,47,10
20834,5,834,299,25
20835,5,835,55,10
20836,5,836,124,25
20837,5,837,189,25
20838,5,838,225,25
20839,5,839,23,10
20840,5,840,255,25
20841,5,841,23,10
20842,5,842,32,10
20843,5,843,18,10
20844,5,844,28,10
20845,5,845,59,25
20846,5,846,44,10
20847,5,847,21,10
20848,5,848,8,5
20849,5,849,57,10
20850,5,850,289,25
20851,5,851,18,5
20852,5,852,9,5
20853,5,853,51,10
20854,5,854,288,25
20855,5,855,104,25
20856,5,856,125,25
20857,5,857,15,5
20858,5,858,55,10
20859,5,859,65,25
20860,5,860,31,10
20861,5,861,9,5
20862,5,862,9,5
20863,5,863,17,10
20864,5,864,17,10
20865,5,865,30,10
20866,5,866,44,10
20867,5,867,110,25
20868,5,868,118,25
20869,5,869,165,25
20870,5,870,120,25
20871,5,871,138,25
20872,5,872,179,25
20873,5,873,222,25
20874,5,874,28,10
20875,5,875,7,5
20876,5,876,72,25
20877,5,877,189,25
20878,5,878,292,25
20879,5,879,26,10
20880,5,880,27,10
20881,5,881,29,10
20882,5,882,10,5
20883,5,883,47,10
20884,5,884,257,25
20885,5,885,230,25
20886,5,886,35,10
20887,5,887,23,10
20888,5,888,36,10
20889,5,889,248,25
20890,5,890,59,25
20891,5,891,58,10
20892,5,892,113,25
20893,5,893,14,5
20894,5,894,74,25
20895,5,895,6,5
20896,5,896,17,10
20897,5,897,102,25
20898,5,898,32,10
20899,5,899,290,25
20900,5,900,208,25
20901,5,901,86,25
20902,5,902,7,5
20903,5,903,177,25
20904,5,904,179,25
20905,5,905,16,10
20906,5,906,32,10
20907,5,907,12,5
20908,5,908,10,5
20909,5,909,129,25
20910,5,910,292,25
20911,5,911,48,10
20912,5,912,36,10
20913,5,913,48,10
20914,5,914,46,10
20915,5,915,236,25
20916,5,916,157,25
20917,5,917,231,25
20918,5,918,54,25
20919,5,919,53,10
20920,5,920,175,25
20921,5,921,80,25
20922,5,922,49,10
20923,5,923,293,25
20924,5,924,218,25
20925,5,925,202,25
20926,5,926,139,25
20927,5,927,28,10
20928,5,928,31,10
20929,5,929,174,25
20930,5,930,14,5
20931,5,931,12,5
20932,5,932,45,10
20933,5,933,39,10
20934,5,934,24,10
20935,5,935,141,25
20936,5,936,104,25
20937,5,937,47,10
20938,5,938,160,25
20939,5,939,30,10
20940,5,940,60,10
20941,5,941,143,25
20942,5,942,244,25
20943,5,943,24,10
20944,5,944,149,25
20945,5,945,130,25
20946,5,946,38,10
20947,5,947,8,5
20948,5,948,285,25
20949,5,949,159,25
20950,5,950,73,25
20951,5,951,241,25
20952,5,952,196,25
20953,5,953,102,25
20954,5,954,27,10
20955,5,955,6,5
20956,5,956,15,10
20957,5,957,54,10
20958,5,958,48,10
20959,5,959,53,25
20960,5,960,293,25
20961,5,961,258,25
20962,5,962,16,10
20963,5,963,18,10
20964,5,964,38,10
20965,5,965,14,5
20966,5,966,5,5
20967,5,967,230,25
20968,5,968,173,25
20969,5,969,40,10
20970,5,970,13,5
20971,5,971,53,10
20972,5,972,137,25
20973,5,973,53,10
20974,5,974,37,10
20975,5,975,254,25
20976,5,976,59,10
20977,5,977,50,10
20978,5,978,32,10
20979,5,979,176,25
20980,5,980,51,10
20981,5,981,31,10
20982,5,982,21,10
20983,5,983,8,5
20984,5,984,54,10
20985,5,985,49,10
20986,5,986,178,25
20987,5,987,173,25
20988,5,988,31,10
20989,5,989,74,25
20990,5,990,197,25
20991,5,991,121,25
20992,5,992,46,10
20993,5,993,209,25
20994,5,994,227,25
20995,5,995,84,25
20996,5,996,107,25
20997,5,997,31,10
20998,5,998,44,10
20999,5,999,20,10
21000,5,1000,55,25
21001,5,1001,50,10
21002,5,1002,86,25
21003,5,1003,63,25
21004,5,1004,232,25
21005,5,1005,83,25
21006,5,1006,57,10
21007,5,1007,118,25
21008,5,1008,278,25
21009,5,1009,15,5
21010,5,1010,187,25
21011,5,1011,298,25
21012,5,1012,149,25
21013,5,1013,11,5
21014,5,1014,7,5
21015,5,1015,13,5
21016,5,1016,12,5
21017,5,1017,31,10
21018,5,1018,20,10
21019,5,1019,38,10
21020,5,1020,34,10
21021,5,1021,47,10
21022,5,1022,16,5
21023,5,1023,17,10
21024,5,1024,104,25
21025,5,1025,29,10
21026,5,1026,63,25
21027,5,1027,217,25
21028,5,1028,209,25
21029,5,1029,18,10
21030,5,1030,46,10
21031,5,1031,172,25
21032,5,1032,60,10
21033,5,1033,211,25
21034,5,1034,68,25
21035,5,1035,205,25
21036,5,1036,18,5
21037,5,1037,125,25
21038,5,1038,10,5
21039,5,1039,141,25
21040,5,1040,27,10
21041,5,1041,13,5
21042,5,1042,186,25
21043,5,1043,20,10
21044,5,1044,245,25
21045,5,1045,71,25
21046,5,1046,291,25
21047,5,1047,18,5
21048,5,1048,32,10
21049,5,1049,35,10
21050,5,1050,269,25
21051,5,1051,261,25
21052,5,1052,161,25
21053,5,1053,47,10
21054,5,1054,57,25
21055,5,1055,10,5
21056,5,1056,188,25
21057,5,1057,187,25
21058,5,1058,264,25
21059,5,1059,18,10
21060,5,1060,34,10
21061,5,1061,16,5
21062,5,1062,63,25
21063,5,1063,6,5
21064,5,1064,18,5
21065,5,1065,279,25
21066,5,1066,291,25
21067,5,1067,51,10
21068,5,1068,15,5
21069,5,1069,35,10
21070,5,1070,47,10
21071,5,1071,233,25
21072,5,1072,48,10
21073,5,1073,190,25
21074,5,1074,186,25
21075,5,1075,54,25
21076,5,1076,32,10
21077,5,1077,168,25
21078,5,1078,222,25
21079,5,1079,230,25
21080,5,1080,62,25
21081,5,1081,30,10
21082,5,1082,25,10
21083,5,1083,36,10
21084,5,1084,6,5
21085,5,1085,89,25
21086,5,1086,39,10
21087,5,1087,218,25
21088,5,1088,71,25
21089,5,1089,140,25
21090,5,1090,17,5
21091,5,1091,19,10
21092,5,1092,13,5
21093,5,1093,18,5
21094,5,1094,40,10
21095,5,1095,5,5
21096,5,1096,56,10
21097,5,1097,204,25
21098,5,1098,58,10
21099,5,1099,291,25
21100,5,1100,162,25
21101,5,1101,12,5
21102,5,1102,36,10
21103,5,1103,200,25
21104,5,1104,142,25
21105,5,1105,35,10
21106,5,1106,31,10
21107,5,1107,16,10
21108,5,1108,45,10
21109,5,1109,9,5
21110,5,1110,22,10
21111,5,1111,55,10
21112,5,1112,174,25
21113,5,1113,288,25
21114,5,1114,15,5
21115,5,1115,60,10
21116,5,1116,265,25
21117,5,1117,13,5
21118,5,1118,37,10
21119,5,1119,8,5
21120,5,1120,14,5
21121,5,1121,23,10
21122,5,1122,100,25
21123,5,1123,33,10
21124,5,1124,175,25
21125,5,1125,52,10
21126,5,1126,164,25
21127,5,1127,130,25
21128,5,1128,28,10
21129,5,1129,34,10
21130,5,1130,75,25
21131,5,1131,80,25
21132,5,1132,26,10
21133,5,1133,181,25
21134,5,1134,15,5
21135,5,1135,44,10
21136,5,1136,52,10
21137,5,1137,186,25
21138,5,1138,208,25
21139,5,1139,140,25
21140,5,1140,19,10
21141,5,1141,186,25
21142,5,1142,259,25
21143,5,1143,148,25
21144,5,1144,103,25
21145,5,1145,52,10
21146,5,1146,39,10
21147,5,1147,54,10
21148,5,1148,61,25
21149,5,1149,13,5
21150,5,1150,16,10
21151,5,1151,131,25
21152,5,1152,11,5
21153,5,1153,14,5
21154,5,1154,50,10
21155,5,1155,274,25
21156,5,1156,46,10
21157,5,1157,15,5
21158,5,1158,57,10
21159,5,1159,42,10
21160,5,1160,42,10
21161,5,1161,50,25
21162,5,1162,31,10
21163,5,1163,23,10
21164,5,1164,280,25
21165,5,1165,132,25
21166,5,1166,38,10
21167,5,1167,232,25
21168,5,1168,30,10
21169,5,1169,10,5
21170,5,1170,22,10
21171,5,1171,16,10
21172,5,1172,35,10
21173,5,1173,130,25
21174,5,1174,18,5
21175,5,1175,51,25
21176,5,1176,26,10
21177,5,1177,251,25
21178,5,1178,259,25
21179,5,1179,53,10
21180,5,1180,253,25
21181,5,1181,130,25
21182,5,1182,29,10
21183,5,1183,20,10
21184,5,1184,130,25
21185,5,1185,47,10
21186,5,1186,180,25
21187,5,1187,270,25
21188,5,1188,17,10
21189,5,1189,69,25
21190,5,1190,8,5
21191,5,1191,79,25
21192,5,1192,6,5
21193,5,1193,98,25
21194,5,1194,280,25
21195,5,1195,131,25
21196,5,1196,287,25
21197,5,1197,36,10
21198,5,1198,241,25
21199,5,1199,101,25
21200,5,1200,50,10
21201,5,1201,271,25
21202,5,1202,35,10
21203,5,1203,153,25
21204,5,1204,40,10
21205,5,1205,7,5
21206,5,1206,32,10
21207,5,1207,53,25
21208,5,1208,27,10
21209,5,1209,134,25
21210,5,1210,51,10
21211,5,1211,54,10
21212,5,1212,245,25
21213,5,1213,200,25
21214,5,1214,57,10
21215,5,1215,105,25
21216,5,1216,20,5
21217,5,1217,30,10
21218,5,1218,39,10
21219,5,1219,5,5
21220,5,1220,48,10
21221,5,1221,32,10
21222,5,1222,100,25
21223,5,1223,19,5
21224,5,1224,67,25
21225,5,1225,280,25
21226,5,1226,285,25
21227,5,1227,83,25
21228,5,1228,283,25
21229,5,1229,12,5
21230,5,1230,100,25
21231,5,1231,38,10
21232,5,1232,20,5
21233,5,1233,38,10
21234,5,1234,9,5
21235,5,1235,221,25
21236,5,1236,9,5
21237,5,1237,61,25
21238,5,1238,9,5
21239,5,1239,26,10
21240,5,1240,19,5
21241,5,1241,32,10
21242,5,1242,62,25
21243,5,1243,260,25
21244,5,1244,25,10
21245,5,1245,12,5
21246,5,1246,257,25
21247,5,1247,94,25
21248,5,1248,50,10
21249,5,1249,205,25
21250,5,1250,133,25
21251,5,1251,298,25
21252,5,1252,68,25
21253,5,1253,191,25
21254,5,1254,139,25
21255,5,1255,39,10
21256,5,1256,7,5
21257,5,1257,143,25
21258,5,1258,222,25
21259,5,1259,158,25
21260,5,1260,35,10
21261,5,1261,274,25
21262,5,1262,170,25
21263,5,1263,98,25
21264,5,1264,28,10
21265,5,1265,249,25
21266,5,1266,252,25
21267,5,1267,181,25
21268,5,1268,16,5
21269,5,1269,8,5
21270,5,1270,12,5
21271,5,1271,273,25
21272,5,1272,25,10
21273,5,1273,204,25
21274,5,1274,8,5
21275,5,1275,92,25
21276,5,1276,162,25
21277,5,1277,20,5
21278,5,1278,48,10
21279,5,1279,26,10
21280,5,1280,63,25
21281,5,1281,56,10
21282,5,1282,195,25
21283,5,1283,21,10
21284,5,1284,23,10
21285,5,1285,203,25
21286,5,1286,8,5
21287,5,1287,18,10
21288,5,1288,17,5
21289,5,1289,20,10
21290,5,1290,12,5
21291,5,1291,272,25
21292,5,1292,285,25
21293,5,1293,221,25
21294,5,1294,242,25
21295,5,1295,137,25
21296,5,1296,20,5
21297,5,1297,7,5
21298,5,1298,139,25
21299,5,1299,53,10
21300,5,1300,9,5
21301,5,1301,24,10
21302,5,1302,47,10
21303,5,1303,41,10
21304,5,1304,15,5
21305,5,1305,9,5
21306,5,1306,10,5
21307,5,1307,17,5
21308,5,1308,68,25
21309,5,1309,34,10
21310,5,1310,254,25
21311,5,1311,58,10
21312,5,1312,32,10
21313,5,1313,19,5
21314,5,1314,7,5
21315,5,1315,201,25
21316,5,1316,22,10
21317,5,1317,20,5
21318,5,1318,96,25
21319,5,1319,43,10
21320,5,1320,299,25
21321,5,1321,154,25
21322,5,1322,238,25
21323,5,1323,238,25
21324,5,1324,7,5
21325,5,1325,40,10
21326,5,1326,51,10
21327,5,1327,17,10
21328,5,1328,13,5
21329,5,1329,80,25
21330,5,1330,247,25
21331,5,1331,16,10
21332,5,1332,17,10
21333,5,1333,90,25
21334,5,1334,19,5
21335,5,1335,49,10
21336,5,1336,44,10
21337,5,1337,6,5
21338,5,1338,59,25
21339,5,1339,204,25
21340,5,1340,113,25
21341,5,1341,11,5
21342,5,1342,7,5
21343,5,1343,17,10
21344,5,1344,54,10
21345,5,1345,99,25
21346,5,1346,153,25
21347,5,1347,9,5
21348,5,1348,104,25
21349,5,1349,12,5
21350,5,1350,102,25
21351,5,1351,43,10
21352,5,1352,230,25
21353,5,1353,48,10
21354,5,1354,34,10
21355,5,1355,37,10
21356,5,1356,91,25
21357,5,1357,25,10
21358,5,1358,259,25
21359,5,1359,53,25
21360,5,1360,8,5
21361,5,1361,19,10
21362,5,1362,32,10
21363,5,1363,286,25
21364,5,1364,56,10
21365,5,1365,246,25
21366,5,1366,29,10
21367,5,1367,18,10
21368,5,1368,273,25
21369,5,1369,16,5
21370,5,1370,290,25
21371,5,1371,35,10
21372,5,1372,23,10
21373,5,1373,260,25
21374,5,1374,99,25
21375,5,1375,60,10
21376,5,1376,154,25
21377,5,1377,165,25
21378,5,1378,20,5
21379,5,1379,229,25
21380,5,1380,60,10
21381,5,1381,101,25
21382,5,1382,127,25
21383,5,1383,244,25
21384,5,1384,217,25
21385,5,1385,78,25
21386,5,1386,24,10
21387,5,1387,23,10
21388,5,1388,115,25
21389,5,1389,36,10
21390,5,1390,24,10
21391,5,1391,265,25
21392,5,1392,55,10
21393,5,1393,24,10
21394,5,1394,113,25
21395,5,1395,78,25
21396,5,1396,62,25
21397,5,1397,43,10
21398,5,1398,18,10
21399,5,1399,267,25
21400,5,1400,192,25
21401,5,1401,213,25
21402,5,1402,88,25
21403,5,1403,38,10
21404,5,1404,164,25
21405,5,1405,179,25
21406,5,1406,63,25
21407,5,1407,218,25
21408,5,1408,57,25
21409,5,1409,28,10
21410,5,1410,118,25
21411,5,1411,5,5
21412,5,1412,151,25
21413,5,1413,170,25
21414,5,1414,50,10
21415,5,1415,236,25
21416,5,1416,53,10
21417,5,1417,17,10
21418,5,1418,38,10
21419,5,1419,7,5
21420,5,1420,54,10
21421,5,1421,23,10
21422,5,1422,87,25
21423,5,1423,300,25
21424,5,1424,187,25
21425,5,1425,210,25
21426,5,1426,178,25
21427,5,1427,22,10
21428,5,1428,48,10
21429,5,1429,232,25
21430,5,1430,204,25
21431,5,1431,6,5
21432,5,1432,78,25
21433,5,1433,38,10
21434,5,1434,57,10
21435,5,1435,160,25
21436,5,1436,142,25
21437,5,1437,18,5
21438,5,1438,8,5
21439,5,1439,54,10
21440,5,1440,288,25
21441,5,1441,19,5
21442,5,1442,34,10
21443,5,1443,5,5
21444,5,1444,8,5
21445,5,1445,229,25
21446,5,1446,37,10
21447,5,1447,207,25
21448,5,1448,133,25
21449,5,1449,154,25
21450,5,1450,32,10
21451,5,1451,167,25
21452,5,1452,34,10
21453,5,1453,52,10
21454,5,1454,20,5
21455,5,1455,234,25
21456,5,1456,19,10
21457,5,1457,15,10
21458,5,1458,184,25
21459,5,1459,287,25
21460,5,1460,238,25
21461,5,1461,16,10
21462,5,1462,239,25
21463,5,1463,228,25
21464,5,1464,116,25
21465,5,1465,25,10
21466,5,1466,20,10
21467,5,1467,55,10
21468,5,1468,18,10
21469,5,1469,38,10
21470,5,1470,18,10
21471,5,1471,213,25
21472,5,1472,241,25
21473,5,1473,55,10
21474,5,1474,22,10
21475,5,1475,14,5
21476,5,1476,46,10
21477,5,1477,57,25
21478,5,1478,39,10
21479,5,1479,47,10
21480,5,1480,60,10
21481,5,1481,192,25
21482,5,1482,199,25
21483,5,1483,36,10
21484,5,1484,178,25
21485,5,1485,298,25
21486,5,1486,53,10
21487,5,1487,170,25
21488,5,1488,212,25
21489,5,1489,139,25
21490,5,1490,175,25
21491,5,1491,127,25
21492,5,1492,296,25
21493,5,1493,49,10
21494,5,1494,278,25
21495,5,1495,5,5
21496,5,1496,167,25
21497,5,1497,20,5
21498,5,1498,126,25
21499,5,1499,7,5
21500,5,1500,13,5
21501,5,1501,14,5
21502,5,1502,281,25
21503,5,1503,27,10
21504,5,1504,25,10
21505,5,1505,249,25
21506,5,1506,52,25
21507,5,1507,58,10
21508,5,1508,59,25
21509,5,1509,9,5
21510,5,1510,103,25
21511,5,1511,185,25
21512,5,1512,49,10
21513,5,1513,21,10
21514,5,1514,124,25
21515,5,1515,16,10
21516,5,1516,177,25
21517,5,1517,60,25
21518,5,1518,50,10
21519,5,1519,293,25
21520,5,1520,197,25
21521,5,1521,211,25
21522,5,1522,188,25
21523,5,1523,36,10
21524,5,1524,8,5
21525,5,1525,44,10
21526,5,1526,5,5
21527,5,1527,7,5
21528,5,1528,131,25
21529,5,1529,258,25
21530,5,1530,169,25
21531,5,1531,115,25
21532,5,1532,165,25
21533,5,1533,54,10
21534,5,1534,15,10
21535,5,1535,9,5
21536,5,1536,47,10
21537,5,1537,39,10
21538,5,1538,40,10
21539,5,1539,16,10
21540,5,1540,142,25
21541,5,1541,212,25
21542,5,1542,66,25
21543,5,1543,65,25
21544,5,1544,191,25
21545,5,1545,195,25
21546,5,1546,213,25
21547,5,1547,149,25
21548,5,1548,58,25
21549,5,1549,19,5
21550,5,1550,57,10
21551,5,1551,246,25
21552,5,1552,42,10
21553,5,1553,15,10
21554,5,1554,50,25
21555,5,1555,35,10
21556,5,1556,12,5
21557,5,1557,43,10
21558,5,1558,35,10
21559,5,1559,15,5
21560,5,1560,223,25
21561,5,1561,53,10
21562,5,1562,8,5
21563,5,1563,13,5
21564,5,1564,49,10
21565,5,1565,192,25
21566,5,1566,55,10
21567,5,1567,208,25
21568,5,1568,29,10
21569,5,1569,30,10
21570,5,1570,20,10
21571,5,1571,6,5
21572,5,1572,16,10
21573,5,1573,248,25
21574,5,1574,60,10
21575,5,1575,47,10
21576,5,1576,41,10
21577,5,1577,120,25
21578,5,1578,15,10
21579,5,1579,45,10
21580,5,1580,50,25
21581,5,1581,58,10
21582,5,1582,19,5
21583,5,1583,96,25
21584,5,1584,16,5
21585,5,1585,208,25
21586,5,1586,58,10
21587,5,1587,166,25
21588,5,1588,77,25
21589,5,1589,42,10
21590,5,1590,19,10
21591,5,1591,27,10
21592,5,1592,114,25
21593,5,1593,17,5
21594,5,1594,164,25
21595,5,1595,56,10
21596,5,1596,15,10
21597,5,1597,187,25
21598,5,1598,11,5
21599,5,1599,27,10
21600,5,1600,114,25
21601,5,1601,56,10
21602,5,1602,70,25
21603,5,1603,53,10
21604,5,1604,47,10
21605,5,1605,36,10
21606,5,1606,6,5
21607,5,1607,243,25
21608,5,1608,74,25
21609,5,1609,234,25
21610,5,1610,291,25
21611,5,1611,106,25
21612,5,1612,83,25
21613,5,1613,131,25
21614,5,1614,161,25
21615,5,1615,13,5
21616,5,1616,30,10
21617,5,1617,151,25
21618,5,1618,48,10
21619,5,1619,5,5
21620,5,1620,177,25
21621,5,1621,19,10
21622,5,1622,33,10
21623,5,1623,145,25
21624,5,1624,134,25
21625,5,1625,202,25
21626,5,1626,232,25
21627,5,1627,15,10
21628,5,1628,29,10
21629,5,1629,270,25
21630,5,1630,48,10
21631,5,1631,70,25
21632,5,1632,21,10
21633,5,1633,224,25
21634,5,1634,14,5
21635,5,1635,17,10
21636,5,1636,189,25
21637,5,1637,248,25
21638,5,1638,44,10
21639,5,1639,165,25
21640,5,1640,48,10
21641,5,1641,299,25
21642,5,1642,53,10
21643,5,1643,12,5
21644,5,1644,10,5
21645,5,1645,20,10
21646,5,1646,187,25
21647,5,1647,14,5
21648,5,1648,278,25
21649,5,1649,18,5
21650,5,1650,39,10
21651,5,1651,45,10
21652,5,1652,128,25
21653,5,1653,59,10
21654,5,1654,98,25
21655,5,1655,9,5
21656,5,1656,154,25
21657,5,1657,132,25
21658,5,1658,55,10
21659,5,1659,38,10
21660,5,1660,54,10
21661,5,1661,55,10
21662,5,1662,271,25
21663,5,1663,54,10
21664,5,1664,112,25
21665,5,1665,58,25
21666,5,1666,49,10
21667,5,1667,243,25
21668,5,1668,51,10
21669,5,1669,18,5
21670,5,1670,203,25
21671,5,1671,6,5
21672,5,1672,17,5
21673,5,1673,16,5
21674,5,1674,20,10
21675,5,1675,92,25
21676,5,1676,43,10
21677,5,1677,43,10
21678,5,1678,46,10
21679,5,1679,251,25
21680,5,1680,261,25
21681,5,1681,53,10
21682,5,1682,51,10
21683,5,1683,103,25
21684,5,1684,41,10
21685,5,1685,15,5
21686,5,1686,38,10
21687,5,1687,27,10
21688,5,1688,65,25
21689,5,1689,35,10
21690,5,1690,68,25
21691,5,1691,244,25
21692,5,1692,20,5
21693,5,1693,54,10
21694,5,1694,25,10
21695,5,1695,240,25
21696,5,1696,88,25
21697,5,1697,58,10
21698,5,1698,18,5
21699,5,1699,20,10
21700,5,1700,189,25
21701,5,1701,199,25
21702,5,1702,190,25
21703,5,1703,267,25
21704,5,1704,175,25
21705,5,1705,228,25
21706,5,1706,180,25
21707,5,1707,272,25
21708,5,1708,291,25
21709,5,1709,45,10
21710,5,1710,45,10
21711,5,1711,17,5
21712,5,1712,196,25
21713,5,1713,237,25
21714,5,1714,10,5
21715,5,1715,21,10
21716,5,1716,10,5
21717,5,1717,94,25
21718,5,1718,58,10
21719,5,1719,12,5
21720,5,1720,213,25
21721,5,1721,181,25
21722,5,1722,264,25
21723,5,1723,10,5
21724,5,1724,56,10
21725,5,1725,17,10
21726,5,1726,85,25
21727,5,1727,19,5
21728,5,1728,163,25
21729,5,1729,281,25
21730,5,1730,61,25
21731,5,1731,17,10
21732,5,1732,50,10
21733,5,1733,34,10
21734,5,1734,50,10
21735,5,1735,10,5
21736,5,1736,31,10
21737,5,1737,244,25
21738,5,1738,190,25
21739,5,1739,45,10
21740,5,1740,9,5
21741,5,1741,40,10
21742,5,1742,5,5
21743,5,1743,169,25
21744,5,1744,56,10
21745,5,1745,264,25
21746,5,1746,12,5
21747,5,1747,20,10
21748,5,1748,16,5
21749,5,1749,13,5
21750,5,1750,18,10
21751,5,1751,95,25
21752,5,1752,58,10
21753,5,1753,251,25
21754,5,1754,25,10
21755,5,1755,260,25
21756,5,1756,45,10
21757,5,1757,191,25
21758,5,1758,6,5
21759,5,1759,56,10
21760,5,1760,132,25
21761,5,1761,76,25
21762,5,1762,9,5
21763,5,1763,24,10
21764,5,1764,137,25
21765,5,1765,27,10
21766,5,1766,6,5
21767,5,1767,300,25
21768,5,1768,39,10
21769,5,1769,161,25
21770,5,1770,75,25
21771,5,1771,19,5
21772,5,1772,43,10
21773,5,1773,60,10
21774,5,1774,153,25
21775,5,1775,16,5
21776,5,1776,244,25
21777,5,1777,6,5
21778,5,1778,36,10
21779,5,1779,42,10
21780,5,1780,16,10
21781,5,1781,254,25
21782,5,1782,194,25
21783,5,1783,128,25
21784,5,1784,14,5
21785,5,1785,24,10
21786,5,1786,14,5
21787,5,1787,73,25
21788,5,1788,54,25
21789,5,1789,58,10
21790,5,1790,231,25
21791,5,1791,6,5
21792,5,1792,102,25
21793,5,1793,235,25
21794,5,1794,144,25
21795,5,1795,54,10
21796,5,1796,12,5
21797,5,1797,16,5
21798,5,1798,39,10
21799,5,1799,20,10
21800,5,1800,218,25
21801,5,1801,246,25
21802,5,1802,241,25
21803,5,1803,196,25
21804,5,1804,88,25
21805,5,1805,25,10
21806,5,1806,227,25
21807,5,1807,46,10
21808,5,1808,142,25
21809,5,1809,169,25
21810,5,1810,161,25
21811,5,1811,47,10
21812,5,1812,44,10
21813,5,1813,269,25
21814,5,1814,22,10
21815,5,1815,13,5
21816,5,1816,229,25
21817,5,1817,20,5
21818,5,1818,216,25
21819,5,1819,176,25
21820,5,1820,270,25
21821,5,1821,30,10
21822,5,1822,84,25
21823,5,1823,100,25
21824,5,1824,6,5
21825,5,1825,287,25
21826,5,1826,57,10
21827,5,1827,83,25
21828,5,1828,18,10
21829,5,1829,7,5
21830,5,1830,286,25
21831,5,1831,40,10
21832,5,1832,19,5
21833,5,1833,39,10
21834,5,1834,33,10
21835,5,1835,110,25
21836,5,1836,296,25
21837,5,1837,157,25
21838,5,1838,54,25
21839,5,1839,58,10
21840,5,1840,25,10
21841,5,1841,41,10
21842,5,1842,40,10
21843,5,1843,195,25
21844,5,1844,271,25
21845,5,1845,44,10
21846,5,1846,8,5
21847,5,1847,42,10
21848,5,1848,66,25
21849,5,1849,164,25
21850,5,1850,54,10
21851,5,1851,288,25
21852,5,1852,6,5
21853,5,1853,45,10
21854,5,1854,79,25
21855,5,1855,17,10
21856,5,1856,32,10
21857,5,1857,6,5
21858,5,1858,20,10
21859,5,1859,112,25
21860,5,1860,19,10
21861,5,1861,33,10
21862,5,1862,143,25
21863,5,1863,57,10
21864,5,1864,198,25
21865,5,1865,57,10
21866,5,1866,35,10
21867,5,1867,44,10
21868,5,1868,40,10
21869,5,1869,52,10
21870,5,1870,19,10
21871,5,1871,16,5
21872,5,1872,20,5
21873,5,1873,7,5
21874,5,1874,11,5
21875,5,1875,17,5
21876,5,1876,15,5
21877,5,1877,114,25
21878,5,1878,284,25
21879,5,1879,235,25
21880,5,1880,40,10
21881,5,1881,142,25
21882,5,1882,49,10
21883,5,1883,37,10
21884,5,1884,225,25
21885,5,1885,53,10
21886,5,1886,217,25
21887,5,1887,42,10
21888,5,1888,179,25
21889,5,1889,151,25
21890,5,1890,183,25
21891,5,1891,60,10
21892,5,1892,72,25
21893,5,1893,11,5
21894,5,1894,207,25
21895,5,1895,117,25
21896,5,1896,55,25
21897,5,1897,192,25
21898,5,1898,17,10
21899,5,1899,285,25
21900,5,1900,38,10
21901,5,1901,236,25
21902,5,1902,31,10
21903,5,1903,44,10
21904,5,1904,275,25
21905,5,1905,252,25
21906,5,1906,49,10
21907,5,1907,30,10
21908,5,1908,248,25
21909,5,1909,5,5
21910,5,1910,20,5
21911,5,1911,20,5
21912,5,1912,177,25
21913,5,1913,20,10
21914,5,1914,58,10
21915,5,1915,18,5
21916,5,1916,11,5
21917,5,1917,69,25
21918,5,1918,17,5
21919,5,1919,16,5
21920,5,1920,86,25
21921,5,1921,27,10
21922,5,1922,126,25
21923,5,1923,16,5
21924,5,1924,17,5
21925,5,1925,15,10
21926,5,1926,138,25
21927,5,1927,49,10
21928,5,1928,78,25
21929,5,1929,255,25
21930,5,1930,297,25
21931,5,1931,13,5
21932,5,1932,23,10
21933,5,1933,34,10
21934,5,1934,290,25
21935,5,1935,16,10
21936,5,1936,65,25
21937,5,1937,105,25
21938,5,1938,52,10
21939,5,1939,52,10
21940,5,1940,69,25
21941,5,1941,17,5
21942,5,1942,34,10
21943,5,1943,17,5
21944,5,1944,8,5
21945,5,1945,61,25
21946,5,1946,41,10
21947,5,1947,16,10
21948,5,1948,10,5
21949,5,1949,298,25
21950,5,1950,26,10
21951,5,1951,125,25
21952,5,1952,58,10
21953,5,1953,42,10
21954,5,1954,261,25
21955,5,1955,239,25
21956,5,1956,238,25
21957,5,1957,19,5
21958,5,1958,20,5
21959,5,1959,171,25
21960,5,1960,145,25
21961,5,1961,27,10
21962,5,1962,41,10
21963,5,1963,230,25
21964,5,1964,17,10
21965,5,1965,146,25
21966,5,1966,261,25
21967,5,1967,287,25
21968,5,1968,212,25
21969,5,1969,16,10
21970,5,1970,42,10
21971,5,1971,253,25
21972,5,1972,24,10
21973,5,1973,178,25
21974,5,1974,46,10
21975,5,1975,65,25
21976,5,1976,159,25
21977,5,1977,15,5
21978,5,1978,24,10
21979,5,1979,251,25
21980,5,1980,25,10
21981,5,1981,22,10
21982,5,1982,112,25
21983,5,1983,33,10
21984,5,1984,115,25
21985,5,1985,14,5
21986,5,1986,46,10
21987,5,1987,180,25
21988,5,1988,27,10
21989,5,1989,44,10
21990,5,1990,155,25
21991,5,1991,38,10
21992,5,1992,9,5
21993,5,1993,15,5
21994,5,1994,104,25
21995,5,1995,50,10
21996,5,1996,76,25
21997,5,1997,18,5
21998,5,1998,60,10
21999,5,1999,73,25
22000,5,2000,25,10
22001,5,2001,18,5
22002,5,2002,74,25
22003,5,2003,217,25
22004,5,2004,9,5
22005,5,2005,98,25
22006,5,2006,50,10
22007,5,2007,56,10
22008,5,2008,11,5
22009,5,2009,229,25
22010,5,2010,45,10
22011,5,2011,33,10
22012,5,2012,155,25
22013,5,2013,18,10
22014,5,2014,15,10
22015,5,2015,190,25
22016,5,2016,41,10
22017,5,2017,14,5
22018,5,2018,237,25
22019,5,2019,251,25
22020,5,2020,224,25
22021,5,2021,18,5
22022,5,2022,33,10
22023,5,2023,59,10
22024,5,2024,292,25
22025,5,2025,15,5
22026,5,2026,256,25
22027,5,2027,10,5
22028,5,2028,20,5
22029,5,2029,133,25
22030,5,2030,285,25
22031,5,2031,26,10
22032,5,2032,34,10
22033,5,2033,13,5
22034,5,2034,247,25
22035,5,2035,224,25
22036,5,2036,221,25
22037,5,2037,11,5
22038,5,2038,39,10
22039,5,2039,23,10
22040,5,2040,26,10
22041,5,2041,272,25
22042,5,2042,59,25
22043,5,2043,126,25
22044,5,2044,37,10
22045,5,2045,249,25
22046,5,2046,162,25
22047,5,2047,279,25
22048,5,2048,17,5
22049,5,2049,134,25
22050,5,2050,205,25
22051,5,2051,18,5
22052,5,2052,16,5
22053,5,2053,40,10
22054,5,2054,40,10
22055,5,2055,129,25
22056,5,2056,274,25
22057,5,2057,14,5
22058,5,2058,89,25
22059,5,2059,145,25
22060,5,2060,298,25
22061,5,2061,233,25
22062,5,2062,169,25
22063,5,2063,190,25
22064,5,2064,105,25
22065,5,2065,32,10
22066,5,2066,10,5
22067,5,2067,116,25
22068,5,2068,27,10
22069,5,2069,244,25
22070,5,2070,48,10
22071,5,2071,12,5
22072,5,2072,10,5
22073,5,2073,163,25
22074,5,2074,161,25
22075,5,2075,128,25
22076,5,2076,37,10
22077,5,2077,92,25
22078,5,2078,110,25
22079,5,2079,126,25
22080,5,2080,47,10
22081,5,2081,40,10
22082,5,2082,97,25
22083,5,2083,49,10
22084,5,2084,18,10
22085,5,2085,28,10
22086,5,2086,9,5
22087,5,2087,20,10
22088,5,2088,52,10
22089,5,2089,5,5
22090,5,2090,33,10
22091,5,2091,44,10
22092,5,2092,60,25
22093,5,2093,296,25
22094,5,2094,126,25
22095,5,2095,9,5
22096,5,2096,29,10
22097,5,2097,52,10
22098,5,2098,18,10
22099,5,2099,206,25
22100,5,2100,130,25
22101,5,2101,148,25
22102,5,2102,150,25
22103,5,2103,66,25
22104,5,2104,56,10
22105,5,2105,18,5
22106,5,2106,27,10
22107,5,2107,30,10
22108,5,2108,19,5
22109,5,2109,285,25
22110,5,2110,45,10
22111,5,2111,220,25
22112,5,2112,5,5
22113,5,2113,134,25
22114,5,2114,235,25
22115,5,2115,261,25
22116,5,2116,45,10
22117,5,2117,86,25
22118,5,2118,137,25
22119,5,2119,67,25
22120,5,2120,15,5
22121,5,2121,59,10
22122,5,2122,76,25
22123,5,2123,273,25
22124,5,2124,140,25
22125,5,2125,267,25
22126,5,2126,60,10
22127,5,2127,52,10
22128,5,2128,59,10
22129,5,2129,41,10
22130,5,2130,16,5
22131,5,2131,175,25
22132,5,2132,72,25
22133,5,2133,96,25
22134,5,2134,17,5
22135,5,2135,56,10
22136,5,2136,36,10
22137,5,2137,43,10
22138,5,2138,59,25
22139,5,2139,94,25
22140,5,2140,17,10
22141,5,2141,193,25
22142,5,2142,17,5
22143,5,2143,285,25
22144,5,2144,86,25
22145,5,2145,148,25
22146,5,2146,200,25
22147,5,2147,154,25
22148,5,2148,53,10
22149,5,2149,18,10
22150,5,2150,57,10
22151,5,2151,55,10
22152,5,2152,19,5
22153,5,2153,9,5
22154,5,2154,21,10
22155,5,2155,17,5
22156,5,2156,290,25
22157,5,2157,28,10
22158,5,2158,115,25
22159,5,2159,16,5
22160,5,2160,57,10
22161,5,2161,57,10
22162,5,2162,71,25
22163,5,2163,11,5
22164,5,2164,42,10
22165,5,2165,40,10
22166,5,2166,83,25
22167,5,2167,16,5
22168,5,2168,39,10
22169,5,2169,148,25
22170,5,2170,218,25
22171,5,2171,30,10
22172,5,2172,10,5
22173,5,2173,167,25
22174,5,2174,127,25
22175,5,2175,21,10
22176,5,2176,17,10
22177,5,2177,287,25
22178,5,2178,160,25
22179,5,2179,255,25
22180,5,2180,253,25
22181,5,2181,136,25
22182,5,2182,20,10
22183,5,2183,46,10
22184,5,2184,239,25
22185,5,2185,127,25
22186,5,2186,24,10
22187,5,2187,55,10
22188,5,2188,299,25
22189,5,2189,15,5
22190,5,2190,12,5
22191,5,2191,261,25
22192,5,2192,54,10
22193,5,2193,208,25
22194,5,2194,247,25
22195,5,2195,31,10
22196,5,2196,172,25
22197,5,2197,36,10
22198,5,2198,41,10
22199,5,2199,17,5
22200,5,2200,11,5
22201,5,2201,18,10
22202,5,2202,5,5
22203,5,2203,35,10
22204,5,2204,31,10
22205,5,2205,36,10
22206,5,2206,203,25
22207,5,2207,58,10
22208,5,2208,60,10
22209,5,2209,59,10
22210,5,2210,57,10
22211,5,2211,37,10
22212,5,2212,32,10
22213,5,2213,57,10
22214,5,2214,62,25
22215,5,2215,232,25
22216,5,2216,19,10
22217,5,2217,66,25
22218,5,2218,78,25
22219,5,2219,40,10
22220,5,2220,15,10
22221,5,2221,122,25
22222,5,2222,153,25
22223,5,2223,138,25
22224,5,2224,17,5
22225,5,2225,36,10
22226,5,2226,40,10
22227,5,2227,43,10
22228,5,2228,288,25
22229,5,2229,233,25
22230,5,2230,47,10
22231,5,2231,82,25
22232,5,2232,218,25
22233,5,2233,27,10
22234,5,2234,246,25
22235,5,2235,17,10
22236,5,2236,278,25
22237,5,2237,165,25
22238,5,2238,205,25
22239,5,2239,53,10
22240,5,2240,56,10
22241,5,2241,102,25
22242,5,2242,30,10
22243,5,2243,256,25
22244,5,2244,46,10
22245,5,2245,5,5
22246,5,2246,10,5
22247,5,2247,15,5
22248,5,2248,15,5
22249,5,2249,19,10
22250,5,2250,146,25
22251,5,2251,33,10
22252,5,2252,60,10
22253,5,2253,62,25
22254,5,2254,18,5
22255,5,2255,206,25
22256,5,2256,148,25
22257,5,2257,60,10
22258,5,2258,244,25
22259,5,2259,190,25
22260,5,2260,5,5
22261,5,2261,10,5
22262,5,2262,51,25
22263,5,2263,7,5
22264,5,2264,207,25
22265,5,2265,153,25
22266,5,2266,259,25
22267,5,2267,163,25
22268,5,2268,32,10
22269,5,2269,19,5
22270,5,2270,35,10
22271,5,2271,56,10
22272,5,2272,56,10
22273,5,2273,17,5
22274,5,2274,152,25
22275,5,2275,38,10
22276,5,2276,272,25
22277,5,2277,26,10
22278,5,2278,39,10
22279,5,2279,5,5
22280,5,2280,40,10
22281,5,2281,120,25
22282,5,2282,9,5
22283,5,2283,47,10
22284,5,2284,33,10
22285,5,2285,19,10
22286,5,2286,30,10
22287,5,2287,163,25
22288,5,2288,29,10
22289,5,2289,247,25
22290,5,2290,90,25
22291,5,2291,6,5
22292,5,2292,25,10
22293,5,2293,26,10
22294,5,2294,253,25
22295,5,2295,253,25
22296,5,2296,58,10
22297,5,2297,164,25
22298,5,2298,25,10
22299,5,2299,27,10
22300,5,2300,57,10
22301,5,2301,286,25
22302,5,2302,277,25
22303,5,2303,120,25
22304,5,2304,37,10
22305,5,2305,9,5
22306,5,2306,238,25
22307,5,2307,20,5
22308,5,2308,38,10
22309,5,2309,20,10
22310,5,2310,146,25
22311,5,2311,61,25
22312,5,2312,93,25
22313,5,2313,56,10
22314,5,2314,43,10
22315,5,2315,293,25
22316,5,2316,31,10
22317,5,2317,9,5
22318,5,2318,204,25
22319,5,2319,86,25
22320,5,2320,116,25
22321,5,2321,12,5
22322,5,2322,82,25
22323,5,2323,148,25
22324,5,2324,131,25
22325,5,2325,33,10
22326,5,2326,18,10
22327,5,2327,157,25
22328,5,2328,50,10
22329,5,2329,7,5
22330,5,2330,20,5
22331,5,2331,33,10
22332,5,2332,48,10
22333,5,2333,229,25
22334,5,2334,23,10
22335,5,2335,208,25
22336,5,2336,279,25
22337,5,2337,171,25
22338,5,2338,184,25
22339,5,2339,166,25
22340,5,2340,250,25
22341,5,2341,59,25
22342,5,2342,298,25
22343,5,2343,32,10
22344,5,2344,18,10
22345,5,2345,268,25
22346,5,2346,32,10
22347,5,2347,295,25
22348,5,2348,120,25
22349,5,2349,34,10
22350,5,2350,205,25
22351,5,2351,186,25
22352,5,2352,231,25
22353,5,2353,189,25
22354,5,2354,214,25
22355,5,2355,49,10
22356,5,2356,26,10
22357,5,2357,33,10
22358,5,2358,13,5
22359,5,2359,183,25
22360,5,2360,116,25
22361,5,2361,205,25
22362,5,2362,280,25
22363,5,2363,208,25
22364,5,2364,132,25
22365,5,2365,17,10
22366,5,2366,156,25
22367,5,2367,27,10
22368,5,2368,16,5
22369,5,2369,211,25
22370,5,2370,75,25
22371,5,2371,25,10
22372,5,2372,17,5
22373,5,2373,23,10
22374,5,2374,206,25
22375,5,2375,42,10
22376,5,2376,56,10
22377,5,2377,123,25
22378,5,2378,26,10
22379,5,2379,14,5
22380,5,2380,45,10
22381,5,2381,292,25
22382,5,2382,50,10
22383,5,2383,140,25
22384,5,2384,268,25
22385,5,2385,7,5
22386,5,2386,59,10
22387,5,2387,230,25
22388,5,2388,60,10
22389,5,2389,12,5
22390,5,2390,206,25
22391,5,2391,52,10
22392,5,2392,57,10
22393,5,2393,9,5
22394,5,2394,235,25
22395,5,2395,177,25
22396,5,2396,12,5
22397,5,2397,245,25
22398,5,2398,148,25
22399,5,2399,143,25
22400,5,2400,49,10
22401,5,2401,14,5
22402,5,2402,26,10
22403,5,2403,170,25
22404,5,2404,210,25
22405,5,2405,244,25
22406,5,2406,149,25
22407,5,2407,71,25
22408,5,2408,27,10
22409,5,2409,45,10
22410,5,2410,13,5
22411,5,2411,257,25
22412,5,2412,47,10
22413,5,2413,51,10
22414,5,2414,13,5
22415,5,2415,48,10
22416,5,2416,178,25
22417,5,2417,31,10
22418,5,2418,39,10
22419,5,2419,125,25
22420,5,2420,52,10
22421,5,2421,66,25
22422,5,2422,48,10
22423,5,2423,55,10
22424,5,2424,75,25
22425,5,2425,29,10
22426,5,2426,26,10
22427,5,2427,21,10
22428,5,2428,27,10
22429,5,2429,68,25
22430,5,2430,6,5
22431,5,2431,123,25
22432,5,2432,156,25
22433,5,2433,26,10
22434,5,2434,55,10
22435,5,2435,36,10
22436,5,2436,90,25
22437,5,2437,56,10
22438,5,2438,15,5
22439,5,2439,182,25
22440,5,2440,15,5
22441,5,2441,97,25
22442,5,2442,42,10
22443,5,2443,258,25
22444,5,2444,72,25
22445,5,2445,47,10
22446,5,2446,7,5
22447,5,2447,52,10
22448,5,2448,56,10
22449,5,2449,182,25
22450,5,2450,128,25
22451,5,2451,115,25
22452,5,2452,154,25
22453,5,2453,249,25
22454,5,2454,146,25
22455,5,2455,199,25
22456,5,2456,33,10
22457,5,2457,5,5
22458,5,2458,53,10
22459,5,2459,55,10
22460,5,2460,21,10
22461,5,2461,14,5
22462,5,2462,40,10
22463,5,2463,28,10
22464,5,2464,10,5
22465,5,2465,33,10
22466,5,2466,54,10
22467,5,2467,23,10
22468,5,2468,22,10
22469,5,2469,185,25
22470,5,2470,172,25
22471,5,2471,25,10
22472,5,2472,131,25
22473,5,2473,43,10
22474,5,2474,56,10
22475,5,2475,44,10
22476,5,2476,19,10
22477,5,2477,48,10
22478,5,2478,24,10
22479,5,2479,55,25
22480,5,2480,144,25
22481,5,2481,56,10
22482,5,2482,137,25
22483,5,2483,18,5
22484,5,2484,20,10
22485,5,2485,28,10
22486,5,2486,285,25
22487,5,2487,218,25
22488,5,2488,188,25
22489,5,2489,35,10
22490,5,2490,190,25
22491,5,2491,50,10
22492,5,2492,31,10
22493,5,2493,280,25
22494,5,2494,74,25
22495,5,2495,9,5
22496,5,2496,28,10
22497,5,2497,46,10
22498,5,2498,248,25
22499,5,2499,189,25
22500,5,2500,280,25
22501,5,2501,235,25
22502,5,2502,6,5
22503,5,2503,5,5
22504,5,2504,57,10
22505,5,2505,20,5
22506,5,2506,295,25
22507,5,2507,30,10
22508,5,2508,12,5
22509,5,2509,136,25
22510,5,2510,5,5
22511,5,2511,237,25
22512,5,2512,17,10
22513,5,2513,112,25
22514,5,2514,90,25
22515,5,2515,220,25
22516,5,2516,221,25
22517,5,2517,91,25
22518,5,2518,16,10
22519,5,2519,190,25
22520,5,2520,92,25
22521,5,2521,270,25
22522,5,2522,57,25
22523,5,2523,154,25
22524,5,2524,32,10
22525,5,2525,63,25
22526,5,2526,20,5
22527,5,2527,294,25
22528,5,2528,96,25
22529,5,2529,54,10
22530,5,2530,18,5
22531,5,2531,248,25
22532,5,2532,14,5
22533,5,2533,102,25
22534,5,2534,196,25
22535,5,2535,220,25
22536,5,2536,15,10
22537,5,2537,37,10
22538,5,2538,274,25
22539,5,2539,262,25
22540,5,2540,20,10
22541,5,2541,216,25
22542,5,2542,13,5
22543,5,2543,81,25
22544,5,2544,57,25
22545,5,2545,253,25
22546,5,2546,30,10
22547,5,2547,183,25
22548,5,2548,203,25
22549,5,2549,16,10
22550,5,2550,284,25
22551,5,2551,243,25
22552,5,2552,28,10
22553,5,2553,87,25
22554,5,2554,18,10
22555,5,2555,42,10
22556,5,2556,125,25
22557,5,2557,34,10
22558,5,2558,162,25
22559,5,2559,278,25
22560,5,2560,137,25
22561,5,2561,31,10
22562,5,2562,290,25
22563,5,2563,11,5
22564,5,2564,10,5
22565,5,2565,139,25
22566,5,2566,20,5
22567,5,2567,26,10
22568,5,2568,206,25
22569,5,2569,163,25
22570,5,2570,263,25
22571,5,2571,81,25
22572,5,2572,229,25
22573,5,2573,17,10
22574,5,2574,15,10
22575,5,2575,164,25
22576,5,2576,24,10
22577,5,2577,35,10
22578,5,2578,20,10
22579,5,2579,226,25
22580,5,2580,39,10
22581,5,2581,45,10
22582,5,2582,187,25
22583,5,2583,255,25
22584,5,2584,89,25
22585,5,2585,129,25
22586,5,2586,194,25
22587,5,2587,11,5
22588,5,2588,168,25
22589,5,2589,282,25
22590,5,2590,45,10
22591,5,2591,28,10
22592,5,2592,18,5
22593,5,2593,154,25
22594,5,2594,243,25
22595,5,2595,31,10
22596,5,2596,101,25
22597,5,2597,122,25
22598,5,2598,103,25
22599,5,2599,59,10
22600,5,2600,250,25
22601,5,2601,40,10
22602,5,2602,21,10
22603,5,2603,58,10
22604,5,2604,261,25
22605,5,2605,284,25
22606,5,2606,160,25
22607,5,2607,85,25
22608,5,2608,16,5
22609,5,2609,220,25
22610,5,2610,15,5
22611,5,2611,60,25
22612,5,2612,5,5
22613,5,2613,272,25
22614,5,2614,154,25
22615,5,2615,273,25
22616,5,2616,283,25
22617,5,2617,258,25
22618,5,2618,16,5
22619,5,2619,174,25
22620,5,2620,135,25
22621,5,2621,89,25
22622,5,2622,18,5
22623,5,2623,46,10
22624,5,2624,17,5
22625,5,2625,23,10
22626,5,2626,15,5
22627,5,2627,45,10
22628,5,2628,42,10
22629,5,2629,9,5
22630,5,2630,43,10
22631,5,2631,69,25
22632,5,2632,112,25
22633,5,2633,13,5
22634,5,2634,143,25
22635,5,2635,31,10
22636,5,2636,18,5
22637,5,2637,227,25
22638,5,2638,32,10
22639,5,2639,278,25
22640,5,2640,9,5
22641,5,2641,212,25
22642,5,2642,55,10
22643,5,2643,264,25
22644,5,2644,131,25
22645,5,2645,19,5
22646,5,2646,82,25
22647,5,2647,20,5
22648,5,2648,44,10
22649,5,2649,38,10
22650,5,2650,10,5
22651,5,2651,40,10
22652,5,2652,59,25
22653,5,2653,98,25
22654,5,2654,31,10
22655,5,2655,25,10
22656,5,2656,41,10
22657,5,2657,170,25
22658,5,2658,55,10
22659,5,2659,50,10
22660,5,2660,27,10
22661,5,2661,36,10
22662,5,2662,234,25
22663,5,2663,6,5
22664,5,2664,44,10
22665,5,2665,149,25
22666,5,2666,269,25
22667,5,2667,66,25
22668,5,2668,107,25
22669,5,2669,294,25
22670,5,2670,121,25
22671,5,2671,37,10
22672,5,2672,163,25
22673,5,2673,37,10
22674,5,2674,229,25
22675,5,2675,210,25
22676,5,2676,175,25
22677,5,2677,20,5
22678,5,2678,43,10
22679,5,2679,142,25
22680,5,2680,10,5
22681,5,2681,167,25
22682,5,2682,153,25
22683,5,2683,187,25
22684,5,2684,189,25
22685,5,2685,30,10
22686,5,2686,48,10
22687,5,2687,59,10
22688,5,2688,17,5
22689,5,2689,135,25
22690,5,2690,17,10
22691,5,2691,268,25
22692,5,2692,277,25
22693,5,2693,19,10
22694,5,2694,12,5
22695,5,2695,22,10
22696,5,2696,55,10
22697,5,2697,20,5
22698,5,2698,37,10
22699,5,2699,27,10
22700,5,2700,56,25
22701,5,2701,53,10
22702,5,2702,34,10
22703,5,2703,53,10
22704,5,2704,27,10
22705,5,2705,225,25
22706,5,2706,28,10
22707,5,2707,29,10
22708,5,2708,20,5
22709,5,2709,13,5
22710,5,2710,179,25
22711,5,2711,14,5
22712,5,2712,170,25
22713,5,2713,105,25
22714,5,2714,36,10
22715,5,2715,173,25
22716,5,2716,255,25
22717,5,2717,52,25
22718,5,2718,11,5
22719,5,2719,50,10
22720,5,2720,254,25
22721,5,2721,43,10
22722,5,2722,31,10
22723,5,2723,223,25
22724,5,2724,68,25
22725,5,2725,239,25
22726,5,2726,13,5
22727,5,2727,134,25
22728,5,2728,136,25
22729,5,2729,137,25
22730,5,2730,53,10
22731,5,2731,273,25
22732,5,2732,182,25
22733,5,2733,16,10
22734,5,2734,288,25
22735,5,2735,7,5
22736,5,2736,59,10
22737,5,2737,102,25
22738,5,2738,132,25
22739,5,2739,46,10
22740,5,2740,205,25
22741,5,2741,17,10
22742,5,2742,108,25
22743,5,2743,276,25
22744,5,2744,8,5
22745,5,2745,127,25
22746,5,2746,200,25
22747,5,2747,45,10
22748,5,2748,280,25
22749,5,2749,228,25
22750,5,2750,178,25
22751,5,2751,16,10
22752,5,2752,16,5
22753,5,2753,46,10
22754,5,2754,21,10
22755,5,2755,294,25
22756,5,2756,42,10
22757,5,2757,29,10
22758,5,2758,248,25
22759,5,2759,24,10
22760,5,2760,18,5
22761,5,2761,15,5
22762,5,2762,293,25
22763,5,2763,180,25
22764,5,2764,286,25
22765,5,2765,12,5
22766,5,2766,24,10
22767,5,2767,279,25
22768,5,2768,35,10
22769,5,2769,101,25
22770,5,2770,43,10
22771,5,2771,42,10
22772,5,2772,159,25
22773,5,2773,26,10
22774,5,2774,77,25
22775,5,2775,146,25
22776,5,2776,32,10
22777,5,2777,17,5
22778,5,2778,110,25
22779,5,2779,76,25
22780,5,2780,53,10
22781,5,2781,289,25
22782,5,2782,209,25
22783,5,2783,238,25
22784,5,2784,26,10
22785,5,2785,25,10
22786,5,2786,161,25
22787,5,2787,69,25
22788,5,2788,279,25
22789,5,2789,269,25
22790,5,2790,200,25
22791,5,2791,56,10
22792,5,2792,52,25
22793,5,2793,8,5
22794,5,2794,45,10
22795,5,2795,23,10
22796,5,2796,238,25
22797,5,2797,234,25
22798,5,2798,12,5
22799,5,2799,88,25
22800,5,2800,292,25
22801,5,2801,26,10
22802,5,2802,155,25
22803,5,2803,16,10
22804,5,2804,179,25
22805,5,2805,216,25
22806,5,2806,11,5
22807,5,2807,15,5
22808,5,2808,20,5
22809,5,2809,198,25
22810,5,2810,19,10
22811,5,2811,136,25
22812,5,2812,12,5
22813,5,2813,16,5
22814,5,2814,243,25
22815,5,2815,56,10
22816,5,2816,35,10
22817,5,2817,214,25
22818,5,2818,277,25
22819,5,2819,44,10
22820,5,2820,237,25
22821,5,2821,131,25
22822,5,2822,55,10
22823,5,2823,15,10
22824,5,2824,25,10
22825,5,2825,220,25
22826,5,2826,232,25
22827,5,2827,264,25
22828,5,2828,20,5
22829,5,2829,6,5
22830,5,2830,54,10
22831,5,2831,261,25
22832,5,2832,9,5
22833,5,2833,216,25
22834,5,2834,16,10
22835,5,2835,26,10
22836,5,2836,245,25
22837,5,2837,143,25
22838,5,2838,165,25
22839,5,2839,17,5
22840,5,2840,60,10
22841,5,2841,28,10
22842,5,2842,11,5
22843,5,2843,18,5
22844,5,2844,112,25
22845,5,2845,16,10
22846,5,2846,18,5
22847,5,2847,49,10
22848,5,2848,296,25
22849,5,2849,21,10
22850,5,2850,286,25
22851,5,2851,28,10
22852,5,2852,26,10
22853,5,2853,28,10
22854,5,2854,39,10
22855,5,2855,262,25
22856,5,2856,26,10
22857,5,2857,16,5
22858,5,2858,87,25
22859,5,2859,165,25
22860,5,2860,6,5
22861,5,2861,58,10
22862,5,2862,270,25
22863,5,2863,18,5
22864,5,2864,227,25
22865,5,2865,19,5
22866,5,2866,18,5
22867,5,2867,20,5
22868,5,2868,19,10
22869,5,2869,47,10
22870,5,2870,59,25
22871,5,2871,13,5
22872,5,2872,24,10
22873,5,2873,17,10
22874,5,2874,41,10
22875,5,2875,91,25
22876,5,2876,298,25
22877,5,2877,8,5
22878,5,2878,287,25
22879,5,2879,181,25
22880,5,2880,14,5
22881,5,2881,261,25
22882,5,2882,259,25
22883,5,2883,14,5
22884,5,2884,39,10
22885,5,2885,87,25
22886,5,2886,27,10
22887,5,2887,37,10
22888,5,2888,57,10
22889,5,2889,65,25
22890,5,2890,286,25
22891,5,2891,28,10
22892,5,2892,128,25
22893,5,2893,19,10
22894,5,2894,53,10
22895,5,2895,34,10
22896,5,2896,44,10
22897,5,2897,278,25
22898,5,2898,53,10
22899,5,2899,277,25
22900,5,2900,5,5
22901,5,2901,150,25
22902,5,2902,12,5
22903,5,2903,136,25
22904,5,2904,55,10
22905,5,2905,46,10
22906,5,2906,15,5
22907,5,2907,245,25
22908,5,2908,5,5
22909,5,2909,174,25
22910,5,2910,183,25
22911,5,2911,123,25
22912,5,2912,173,25
22913,5,2913,19,5
22914,5,2914,12,5
22915,5,2915,59,10
22916,5,2916,49,10
22917,5,2917,173,25
22918,5,2918,8,5
22919,5,2919,219,25
22920,5,2920,131,25
22921,5,2921,19,10
22922,5,2922,69,25
22923,5,2923,18,10
22924,5,2924,228,25
22925,5,2925,46,10
22926,5,2926,16,10
22927,5,2927,207,25
22928,5,2928,15,5
22929,5,2929,46,10
22930,5,2930,20,5
22931,5,2931,95,25
22932,5,2932,264,25
22933,5,2933,96,25
22934,5,2934,187,25
22935,5,2935,56,25
22936,5,2936,175,25
22937,5,2937,6,5
22938,5,2938,83,25
22939,5,2939,19,5
22940,5,2940,131,25
22941,5,2941,234,25
22942,5,2942,282,25
22943,5,2943,222,25
22944,5,2944,254,25
22945,5,2945,48,10
22946,5,2946,12,5
22947,5,2947,185,25
22948,5,2948,52,10
22949,5,2949,16,5
22950,5,2950,18,10
22951,5,2951,10,5
22952,5,2952,22,10
22953,5,2953,40,10
22954,5,2954,33,10
22955,5,2955,48,10
22956,5,2956,53,10
22957,5,2957,16,5
22958,5,2958,48,10
22959,5,2959,41,10
22960,5,2960,28,10
22961,5,2961,257,25
22962,5,2962,7,5
22963,5,2963,46,10
22964,5,2964,205,25
22965,5,2965,7,5
22966,5,2966,31,10
22967,5,2967,23,10
22968,5,2968,236,25
22969,5,2969,87,25
22970,5,2970,5,5
22971,5,2971,55,10
22972,5,2972,51,10
22973,5,2973,189,25
22974,5,2974,145,25
22975,5,2975,17,10
22976,5,2976,94,25
22977,5,2977,300,25
22978,5,2978,9,5
22979,5,2979,114,25
22980,5,2980,58,10
22981,5,2981,53,25
22982,5,2982,185,25
22983,5,2983,129,25
22984,5,2984,203,25
22985,5,2985,266,25
22986,5,2986,130,25
22987,5,2987,52,10
22988,5,2988,20,10
22989,5,2989,145,25
22990,5,2990,43,10
22991,5,2991,119,25
22992,5,2992,87,25
22993,5,2993,94,25
22994,5,2994,27,10
22995,5,2995,6,5
22996,5,2996,227,25
22997,5,2997,7,5
22998,5,2998,167,25
22999,5,2999,276,25
23000,5,3000,49,10
23001,5,3001,119,25
23002,5,3002,108,25
23003,5,3003,173,25
23004,5,3004,58,25
23005,5,3005,48,10
23006,5,3006,181,25
23007,5,3007,15,5
23008,5,3008,141,25
23009,5,3009,9,5
23010,5,3010,230,25
23011,5,3011,23,10
23012,5,3012,30,10
23013,5,3013,23,10
23014,5,3014,34,10
23015,5,3015,127,25
23016,5,3016,55,10
23017,5,3017,98,25
23018,5,3018,21,10
23019,5,3019,218,25
23020,5,3020,65,25
23021,5,3021,46,10
23022,5,3022,57,25
23023,5,3023,33,10
23024,5,3024,5,5
23025,5,3025,21,10
23026,5,3026,153,25
23027,5,3027,110,25
23028,5,3028,54,10
23029,5,3029,18,5
23030,5,3030,199,25
23031,5,3031,17,10
23032,5,3032,59,10
23033,5,3033,36,10
23034,5,3034,177,25
23035,5,3035,65,25
23036,5,3036,56,10
23037,5,3037,37,10
23038,5,3038,12,5
23039,5,3039,16,5
23040,5,3040,168,25
23041,5,3041,210,25
23042,5,3042,57,10
23043,5,3043,58,10
23044,5,3044,56,10
23045,5,3045,20,5
23046,5,3046,139,25
23047,5,3047,44,10
23048,5,3048,199,25
23049,5,3049,54,10
23050,5,3050,282,25
23051,5,3051,293,25
23052,5,3052,14,5
23053,5,3053,144,25
23054,5,3054,88,25
23055,5,3055,36,10
23056,5,3056,19,10
23057,5,3057,298,25
23058,5,3058,229,25
23059,5,3059,17,10
23060,5,3060,17,10
23061,5,3061,19,5
23062,5,3062,12,5
23063,5,3063,49,10
23064,5,3064,35,10
23065,5,3065,205,25
23066,5,3066,21,10
23067,5,3067,73,25
23068,5,3068,284,25
23069,5,3069,95,25
23070,5,3070,109,25
23071,5,3071,53,25
23072,5,3072,9,5
23073,5,3073,15,10
23074,5,3074,13,5
23075,5,3075,220,25
23076,5,3076,26,10
23077,5,3077,50,10
23078,5,3078,32,10
23079,5,3079,9,5
23080,5,3080,174,25
23081,5,3081,15,5
23082,5,3082,54,10
23083,5,3083,17,5
23084,5,3084,23,10
23085,5,3085,136,25
23086,5,3086,47,10
23087,5,3087,53,25
23088,5,3088,27,10
23089,5,3089,55,10
23090,5,3090,9,5
23091,5,3091,79,25
23092,5,3092,183,25
23093,5,3093,27,10
23094,5,3094,26,10
23095,5,3095,35,10
23096,5,3096,148,25
23097,5,3097,53,25
23098,5,3098,34,10
23099,5,3099,46,10
23100,5,3100,98,25
23101,5,3101,193,25
23102,5,3102,48,10
23103,5,3103,32,10
23104,5,3104,66,25
23105,5,3105,171,25
23106,5,3106,27,10
23107,5,3107,233,25
23108,5,3108,240,25
23109,5,3109,60,10
23110,5,3110,290,25
23111,5,3111,97,25
23112,5,3112,127,25
23113,5,3113,43,10
23114,5,3114,31,10
23115,5,3115,23,10
23116,5,3116,32,10
23117,5,3117,286,25
23118,5,3118,27,10
23119,5,3119,10,5
23120,5,3120,257,25
23121,5,3121,172,25
23122,5,3122,292,25
23123,5,3123,27,10
23124,5,3124,50,10
23125,5,3125,29,10
23126,5,3126,164,25
23127,5,3127,165,25
23128,5,3128,150,25
23129,5,3129,20,5
23130,5,3130,25,10
23131,5,3131,288,25
23132,5,3132,230,25
23133,5,3133,285,25
23134,5,3134,146,25
23135,5,3135,77,25
23136,5,3136,15,5
23137,5,3137,45,10
23138,5,3138,17,5
23139,5,3139,178,25
23140,5,3140,102,25
23141,5,3141,297,25
23142,5,3142,43,10
23143,5,3143,71,25
23144,5,3144,19,10
23145,5,3145,33,10
23146,5,3146,20,5
23147,5,3147,34,10
23148,5,3148,166,25
23149,5,3149,84,25
23150,5,3150,107,25
23151,5,3151,8,5
23152,5,3152,271,25
23153,5,3153,52,10
23154,5,3154,234,25
23155,5,3155,129,25
23156,5,3156,91,25
23157,5,3157,104,25
23158,5,3158,59,25
23159,5,3159,168,25
23160,5,3160,11,5
23161,5,3161,228,25
23162,5,3162,37,10
23163,5,3163,54,10
23164,5,3164,274,25
23165,5,3165,56,25
23166,5,3166,32,10
23167,5,3167,280,25
23168,5,3168,153,25
23169,5,3169,70,25
23170,5,3170,250,25
23171,5,3171,51,10
23172,5,3172,37,10
23173,5,3173,106,25
23174,5,3174,49,10
23175,5,3175,31,10
23176,5,3176,125,25
23177,5,3177,43,10
23178,5,3178,208,25
23179,5,3179,98,25
23180,5,3180,24,10
23181,5,3181,5,5
23182,5,3182,30,10
23183,5,3183,35,10
23184,5,3184,29,10
23185,5,3185,134,25
23186,5,3186,200,25
23187,5,3187,266,25
23188,5,3188,15,10
23189,5,3189,54,10
23190,5,3190,20,10
23191,5,3191,250,25
23192,5,3192,46,10
23193,5,3193,166,25
23194,5,3194,72,25
23195,5,3195,31,10
23196,5,3196,58,10
23197,5,3197,15,10
23198,5,3198,144,25
23199,5,3199,182,25
23200,5,3200,234,25
23201,5,3201,72,25
23202,5,3202,19,10
23203,5,3203,251,25
23204,5,3204,28,10
23205,5,3205,85,25
23206,5,3206,48,10
23207,5,3207,27,10
23208,5,3208,59,25
23209,5,3209,53,10
23210,5,3210,19,5
23211,5,3211,148,25
23212,5,3212,222,25
23213,5,3213,42,10
23214,5,3214,5,5
23215,5,3215,42,10
23216,5,3216,143,25
23217,5,3217,17,10
23218,5,3218,299,25
23219,5,3219,45,10
23220,5,3220,99,25
23221,5,3221,281,25
23222,5,3222,5,5
23223,5,3223,287,25
23224,5,3224,26,10
23225,5,3225,13,5
23226,5,3226,15,5
23227,5,3227,43,10
23228,5,3228,37,10
23229,5,3229,16,10
23230,5,3230,15,5
23231,5,3231,137,25
23232,5,3232,299,25
23233,5,3233,115,25
23234,5,3234,20,5
23235,5,3235,22,10
23236,5,3236,131,25
23237,5,3237,11,5
23238,5,3238,6,5
23239,5,3239,165,25
23240,5,3240,67,25
23241,5,3241,33,10
23242,5,3242,50,10
23243,5,3243,84,25
23244,5,3244,11,5
23245,5,3245,18,5
23246,5,3246,278,25
23247,5,3247,20,5
23248,5,3248,25,10
23249,5,3249,5,5
23250,5,3250,83,25
23251,5,3251,161,25
23252,5,3252,15,5
23253,5,3253,57,10
23254,5,3254,11,5
23255,5,3255,105,25
23256,5,3256,245,25
23257,5,3257,107,25
23258,5,3258,52,25
23259,5,3259,13,5
23260,5,3260,246,25
23261,5,3261,17,5
23262,5,3262,47,10
23263,5,3263,199,25
23264,5,3264,57,25
23265,5,3265,117,25
23266,5,3266,31,10
23267,5,3267,7,5
23268,5,3268,20,5
23269,5,3269,130,25
23270,5,3270,19,5
23271,5,3271,6,5
23272,5,3272,232,25
23273,5,3273,8,5
23274,5,3274,230,25
23275,5,3275,7,5
23276,5,3276,59,10
23277,5,3277,289,25
23278,5,3278,51,10
23279,5,3279,35,10
23280,5,3280,32,10
23281,5,3281,8,5
23282,5,3282,27,10
23283,5,3283,114,25
23284,5,3284,136,25
23285,5,3285,53,10
23286,5,3286,16,5
23287,5,3287,20,5
23288,5,3288,49,10
23289,5,3289,279,25
23290,5,3290,32,10
23291,5,3291,58,10
23292,5,3292,52,10
23293,5,3293,260,25
23294,5,3294,20,10
23295,5,3295,5,5
23296,5,3296,46,10
23297,5,3297,147,25
23298,5,3298,45,10
23299,5,3299,42,10
23300,5,3300,12,5
23301,5,3301,121,25
23302,5,3302,182,25
23303,5,3303,46,10
23304,5,3304,162,25
23305,5,3305,99,25
23306,5,3306,120,25
23307,5,3307,65,25
23308,5,3308,80,25
23309,5,3309,13,5
23310,5,3310,23,10
23311,5,3311,27,10
23312,5,3312,41,10
23313,5,3313,55,10
23314,5,3314,14,5
23315,5,3315,238,25
23316,5,3316,138,25
23317,5,3317,16,5
23318,5,3318,15,5
23319,5,3319,272,25
23320,5,3320,20,10
23321,5,3321,21,10
23322,5,3322,8,5
23323,5,3323,14,5
23324,5,3324,27,10
23325,5,3325,84,25
23326,5,3326,15,5
23327,5,3327,19,5
23328,5,3328,40,10
23329,5,3329,61,25
23330,5,3330,160,25
23331,5,3331,128,25
23332,5,3332,137,25
23333,5,3333,8,5
23334,5,3334,155,25
23335,5,3335,23,10
23336,5,3336,113,25
23337,5,3337,99,25
23338,5,3338,60,25
23339,5,3339,17,5
23340,5,3340,98,25
23341,5,3341,222,25
23342,5,3342,37,10
23343,5,3343,35,10
23344,5,3344,55,10
23345,5,3345,43,10
23346,5,3346,40,10
23347,5,3347,221,25
23348,5,3348,26,10
23349,5,3349,52,25
23350,5,3350,56,10
23351,5,3351,271,25
23352,5,3352,52,25
23353,5,3353,66,25
23354,5,3354,24,10
23355,5,3355,52,10
23356,5,3356,191,25
23357,5,3357,277,25
23358,5,3358,7,5
23359,5,3359,223,25
23360,5,3360,19,5
23361,5,3361,16,5
23362,5,3362,56,25
23363,5,3363,9,5
23364,5,3364,16,5
23365,5,3365,209,25
23366,5,3366,287,25
23367,5,3367,41,10
23368,5,3368,67,25
23369,5,3369,6,5
23370,5,3370,80,25
23371,5,3371,34,10
23372,5,3372,19,10
23373,5,3373,96,25
23374,5,3374,243,25
23375,5,3375,19,5
23376,5,3376,14,5
23377,5,3377,22,10
23378,5,3378,52,10
23379,5,3379,17,10
23380,5,3380,29,10
23381,5,3381,107,25
23382,5,3382,16,5
23383,5,3383,64,25
23384,5,3384,26,10
23385,5,3385,39,10
23386,5,3386,30,10
23387,5,3387,48,10
23388,5,3388,138,25
23389,5,3389,129,25
23390,5,3390,31,10
23391,5,3391,71,25
23392,5,3392,90,25
23393,5,3393,243,25
23394,5,3394,22,10
23395,5,3395,78,25
23396,5,3396,23,10
23397,5,3397,192,25
23398,5,3398,17,10
23399,5,3399,175,25
23400,5,3400,19,5
23401,5,3401,182,25
23402,5,3402,18,10
23403,5,3403,63,25
23404,5,3404,220,25
23405,5,3405,36,10
23406,5,3406,46,10
23407,5,3407,14,5
23408,5,3408,10,5
23409,5,3409,5,5
23410,5,3410,194,25
23411,5,3411,194,25
23412,5,3412,118,25
23413,5,3413,38,10
23414,5,3414,113,25
23415,5,3415,139,25
23416,5,3416,228,25
23417,5,3417,18,5
23418,5,3418,183,25
23419,5,3419,198,25
23420,5,3420,178,25
23421,5,3421,136,25
23422,5,3422,211,25
23423,5,3423,89,25
23424,5,3424,263,25
23425,5,3425,7,5
23426,5,3426,49,10
23427,5,3427,123,25
23428,5,3428,26,10
23429,5,3429,48,10
23430,5,3430,72,25
23431,5,3431,50,10
23432,5,3432,53,10
23433,5,3433,261,25
23434,5,3434,35,10
23435,5,3435,239,25
23436,5,3436,23,10
23437,5,3437,58,25
23438,5,3438,19,10
23439,5,3439,29,10
23440,5,3440,58,10
23441,5,3441,29,10
23442,5,3442,14,5
23443,5,3443,37,10
23444,5,3444,119,25
23445,5,3445,19,5
23446,5,3446,32,10
23447,5,3447,47,10
23448,5,3448,20,5
23449,5,3449,158,25
23450,5,3450,58,10
23451,5,3451,9,5
23452,5,3452,45,10
23453,5,3453,38,10
23454,5,3454,15,5
23455,5,3455,50,25
23456,5,3456,140,25
23457,5,3457,28,10
23458,5,3458,273,25
23459,5,3459,42,10
23460,5,3460,250,25
23461,5,3461,80,25
23462,5,3462,34,10
23463,5,3463,70,25
23464,5,3464,30,10
23465,5,3465,37,10
23466,5,3466,9,5
23467,5,3467,56,10
23468,5,3468,17,5
23469,5,3469,37,10
23470,5,3470,247,25
23471,5,3471,167,25
23472,5,3472,19,10
23473,5,3473,217,25
23474,5,3474,15,5
23475,5,3475,51,10
23476,5,3476,97,25
23477,5,3477,47,10
23478,5,3478,176,25
23479,5,3479,95,25
23480,5,3480,56,25
23481,5,3481,300,25
23482,5,3482,7,5
23483,5,3483,55,10
23484,5,3484,46,10
23485,5,3485,6,5
23486,5,3486,15,5
23487,5,3487,40,10
23488,5,3488,109,25
23489,5,3489,60,10
23490,5,3490,196,25
23491,5,3491,51,10
23492,5,3492,288,25
23493,5,3493,221,25
23494,5,3494,28,10
23495,5,3495,83,25
23496,5,3496,68,25
23497,5,3497,20,10
23498,5,3498,57,10
23499,5,3499,107,25
23500,5,3500,17,10
23501,5,3501,112,25
23502,5,3502,60,10
23503,5,3503,16,5
23504,5,3504,119,25
23505,5,3505,255,25
23506,5,3506,34,10
23507,5,3507,58,10
23508,5,3508,179,25
23509,5,3509,9,5
23510,5,3510,42,10
23511,5,3511,46,10
23512,5,3512,293,25
23513,5,3513,17,5
23514,5,3514,57,10
23515,5,3515,27,10
23516,5,3516,20,5
23517,5,3517,105,25
23518,5,3518,34,10
23519,5,3519,296,25
23520,5,3520,13,5
23521,5,3521,36,10
23522,5,3522,39,10
23523,5,3523,244,25
23524,5,3524,82,25
23525,5,3525,272,25
23526,5,3526,12,5
23527,5,3527,33,10
23528,5,3528,51,25
23529,5,3529,9,5
23530,5,3530,232,25
23531,5,3531,18,10
23532,5,3532,154,25
23533,5,3533,294,25
23534,5,3534,53,10
23535,5,3535,29,10
23536,5,3536,278,25
23537,5,3537,48,10
23538,5,3538,28,10
23539,5,3539,51,25
23540,5,3540,14,5
23541,5,3541,15,5
23542,5,3542,81,25
23543,5,3543,199,25
23544,5,3544,44,10
23545,5,3545,180,25
23546,5,3546,115,25
23547,5,3547,192,25
23548,5,3548,18,10
23549,5,3549,25,10
23550,5,3550,83,25
23551,5,3551,19,10
23552,5,3552,225,25
23553,5,3553,49,10
23554,5,3554,54,10
23555,5,3555,232,25
23556,5,3556,38,10
23557,5,3557,37,10
23558,5,3558,17,5
23559,5,3559,239,25
23560,5,3560,218,25
23561,5,3561,282,25
23562,5,3562,227,25
23563,5,3563,26,10
23564,5,3564,29,10
23565,5,3565,150,25
23566,5,3566,240,25
23567,5,3567,116,25
23568,5,3568,187,25
23569,5,3569,28,10
23570,5,3570,41,10
23571,5,3571,127,25
23572,5,3572,277,25
23573,5,3573,221,25
23574,5,3574,66,25
23575,5,3575,19,5
23576,5,3576,19,10
23577,5,3577,49,10
23578,5,3578,18,5
23579,5,3579,57,25
23580,5,3580,22,10
23581,5,3581,294,25
23582,5,3582,46,10
23583,5,3583,16,5
23584,5,3584,19,5
23585,5,3585,131,25
23586,5,3586,198,25
23587,5,3587,9,5
23588,5,3588,15,5
23589,5,3589,16,10
23590,5,3590,6,5
23591,5,3591,120,25
23592,5,3592,201,25
23593,5,3593,6,5
23594,5,3594,51,10
23595,5,3595,137,25
23596,5,3596,10,5
23597,5,3597,278,25
23598,5,3598,293,25
23599,5,3599,16,5
23600,5,3600,49,10
23601,5,3601,7,5
23602,5,3602,19,10
23603,5,3603,42,10
23604,5,3604,22,10
23605,5,3605,78,25
23606,5,3606,17,5
23607,5,3607,49,10
23608,5,3608,27,10
23609,5,3609,18,5
23610,5,3610,199,25
23611,5,3611,194,25
23612,5,3612,30,10
23613,5,3613,72,25
23614,5,3614,54,10
23615,5,3615,152,25
23616,5,3616,67,25
23617,5,3617,51,10
23618,5,3618,56,10
23619,5,3619,62,25
23620,5,3620,26,10
23621,5,3621,70,25
23622,5,3622,216,25
23623,5,3623,53,10
23624,5,3624,59,10
23625,5,3625,114,25
23626,5,3626,82,25
23627,5,3627,17,5
23628,5,3628,9,5
23629,5,3629,29,10
23630,5,3630,58,10
23631,5,3631,236,25
23632,5,3632,23,10
23633,5,3633,10,5
23634,5,3634,59,10
23635,5,3635,121,25
23636,5,3636,10,5
23637,5,3637,42,10
23638,5,3638,37,10
23639,5,3639,234,25
23640,5,3640,29,10
23641,5,3641,193,25
23642,5,3642,114,25
23643,5,3643,114,25
23644,5,3644,22,10
23645,5,3645,5,5
23646,5,3646,71,25
23647,5,3647,76,25
23648,5,3648,269,25
23649,5,3649,132,25
23650,5,3650,50,10
23651,5,3651,7,5
23652,5,3652,89,25
23653,5,3653,52,10
23654,5,3654,16,10
23655,5,3655,29,10
23656,5,3656,57,10
23657,5,3657,184,25
23658,5,3658,75,25
23659,5,3659,144,25
23660,5,3660,16,5
23661,5,3661,33,10
23662,5,3662,36,10
23663,5,3663,178,25
23664,5,3664,270,25
23665,5,3665,19,5
23666,5,3666,12,5
23667,5,3667,29,10
23668,5,3668,57,10
23669,5,3669,45,10
23670,5,3670,20,10
23671,5,3671,57,10
23672,5,3672,180,25
23673,5,3673,258,25
23674,5,3674,137,25
23675,5,3675,51,25
23676,5,3676,7,5
23677,5,3677,5,5
23678,5,3678,19,5
23679,5,3679,207,25
23680,5,3680,47,10
23681,5,3681,86,25
23682,5,3682,40,10
23683,5,3683,12,5
23684,5,3684,7,5
23685,5,3685,19,10
23686,5,3686,15,5
23687,5,3687,67,25
23688,5,3688,59,10
23689,5,3689,12,5
23690,5,3690,51,10
23691,5,3691,15,10
23692,5,3692,194,25
23693,5,3693,70,25
23694,5,3694,10,5
23695,5,3695,87,25
23696,5,3696,188,25
23697,5,3697,28,10
23698,5,3698,6,5
23699,5,3699,127,25
23700,5,3700,117,25
23701,5,3701,49,10
23702,5,3702,228,25
23703,5,3703,63,25
23704,5,3704,56,25
23705,5,3705,35,10
23706,5,3706,281,25
23707,5,3707,254,25
23708,5,3708,249,25
23709,5,3709,51,25
23710,5,3710,159,25
23711,5,3711,265,25
23712,5,3712,26,10
23713,5,3713,56,25
23714,5,3714,169,25
23715,5,3715,111,25
23716,5,3716,18,10
23717,5,3717,29,10
23718,5,3718,221,25
23719,5,3719,14,5
23720,5,3720,51,10
23721,5,3721,19,5
23722,5,3722,97,25
23723,5,3723,37,10
23724,5,3724,53,25
23725,5,3725,51,10
23726,5,3726,18,5
23727,5,3727,60,10
23728,5,3728,15,5
23729,5,3729,64,25
23730,5,3730,7,5
23731,5,3731,19,10
23732,5,3732,159,25
23733,5,3733,7,5
23734,5,3734,56,10
23735,5,3735,20,5
23736,5,3736,144,25
23737,5,3737,111,25
23738,5,3738,8,5
23739,5,3739,6,5
23740,5,3740,63,25
23741,5,3741,39,10
23742,5,3742,159,25
23743,5,3743,56,10
23744,5,3744,17,10
23745,5,3745,11,5
23746,5,3746,15,5
23747,5,3747,47,10
23748,5,3748,40,10
23749,5,3749,20,5
23750,5,3750,19,5
23751,5,3751,19,5
23752,5,3752,51,10
23753,5,3753,140,25
23754,5,3754,103,25
23755,5,3755,37,10
23756,5,3756,89,25
23757,5,3757,58,10
23758,5,3758,42,10
23759,5,3759,7,5
23760,5,3760,16,10
23761,5,3761,147,25
23762,5,3762,49,10
23763,5,3763,28,10
23764,5,3764,241,25
23765,5,3765,15,5
23766,5,3766,49,10
23767,5,3767,7,5
23768,5,3768,72,25
23769,5,3769,31,10
23770,5,3770,219,25
23771,5,3771,69,25
23772,5,3772,139,25
23773,5,3773,284,25
23774,5,3774,125,25
23775,5,3775,267,25
23776,5,3776,254,25
23777,5,3777,12,5
23778,5,3778,22,10
23779,5,3779,20,5
23780,5,3780,45,10
23781,5,3781,29,10
23782,5,3782,264,25
23783,5,3783,30,10
23784,5,3784,45,10
23785,5,3785,10,5
23786,5,3786,16,10
23787,5,3787,141,25
23788,5,3788,50,10
23789,5,3789,282,25
23790,5,3790,244,25
23791,5,3791,32,10
23792,5,3792,34,10
23793,5,3793,15,5
23794,5,3794,10,5
23795,5,3795,17,10
23796,5,3796,17,5
23797,5,3797,36,10
23798,5,3798,8,5
23799,5,3799,118,25
23800,5,3800,96,25
23801,5,3801,165,25
23802,5,3802,42,10
23803,5,3803,226,25
23804,5,3804,58,10
23805,5,3805,44,10
23806,5,3806,18,5
23807,5,3807,24,10
23808,5,3808,38,10
23809,5,3809,20,5
23810,5,3810,46,10
23811,5,3811,156,25
23812,5,3812,43,10
23813,5,3813,199,25
23814,5,3814,7,5
23815,5,3815,177,25
23816,5,3816,8,5
23817,5,3817,265,25
23818,5,3818,8,5
23819,5,3819,114,25
23820,5,3820,34,10
23821,5,3821,16,10
23822,5,3822,14,5
23823,5,3823,39,10
23824,5,3824,37,10
23825,5,3825,116,25
23826,5,3826,196,25
23827,5,3827,15,5
23828,5,3828,26,10
23829,5,3829,60,25
23830,5,3830,11,5
23831,5,3831,42,10
23832,5,3832,12,5
23833,5,3833,219,25
23834,5,3834,159,25
23835,5,3835,11,5
23836,5,3836,28,10
23837,5,3837,81,25
23838,5,3838,40,10
23839,5,3839,207,25
23840,5,3840,54,10
23841,5,3841,75,25
23842,5,3842,9,5
23843,5,3843,20,5
23844,5,3844,17,10
23845,5,3845,10,5
23846,5,3846,70,25
23847,5,3847,240,25
23848,5,3848,29,10
23849,5,3849,26,10
23850,5,3850,173,25
23851,5,3851,173,25
23852,5,3852,41,10
23853,5,3853,9,5
23854,5,3854,101,25
23855,5,3855,51,25
23856,5,3856,26,10
23857,5,3857,223,25
23858,5,3858,220,25
23859,5,3859,49,10
23860,5,3860,54,10
23861,5,3861,195,25
23862,5,3862,16,5
23863,5,3863,6,5
23864,5,3864,177,25
23865,5,3865,35,10
23866,5,3866,42,10
23867,5,3867,49,10
23868,5,3868,102,25
23869,5,3869,15,5
23870,5,3870,60,10
23871,5,3871,20,5
23872,5,3872,208,25
23873,5,3873,24,10
23874,5,3874,71,25
23875,5,3875,27,10
23876,5,3876,190,25
23877,5,3877,101,25
23878,5,3878,6,5
23879,5,3879,18,5
23880,5,3880,164,25
23881,5,3881,116,25
23882,5,3882,16,5
23883,5,3883,22,10
23884,5,3884,7,5
23885,5,3885,47,10
23886,5,3886,111,25
23887,5,3887,92,25
23888,5,3888,15,10
23889,5,3889,6,5
23890,5,3890,18,10
23891,5,3891,20,5
23892,5,3892,65,25
23893,5,3893,166,25
23894,5,3894,10,5
23895,5,3895,10,5
23896,5,3896,43,10
23897,5,3897,91,25
23898,5,3898,39,10
23899,5,3899,13,5
23900,5,3900,35,10
23901,5,3901,28,10
23902,5,3902,33,10
23903,5,3903,58,25
23904,5,3904,292,25
23905,5,3905,8,5
23906,5,3906,72,25
23907,5,3907,55,10
23908,5,3908,57,10
23909,5,3909,133,25
23910,5,3910,58,10
23911,5,3911,156,25
23912,5,3912,114,25
23913,5,3913,72,25
23914,5,3914,12,5
23915,5,3915,59,10
23916,5,3916,187,25
23917,5,3917,243,25
23918,5,3918,256,25
23919,5,3919,106,25
23920,5,3920,65,25
23921,5,3921,99,25
23922,5,3922,47,10
23923,5,3923,33,10
23924,5,3924,233,25
23925,5,3925,49,10
23926,5,3926,30,10
23927,5,3927,6,5
23928,5,3928,35,10
23929,5,3929,37,10
23930,5,3930,52,10
23931,5,3931,16,10
23932,5,3932,274,25
23933,5,3933,236,25
23934,5,3934,53,25
23935,5,3935,47,10
23936,5,3936,20,5
23937,5,3937,206,25
23938,5,3938,20,5
23939,5,3939,28,10
23940,5,3940,41,10
23941,5,3941,15,10
23942,5,3942,44,10
23943,5,3943,7,5
23944,5,3944,28,10
23945,5,3945,275,25
23946,5,3946,35,10
23947,5,3947,221,25
23948,5,3948,43,10
23949,5,3949,32,10
23950,5,3950,273,25
23951,5,3951,51,10
23952,5,3952,209,25
23953,5,3953,6,5
23954,5,3954,6,5
23955,5,3955,17,5
23956,5,3956,27,10
23957,5,3957,20,5
23958,5,3958,13,5
23959,5,3959,59,25
23960,5,3960,273,25
23961,5,3961,271,25
23962,5,3962,51,10
23963,5,3963,35,10
23964,5,3964,181,25
23965,5,3965,41,10
23966,5,3966,29,10
23967,5,3967,57,10
23968,5,3968,8,5
23969,5,3969,17,5
23970,5,3970,240,25
23971,5,3971,24,10
23972,5,3972,134,25
23973,5,3973,19,10
23974,5,3974,195,25
23975,5,3975,42,10
23976,5,3976,26,10
23977,5,3977,57,25
23978,5,3978,58,10
23979,5,3979,53,10
23980,5,3980,7,5
23981,5,3981,219,25
23982,5,3982,19,5
23983,5,3983,46,10
23984,5,3984,33,10
23985,5,3985,49,10
23986,5,3986,225,25
23987,5,3987,16,10
23988,5,3988,45,10
23989,5,3989,163,25
23990,5,3990,286,25
23991,5,3991,52,10
23992,5,3992,34,10
23993,5,3993,47,10
23994,5,3994,258,25
23995,5,3995,168,25
23996,5,3996,57,10
23997,5,3997,26,10
23998,5,3998,168,25
23999,5,3999,19,10
24000,5,4000,59,10
24001,5,4001,16,5
24002,5,4002,37,10
24003,5,4003,200,25
24004,5,4004,220,25
24005,5,4005,14,5
24006,5,4006,15,10
24007,5,4007,7,5
24008,5,4008,20,5
24009,5,4009,182,25
24010,5,4010,286,25
24011,5,4011,228,25
24012,5,4012,48,10
24013,5,4013,181,25
24014,5,4014,7,5
24015,5,4015,13,5
24016,5,4016,13,5
24017,5,4017,5,5
24018,5,4018,54,10
24019,5,4019,33,10
24020,5,4020,184,25
24021,5,4021,202,25
24022,5,4022,261,25
24023,5,4023,29,10
24024,5,4024,36,10
24025,5,4025,21,10
24026,5,4026,7,5
24027,5,4027,8,5
24028,5,4028,274,25
24029,5,4029,254,25
24030,5,4030,37,10
24031,5,4031,44,10
24032,5,4032,19,5
24033,5,4033,16,5
24034,5,4034,42,10
24035,5,4035,38,10
24036,5,4036,159,25
24037,5,4037,6,5
24038,5,4038,11,5
24039,5,4039,120,25
24040,5,4040,31,10
24041,5,4041,5,5
24042,5,4042,67,25
24043,5,4043,18,5
24044,5,4044,37,10
24045,5,4045,295,25
24046,5,4046,235,25
24047,5,4047,159,25
24048,5,4048,20,5
24049,5,4049,126,25
24050,5,4050,85,25
24051,5,4051,253,25
24052,5,4052,204,25
24053,5,4053,7,5
24054,5,4054,41,10
24055,5,4055,39,10
24056,5,4056,137,25
24057,5,4057,264,25
24058,5,4058,139,25
24059,5,4059,16,5
24060,5,4060,31,10
24061,5,4061,38,10
24062,5,4062,222,25
24063,5,4063,121,25
24064,5,4064,49,10
24065,5,4065,149,25
24066,5,4066,216,25
24067,5,4067,267,25
24068,5,4068,34,10
24069,5,4069,76,25
24070,5,4070,34,10
24071,5,4071,223,25
24072,5,4072,14,5
24073,5,4073,17,5
24074,5,4074,101,25
24075,5,4075,12,5
24076,5,4076,18,10
24077,5,4077,38,10
24078,5,4078,250,25
24079,5,4079,292,25
24080,5,4080,237,25
24081,5,4081,52,10
24082,5,4082,218,25
24083,5,4083,36,10
24084,5,4084,202,25
24085,5,4085,9,5
24086,5,4086,214,25
24087,5,4087,245,25
24088,5,4088,85,25
24089,5,4089,30,10
24090,5,4090,254,25
24091,5,4091,106,25
24092,5,4092,154,25
24093,5,4093,24,10
24094,5,4094,169,25
24095,5,4095,19,5
24096,5,4096,289,25
24097,5,4097,244,25
24098,5,4098,51,10
24099,5,4099,39,10
24100,5,4100,34,10
24101,5,4101,32,10
24102,5,4102,6,5
24103,5,4103,109,25
24104,5,4104,231,25
24105,5,4105,58,10
24106,5,4106,172,25
24107,5,4107,171,25
24108,5,4108,51,10
24109,5,4109,17,5
24110,5,4110,188,25
24111,5,4111,58,10
24112,5,4112,180,25
24113,5,4113,172,25
24114,5,4114,45,10
24115,5,4115,30,10
24116,5,4116,38,10
24117,5,4117,15,5
24118,5,4118,150,25
24119,5,4119,53,10
24120,5,4120,193,25
24121,5,4121,46,10
24122,5,4122,15,5
24123,5,4123,16,5
24124,5,4124,45,10
24125,5,4125,272,25
24126,5,4126,58,10
24127,5,4127,49,10
24128,5,4128,56,10
24129,5,4129,189,25
24130,5,4130,76,25
24131,5,4131,19,10
24132,5,4132,15,5
24133,5,4133,237,25
24134,5,4134,219,25
24135,5,4135,5,5
24136,5,4136,50,10
24137,5,4137,52,10
24138,5,4138,22,10
24139,5,4139,186,25
24140,5,4140,13,5
24141,5,4141,227,25
24142,5,4142,45,10
24143,5,4143,148,25
24144,5,4144,119,25
24145,5,4145,17,10
24146,5,4146,296,25
24147,5,4147,54,25
24148,5,4148,185,25
24149,5,4149,55,10
24150,5,4150,32,10
24151,5,4151,5,5
24152,5,4152,71,25
24153,5,4153,10,5
24154,5,4154,194,25
24155,5,4155,53,10
24156,5,4156,130,25
24157,5,4157,27,10
24158,5,4158,16,10
24159,5,4159,138,25
24160,5,4160,18,5
24161,5,4161,36,10
24162,5,4162,36,10
24163,5,4163,41,10
24164,5,4164,14,5
24165,5,4165,50,10
24166,5,4166,42,10
24167,5,4167,19,10
24168,5,4168,238,25
24169,5,4169,15,5
24170,5,4170,16,5
24171,5,4171,63,25
24172,5,4172,15,5
24173,5,4173,154,25
24174,5,4174,9,5
24175,5,4175,33,10
24176,5,4176,199,25
24177,5,4177,15,5
24178,5,4178,154,25
24179,5,4179,35,10
24180,5,4180,16,5
24181,5,4181,78,25
24182,5,4182,195,25
24183,5,4183,7,5
24184,5,4184,13,5
24185,5,4185,164,25
24186,5,4186,7,5
24187,5,4187,24,10
24188,5,4188,15,5
24189,5,4189,132,25
24190,5,4190,47,10
24191,5,4191,12,5
24192,5,4192,53,10
24193,5,4193,167,25
24194,5,4194,172,25
24195,5,4195,43,10
24196,5,4196,15,5
24197,5,4197,20,5
24198,5,4198,5,5
24199,5,4199,8,5
24200,5,4200,141,25
24201,5,4201,59,10
24202,5,4202,17,5
24203,5,4203,21,10
24204,5,4204,149,25
24205,5,4205,6,5
24206,5,4206,53,25
24207,5,4207,287,25
24208,5,4208,61,25
24209,5,4209,256,25
24210,5,4210,60,10
24211,5,4211,13,5
24212,5,4212,248,25
24213,5,4213,8,5
24214,5,4214,45,10
24215,5,4215,176,25
24216,5,4216,56,10
24217,5,4217,145,25
24218,5,4218,25,10
24219,5,4219,52,25
24220,5,4220,13,5
24221,5,4221,15,10
24222,5,4222,51,25
24223,5,4223,13,5
24224,5,4224,104,25
24225,5,4225,95,25
24226,5,4226,198,25
24227,5,4227,283,25
24228,5,4228,15,5
24229,5,4229,199,25
24230,5,4230,48,10
24231,5,4231,8,5
24232,5,4232,6,5
24233,5,4233,158,25
24234,5,4234,17,5
24235,5,4235,149,25
24236,5,4236,29,10
24237,5,4237,233,25
24238,5,4238,56,10
24239,5,4239,13,5
24240,5,4240,46,10
24241,5,4241,76,25
24242,5,4242,16,5
24243,5,4243,148,25
24244,5,4244,250,25
24245,5,4245,206,25
24246,5,4246,6,5
24247,5,4247,53,25
24248,5,4248,35,10
24249,5,4249,50,10
24250,5,4250,27,10
24251,5,4251,263,25
24252,5,4252,15,5
24253,5,4253,56,10
24254,5,4254,22,10
24255,5,4255,60,10
24256,5,4256,42,10
24257,5,4257,54,10
24258,5,4258,8,5
24259,5,4259,235,25
24260,5,4260,14,5
24261,5,4261,148,25
24262,5,4262,132,25
24263,5,4263,51,10
24264,5,4264,141,25
24265,5,4265,206,25
24266,5,4266,155,25
24267,5,4267,262,25
24268,5,4268,63,25
24269,5,4269,22,10
24270,5,4270,23,10
24271,5,4271,56,10
24272,5,4272,58,10
24273,5,4273,147,25
24274,5,4274,231,25
24275,5,4275,133,25
24276,5,4276,45,10
24277,5,4277,273,25
24278,5,4278,247,25
24279,5,4279,223,25
24280,5,4280,28,10
24281,5,4281,45,10
24282,5,4282,67,25
24283,5,4283,90,25
24284,5,4284,271,25
24285,5,4285,190,25
24286,5,4286,239,25
24287,5,4287,93,25
24288,5,4288,25,10
24289,5,4289,253,25
24290,5,4290,10,5
24291,5,4291,28,10
24292,5,4292,16,5
24293,5,4293,223,25
24294,5,4294,233,25
24295,5,4295,109,25
24296,5,4296,261,25
24297,5,4297,25,10
24298,5,4298,94,25
24299,5,4299,53,10
24300,5,4300,79,25
24301,5,4301,289,25
24302,5,4302,6,5
24303,5,4303,47,10
24304,5,4304,38,10
24305,5,4305,40,10
24306,5,4306,197,25
24307,5,4307,207,25
24308,5,4308,246,25
24309,5,4309,51,10
24310,5,4310,36,10
24311,5,4311,270,25
24312,5,4312,31,10
24313,5,4313,23,10
24314,5,4314,78,25
24315,5,4315,153,25
24316,5,4316,296,25
24317,5,4317,19,10
24318,5,4318,134,25
24319,5,4319,11,5
24320,5,4320,184,25
24321,5,4321,145,25
24322,5,4322,238,25
24323,5,4323,10,5
24324,5,4324,247,25
24325,5,4325,99,25
24326,5,4326,105,25
24327,5,4327,15,10
24328,5,4328,240,25
24329,5,4329,36,10
24330,5,4330,105,25
24331,5,4331,63,25
24332,5,4332,17,10
24333,5,4333,60,10
24334,5,4334,21,10
24335,5,4335,148,25
24336,5,4336,18,10
24337,5,4337,49,10
24338,5,4338,216,25
24339,5,4339,260,25
24340,5,4340,27,10
24341,5,4341,33,10
24342,5,4342,132,25
24343,5,4343,60,10
24344,5,4344,195,25
24345,5,4345,7,5
24346,5,4346,140,25
24347,5,4347,11,5
24348,5,4348,283,25
24349,5,4349,60,10
24350,5,4350,22,10
24351,5,4351,151,25
24352,5,4352,103,25
24353,5,4353,249,25
24354,5,4354,185,25
24355,5,4355,260,25
24356,5,4356,23,10
24357,5,4357,185,25
24358,5,4358,16,10
24359,5,4359,46,10
24360,5,4360,195,25
24361,5,4361,185,25
24362,5,4362,263,25
24363,5,4363,126,25
24364,5,4364,216,25
24365,5,4365,50,10
24366,5,4366,45,10
24367,5,4367,64,25
24368,5,4368,17,5
24369,5,4369,215,25
24370,5,4370,58,10
24371,5,4371,76,25
24372,5,4372,52,25
24373,5,4373,223,25
24374,5,4374,39,10
24375,5,4375,17,10
24376,5,4376,275,25
24377,5,4377,20,5
24378,5,4378,81,25
24379,5,4379,283,25
24380,5,4380,34,10
24381,5,4381,14,5
24382,5,4382,5,5
24383,5,4383,11,5
24384,5,4384,29,10
24385,5,4385,196,25
24386,5,4386,170,25
24387,5,4387,27,10
24388,5,4388,58,10
24389,5,4389,83,25
24390,5,4390,129,25
24391,5,4391,120,25
24392,5,4392,139,25
24393,5,4393,47,10
24394,5,4394,45,10
24395,5,4395,18,5
24396,5,4396,116,25
24397,5,4397,70,25
24398,5,4398,48,10
24399,5,4399,20,5
24400,5,4400,56,25
24401,5,4401,26,10
24402,5,4402,19,5
24403,5,4403,182,25
24404,5,4404,19,5
24405,5,4405,177,25
24406,5,4406,96,25
24407,5,4407,50,25
24408,5,4408,17,10
24409,5,4409,162,25
24410,5,4410,18,5
24411,5,4411,88,25
24412,5,4412,241,25
24413,5,4413,15,10
24414,5,4414,25,10
24415,5,4415,280,25
24416,5,4416,64,25
24417,5,4417,271,25
24418,5,4418,218,25
24419,5,4419,45,10
24420,5,4420,14,5
24421,5,4421,19,10
24422,5,4422,146,25
24423,5,4423,150,25
24424,5,4424,36,10
24425,5,4425,182,25
24426,5,4426,24,10
24427,5,4427,130,25
24428,5,4428,182,25
24429,5,4429,9,5
24430,5,4430,293,25
24431,5,4431,149,25
24432,5,4432,42,10
24433,5,4433,60,10
24434,5,4434,39,10
24435,5,4435,8,5
24436,5,4436,187,25
24437,5,4437,59,10
24438,5,4438,255,25
24439,5,4439,27,10
24440,5,4440,83,25
24441,5,4441,61,25
24442,5,4442,205,25
24443,5,4443,112,25
24444,5,4444,60,10
24445,5,4445,28,10
24446,5,4446,115,25
24447,5,4447,89,25
24448,5,4448,189,25
24449,5,4449,12,5
24450,5,4450,79,25
24451,5,4451,246,25
24452,5,4452,236,25
24453,5,4453,38,10
24454,5,4454,8,5
24455,5,4455,75,25
24456,5,4456,47,10
24457,5,4457,180,25
24458,5,4458,256,25
24459,5,4459,25,10
24460,5,4460,41,10
24461,5,4461,6,5
24462,5,4462,30,10
24463,5,4463,65,25
24464,5,4464,187,25
24465,5,4465,22,10
24466,5,4466,275,25
24467,5,4467,274,25
24468,5,4468,268,25
24469,5,4469,251,25
24470,5,4470,292,25
24471,5,4471,19,10
24472,5,4472,34,10
24473,5,4473,55,10
24474,5,4474,146,25
24475,5,4475,17,10
24476,5,4476,55,10
24477,5,4477,14,5
24478,5,4478,84,25
24479,5,4479,136,25
24480,5,4480,111,25
24481,5,4481,60,10
24482,5,4482,59,10
24483,5,4483,60,10
24484,5,4484,37,10
24485,5,4485,55,10
24486,5,4486,16,10
24487,5,4487,57,25
24488,5,4488,57,10
24489,5,4489,21,10
24490,5,4490,217,25
24491,5,4491,48,10
24492,5,4492,255,25
24493,5,4493,10,5
24494,5,4494,41,10
24495,5,4495,37,10
24496,5,4496,60,10
24497,5,4497,10,5
24498,5,4498,19,10
24499,5,4499,217,25
24500,5,4500,248,25
24501,5,4501,103,25
24502,5,4502,15,5
24503,5,4503,5,5
24504,5,4504,248,25
24505,5,4505,53,25
24506,5,4506,13,5
24507,5,4507,25,10
24508,5,4508,20,5
24509,5,4509,293,25
24510,5,4510,5,5
24511,5,4511,219,25
24512,5,4512,20,10
24513,5,4513,55,10
24514,5,4514,221,25
24515,5,4515,119,25
24516,5,4516,70,25
24517,5,4517,40,10
24518,5,4518,51,10
24519,5,4519,58,10
24520,5,4520,222,25
24521,5,4521,36,10
24522,5,4522,254,25
24523,5,4523,30,10
24524,5,4524,13,5
24525,5,4525,97,25
24526,5,4526,60,10
24527,5,4527,251,25
24528,5,4528,206,25
24529,5,4529,71,25
24530,5,4530,15,5
24531,5,4531,275,25
24532,5,4532,114,25
24533,5,4533,106,25
24534,5,4534,34,10
24535,5,4535,55,10
24536,5,4536,183,25
24537,5,4537,23,10
24538,5,4538,169,25
24539,5,4539,115,25
24540,5,4540,282,25
24541,5,4541,78,25
24542,5,4542,9,5
24543,5,4543,227,25
24544,5,4544,188,25
24545,5,4545,193,25
24546,5,4546,48,10
24547,5,4547,5,5
24548,5,4548,16,10
24549,5,4549,17,5
24550,5,4550,91,25
24551,5,4551,56,25
24552,5,4552,16,10
24553,5,4553,210,25
24554,5,4554,53,10
24555,5,4555,48,10
24556,5,4556,28,10
24557,5,4557,21,10
24558,5,4558,27,10
24559,5,4559,16,10
24560,5,4560,19,10
24561,5,4561,5,5
24562,5,4562,275,25
24563,5,4563,148,25
24564,5,4564,7,5
24565,5,4565,80,25
24566,5,4566,187,25
24567,5,4567,26,10
24568,5,4568,282,25
24569,5,4569,191,25
24570,5,4570,26,10
24571,5,4571,12,5
24572,5,4572,182,25
24573,5,4573,136,25
24574,5,4574,63,25
24575,5,4575,35,10
24576,5,4576,114,25
24577,5,4577,56,10
24578,5,4578,16,5
24579,5,4579,13,5
24580,5,4580,53,10
24581,5,4581,51,25
24582,5,4582,38,10
24583,5,4583,267,25
24584,5,4584,26,10
24585,5,4585,22,10
24586,5,4586,223,25
24587,5,4587,88,25
24588,5,4588,79,25
24589,5,4589,32,10
24590,5,4590,173,25
24591,5,4591,205,25
24592,5,4592,18,10
24593,5,4593,19,5
24594,5,4594,32,10
24595,5,4595,121,25
24596,5,4596,41,10
24597,5,4597,18,5
24598,5,4598,179,25
24599,5,4599,281,25
24600,5,4600,41,10
24601,5,4601,16,10
24602,5,4602,40,10
24603,5,4603,56,10
24604,5,4604,282,25
24605,5,4605,53,10
24606,5,4606,201,25
24607,5,4607,235,25
24608,5,4608,7,5
24609,5,4609,194,25
24610,5,4610,31,10
24611,5,4611,71,25
24612,5,4612,6,5
24613,5,4613,145,25
24614,5,4614,226,25
24615,5,4615,262,25
24616,5,4616,182,25
24617,5,4617,124,25
24618,5,4618,34,10
24619,5,4619,180,25
24620,5,4620,95,25
24621,5,4621,39,10
24622,5,4622,45,10
24623,5,4623,250,25
24624,5,4624,7,5
24625,5,4625,5,5
24626,5,4626,211,25
24627,5,4627,60,25
24628,5,4628,253,25
24629,5,4629,25,10
24630,5,4630,26,10
24631,5,4631,12,5
24632,5,4632,280,25
24633,5,4633,165,25
24634,5,4634,37,10
24635,5,4635,49,10
24636,5,4636,152,25
24637,5,4637,154,25
24638,5,4638,38,10
24639,5,4639,29,10
24640,5,4640,243,25
24641,5,4641,201,25
24642,5,4642,6,5
24643,5,4643,295,25
24644,5,4644,20,10
24645,5,4645,57,10
24646,5,4646,41,10
24647,5,4647,136,25
24648,5,4648,26,10
24649,5,4649,153,25
24650,5,4650,44,10
24651,5,4651,296,25
24652,5,4652,272,25
24653,5,4653,140,25
24654,5,4654,65,25
24655,5,4655,45,10
24656,5,4656,53,10
24657,5,4657,20,10
24658,5,4658,26,10
24659,5,4659,6,5
24660,5,4660,295,25
24661,5,4661,55,10
24662,5,4662,19,10
24663,5,4663,89,25
24664,5,4664,184,25
24665,5,4665,18,5
24666,5,4666,15,5
24667,5,4667,53,10
24668,5,4668,69,25
24669,5,4669,12,5
24670,5,4670,30,10
24671,5,4671,11,5
24672,5,4672,55,10
24673,5,4673,10,5
24674,5,4674,8,5
24675,5,4675,7,5
24676,5,4676,20,5
24677,5,4677,13,5
24678,5,4678,20,10
24679,5,4679,50,10
24680,5,4680,44,10
24681,5,4681,8,5
24682,5,4682,153,25
24683,5,4683,11,5
24684,5,4684,21,10
24685,5,4685,187,25
24686,5,4686,41,10
24687,5,4687,217,25
24688,5,4688,219,25
24689,5,4689,54,10
24690,5,4690,5,5
24691,5,4691,8,5
24692,5,4692,176,25
24693,5,4693,257,25
24694,5,4694,59,10
24695,5,4695,19,10
24696,5,4696,289,25
24697,5,4697,180,25
24698,5,4698,18,5
24699,5,4699,86,25
24700,5,4700,201,25
24701,5,4701,70,25
24702,5,4702,52,10
24703,5,4703,127,25
24704,5,4704,199,25
24705,5,4705,248,25
24706,5,4706,110,25
24707,5,4707,282,25
24708,5,4708,128,25
24709,5,4709,73,25
24710,5,4710,134,25
24711,5,4711,82,25
24712,5,4712,122,25
24713,5,4713,73,25
24714,5,4714,204,25
24715,5,4715,47,10
24716,5,4716,258,25
24717,5,4717,17,5
24718,5,4718,183,25
24719,5,4719,163,25
24720,5,4720,211,25
24721,5,4721,15,10
24722,5,4722,221,25
24723,5,4723,9,5
24724,5,4724,6,5
24725,5,4725,49,10
24726,5,4726,7,5
24727,5,4727,27,10
24728,5,4728,227,25
24729,5,4729,60,10
24730,5,4730,19,10
24731,5,4731,282,25
24732,5,4732,90,25
24733,5,4733,21,10
24734,5,4734,57,10
24735,5,4735,94,25
24736,5,4736,20,5
24737,5,4737,56,25
24738,5,4738,91,25
24739,5,4739,38,10
24740,5,4740,45,10
24741,5,4741,19,5
24742,5,4742,10,5
24743,5,4743,6,5
24744,5,4744,31,10
24745,5,4745,231,25
24746,5,4746,28,10
24747,5,4747,36,10
24748,5,4748,25,10
24749,5,4749,51,10
24750,5,4750,249,25
24751,5,4751,53,25
24752,5,4752,291,25
24753,5,4753,57,25
24754,5,4754,289,25
24755,5,4755,54,10
24756,5,4756,31,10
24757,5,4757,20,5
24758,5,4758,19,10
24759,5,4759,177,25
24760,5,4760,13,5
24761,5,4761,15,10
24762,5,4762,26,10
24763,5,4763,212,25
24764,5,4764,126,25
24765,5,4765,35,10
24766,5,4766,54,10
24767,5,4767,54,25
24768,5,4768,21,10
24769,5,4769,214,25
24770,5,4770,6,5
24771,5,4771,34,10
24772,5,4772,65,25
24773,5,4773,158,25
24774,5,4774,19,5
24775,5,4775,263,25
24776,5,4776,44,10
24777,5,4777,59,10
24778,5,4778,177,25
24779,5,4779,15,5
24780,5,4780,199,25
24781,5,4781,13,5
24782,5,4782,36,10
24783,5,4783,261,25
24784,5,4784,35,10
24785,5,4785,111,25
24786,5,4786,16,10
24787,5,4787,35,10
24788,5,4788,18,10
24789,5,4789,50,25
24790,5,4790,168,25
24791,5,4791,258,25
24792,5,4792,179,25
24793,5,4793,233,25
24794,5,4794,173,25
24795,5,4795,27,10
24796,5,4796,91,25
24797,5,4797,252,25
24798,5,4798,32,10
24799,5,4799,6,5
24800,5,4800,208,25
24801,5,4801,7,5
24802,5,4802,23,10
24803,5,4803,12,5
24804,5,4804,116,25
24805,5,4805,157,25
24806,5,4806,44,10
24807,5,4807,217,25
24808,5,4808,33,10
24809,5,4809,24,10
24810,5,4810,17,5
24811,5,4811,47,10
24812,5,4812,189,25
24813,5,4813,52,10
24814,5,4814,24,10
24815,5,4815,57,10
24816,5,4816,23,10
24817,5,4817,272,25
24818,5,4818,271,25
24819,5,4819,245,25
24820,5,4820,54,10
24821,5,4821,139,25
24822,5,4822,295,25
24823,5,4823,55,10
24824,5,4824,60,10
24825,5,4825,17,5
24826,5,4826,105,25
24827,5,4827,66,25
24828,5,4828,126,25
24829,5,4829,59,10
24830,5,4830,228,25
24831,5,4831,163,25
24832,5,4832,8,5
24833,5,4833,36,10
24834,5,4834,13,5
24835,5,4835,155,25
24836,5,4836,171,25
24837,5,4837,18,5
24838,5,4838,259,25
24839,5,4839,45,10
24840,5,4840,51,10
24841,5,4841,29,10
24842,5,4842,23,10
24843,5,4843,18,5
24844,5,4844,211,25
24845,5,4845,15,5
24846,5,4846,14,5
24847,5,4847,122,25
24848,5,4848,53,10
24849,5,4849,29,10
24850,5,4850,16,5
24851,5,4851,45,10
24852,5,4852,16,5
24853,5,4853,60,25
24854,5,4854,40,10
24855,5,4855,44,10
24856,5,4856,42,10
24857,5,4857,19,5
24858,5,4858,261,25
24859,5,4859,19,5
24860,5,4860,15,10
24861,5,4861,60,10
24862,5,4862,37,10
24863,5,4863,179,25
24864,5,4864,18,5
24865,5,4865,300,25
24866,5,4866,264,25
24867,5,4867,15,10
24868,5,4868,14,5
24869,5,4869,43,10
24870,5,4870,21,10
24871,5,4871,152,25
24872,5,4872,50,25
24873,5,4873,33,10
24874,5,4874,275,25
24875,5,4875,207,25
24876,5,4876,28,10
24877,5,4877,58,25
24878,5,4878,74,25
24879,5,4879,42,10
24880,5,4880,5,5
24881,5,4881,135,25
24882,5,4882,100,25
24883,5,4883,15,5
24884,5,4884,284,25
24885,5,4885,23,10
24886,5,4886,20,5
24887,5,4887,92,25
24888,5,4888,7,5
24889,5,4889,171,25
24890,5,4890,15,5
24891,5,4891,16,10
24892,5,4892,29,10
24893,5,4893,43,10
24894,5,4894,291,25
24895,5,4895,39,10
24896,5,4896,46,10
24897,5,4897,10,5
24898,5,4898,42,10
24899,5,4899,213,25
24900,5,4900,216,25
24901,5,4901,273,25
24902,5,4902,43,10
24903,5,4903,12,5
24904,5,4904,12,5
24905,5,4905,20,5
24906,5,4906,10,5
24907,5,4907,252,25
24908,5,4908,45,10
24909,5,4909,23,10
24910,5,4910,23,10
24911,5,4911,264,25
24912,5,4912,247,25
24913,5,4913,9,5
24914,5,4914,177,25
24915,5,4915,59,10
24916,5,4916,169,25
24917,5,4917,291,25
24918,5,4918,37,10
24919,5,4919,261,25
24920,5,4920,42,10
24921,5,4921,19,10
24922,5,4922,28,10
24923,5,4923,26,10
24924,5,4924,7,5
24925,5,4925,58,25
24926,5,4926,18,5
24927,5,4927,185,25
24928,5,4928,20,5
24929,5,4929,126,25
24930,5,4930,25,10
24931,5,4931,250,25
24932,5,4932,86,25
24933,5,4933,10,5
24934,5,4934,53,10
24935,5,4935,33,10
24936,5,4936,262,25
24937,5,4937,242,25
24938,5,4938,180,25
24939,5,4939,17,10
24940,5,4940,21,10
24941,5,4941,15,10
24942,5,4942,123,25
24943,5,4943,250,25
24944,5,4944,46,10
24945,5,4945,41,10
24946,5,4946,32,10
24947,5,4947,75,25
24948,5,4948,99,25
24949,5,4949,61,25
24950,5,4950,221,25
24951,5,4951,16,5
24952,5,4952,8,5
24953,5,4953,17,10
24954,5,4954,257,25
24955,5,4955,153,25
24956,5,4956,109,25
24957,5,4957,67,25
24958,5,4958,24,10
24959,5,4959,268,25
24960,5,4960,261,25
24961,5,4961,14,5
24962,5,4962,5,5
24963,5,4963,50,10
24964,5,4964,41,10
24965,5,4965,260,25
24966,5,4966,13,5
24967,5,4967,76,25
24968,5,4968,56,10
24969,5,4969,51,10
24970,5,4970,225,25
24971,5,4971,199,25
24972,5,4972,55,10
24973,5,4973,218,25
24974,5,4974,10,5
24975,5,4975,210,25
24976,5,4976,14,5
24977,5,4977,12,5
24978,5,4978,18,5
24979,5,4979,12,5
24980,5,4980,7,5
24981,5,4981,37,10
24982,5,4982,59,10
24983,5,4983,122,25
24984,5,4984,161,25
24985,5,4985,30,10
24986,5,4986,19,5
24987,5,4987,43,10
24988,5,4988,265,25
24989,5,4989,12,5
24990,5,4990,52,10
24991,5,4991,40,10
24992,5,4992,28,10
24993,5,4993,222,25
24994,5,4994,15,5
24995,5,4995,84,25
24996,5,4996,9,5
24997,5,4997,214,25
24998,5,4998,114,25
24999,5,4999,229,25
25000,5,5000,12,5
25001,6,1,16,5
25002,6,2,119,25
25003,6,3,6,5
25004,6,4,60,10
25005,6,5,263,25
25006,6,6,271,25
25007,6,7,31,10
25008,6,8,33,10
25009,6,9,262,25
25010,6,10,33,10
25011,6,11,6,5
25012,6,12,117,25
25013,6,13,19,10
25014,6,14,24,10
25015,6,15,9,5
25016,6,16,58,10
25017,6,17,160,25
25018,6,18,167,25
25019,6,19,16,5
25020,6,20,54,10
25021,6,21,28,10
25022,6,22,6,5
25023,6,23,141,25
25024,6,24,29,10
25025,6,25,131,25
25026,6,26,22,10
25027,6,27,44,10
25028,6,28,144,25
25029,6,29,240,25
25030,6,30,88,25
25031,6,31,162,25
25032,6,32,237,25
25033,6,33,40,10
25034,6,34,222,25
25035,6,35,31,10
25036,6,36,12,5
25037,6,37,43,10
25038,6,38,14,5
25039,6,39,35,10
25040,6,40,210,25
25041,6,41,37,10
25042,6,42,274,25
25043,6,43,66,25
25044,6,44,82,25
25045,6,45,21,10
25046,6,46,49,10
25047,6,47,23,10
25048,6,48,46,10
25049,6,49,44,10
25050,6,50,15,5
25051,6,51,195,25
25052,6,52,195,25
25053,6,53,21,10
25054,6,54,286,25
25055,6,55,274,25
25056,6,56,16,5
25057,6,57,37,10
25058,6,58,35,10
25059,6,59,30,10
25060,6,60,39,10
25061,6,61,38,10
25062,6,62,220,25
25063,6,63,15,10
25064,6,64,243,25
25065,6,65,135,25
25066,6,66,16,5
25067,6,67,55,25
25068,6,68,55,10
25069,6,69,54,10
25070,6,70,53,25
25071,6,71,53,25
25072,6,72,122,25
25073,6,73,241,25
25074,6,74,183,25
25075,6,75,38,10
25076,6,76,32,10
25077,6,77,22,10
25078,6,78,50,10
25079,6,79,132,25
25080,6,80,151,25
25081,6,81,43,10
25082,6,82,59,25
25083,6,83,18,5
25084,6,84,151,25
25085,6,85,18,10
25086,6,86,150,25
25087,6,87,52,10
25088,6,88,18,10
25089,6,89,221,25
25090,6,90,17,5
25091,6,91,17,10
25092,6,92,26,10
25093,6,93,54,10
25094,6,94,15,5
25095,6,95,295,25
25096,6,96,40,10
25097,6,97,294,25
25098,6,98,200,25
25099,6,99,21,10
25100,6,100,19,5
25101,6,101,42,10
25102,6,102,66,25
25103,6,103,131,25
25104,6,104,44,10
25105,6,105,27,10
25106,6,106,66,25
25107,6,107,6,5
25108,6,108,296,25
25109,6,109,15,5
25110,6,110,60,10
25111,6,111,291,25
25112,6,112,22,10
25113,6,113,202,25
25114,6,114,107,25
25115,6,115,86,25
25116,6,116,42,10
25117,6,117,17,5
25118,6,118,46,10
25119,6,119,31,10
25120,6,120,156,25
25121,6,121,289,25
25122,6,122,17,10
25123,6,123,27,10
25124,6,124,51,10
25125,6,125,59,10
25126,6,126,43,10
25127,6,127,26,10
25128,6,128,10,5
25129,6,129,54,25
25130,6,130,58,10
25131,6,131,38,10
25132,6,132,59,10
25133,6,133,42,10
25134,6,134,119,25
25135,6,135,58,10
25136,6,136,45,10
25137,6,137,141,25
25138,6,138,55,10
25139,6,139,44,10
25140,6,140,23,10
25141,6,141,18,10
25142,6,142,122,25
25143,6,143,44,10
25144,6,144,29,10
25145,6,145,14,5
25146,6,146,51,25
25147,6,147,30,10
25148,6,148,38,10
25149,6,149,242,25
25150,6,150,55,10
25151,6,151,208,25
25152,6,152,18,5
25153,6,153,180,25
25154,6,154,58,10
25155,6,155,201,25
25156,6,156,30,10
25157,6,157,235,25
25158,6,158,230,25
25159,6,159,10,5
25160,6,160,281,25
25161,6,161,220,25
25162,6,162,5,5
25163,6,163,25,10
25164,6,164,241,25
25165,6,165,235,25
25166,6,166,285,25
25167,6,167,9,5
25168,6,168,110,25
25169,6,169,252,25
25170,6,170,44,10
25171,6,171,40,10
25172,6,172,43,10
25173,6,173,57,10
25174,6,174,6,5
25175,6,175,82,25
25176,6,176,59,10
25177,6,177,48,10
25178,6,178,35,10
25179,6,179,69,25
25180,6,180,52,10
25181,6,181,112,25
25182,6,182,67,25
25183,6,183,131,25
25184,6,184,271,25
25185,6,185,113,25
25186,6,186,252,25
25187,6,187,24,10
25188,6,188,258,25
25189,6,189,40,10
25190,6,190,80,25
25191,6,191,13,5
25192,6,192,202,25
25193,6,193,15,5
25194,6,194,18,5
25195,6,195,39,10
25196,6,196,50,10
25197,6,197,18,5
25198,6,198,56,10
25199,6,199,213,25
25200,6,200,60,10
25201,6,201,38,10
25202,6,202,30,10
25203,6,203,65,25
25204,6,204,14,5
25205,6,205,56,10
25206,6,206,116,25
25207,6,207,22,10
25208,6,208,219,25
25209,6,209,176,25
25210,6,210,96,25
25211,6,211,55,10
25212,6,212,273,25
25213,6,213,19,5
25214,6,214,62,25
25215,6,215,205,25
25216,6,216,180,25
25217,6,217,59,10
25218,6,218,36,10
25219,6,219,116,25
25220,6,220,223,25
25221,6,221,237,25
25222,6,222,25,10
25223,6,223,56,10
25224,6,224,42,10
25225,6,225,20,5
25226,6,226,23,10
25227,6,227,50,25
25228,6,228,46,10
25229,6,229,264,25
25230,6,230,40,10
25231,6,231,258,25
25232,6,232,50,10
25233,6,233,62,25
25234,6,234,221,25
25235,6,235,43,10
25236,6,236,51,10
25237,6,237,23,10
25238,6,238,272,25
25239,6,239,49,10
25240,6,240,20,10
25241,6,241,241,25
25242,6,242,60,10
25243,6,243,78,25
25244,6,244,28,10
25245,6,245,179,25
25246,6,246,178,25
25247,6,247,130,25
25248,6,248,135,25
25249,6,249,182,25
25250,6,250,194,25
25251,6,251,33,10
25252,6,252,25,10
25253,6,253,266,25
25254,6,254,57,10
25255,6,255,13,5
25256,6,256,20,5
25257,6,257,22,10
25258,6,258,129,25
25259,6,259,47,10
25260,6,260,42,10
25261,6,261,50,10
25262,6,262,6,5
25263,6,263,13,5
25264,6,264,58,10
25265,6,265,7,5
25266,6,266,15,10
25267,6,267,167,25
25268,6,268,121,25
25269,6,269,230,25
25270,6,270,13,5
25271,6,271,53,10
25272,6,272,241,25
25273,6,273,295,25
25274,6,274,105,25
25275,6,275,41,10
25276,6,276,55,10
25277,6,277,93,25
25278,6,278,11,5
25279,6,279,17,5
25280,6,280,130,25
25281,6,281,175,25
25282,6,282,19,5
25283,6,283,124,25
25284,6,284,197,25
25285,6,285,208,25
25286,6,286,8,5
25287,6,287,227,25
25288,6,288,54,10
25289,6,289,30,10
25290,6,290,52,10
25291,6,291,292,25
25292,6,292,7,5
25293,6,293,19,5
25294,6,294,77,25
25295,6,295,59,25
25296,6,296,197,25
25297,6,297,266,25
25298,6,298,35,10
25299,6,299,117,25
25300,6,300,38,10
25301,6,301,117,25
25302,6,302,30,10
25303,6,303,18,5
25304,6,304,158,25
25305,6,305,17,5
25306,6,306,204,25
25307,6,307,299,25
25308,6,308,99,25
25309,6,309,271,25
25310,6,310,123,25
25311,6,311,14,5
25312,6,312,148,25
25313,6,313,51,10
25314,6,314,10,5
25315,6,315,159,25
25316,6,316,126,25
25317,6,317,43,10
25318,6,318,152,25
25319,6,319,173,25
25320,6,320,45,10
25321,6,321,52,10
25322,6,322,58,25
25323,6,323,40,10
25324,6,324,252,25
25325,6,325,88,25
25326,6,326,47,10
25327,6,327,42,10
25328,6,328,279,25
25329,6,329,41,10
25330,6,330,134,25
25331,6,331,263,25
25332,6,332,37,10
25333,6,333,20,10
25334,6,334,177,25
25335,6,335,39,10
25336,6,336,78,25
25337,6,337,54,10
25338,6,338,43,10
25339,6,339,295,25
25340,6,340,22,10
25341,6,341,175,25
25342,6,342,53,25
25343,6,343,252,25
25344,6,344,164,25
25345,6,345,250,25
25346,6,346,114,25
25347,6,347,164,25
25348,6,348,196,25
25349,6,349,5,5
25350,6,350,74,25
25351,6,351,187,25
25352,6,352,52,10
25353,6,353,10,5
25354,6,354,57,10
25355,6,355,58,10
25356,6,356,133,25
25357,6,357,217,25
25358,6,358,78,25
25359,6,359,80,25
25360,6,360,103,25
25361,6,361,260,25
25362,6,362,48,10
25363,6,363,37,10
25364,6,364,117,25
25365,6,365,36,10
25366,6,366,269,25
25367,6,367,281,25
25368,6,368,207,25
25369,6,369,93,25
25370,6,370,17,5
25371,6,371,59,10
25372,6,372,20,5
25373,6,373,14,5
25374,6,374,14,5
25375,6,375,30,10
25376,6,376,53,10
25377,6,377,276,25
25378,6,378,39,10
25379,6,379,6,5
25380,6,380,149,25
25381,6,381,128,25
25382,6,382,5,5
25383,6,383,256,25
25384,6,384,110,25
25385,6,385,45,10
25386,6,386,39,10
25387,6,387,12,5
25388,6,388,6,5
25389,6,389,100,25
25390,6,390,26,10
25391,6,391,5,5
25392,6,392,228,25
25393,6,393,9,5
25394,6,394,32,10
25395,6,395,18,5
25396,6,396,38,10
25397,6,397,185,25
25398,6,398,28,10
25399,6,399,7,5
25400,6,400,192,25
25401,6,401,109,25
25402,6,402,265,25
25403,6,403,271,25
25404,6,404,208,25
25405,6,405,8,5
25406,6,406,48,10
25407,6,407,19,10
25408,6,408,153,25
25409,6,409,28,10
25410,6,410,192,25
25411,6,411,34,10
25412,6,412,24,10
25413,6,413,206,25
25414,6,414,41,10
25415,6,415,30,10
25416,6,416,45,10
25417,6,417,16,5
25418,6,418,11,5
25419,6,419,98,25
25420,6,420,206,25
25421,6,421,224,25
25422,6,422,93,25
25423,6,423,154,25
25424,6,424,6,5
25425,6,425,19,10
25426,6,426,153,25
25427,6,427,242,25
25428,6,428,178,25
25429,6,429,13,5
25430,6,430,63,25
25431,6,431,34,10
25432,6,432,31,10
25433,6,433,17,10
25434,6,434,47,10
25435,6,435,49,10
25436,6,436,262,25
25437,6,437,12,5
25438,6,438,83,25
25439,6,439,17,5
25440,6,440,59,10
25441,6,441,21,10
25442,6,442,260,25
25443,6,443,94,25
25444,6,444,43,10
25445,6,445,46,10
25446,6,446,174,25
25447,6,447,5,5
25448,6,448,5,5
25449,6,449,129,25
25450,6,450,7,5
25451,6,451,17,10
25452,6,452,5,5
25453,6,453,132,25
25454,6,454,62,25
25455,6,455,31,10
25456,6,456,9,5
25457,6,457,50,10
25458,6,458,46,10
25459,6,459,15,5
25460,6,460,19,10
25461,6,461,25,10
25462,6,462,20,10
25463,6,463,19,5
25464,6,464,45,10
25465,6,465,46,10
25466,6,466,47,10
25467,6,467,121,25
25468,6,468,34,10
25469,6,469,58,10
25470,6,470,14,5
25471,6,471,244,25
25472,6,472,132,25
25473,6,473,17,5
25474,6,474,19,5
25475,6,475,63,25
25476,6,476,45,10
25477,6,477,31,10
25478,6,478,33,10
25479,6,479,5,5
25480,6,480,18,5
25481,6,481,246,25
25482,6,482,137,25
25483,6,483,297,25
25484,6,484,298,25
25485,6,485,12,5
25486,6,486,11,5
25487,6,487,153,25
25488,6,488,300,25
25489,6,489,287,25
25490,6,490,144,25
25491,6,491,252,25
25492,6,492,19,5
25493,6,493,35,10
25494,6,494,44,10
25495,6,495,37,10
25496,6,496,20,10
25497,6,497,282,25
25498,6,498,100,25
25499,6,499,10,5
25500,6,500,44,10
25501,6,501,18,5
25502,6,502,203,25
25503,6,503,137,25
25504,6,504,42,10
25505,6,505,182,25
25506,6,506,65,25
25507,6,507,7,5
25508,6,508,35,10
25509,6,509,52,10
25510,6,510,86,25
25511,6,511,240,25
25512,6,512,8,5
25513,6,513,29,10
25514,6,514,91,25
25515,6,515,16,10
25516,6,516,298,25
25517,6,517,43,10
25518,6,518,20,5
25519,6,519,19,5
25520,6,520,79,25
25521,6,521,20,10
25522,6,522,11,5
25523,6,523,49,10
25524,6,524,59,10
25525,6,525,30,10
25526,6,526,18,10
25527,6,527,86,25
25528,6,528,30,10
25529,6,529,17,10
25530,6,530,55,10
25531,6,531,237,25
25532,6,532,16,5
25533,6,533,183,25
25534,6,534,54,10
25535,6,535,258,25
25536,6,536,13,5
25537,6,537,291,25
25538,6,538,29,10
25539,6,539,20,10
25540,6,540,267,25
25541,6,541,32,10
25542,6,542,53,10
25543,6,543,15,5
25544,6,544,15,5
25545,6,545,39,10
25546,6,546,28,10
25547,6,547,12,5
25548,6,548,169,25
25549,6,549,56,10
25550,6,550,47,10
25551,6,551,9,5
25552,6,552,250,25
25553,6,553,51,10
25554,6,554,27,10
25555,6,555,19,5
25556,6,556,7,5
25557,6,557,150,25
25558,6,558,48,10
25559,6,559,51,10
25560,6,560,37,10
25561,6,561,19,5
25562,6,562,144,25
25563,6,563,16,5
25564,6,564,17,10
25565,6,565,87,25
25566,6,566,12,5
25567,6,567,28,10
25568,6,568,35,10
25569,6,569,218,25
25570,6,570,201,25
25571,6,571,243,25
25572,6,572,299,25
25573,6,573,50,10
25574,6,574,51,10
25575,6,575,174,25
25576,6,576,70,25
25577,6,577,17,10
25578,6,578,31,10
25579,6,579,20,10
25580,6,580,59,10
25581,6,581,140,25
25582,6,582,257,25
25583,6,583,267,25
25584,6,584,277,25
25585,6,585,37,10
25586,6,586,24,10
25587,6,587,37,10
25588,6,588,260,25
25589,6,589,18,10
25590,6,590,247,25
25591,6,591,22,10
25592,6,592,81,25
25593,6,593,65,25
25594,6,594,18,10
25595,6,595,268,25
25596,6,596,24,10
25597,6,597,135,25
25598,6,598,50,10
25599,6,599,49,10
25600,6,600,41,10
25601,6,601,31,10
25602,6,602,16,5
25603,6,603,60,10
25604,6,604,14,5
25605,6,605,15,5
25606,6,606,98,25
25607,6,607,196,25
25608,6,608,291,25
25609,6,609,36,10
25610,6,610,111,25
25611,6,611,250,25
25612,6,612,259,25
25613,6,613,9,5
25614,6,614,35,10
25615,6,615,50,10
25616,6,616,232,25
25617,6,617,175,25
25618,6,618,23,10
25619,6,619,200,25
25620,6,620,261,25
25621,6,621,44,10
25622,6,622,15,5
25623,6,623,155,25
25624,6,624,12,5
25625,6,625,181,25
25626,6,626,161,25
25627,6,627,55,10
25628,6,628,31,10
25629,6,629,193,25
25630,6,630,27,10
25631,6,631,60,10
25632,6,632,51,10
25633,6,633,256,25
25634,6,634,46,10
25635,6,635,17,5
25636,6,636,29,10
25637,6,637,264,25
25638,6,638,232,25
25639,6,639,285,25
25640,6,640,18,5
25641,6,641,185,25
25642,6,642,240,25
25643,6,643,23,10
25644,6,644,148,25
25645,6,645,97,25
25646,6,646,213,25
25647,6,647,251,25
25648,6,648,231,25
25649,6,649,170,25
25650,6,650,38,10
25651,6,651,20,10
25652,6,652,5,5
25653,6,653,162,25
25654,6,654,22,10
25655,6,655,34,10
25656,6,656,75,25
25657,6,657,288,25
25658,6,658,47,10
25659,6,659,18,5
25660,6,660,99,25
25661,6,661,205,25
25662,6,662,47,10
25663,6,663,77,25
25664,6,664,132,25
25665,6,665,80,25
25666,6,666,17,5
25667,6,667,46,10
25668,6,668,54,10
25669,6,669,54,10
25670,6,670,71,25
25671,6,671,10,5
25672,6,672,25,10
25673,6,673,104,25
25674,6,674,37,10
25675,6,675,17,10
25676,6,676,221,25
25677,6,677,147,25
25678,6,678,15,10
25679,6,679,171,25
25680,6,680,105,25
25681,6,681,39,10
25682,6,682,12,5
25683,6,683,31,10
25684,6,684,32,10
25685,6,685,239,25
25686,6,686,214,25
25687,6,687,299,25
25688,6,688,25,10
25689,6,689,51,10
25690,6,690,244,25
25691,6,691,55,10
25692,6,692,61,25
25693,6,693,58,10
25694,6,694,147,25
25695,6,695,33,10
25696,6,696,149,25
25697,6,697,242,25
25698,6,698,22,10
25699,6,699,28,10
25700,6,700,42,10
25701,6,701,26,10
25702,6,702,190,25
25703,6,703,47,10
25704,6,704,35,10
25705,6,705,44,10
25706,6,706,254,25
25707,6,707,114,25
25708,6,708,20,10
25709,6,709,115,25
25710,6,710,60,25
25711,6,711,260,25
25712,6,712,36,10
25713,6,713,6,5
25714,6,714,94,25
25715,6,715,32,10
25716,6,716,113,25
25717,6,717,52,25
25718,6,718,15,5
25719,6,719,24,10
25720,6,720,7,5
25721,6,721,203,25
25722,6,722,54,10
25723,6,723,49,10
25724,6,724,55,25
25725,6,725,74,25
25726,6,726,278,25
25727,6,727,15,10
25728,6,728,296,25
25729,6,729,50,10
25730,6,730,245,25
25731,6,731,38,10
25732,6,732,140,25
25733,6,733,236,25
25734,6,734,5,5
25735,6,735,290,25
25736,6,736,10,5
25737,6,737,177,25
25738,6,738,52,10
25739,6,739,280,25
25740,6,740,19,10
25741,6,741,84,25
25742,6,742,209,25
25743,6,743,15,10
25744,6,744,45,10
25745,6,745,19,5
25746,6,746,25,10
25747,6,747,136,25
25748,6,748,27,10
25749,6,749,242,25
25750,6,750,195,25
25751,6,751,5,5
25752,6,752,20,5
25753,6,753,51,10
25754,6,754,38,10
25755,6,755,8,5
25756,6,756,71,25
25757,6,757,50,10
25758,6,758,157,25
25759,6,759,250,25
25760,6,760,39,10
25761,6,761,18,10
25762,6,762,30,10
25763,6,763,297,25
25764,6,764,15,10
25765,6,765,30,10
25766,6,766,14,5
25767,6,767,46,10
25768,6,768,280,25
25769,6,769,102,25
25770,6,770,57,25
25771,6,771,247,25
25772,6,772,35,10
25773,6,773,29,10
25774,6,774,8,5
25775,6,775,51,10
25776,6,776,194,25
25777,6,777,164,25
25778,6,778,7,5
25779,6,779,270,25
25780,6,780,46,10
25781,6,781,60,25
25782,6,782,25,10
25783,6,783,9,5
25784,6,784,143,25
25785,6,785,291,25
25786,6,786,10,5
25787,6,787,58,10
25788,6,788,18,5
25789,6,789,18,10
25790,6,790,72,25
25791,6,791,27,10
25792,6,792,124,25
25793,6,793,39,10
25794,6,794,78,25
25795,6,795,51,10
25796,6,796,40,10
25797,6,797,162,25
25798,6,798,48,10
25799,6,799,33,10
25800,6,800,25,10
25801,6,801,11,5
25802,6,802,16,5
25803,6,803,17,10
25804,6,804,52,25
25805,6,805,38,10
25806,6,806,53,10
25807,6,807,45,10
25808,6,808,64,25
25809,6,809,159,25
25810,6,810,59,10
25811,6,811,270,25
25812,6,812,134,25
25813,6,813,28,10
25814,6,814,15,5
25815,6,815,247,25
25816,6,816,8,5
25817,6,817,13,5
25818,6,818,9,5
25819,6,819,188,25
25820,6,820,99,25
25821,6,821,293,25
25822,6,822,59,10
25823,6,823,46,10
25824,6,824,230,25
25825,6,825,54,10
25826,6,826,134,25
25827,6,827,34,10
25828,6,828,134,25
25829,6,829,241,25
25830,6,830,135,25
25831,6,831,57,10
25832,6,832,33,10
25833,6,833,23,10
25834,6,834,153,25
25835,6,835,18,10
25836,6,836,218,25
25837,6,837,143,25
25838,6,838,71,25
25839,6,839,55,10
25840,6,840,268,25
25841,6,841,18,10
25842,6,842,45,10
25843,6,843,33,10
25844,6,844,31,10
25845,6,845,119,25
25846,6,846,40,10
25847,6,847,43,10
25848,6,848,10,5
25849,6,849,54,10
25850,6,850,80,25
25851,6,851,13,5
25852,6,852,16,5
25853,6,853,18,10
25854,6,854,112,25
25855,6,855,265,25
25856,6,856,163,25
25857,6,857,13,5
25858,6,858,38,10
25859,6,859,185,25
25860,6,860,30,10
25861,6,861,18,5
25862,6,862,11,5
25863,6,863,33,10
25864,6,864,37,10
25865,6,865,58,10
25866,6,866,38,10
25867,6,867,138,25
25868,6,868,82,25
25869,6,869,275,25
25870,6,870,136,25
25871,6,871,169,25
25872,6,872,254,25
25873,6,873,84,25
25874,6,874,42,10
25875,6,875,5,5
25876,6,876,62,25
25877,6,877,153,25
25878,6,878,91,25
25879,6,879,29,10
25880,6,880,55,10
25881,6,881,31,10
25882,6,882,13,5
25883,6,883,59,10
25884,6,884,108,25
25885,6,885,227,25
25886,6,886,26,10
25887,6,887,25,10
25888,6,888,20,10
25889,6,889,246,25
25890,6,890,145,25
25891,6,891,16,10
25892,6,892,190,25
25893,6,893,7,5
25894,6,894,256,25
25895,6,895,20,5
25896,6,896,56,10
25897,6,897,108,25
25898,6,898,30,10
25899,6,899,153,25
25900,6,900,253,25
25901,6,901,298,25
25902,6,902,11,5
25903,6,903,149,25
25904,6,904,240,25
25905,6,905,51,10
25906,6,906,19,10
25907,6,907,12,5
25908,6,908,11,5
25909,6,909,177,25
25910,6,910,52,25
25911,6,911,51,10
25912,6,912,17,10
25913,6,913,36,10
25914,6,914,52,10
25915,6,915,216,25
25916,6,916,118,25
25917,6,917,170,25
25918,6,918,90,25
25919,6,919,52,10
25920,6,920,215,25
25921,6,921,279,25
25922,6,922,45,10
25923,6,923,83,25
25924,6,924,212,25
25925,6,925,134,25
25926,6,926,70,25
25927,6,927,35,10
25928,6,928,25,10
25929,6,929,69,25
25930,6,930,13,5
25931,6,931,15,5
25932,6,932,20,10
25933,6,933,38,10
25934,6,934,46,10
25935,6,935,133,25
25936,6,936,75,25
25937,6,937,15,10
25938,6,938,183,25
25939,6,939,56,10
25940,6,940,30,10
25941,6,941,131,25
25942,6,942,90,25
25943,6,943,57,10
25944,6,944,234,25
25945,6,945,103,25
25946,6,946,47,10
25947,6,947,19,5
25948,6,948,100,25
25949,6,949,258,25
25950,6,950,168,25
25951,6,951,109,25
25952,6,952,258,25
25953,6,953,109,25
25954,6,954,53,10
25955,6,955,15,5
25956,6,956,24,10
25957,6,957,45,10
25958,6,958,29,10
25959,6,959,66,25
25960,6,960,73,25
25961,6,961,184,25
25962,6,962,37,10
25963,6,963,27,10
25964,6,964,43,10
25965,6,965,19,5
25966,6,966,9,5
25967,6,967,143,25
25968,6,968,109,25
25969,6,969,23,10
25970,6,970,20,5
25971,6,971,18,10
25972,6,972,73,25
25973,6,973,29,10
25974,6,974,27,10
25975,6,975,122,25
25976,6,976,42,10
25977,6,977,28,10
25978,6,978,25,10
25979,6,979,234,25
25980,6,980,44,10
25981,6,981,32,10
25982,6,982,28,10
25983,6,983,13,5
25984,6,984,28,10
25985,6,985,32,10
25986,6,986,81,25
25987,6,987,88,25
25988,6,988,35,10
25989,6,989,197,25
25990,6,990,183,25
25991,6,991,119,25
25992,6,992,60,10
25993,6,993,284,25
25994,6,994,253,25
25995,6,995,189,25
25996,6,996,177,25
25997,6,997,37,10
25998,6,998,44,10
25999,6,999,27,10
26000,6,1000,228,25
26001,6,1001,27,10
26002,6,1002,100,25
26003,6,1003,50,25
26004,6,1004,205,25
26005,6,1005,141,25
26006,6,1006,55,10
26007,6,1007,247,25
26008,6,1008,157,25
26009,6,1009,11,5
26010,6,1010,143,25
26011,6,1011,191,25
26012,6,1012,204,25
26013,6,1013,7,5
26014,6,1014,12,5
26015,6,1015,18,5
26016,6,1016,17,5
26017,6,1017,23,10
26018,6,1018,26,10
26019,6,1019,26,10
26020,6,1020,49,10
26021,6,1021,51,10
26022,6,1022,7,5
26023,6,1023,57,10
26024,6,1024,170,25
26025,6,1025,50,10
26026,6,1026,81,25
26027,6,1027,174,25
26028,6,1028,178,25
26029,6,1029,57,10
26030,6,1030,57,10
26031,6,1031,51,25
26032,6,1032,24,10
26033,6,1033,264,25
26034,6,1034,198,25
26035,6,1035,183,25
26036,6,1036,18,5
26037,6,1037,55,25
26038,6,1038,14,5
26039,6,1039,245,25
26040,6,1040,18,10
26041,6,1041,14,5
26042,6,1042,138,25
26043,6,1043,56,10
26044,6,1044,234,25
26045,6,1045,286,25
26046,6,1046,297,25
26047,6,1047,11,5
26048,6,1048,37,10
26049,6,1049,36,10
26050,6,1050,110,25
26051,6,1051,193,25
26052,6,1052,63,25
26053,6,1053,21,10
26054,6,1054,135,25
26055,6,1055,5,5
26056,6,1056,200,25
26057,6,1057,60,25
26058,6,1058,104,25
26059,6,1059,53,10
26060,6,1060,16,10
26061,6,1061,10,5
26062,6,1062,195,25
26063,6,1063,17,5
26064,6,1064,6,5
26065,6,1065,261,25
26066,6,1066,210,25
26067,6,1067,29,10
26068,6,1068,7,5
26069,6,1069,21,10
26070,6,1070,34,10
26071,6,1071,290,25
26072,6,1072,38,10
26073,6,1073,250,25
26074,6,1074,148,25
26075,6,1075,170,25
26076,6,1076,23,10
26077,6,1077,82,25
26078,6,1078,82,25
26079,6,1079,273,25
26080,6,1080,274,25
26081,6,1081,33,10
26082,6,1082,50,10
26083,6,1083,50,10
26084,6,1084,17,5
26085,6,1085,64,25
26086,6,1086,53,10
26087,6,1087,236,25
26088,6,1088,201,25
26089,6,1089,237,25
26090,6,1090,20,5
26091,6,1091,22,10
26092,6,1092,6,5
26093,6,1093,13,5
26094,6,1094,54,10
26095,6,1095,11,5
26096,6,1096,28,10
26097,6,1097,138,25
26098,6,1098,58,10
26099,6,1099,156,25
26100,6,1100,262,25
26101,6,1101,5,5
26102,6,1102,24,10
26103,6,1103,60,25
26104,6,1104,235,25
26105,6,1105,50,10
26106,6,1106,58,10
26107,6,1107,30,10
26108,6,1108,27,10
26109,6,1109,18,5
26110,6,1110,49,10
26111,6,1111,40,10
26112,6,1112,242,25
26113,6,1113,92,25
26114,6,1114,7,5
26115,6,1115,35,10
26116,6,1116,176,25
26117,6,1117,7,5
26118,6,1118,18,10
26119,6,1119,14,5
26120,6,1120,13,5
26121,6,1121,35,10
26122,6,1122,201,25
26123,6,1123,17,10
26124,6,1124,115,25
26125,6,1125,37,10
26126,6,1126,197,25
26127,6,1127,55,25
26128,6,1128,16,10
26129,6,1129,30,10
26130,6,1130,201,25
26131,6,1131,119,25
26132,6,1132,23,10
26133,6,1133,190,25
26134,6,1134,14,5
26135,6,1135,60,10
26136,6,1136,53,10
26137,6,1137,224,25
26138,6,1138,103,25
26139,6,1139,261,25
26140,6,1140,45,10
26141,6,1141,78,25
26142,6,1142,263,25
26143,6,1143,154,25
26144,6,1144,225,25
26145,6,1145,38,10
26146,6,1146,54,10
26147,6,1147,58,10
26148,6,1148,170,25
26149,6,1149,16,5
26150,6,1150,56,10
26151,6,1151,92,25
26152,6,1152,10,5
26153,6,1153,11,5
26154,6,1154,37,10
26155,6,1155,122,25
26156,6,1156,60,10
26157,6,1157,12,5
26158,6,1158,44,10
26159,6,1159,18,10
26160,6,1160,53,10
26161,6,1161,277,25
26162,6,1162,35,10
26163,6,1163,31,10
26164,6,1164,63,25
26165,6,1165,275,25
26166,6,1166,31,10
26167,6,1167,146,25
26168,6,1168,31,10
26169,6,1169,14,5
26170,6,1170,42,10
26171,6,1171,60,10
26172,6,1172,34,10
26173,6,1173,130,25
26174,6,1174,17,5
26175,6,1175,120,25
26176,6,1176,58,10
26177,6,1177,62,25
26178,6,1178,81,25
26179,6,1179,25,10
26180,6,1180,182,25
26181,6,1181,89,25
26182,6,1182,57,10
26183,6,1183,59,10
26184,6,1184,265,25
26185,6,1185,35,10
26186,6,1186,194,25
26187,6,1187,209,25
26188,6,1188,23,10
26189,6,1189,253,25
26190,6,1190,17,5
26191,6,1191,229,25
26192,6,1192,7,5
26193,6,1193,239,25
26194,6,1194,275,25
26195,6,1195,85,25
26196,6,1196,272,25
26197,6,1197,41,10
26198,6,1198,247,25
26199,6,1199,214,25
26200,6,1200,48,10
26201,6,1201,117,25
26202,6,1202,55,10
26203,6,1203,217,25
26204,6,1204,43,10
26205,6,1205,16,5
26206,6,1206,33,10
26207,6,1207,83,25
26208,6,1208,19,10
26209,6,1209,53,25
26210,6,1210,35,10
26211,6,1211,18,10
26212,6,1212,288,25
26213,6,1213,214,25
26214,6,1214,16,10
26215,6,1215,220,25
26216,6,1216,14,5
26217,6,1217,16,10
26218,6,1218,37,10
26219,6,1219,8,5
26220,6,1220,33,10
26221,6,1221,36,10
26222,6,1222,148,25
26223,6,1223,14,5
26224,6,1224,93,25
26225,6,1225,138,25
26226,6,1226,118,25
26227,6,1227,282,25
26228,6,1228,268,25
26229,6,1229,15,5
26230,6,1230,147,25
26231,6,1231,28,10
26232,6,1232,9,5
26233,6,1233,38,10
26234,6,1234,18,5
26235,6,1235,63,25
26236,6,1236,10,5
26237,6,1237,285,25
26238,6,1238,14,5
26239,6,1239,44,10
26240,6,1240,7,5
26241,6,1241,58,10
26242,6,1242,213,25
26243,6,1243,120,25
26244,6,1244,34,10
26245,6,1245,8,5
26246,6,1246,116,25
26247,6,1247,271,25
26248,6,1248,20,10
26249,6,1249,86,25
26250,6,1250,68,25
26251,6,1251,290,25
26252,6,1252,65,25
26253,6,1253,227,25
26254,6,1254,66,25
26255,6,1255,17,10
26256,6,1256,14,5
26257,6,1257,67,25
26258,6,1258,100,25
26259,6,1259,67,25
26260,6,1260,58,10
26261,6,1261,76,25
26262,6,1262,91,25
26263,6,1263,139,25
26264,6,1264,34,10
26265,6,1265,80,25
26266,6,1266,95,25
26267,6,1267,166,25
26268,6,1268,11,5
26269,6,1269,20,5
26270,6,1270,5,5
26271,6,1271,59,25
26272,6,1272,33,10
26273,6,1273,91,25
26274,6,1274,6,5
26275,6,1275,204,25
26276,6,1276,106,25
26277,6,1277,9,5
26278,6,1278,15,10
26279,6,1279,35,10
26280,6,1280,110,25
26281,6,1281,40,10
26282,6,1282,50,25
26283,6,1283,43,10
26284,6,1284,31,10
26285,6,1285,104,25
26286,6,1286,9,5
26287,6,1287,40,10
26288,6,1288,5,5
26289,6,1289,41,10
26290,6,1290,10,5
26291,6,1291,148,25
26292,6,1292,141,25
26293,6,1293,171,25
26294,6,1294,146,25
26295,6,1295,241,25
26296,6,1296,14,5
26297,6,1297,11,5
26298,6,1298,109,25
26299,6,1299,47,10
26300,6,1300,15,5
26301,6,1301,49,10
26302,6,1302,21,10
26303,6,1303,35,10
26304,6,1304,9,5
26305,6,1305,14,5
26306,6,1306,7,5
26307,6,1307,7,5
26308,6,1308,144,25
26309,6,1309,40,10
26310,6,1310,159,25
26311,6,1311,48,10
26312,6,1312,54,10
26313,6,1313,13,5
26314,6,1314,5,5
26315,6,1315,68,25
26316,6,1316,29,10
26317,6,1317,7,5
26318,6,1318,138,25
26319,6,1319,35,10
26320,6,1320,248,25
26321,6,1321,250,25
26322,6,1322,282,25
26323,6,1323,96,25
26324,6,1324,13,5
26325,6,1325,27,10
26326,6,1326,55,10
26327,6,1327,19,10
26328,6,1328,6,5
26329,6,1329,166,25
26330,6,1330,226,25
26331,6,1331,52,10
26332,6,1332,15,10
26333,6,1333,217,25
26334,6,1334,17,5
26335,6,1335,28,10
26336,6,1336,17,10
26337,6,1337,10,5
26338,6,1338,116,25
26339,6,1339,72,25
26340,6,1340,64,25
26341,6,1341,19,5
26342,6,1342,18,5
26343,6,1343,25,10
26344,6,1344,34,10
26345,6,1345,181,25
26346,6,1346,56,25
26347,6,1347,9,5
26348,6,1348,206,25
26349,6,1349,12,5
26350,6,1350,275,25
26351,6,1351,33,10
26352,6,1352,103,25
26353,6,1353,29,10
26354,6,1354,27,10
26355,6,1355,48,10
26356,6,1356,87,25
26357,6,1357,19,10
26358,6,1358,67,25
26359,6,1359,86,25
26360,6,1360,19,5
26361,6,1361,39,10
26362,6,1362,21,10
26363,6,1363,260,25
26364,6,1364,17,10
26365,6,1365,258,25
26366,6,1366,18,10
26367,6,1367,58,10
26368,6,1368,241,25
26369,6,1369,5,5
26370,6,1370,214,25
26371,6,1371,48,10
26372,6,1372,43,10
26373,6,1373,155,25
26374,6,1374,181,25
26375,6,1375,18,10
26376,6,1376,206,25
26377,6,1377,204,25
26378,6,1378,6,5
26379,6,1379,142,25
26380,6,1380,47,10
26381,6,1381,54,25
26382,6,1382,208,25
26383,6,1383,226,25
26384,6,1384,213,25
26385,6,1385,202,25
26386,6,1386,51,10
26387,6,1387,57,10
26388,6,1388,138,25
26389,6,1389,34,10
26390,6,1390,59,10
26391,6,1391,91,25
26392,6,1392,20,10
26393,6,1393,43,10
26394,6,1394,275,25
26395,6,1395,287,25
26396,6,1396,116,25
26397,6,1397,48,10
26398,6,1398,19,10
26399,6,1399,58,25
26400,6,1400,155,25
26401,6,1401,145,25
26402,6,1402,60,25
26403,6,1403,40,10
26404,6,1404,183,25
26405,6,1405,148,25
26406,6,1406,132,25
26407,6,1407,218,25
26408,6,1408,259,25
26409,6,1409,26,10
26410,6,1410,155,25
26411,6,1411,19,5
26412,6,1412,203,25
26413,6,1413,78,25
26414,6,1414,59,10
26415,6,1415,112,25
26416,6,1416,45,10
26417,6,1417,45,10
26418,6,1418,44,10
26419,6,1419,17,5
26420,6,1420,33,10
26421,6,1421,47,10
26422,6,1422,193,25
26423,6,1423,279,25
26424,6,1424,149,25
26425,6,1425,266,25
26426,6,1426,137,25
26427,6,1427,47,10
26428,6,1428,21,10
26429,6,1429,207,25
26430,6,1430,75,25
26431,6,1431,10,5
26432,6,1432,176,25
26433,6,1433,20,10
26434,6,1434,23,10
26435,6,1435,236,25
26436,6,1436,150,25
26437,6,1437,17,5
26438,6,1438,18,5
26439,6,1439,52,10
26440,6,1440,295,25
26441,6,1441,11,5
26442,6,1442,24,10
26443,6,1443,13,5
26444,6,1444,7,5
26445,6,1445,248,25
26446,6,1446,56,10
26447,6,1447,184,25
26448,6,1448,159,25
26449,6,1449,294,25
26450,6,1450,49,10
26451,6,1451,70,25
26452,6,1452,36,10
26453,6,1453,24,10
26454,6,1454,19,5
26455,6,1455,124,25
26456,6,1456,29,10
26457,6,1457,52,10
26458,6,1458,170,25
26459,6,1459,273,25
26460,6,1460,269,25
26461,6,1461,47,10
26462,6,1462,261,25
26463,6,1463,234,25
26464,6,1464,52,25
26465,6,1465,52,10
26466,6,1466,54,10
26467,6,1467,35,10
26468,6,1468,15,10
26469,6,1469,15,10
26470,6,1470,29,10
26471,6,1471,265,25
26472,6,1472,77,25
26473,6,1473,44,10
26474,6,1474,43,10
26475,6,1475,7,5
26476,6,1476,48,10
26477,6,1477,106,25
26478,6,1478,50,10
26479,6,1479,20,10
26480,6,1480,29,10
26481,6,1481,225,25
26482,6,1482,124,25
26483,6,1483,53,10
26484,6,1484,126,25
26485,6,1485,250,25
26486,6,1486,55,10
26487,6,1487,239,25
26488,6,1488,156,25
26489,6,1489,258,25
26490,6,1490,192,25
26491,6,1491,243,25
26492,6,1492,299,25
26493,6,1493,44,10
26494,6,1494,225,25
26495,6,1495,19,5
26496,6,1496,165,25
26497,6,1497,19,5
26498,6,1498,133,25
26499,6,1499,11,5
26500,6,1500,17,5
26501,6,1501,11,5
26502,6,1502,265,25
26503,6,1503,31,10
26504,6,1504,48,10
26505,6,1505,126,25
26506,6,1506,223,25
26507,6,1507,25,10
26508,6,1508,77,25
26509,6,1509,7,5
26510,6,1510,85,25
26511,6,1511,223,25
26512,6,1512,45,10
26513,6,1513,22,10
26514,6,1514,257,25
26515,6,1515,48,10
26516,6,1516,291,25
26517,6,1517,87,25
26518,6,1518,25,10
26519,6,1519,285,25
26520,6,1520,133,25
26521,6,1521,159,25
26522,6,1522,94,25
26523,6,1523,45,10
26524,6,1524,18,5
26525,6,1525,58,10
26526,6,1526,11,5
26527,6,1527,19,5
26528,6,1528,227,25
26529,6,1529,52,25
26530,6,1530,158,25
26531,6,1531,194,25
26532,6,1532,170,25
26533,6,1533,17,10
26534,6,1534,39,10
26535,6,1535,7,5
26536,6,1536,26,10
26537,6,1537,35,10
26538,6,1538,41,10
26539,6,1539,58,10
26540,6,1540,171,25
26541,6,1541,223,25
26542,6,1542,135,25
26543,6,1543,247,25
26544,6,1544,245,25
26545,6,1545,151,25
26546,6,1546,151,25
26547,6,1547,55,25
26548,6,1548,228,25
26549,6,1549,15,5
26550,6,1550,27,10
26551,6,1551,297,25
26552,6,1552,33,10
26553,6,1553,50,10
26554,6,1554,241,25
26555,6,1555,20,10
26556,6,1556,17,5
26557,6,1557,32,10
26558,6,1558,15,10
26559,6,1559,9,5
26560,6,1560,281,25
26561,6,1561,53,10
26562,6,1562,13,5
26563,6,1563,7,5
26564,6,1564,31,10
26565,6,1565,288,25
26566,6,1566,29,10
26567,6,1567,278,25
26568,6,1568,29,10
26569,6,1569,30,10
26570,6,1570,26,10
26571,6,1571,12,5
26572,6,1572,18,10
26573,6,1573,73,25
26574,6,1574,25,10
26575,6,1575,16,10
26576,6,1576,43,10
26577,6,1577,161,25
26578,6,1578,42,10
26579,6,1579,51,10
26580,6,1580,212,25
26581,6,1581,38,10
26582,6,1582,16,5
26583,6,1583,284,25
26584,6,1584,8,5
26585,6,1585,210,25
26586,6,1586,35,10
26587,6,1587,127,25
26588,6,1588,111,25
26589,6,1589,39,10
26590,6,1590,32,10
26591,6,1591,35,10
26592,6,1592,93,25
26593,6,1593,5,5
26594,6,1594,299,25
26595,6,1595,40,10
26596,6,1596,34,10
26597,6,1597,260,25
26598,6,1598,16,5
26599,6,1599,21,10
26600,6,1600,68,25
26601,6,1601,28,10
26602,6,1602,245,25
26603,6,1603,58,10
26604,6,1604,59,10
26605,6,1605,30,10
26606,6,1606,19,5
26607,6,1607,196,25
26608,6,1608,150,25
26609,6,1609,253,25
26610,6,1610,77,25
26611,6,1611,115,25
26612,6,1612,119,25
26613,6,1613,158,25
26614,6,1614,75,25
26615,6,1615,6,5
26616,6,1616,42,10
26617,6,1617,86,25
26618,6,1618,21,10
26619,6,1619,13,5
26620,6,1620,145,25
26621,6,1621,44,10
26622,6,1622,47,10
26623,6,1623,127,25
26624,6,1624,78,25
26625,6,1625,211,25
26626,6,1626,87,25
26627,6,1627,36,10
26628,6,1628,58,10
26629,6,1629,58,25
26630,6,1630,16,10
26631,6,1631,135,25
26632,6,1632,58,10
26633,6,1633,143,25
26634,6,1634,11,5
26635,6,1635,36,10
26636,6,1636,209,25
26637,6,1637,299,25
26638,6,1638,41,10
26639,6,1639,151,25
26640,6,1640,35,10
26641,6,1641,297,25
26642,6,1642,57,10
26643,6,1643,11,5
26644,6,1644,6,5
26645,6,1645,55,10
26646,6,1646,54,25
26647,6,1647,6,5
26648,6,1648,131,25
26649,6,1649,7,5
26650,6,1650,48,10
26651,6,1651,32,10
26652,6,1652,255,25
26653,6,1653,25,10
26654,6,1654,173,25
26655,6,1655,13,5
26656,6,1656,56,25
26657,6,1657,196,25
26658,6,1658,22,10
26659,6,1659,40,10
26660,6,1660,35,10
26661,6,1661,44,10
26662,6,1662,57,25
26663,6,1663,59,10
26664,6,1664,97,25
26665,6,1665,53,25
26666,6,1666,40,10
26667,6,1667,276,25
26668,6,1668,41,10
26669,6,1669,12,5
26670,6,1670,176,25
26671,6,1671,11,5
26672,6,1672,6,5
26673,6,1673,14,5
26674,6,1674,23,10
26675,6,1675,69,25
26676,6,1676,40,10
26677,6,1677,35,10
26678,6,1678,18,10
26679,6,1679,106,25
26680,6,1680,181,25
26681,6,1681,57,10
26682,6,1682,29,10
26683,6,1683,228,25
26684,6,1684,29,10
26685,6,1685,18,5
26686,6,1686,39,10
26687,6,1687,23,10
26688,6,1688,289,25
26689,6,1689,55,10
26690,6,1690,141,25
26691,6,1691,266,25
26692,6,1692,7,5
26693,6,1693,48,10
26694,6,1694,17,10
26695,6,1695,54,25
26696,6,1696,243,25
26697,6,1697,37,10
26698,6,1698,12,5
26699,6,1699,55,10
26700,6,1700,240,25
26701,6,1701,128,25
26702,6,1702,132,25
26703,6,1703,165,25
26704,6,1704,56,25
26705,6,1705,201,25
26706,6,1706,153,25
26707,6,1707,233,25
26708,6,1708,191,25
26709,6,1709,18,10
26710,6,1710,51,10
26711,6,1711,8,5
26712,6,1712,148,25
26713,6,1713,91,25
26714,6,1714,12,5
26715,6,1715,43,10
26716,6,1716,16,5
26717,6,1717,264,25
26718,6,1718,38,10
26719,6,1719,10,5
26720,6,1720,87,25
26721,6,1721,255,25
26722,6,1722,170,25
26723,6,1723,11,5
26724,6,1724,47,10
26725,6,1725,32,10
26726,6,1726,246,25
26727,6,1727,12,5
26728,6,1728,295,25
26729,6,1729,115,25
26730,6,1730,67,25
26731,6,1731,53,10
26732,6,1732,24,10
26733,6,1733,57,10
26734,6,1734,60,10
26735,6,1735,5,5
26736,6,1736,24,10
26737,6,1737,204,25
26738,6,1738,78,25
26739,6,1739,40,10
26740,6,1740,15,5
26741,6,1741,51,10
26742,6,1742,17,5
26743,6,1743,265,25
26744,6,1744,42,10
26745,6,1745,135,25
26746,6,1746,7,5
26747,6,1747,36,10
26748,6,1748,11,5
26749,6,1749,16,5
26750,6,1750,29,10
26751,6,1751,179,25
26752,6,1752,33,10
26753,6,1753,181,25
26754,6,1754,52,10
26755,6,1755,68,25
26756,6,1756,44,10
26757,6,1757,227,25
26758,6,1758,19,5
26759,6,1759,19,10
26760,6,1760,250,25
26761,6,1761,299,25
26762,6,1762,20,5
26763,6,1763,46,10
26764,6,1764,132,25
26765,6,1765,39,10
26766,6,1766,7,5
26767,6,1767,116,25
26768,6,1768,57,10
26769,6,1769,191,25
26770,6,1770,77,25
26771,6,1771,9,5
26772,6,1772,56,10
26773,6,1773,18,10
26774,6,1774,161,25
26775,6,1775,16,5
26776,6,1776,51,25
26777,6,1777,11,5
26778,6,1778,40,10
26779,6,1779,36,10
26780,6,1780,38,10
26781,6,1781,150,25
26782,6,1782,253,25
26783,6,1783,283,25
26784,6,1784,14,5
26785,6,1785,26,10
26786,6,1786,9,5
26787,6,1787,285,25
26788,6,1788,70,25
26789,6,1789,35,10
26790,6,1790,203,25
26791,6,1791,5,5
26792,6,1792,153,25
26793,6,1793,186,25
26794,6,1794,293,25
26795,6,1795,28,10
26796,6,1796,9,5
26797,6,1797,19,5
26798,6,1798,49,10
26799,6,1799,49,10
26800,6,1800,179,25
26801,6,1801,129,25
26802,6,1802,90,25
26803,6,1803,241,25
26804,6,1804,150,25
26805,6,1805,51,10
26806,6,1806,94,25
26807,6,1807,22,10
26808,6,1808,277,25
26809,6,1809,96,25
26810,6,1810,98,25
26811,6,1811,51,10
26812,6,1812,30,10
26813,6,1813,118,25
26814,6,1814,32,10
26815,6,1815,12,5
26816,6,1816,58,25
26817,6,1817,15,5
26818,6,1818,50,25
26819,6,1819,122,25
26820,6,1820,298,25
26821,6,1821,47,10
26822,6,1822,207,25
26823,6,1823,100,25
26824,6,1824,17,5
26825,6,1825,258,25
26826,6,1826,45,10
26827,6,1827,95,25
26828,6,1828,55,10
26829,6,1829,15,5
26830,6,1830,148,25
26831,6,1831,42,10
26832,6,1832,14,5
26833,6,1833,32,10
26834,6,1834,44,10
26835,6,1835,257,25
26836,6,1836,105,25
26837,6,1837,256,25
26838,6,1838,251,25
26839,6,1839,55,10
26840,6,1840,42,10
26841,6,1841,40,10
26842,6,1842,38,10
26843,6,1843,206,25
26844,6,1844,264,25
26845,6,1845,31,10
26846,6,1846,8,5
26847,6,1847,54,10
26848,6,1848,76,25
26849,6,1849,52,25
26850,6,1850,38,10
26851,6,1851,184,25
26852,6,1852,7,5
26853,6,1853,23,10
26854,6,1854,124,25
26855,6,1855,41,10
26856,6,1856,38,10
26857,6,1857,9,5
26858,6,1858,60,10
26859,6,1859,94,25
26860,6,1860,55,10
26861,6,1861,31,10
26862,6,1862,213,25
26863,6,1863,59,10
26864,6,1864,127,25
26865,6,1865,57,10
26866,6,1866,37,10
26867,6,1867,55,10
26868,6,1868,49,10
26869,6,1869,18,10
26870,6,1870,60,10
26871,6,1871,6,5
26872,6,1872,11,5
26873,6,1873,18,5
26874,6,1874,5,5
26875,6,1875,13,5
26876,6,1876,15,5
26877,6,1877,51,25
26878,6,1878,267,25
26879,6,1879,65,25
26880,6,1880,51,10
26881,6,1881,157,25
26882,6,1882,55,10
26883,6,1883,21,10
26884,6,1884,236,25
26885,6,1885,45,10
26886,6,1886,276,25
26887,6,1887,51,10
26888,6,1888,90,25
26889,6,1889,139,25
26890,6,1890,147,25
26891,6,1891,28,10
26892,6,1892,144,25
26893,6,1893,9,5
26894,6,1894,265,25
26895,6,1895,201,25
26896,6,1896,256,25
26897,6,1897,198,25
26898,6,1898,49,10
26899,6,1899,176,25
26900,6,1900,26,10
26901,6,1901,173,25
26902,6,1902,55,10
26903,6,1903,57,10
26904,6,1904,220,25
26905,6,1905,279,25
26906,6,1906,17,10
26907,6,1907,59,10
26908,6,1908,206,25
26909,6,1909,16,5
26910,6,1910,6,5
26911,6,1911,15,5
26912,6,1912,74,25
26913,6,1913,60,10
26914,6,1914,60,10
26915,6,1915,7,5
26916,6,1916,18,5
26917,6,1917,59,25
26918,6,1918,14,5
26919,6,1919,15,5
26920,6,1920,63,25
26921,6,1921,43,10
26922,6,1922,239,25
26923,6,1923,18,5
26924,6,1924,7,5
26925,6,1925,19,10
26926,6,1926,122,25
26927,6,1927,29,10
26928,6,1928,146,25
26929,6,1929,199,25
26930,6,1930,296,25
26931,6,1931,9,5
26932,6,1932,20,10
26933,6,1933,19,10
26934,6,1934,262,25
26935,6,1935,60,10
26936,6,1936,232,25
26937,6,1937,161,25
26938,6,1938,17,10
26939,6,1939,55,10
26940,6,1940,160,25
26941,6,1941,18,5
26942,6,1942,40,10
26943,6,1943,8,5
26944,6,1944,11,5
26945,6,1945,139,25
26946,6,1946,40,10
26947,6,1947,52,10
26948,6,1948,5,5
26949,6,1949,144,25
26950,6,1950,32,10
26951,6,1951,125,25
26952,6,1952,24,10
26953,6,1953,15,10
26954,6,1954,53,25
26955,6,1955,98,25
26956,6,1956,136,25
26957,6,1957,14,5
26958,6,1958,20,5
26959,6,1959,98,25
26960,6,1960,145,25
26961,6,1961,21,10
26962,6,1962,40,10
26963,6,1963,112,25
26964,6,1964,60,10
26965,6,1965,114,25
26966,6,1966,123,25
26967,6,1967,280,25
26968,6,1968,173,25
26969,6,1969,25,10
26970,6,1970,51,10
26971,6,1971,85,25
26972,6,1972,31,10
26973,6,1973,255,25
26974,6,1974,49,10
26975,6,1975,74,25
26976,6,1976,93,25
26977,6,1977,7,5
26978,6,1978,44,10
26979,6,1979,293,25
26980,6,1980,52,10
26981,6,1981,26,10
26982,6,1982,154,25
26983,6,1983,43,10
26984,6,1984,99,25
26985,6,1985,12,5
26986,6,1986,45,10
26987,6,1987,192,25
26988,6,1988,16,10
26989,6,1989,56,10
26990,6,1990,72,25
26991,6,1991,46,10
26992,6,1992,8,5
26993,6,1993,12,5
26994,6,1994,228,25
26995,6,1995,28,10
26996,6,1996,182,25
26997,6,1997,6,5
26998,6,1998,36,10
26999,6,1999,267,25
27000,6,2000,37,10
27001,6,2001,13,5
27002,6,2002,161,25
27003,6,2003,88,25
27004,6,2004,10,5
27005,6,2005,193,25
27006,6,2006,17,10
27007,6,2007,38,10
27008,6,2008,5,5
27009,6,2009,204,25
27010,6,2010,58,10
27011,6,2011,34,10
27012,6,2012,285,25
27013,6,2013,53,10
27014,6,2014,34,10
27015,6,2015,212,25
27016,6,2016,31,10
27017,6,2017,19,5
27018,6,2018,185,25
27019,6,2019,282,25
27020,6,2020,246,25
27021,6,2021,5,5
27022,6,2022,30,10
27023,6,2023,40,10
27024,6,2024,122,25
27025,6,2025,8,5
27026,6,2026,202,25
27027,6,2027,20,5
27028,6,2028,10,5
27029,6,2029,288,25
27030,6,2030,92,25
27031,6,2031,25,10
27032,6,2032,41,10
27033,6,2033,9,5
27034,6,2034,157,25
27035,6,2035,87,25
27036,6,2036,178,25
27037,6,2037,15,5
27038,6,2038,22,10
27039,6,2039,43,10
27040,6,2040,18,10
27041,6,2041,229,25
27042,6,2042,82,25
27043,6,2043,207,25
27044,6,2044,32,10
27045,6,2045,119,25
27046,6,2046,92,25
27047,6,2047,272,25
27048,6,2048,13,5
27049,6,2049,259,25
27050,6,2050,209,25
27051,6,2051,11,5
27052,6,2052,11,5
27053,6,2053,52,10
27054,6,2054,57,10
27055,6,2055,250,25
27056,6,2056,128,25
27057,6,2057,6,5
27058,6,2058,63,25
27059,6,2059,163,25
27060,6,2060,271,25
27061,6,2061,120,25
27062,6,2062,141,25
27063,6,2063,227,25
27064,6,2064,92,25
27065,6,2065,25,10
27066,6,2066,20,5
27067,6,2067,124,25
27068,6,2068,39,10
27069,6,2069,81,25
27070,6,2070,45,10
27071,6,2071,14,5
27072,6,2072,6,5
27073,6,2073,162,25
27074,6,2074,255,25
27075,6,2075,187,25
27076,6,2076,36,10
27077,6,2077,74,25
27078,6,2078,209,25
27079,6,2079,254,25
27080,6,2080,26,10
27081,6,2081,50,10
27082,6,2082,73,25
27083,6,2083,49,10
27084,6,2084,56,10
27085,6,2085,51,10
27086,6,2086,14,5
27087,6,2087,33,10
27088,6,2088,42,10
27089,6,2089,9,5
27090,6,2090,39,10
27091,6,2091,56,10
27092,6,2092,99,25
27093,6,2093,272,25
27094,6,2094,277,25
27095,6,2095,20,5
27096,6,2096,19,10
27097,6,2097,56,10
27098,6,2098,42,10
27099,6,2099,246,25
27100,6,2100,282,25
27101,6,2101,164,25
27102,6,2102,172,25
27103,6,2103,146,25
27104,6,2104,38,10
27105,6,2105,7,5
27106,6,2106,49,10
27107,6,2107,58,10
27108,6,2108,18,5
27109,6,2109,97,25
27110,6,2110,55,10
27111,6,2111,290,25
27112,6,2112,15,5
27113,6,2113,125,25
27114,6,2114,167,25
27115,6,2115,284,25
27116,6,2116,50,10
27117,6,2117,242,25
27118,6,2118,132,25
27119,6,2119,114,25
27120,6,2120,16,5
27121,6,2121,26,10
27122,6,2122,212,25
27123,6,2123,208,25
27124,6,2124,271,25
27125,6,2125,260,25
27126,6,2126,60,10
27127,6,2127,39,10
27128,6,2128,37,10
27129,6,2129,24,10
27130,6,2130,16,5
27131,6,2131,266,25
27132,6,2132,202,25
27133,6,2133,200,25
27134,6,2134,13,5
27135,6,2135,34,10
27136,6,2136,28,10
27137,6,2137,27,10
27138,6,2138,111,25
27139,6,2139,270,25
27140,6,2140,51,10
27141,6,2141,300,25
27142,6,2142,9,5
27143,6,2143,289,25
27144,6,2144,229,25
27145,6,2145,86,25
27146,6,2146,71,25
27147,6,2147,103,25
27148,6,2148,26,10
27149,6,2149,28,10
27150,6,2150,58,10
27151,6,2151,42,10
27152,6,2152,17,5
27153,6,2153,12,5
27154,6,2154,22,10
27155,6,2155,10,5
27156,6,2156,121,25
27157,6,2157,25,10
27158,6,2158,220,25
27159,6,2159,15,5
27160,6,2160,28,10
27161,6,2161,27,10
27162,6,2162,106,25
27163,6,2163,7,5
27164,6,2164,49,10
27165,6,2165,22,10
27166,6,2166,242,25
27167,6,2167,15,5
27168,6,2168,32,10
27169,6,2169,63,25
27170,6,2170,232,25
27171,6,2171,36,10
27172,6,2172,6,5
27173,6,2173,290,25
27174,6,2174,68,25
27175,6,2175,54,10
27176,6,2176,29,10
27177,6,2177,168,25
27178,6,2178,107,25
27179,6,2179,165,25
27180,6,2180,174,25
27181,6,2181,173,25
27182,6,2182,18,10
27183,6,2183,23,10
27184,6,2184,250,25
27185,6,2185,223,25
27186,6,2186,28,10
27187,6,2187,21,10
27188,6,2188,99,25
27189,6,2189,8,5
27190,6,2190,18,5
27191,6,2191,184,25
27192,6,2192,22,10
27193,6,2193,118,25
27194,6,2194,236,25
27195,6,2195,18,10
27196,6,2196,230,25
27197,6,2197,38,10
27198,6,2198,20,10
27199,6,2199,16,5
27200,6,2200,17,5
27201,6,2201,22,10
27202,6,2202,10,5
27203,6,2203,26,10
27204,6,2204,49,10
27205,6,2205,27,10
27206,6,2206,130,25
27207,6,2207,27,10
27208,6,2208,36,10
27209,6,2209,37,10
27210,6,2210,49,10
27211,6,2211,44,10
27212,6,2212,51,10
27213,6,2213,31,10
27214,6,2214,167,25
27215,6,2215,176,25
27216,6,2216,56,10
27217,6,2217,172,25
27218,6,2218,162,25
27219,6,2219,55,10
27220,6,2220,36,10
27221,6,2221,139,25
27222,6,2222,120,25
27223,6,2223,249,25
27224,6,2224,14,5
27225,6,2225,33,10
27226,6,2226,17,10
27227,6,2227,59,10
27228,6,2228,81,25
27229,6,2229,231,25
27230,6,2230,27,10
27231,6,2231,90,25
27232,6,2232,142,25
27233,6,2233,40,10
27234,6,2234,139,25
27235,6,2235,54,10
27236,6,2236,274,25
27237,6,2237,182,25
27238,6,2238,138,25
27239,6,2239,36,10
27240,6,2240,50,10
27241,6,2241,171,25
27242,6,2242,29,10
27243,6,2243,183,25
27244,6,2244,16,10
27245,6,2245,11,5
27246,6,2246,9,5
27247,6,2247,12,5
27248,6,2248,9,5
27249,6,2249,30,10
27250,6,2250,171,25
27251,6,2251,18,10
27252,6,2252,59,10
27253,6,2253,125,25
27254,6,2254,14,5
27255,6,2255,266,25
27256,6,2256,92,25
27257,6,2257,50,10
27258,6,2258,202,25
27259,6,2259,94,25
27260,6,2260,11,5
27261,6,2261,11,5
27262,6,2262,187,25
27263,6,2263,14,5
27264,6,2264,239,25
27265,6,2265,122,25
27266,6,2266,150,25
27267,6,2267,148,25
27268,6,2268,39,10
27269,6,2269,12,5
27270,6,2270,25,10
27271,6,2271,34,10
27272,6,2272,33,10
27273,6,2273,7,5
27274,6,2274,248,25
27275,6,2275,34,10
27276,6,2276,113,25
27277,6,2277,38,10
27278,6,2278,53,10
27279,6,2279,13,5
27280,6,2280,21,10
27281,6,2281,188,25
27282,6,2282,16,5
27283,6,2283,25,10
27284,6,2284,39,10
27285,6,2285,59,10
27286,6,2286,24,10
27287,6,2287,115,25
27288,6,2288,36,10
27289,6,2289,270,25
27290,6,2290,126,25
27291,6,2291,11,5
27292,6,2292,47,10
27293,6,2293,18,10
27294,6,2294,239,25
27295,6,2295,210,25
27296,6,2296,44,10
27297,6,2297,103,25
27298,6,2298,55,10
27299,6,2299,48,10
27300,6,2300,19,10
27301,6,2301,271,25
27302,6,2302,160,25
27303,6,2303,104,25
27304,6,2304,25,10
27305,6,2305,5,5
27306,6,2306,179,25
27307,6,2307,19,5
27308,6,2308,34,10
27309,6,2309,37,10
27310,6,2310,111,25
27311,6,2311,279,25
27312,6,2312,135,25
27313,6,2313,21,10
27314,6,2314,34,10
27315,6,2315,81,25
27316,6,2316,38,10
27317,6,2317,20,5
27318,6,2318,194,25
27319,6,2319,184,25
27320,6,2320,99,25
27321,6,2321,9,5
27322,6,2322,111,25
27323,6,2323,223,25
27324,6,2324,156,25
27325,6,2325,23,10
27326,6,2326,53,10
27327,6,2327,197,25
27328,6,2328,58,10
27329,6,2329,7,5
27330,6,2330,18,5
27331,6,2331,52,10
27332,6,2332,51,10
27333,6,2333,295,25
27334,6,2334,55,10
27335,6,2335,122,25
27336,6,2336,211,25
27337,6,2337,294,25
27338,6,2338,207,25
27339,6,2339,146,25
27340,6,2340,60,25
27341,6,2341,282,25
27342,6,2342,169,25
27343,6,2343,50,10
27344,6,2344,36,10
27345,6,2345,257,25
27346,6,2346,45,10
27347,6,2347,131,25
27348,6,2348,119,25
27349,6,2349,38,10
27350,6,2350,72,25
27351,6,2351,169,25
27352,6,2352,198,25
27353,6,2353,81,25
27354,6,2354,153,25
27355,6,2355,15,10
27356,6,2356,58,10
27357,6,2357,56,10
27358,6,2358,6,5
27359,6,2359,68,25
27360,6,2360,161,25
27361,6,2361,80,25
27362,6,2362,175,25
27363,6,2363,131,25
27364,6,2364,136,25
27365,6,2365,30,10
27366,6,2366,145,25
27367,6,2367,25,10
27368,6,2368,6,5
27369,6,2369,202,25
27370,6,2370,106,25
27371,6,2371,30,10
27372,6,2372,12,5
27373,6,2373,29,10
27374,6,2374,160,25
27375,6,2375,36,10
27376,6,2376,52,10
27377,6,2377,248,25
27378,6,2378,23,10
27379,6,2379,13,5
27380,6,2380,43,10
27381,6,2381,76,25
27382,6,2382,36,10
27383,6,2383,160,25
27384,6,2384,100,25
27385,6,2385,6,5
27386,6,2386,47,10
27387,6,2387,246,25
27388,6,2388,47,10
27389,6,2389,10,5
27390,6,2390,67,25
27391,6,2391,16,10
27392,6,2392,59,10
27393,6,2393,13,5
27394,6,2394,198,25
27395,6,2395,134,25
27396,6,2396,11,5
27397,6,2397,272,25
27398,6,2398,270,25
27399,6,2399,93,25
27400,6,2400,30,10
27401,6,2401,7,5
27402,6,2402,41,10
27403,6,2403,105,25
27404,6,2404,203,25
27405,6,2405,255,25
27406,6,2406,239,25
27407,6,2407,239,25
27408,6,2408,58,10
27409,6,2409,23,10
27410,6,2410,20,5
27411,6,2411,158,25
27412,6,2412,36,10
27413,6,2413,26,10
27414,6,2414,6,5
27415,6,2415,40,10
27416,6,2416,119,25
27417,6,2417,29,10
27418,6,2418,33,10
27419,6,2419,151,25
27420,6,2420,29,10
27421,6,2421,63,25
27422,6,2422,31,10
27423,6,2423,59,10
27424,6,2424,254,25
27425,6,2425,20,10
27426,6,2426,30,10
27427,6,2427,37,10
27428,6,2428,45,10
27429,6,2429,184,25
27430,6,2430,7,5
27431,6,2431,232,25
27432,6,2432,203,25
27433,6,2433,25,10
27434,6,2434,48,10
27435,6,2435,42,10
27436,6,2436,50,25
27437,6,2437,31,10
27438,6,2438,10,5
27439,6,2439,157,25
27440,6,2440,15,5
27441,6,2441,254,25
27442,6,2442,31,10
27443,6,2443,104,25
27444,6,2444,111,25
27445,6,2445,16,10
27446,6,2446,8,5
27447,6,2447,38,10
27448,6,2448,57,10
27449,6,2449,72,25
27450,6,2450,175,25
27451,6,2451,273,25
27452,6,2452,64,25
27453,6,2453,236,25
27454,6,2454,221,25
27455,6,2455,128,25
27456,6,2456,54,10
27457,6,2457,8,5
27458,6,2458,53,10
27459,6,2459,23,10
27460,6,2460,38,10
27461,6,2461,19,5
27462,6,2462,18,10
27463,6,2463,25,10
27464,6,2464,18,5
27465,6,2465,38,10
27466,6,2466,16,10
27467,6,2467,48,10
27468,6,2468,51,10
27469,6,2469,177,25
27470,6,2470,163,25
27471,6,2471,27,10
27472,6,2472,214,25
27473,6,2473,45,10
27474,6,2474,39,10
27475,6,2475,38,10
27476,6,2476,47,10
27477,6,2477,58,10
27478,6,2478,54,10
27479,6,2479,155,25
27480,6,2480,197,25
27481,6,2481,15,10
27482,6,2482,288,25
27483,6,2483,16,5
27484,6,2484,17,10
27485,6,2485,43,10
27486,6,2486,186,25
27487,6,2487,231,25
27488,6,2488,96,25
27489,6,2489,40,10
27490,6,2490,106,25
27491,6,2491,30,10
27492,6,2492,47,10
27493,6,2493,122,25
27494,6,2494,93,25
27495,6,2495,12,5
27496,6,2496,38,10
27497,6,2497,16,10
27498,6,2498,178,25
27499,6,2499,89,25
27500,6,2500,163,25
27501,6,2501,300,25
27502,6,2502,5,5
27503,6,2503,8,5
27504,6,2504,57,10
27505,6,2505,7,5
27506,6,2506,70,25
27507,6,2507,56,10
27508,6,2508,16,5
27509,6,2509,75,25
27510,6,2510,13,5
27511,6,2511,216,25
27512,6,2512,19,10
27513,6,2513,108,25
27514,6,2514,299,25
27515,6,2515,92,25
27516,6,2516,209,25
27517,6,2517,260,25
27518,6,2518,22,10
27519,6,2519,268,25
27520,6,2520,85,25
27521,6,2521,255,25
27522,6,2522,65,25
27523,6,2523,136,25
27524,6,2524,29,10
27525,6,2525,79,25
27526,6,2526,16,5
27527,6,2527,94,25
27528,6,2528,165,25
27529,6,2529,49,10
27530,6,2530,7,5
27531,6,2531,185,25
27532,6,2532,6,5
27533,6,2533,132,25
27534,6,2534,160,25
27535,6,2535,170,25
27536,6,2536,46,10
27537,6,2537,45,10
27538,6,2538,269,25
27539,6,2539,288,25
27540,6,2540,40,10
27541,6,2541,239,25
27542,6,2542,16,5
27543,6,2543,91,25
27544,6,2544,114,25
27545,6,2545,196,25
27546,6,2546,20,10
27547,6,2547,91,25
27548,6,2548,262,25
27549,6,2549,56,10
27550,6,2550,206,25
27551,6,2551,214,25
27552,6,2552,56,10
27553,6,2553,155,25
27554,6,2554,34,10
27555,6,2555,24,10
27556,6,2556,185,25
27557,6,2557,50,10
27558,6,2558,142,25
27559,6,2559,238,25
27560,6,2560,294,25
27561,6,2561,26,10
27562,6,2562,275,25
27563,6,2563,20,5
27564,6,2564,20,5
27565,6,2565,199,25
27566,6,2566,10,5
27567,6,2567,53,10
27568,6,2568,176,25
27569,6,2569,213,25
27570,6,2570,124,25
27571,6,2571,221,25
27572,6,2572,275,25
27573,6,2573,44,10
27574,6,2574,56,10
27575,6,2575,106,25
27576,6,2576,19,10
27577,6,2577,56,10
27578,6,2578,26,10
27579,6,2579,269,25
27580,6,2580,53,10
27581,6,2581,52,10
27582,6,2582,92,25
27583,6,2583,96,25
27584,6,2584,51,25
27585,6,2585,297,25
27586,6,2586,67,25
27587,6,2587,9,5
27588,6,2588,80,25
27589,6,2589,68,25
27590,6,2590,46,10
27591,6,2591,38,10
27592,6,2592,10,5
27593,6,2593,224,25
27594,6,2594,275,25
27595,6,2595,45,10
27596,6,2596,62,25
27597,6,2597,232,25
27598,6,2598,291,25
27599,6,2599,23,10
27600,6,2600,61,25
27601,6,2601,59,10
27602,6,2602,41,10
27603,6,2603,21,10
27604,6,2604,283,25
27605,6,2605,255,25
27606,6,2606,159,25
27607,6,2607,253,25
27608,6,2608,12,5
27609,6,2609,80,25
27610,6,2610,19,5
27611,6,2611,127,25
27612,6,2612,13,5
27613,6,2613,69,25
27614,6,2614,157,25
27615,6,2615,286,25
27616,6,2616,157,25
27617,6,2617,293,25
27618,6,2618,19,5
27619,6,2619,72,25
27620,6,2620,90,25
27621,6,2621,112,25
27622,6,2622,13,5
27623,6,2623,15,10
27624,6,2624,18,5
27625,6,2625,39,10
27626,6,2626,11,5
27627,6,2627,16,10
27628,6,2628,58,10
27629,6,2629,7,5
27630,6,2630,57,10
27631,6,2631,297,25
27632,6,2632,120,25
27633,6,2633,10,5
27634,6,2634,175,25
27635,6,2635,35,10
27636,6,2636,7,5
27637,6,2637,165,25
27638,6,2638,39,10
27639,6,2639,129,25
27640,6,2640,13,5
27641,6,2641,227,25
27642,6,2642,28,10
27643,6,2643,246,25
27644,6,2644,118,25
27645,6,2645,14,5
27646,6,2646,170,25
27647,6,2647,8,5
27648,6,2648,29,10
27649,6,2649,30,10
27650,6,2650,12,5
27651,6,2651,29,10
27652,6,2652,141,25
27653,6,2653,274,25
27654,6,2654,22,10
27655,6,2655,39,10
27656,6,2656,37,10
27657,6,2657,121,25
27658,6,2658,23,10
27659,6,2659,23,10
27660,6,2660,57,10
27661,6,2661,59,10
27662,6,2662,108,25
27663,6,2663,7,5
27664,6,2664,52,10
27665,6,2665,139,25
27666,6,2666,227,25
27667,6,2667,284,25
27668,6,2668,120,25
27669,6,2669,162,25
27670,6,2670,262,25
27671,6,2671,24,10
27672,6,2672,105,25
27673,6,2673,29,10
27674,6,2674,155,25
27675,6,2675,147,25
27676,6,2676,109,25
27677,6,2677,19,5
27678,6,2678,58,10
27679,6,2679,281,25
27680,6,2680,12,5
27681,6,2681,268,25
27682,6,2682,111,25
27683,6,2683,295,25
27684,6,2684,61,25
27685,6,2685,31,10
27686,6,2686,42,10
27687,6,2687,32,10
27688,6,2688,15,5
27689,6,2689,117,25
27690,6,2690,19,10
27691,6,2691,159,25
27692,6,2692,117,25
27693,6,2693,57,10
27694,6,2694,12,5
27695,6,2695,46,10
27696,6,2696,31,10
27697,6,2697,7,5
27698,6,2698,35,10
27699,6,2699,36,10
27700,6,2700,93,25
27701,6,2701,53,10
27702,6,2702,60,10
27703,6,2703,15,10
27704,6,2704,44,10
27705,6,2705,163,25
27706,6,2706,17,10
27707,6,2707,41,10
27708,6,2708,14,5
27709,6,2709,6,5
27710,6,2710,139,25
27711,6,2711,9,5
27712,6,2712,217,25
27713,6,2713,255,25
27714,6,2714,15,10
27715,6,2715,82,25
27716,6,2716,295,25
27717,6,2717,228,25
27718,6,2718,10,5
27719,6,2719,47,10
27720,6,2720,166,25
27721,6,2721,60,10
27722,6,2722,41,10
27723,6,2723,141,25
27724,6,2724,245,25
27725,6,2725,62,25
27726,6,2726,7,5
27727,6,2727,248,25
27728,6,2728,272,25
27729,6,2729,222,25
27730,6,2730,58,10
27731,6,2731,286,25
27732,6,2732,111,25
27733,6,2733,29,10
27734,6,2734,290,25
27735,6,2735,19,5
27736,6,2736,27,10
27737,6,2737,61,25
27738,6,2738,183,25
27739,6,2739,20,10
27740,6,2740,56,25
27741,6,2741,32,10
27742,6,2742,187,25
27743,6,2743,53,25
27744,6,2744,15,5
27745,6,2745,249,25
27746,6,2746,154,25
27747,6,2747,56,10
27748,6,2748,237,25
27749,6,2749,257,25
27750,6,2750,51,25
27751,6,2751,40,10
27752,6,2752,19,5
27753,6,2753,27,10
27754,6,2754,30,10
27755,6,2755,173,25
27756,6,2756,56,10
27757,6,2757,42,10
27758,6,2758,186,25
27759,6,2759,19,10
27760,6,2760,18,5
27761,6,2761,17,5
27762,6,2762,185,25
27763,6,2763,154,25
27764,6,2764,192,25
27765,6,2765,12,5
27766,6,2766,21,10
27767,6,2767,184,25
27768,6,2768,48,10
27769,6,2769,260,25
27770,6,2770,33,10
27771,6,2771,27,10
27772,6,2772,162,25
27773,6,2773,24,10
27774,6,2774,50,25
27775,6,2775,300,25
27776,6,2776,16,10
27777,6,2777,10,5
27778,6,2778,122,25
27779,6,2779,238,25
27780,6,2780,24,10
27781,6,2781,113,25
27782,6,2782,293,25
27783,6,2783,131,25
27784,6,2784,38,10
27785,6,2785,36,10
27786,6,2786,98,25
27787,6,2787,258,25
27788,6,2788,262,25
27789,6,2789,115,25
27790,6,2790,133,25
27791,6,2791,45,10
27792,6,2792,202,25
27793,6,2793,16,5
27794,6,2794,60,10
27795,6,2795,47,10
27796,6,2796,200,25
27797,6,2797,80,25
27798,6,2798,16,5
27799,6,2799,95,25
27800,6,2800,137,25
27801,6,2801,41,10
27802,6,2802,171,25
27803,6,2803,30,10
27804,6,2804,282,25
27805,6,2805,263,25
27806,6,2806,17,5
27807,6,2807,11,5
27808,6,2808,11,5
27809,6,2809,141,25
27810,6,2810,47,10
27811,6,2811,83,25
27812,6,2812,14,5
27813,6,2813,15,5
27814,6,2814,116,25
27815,6,2815,34,10
27816,6,2816,20,10
27817,6,2817,260,25
27818,6,2818,161,25
27819,6,2819,18,10
27820,6,2820,143,25
27821,6,2821,88,25
27822,6,2822,60,10
27823,6,2823,32,10
27824,6,2824,43,10
27825,6,2825,257,25
27826,6,2826,267,25
27827,6,2827,137,25
27828,6,2828,15,5
27829,6,2829,20,5
27830,6,2830,24,10
27831,6,2831,216,25
27832,6,2832,15,5
27833,6,2833,236,25
27834,6,2834,48,10
27835,6,2835,20,10
27836,6,2836,153,25
27837,6,2837,151,25
27838,6,2838,103,25
27839,6,2839,12,5
27840,6,2840,19,10
27841,6,2841,35,10
27842,6,2842,16,5
27843,6,2843,7,5
27844,6,2844,288,25
27845,6,2845,55,10
27846,6,2846,14,5
27847,6,2847,30,10
27848,6,2848,141,25
27849,6,2849,40,10
27850,6,2850,258,25
27851,6,2851,46,10
27852,6,2852,54,10
27853,6,2853,23,10
27854,6,2854,60,10
27855,6,2855,62,25
27856,6,2856,39,10
27857,6,2857,12,5
27858,6,2858,299,25
27859,6,2859,163,25
27860,6,2860,12,5
27861,6,2861,25,10
27862,6,2862,104,25
27863,6,2863,7,5
27864,6,2864,90,25
27865,6,2865,15,5
27866,6,2866,8,5
27867,6,2867,10,5
27868,6,2868,16,10
27869,6,2869,36,10
27870,6,2870,269,25
27871,6,2871,12,5
27872,6,2872,32,10
27873,6,2873,39,10
27874,6,2874,42,10
27875,6,2875,204,25
27876,6,2876,191,25
27877,6,2877,7,5
27878,6,2878,140,25
27879,6,2879,60,25
27880,6,2880,20,5
27881,6,2881,225,25
27882,6,2882,63,25
27883,6,2883,11,5
27884,6,2884,43,10
27885,6,2885,246,25
27886,6,2886,19,10
27887,6,2887,37,10
27888,6,2888,22,10
27889,6,2889,61,25
27890,6,2890,299,25
27891,6,2891,53,10
27892,6,2892,78,25
27893,6,2893,32,10
27894,6,2894,45,10
27895,6,2895,40,10
27896,6,2896,21,10
27897,6,2897,293,25
27898,6,2898,24,10
27899,6,2899,211,25
27900,6,2900,13,5
27901,6,2901,56,25
27902,6,2902,17,5
27903,6,2903,64,25
27904,6,2904,53,10
27905,6,2905,28,10
27906,6,2906,20,5
27907,6,2907,232,25
27908,6,2908,18,5
27909,6,2909,255,25
27910,6,2910,172,25
27911,6,2911,134,25
27912,6,2912,108,25
27913,6,2913,12,5
27914,6,2914,16,5
27915,6,2915,18,10
27916,6,2916,31,10
27917,6,2917,56,25
27918,6,2918,13,5
27919,6,2919,81,25
27920,6,2920,121,25
27921,6,2921,49,10
27922,6,2922,156,25
27923,6,2923,16,10
27924,6,2924,222,25
27925,6,2925,52,10
27926,6,2926,23,10
27927,6,2927,147,25
27928,6,2928,15,5
27929,6,2929,58,10
27930,6,2930,18,5
27931,6,2931,212,25
27932,6,2932,281,25
27933,6,2933,132,25
27934,6,2934,231,25
27935,6,2935,233,25
27936,6,2936,109,25
27937,6,2937,20,5
27938,6,2938,127,25
27939,6,2939,14,5
27940,6,2940,221,25
27941,6,2941,217,25
27942,6,2942,276,25
27943,6,2943,228,25
27944,6,2944,173,25
27945,6,2945,31,10
27946,6,2946,14,5
27947,6,2947,171,25
27948,6,2948,49,10
27949,6,2949,12,5
27950,6,2950,31,10
27951,6,2951,19,5
27952,6,2952,52,10
27953,6,2953,38,10
27954,6,2954,57,10
27955,6,2955,44,10
27956,6,2956,35,10
27957,6,2957,6,5
27958,6,2958,59,10
27959,6,2959,39,10
27960,6,2960,49,10
27961,6,2961,73,25
27962,6,2962,18,5
27963,6,2963,18,10
27964,6,2964,230,25
27965,6,2965,5,5
27966,6,2966,30,10
27967,6,2967,30,10
27968,6,2968,109,25
27969,6,2969,282,25
27970,6,2970,13,5
27971,6,2971,32,10
27972,6,2972,25,10
27973,6,2973,124,25
27974,6,2974,227,25
27975,6,2975,55,10
27976,6,2976,81,25
27977,6,2977,272,25
27978,6,2978,17,5
27979,6,2979,92,25
27980,6,2980,38,10
27981,6,2981,144,25
27982,6,2982,233,25
27983,6,2983,193,25
27984,6,2984,231,25
27985,6,2985,67,25
27986,6,2986,210,25
27987,6,2987,52,10
27988,6,2988,44,10
27989,6,2989,214,25
27990,6,2990,36,10
27991,6,2991,157,25
27992,6,2992,192,25
27993,6,2993,273,25
27994,6,2994,23,10
27995,6,2995,7,5
27996,6,2996,270,25
27997,6,2997,7,5
27998,6,2998,274,25
27999,6,2999,230,25
28000,6,3000,35,10
28001,6,3001,112,25
28002,6,3002,62,25
28003,6,3003,172,25
28004,6,3004,237,25
28005,6,3005,37,10
28006,6,3006,151,25
28007,6,3007,5,5
28008,6,3008,250,25
28009,6,3009,11,5
28010,6,3010,212,25
28011,6,3011,41,10
28012,6,3012,35,10
28013,6,3013,52,10
28014,6,3014,40,10
28015,6,3015,106,25
28016,6,3016,32,10
28017,6,3017,176,25
28018,6,3018,47,10
28019,6,3019,298,25
28020,6,3020,280,25
28021,6,3021,49,10
28022,6,3022,264,25
28023,6,3023,42,10
28024,6,3024,10,5
28025,6,3025,30,10
28026,6,3026,99,25
28027,6,3027,92,25
28028,6,3028,20,10
28029,6,3029,12,5
28030,6,3030,113,25
28031,6,3031,28,10
28032,6,3032,42,10
28033,6,3033,16,10
28034,6,3034,147,25
28035,6,3035,99,25
28036,6,3036,53,10
28037,6,3037,60,10
28038,6,3038,6,5
28039,6,3039,7,5
28040,6,3040,247,25
28041,6,3041,281,25
28042,6,3042,17,10
28043,6,3043,17,10
28044,6,3044,44,10
28045,6,3045,7,5
28046,6,3046,191,25
28047,6,3047,43,10
28048,6,3048,225,25
28049,6,3049,45,10
28050,6,3050,217,25
28051,6,3051,250,25
28052,6,3052,20,5
28053,6,3053,204,25
28054,6,3054,74,25
28055,6,3055,46,10
28056,6,3056,19,10
28057,6,3057,249,25
28058,6,3058,292,25
28059,6,3059,18,10
28060,6,3060,41,10
28061,6,3061,15,5
28062,6,3062,16,5
28063,6,3063,23,10
28064,6,3064,52,10
28065,6,3065,241,25
28066,6,3066,38,10
28067,6,3067,218,25
28068,6,3068,110,25
28069,6,3069,95,25
28070,6,3070,260,25
28071,6,3071,181,25
28072,6,3072,17,5
28073,6,3073,32,10
28074,6,3074,8,5
28075,6,3075,68,25
28076,6,3076,60,10
28077,6,3077,56,10
28078,6,3078,54,10
28079,6,3079,13,5
28080,6,3080,206,25
28081,6,3081,16,5
28082,6,3082,24,10
28083,6,3083,8,5
28084,6,3084,43,10
28085,6,3085,154,25
28086,6,3086,52,10
28087,6,3087,174,25
28088,6,3088,45,10
28089,6,3089,38,10
28090,6,3090,6,5
28091,6,3091,289,25
28092,6,3092,111,25
28093,6,3093,21,10
28094,6,3094,53,10
28095,6,3095,16,10
28096,6,3096,91,25
28097,6,3097,252,25
28098,6,3098,53,10
28099,6,3099,44,10
28100,6,3100,183,25
28101,6,3101,164,25
28102,6,3102,21,10
28103,6,3103,48,10
28104,6,3104,58,25
28105,6,3105,263,25
28106,6,3106,34,10
28107,6,3107,99,25
28108,6,3108,79,25
28109,6,3109,46,10
28110,6,3110,63,25
28111,6,3111,62,25
28112,6,3112,155,25
28113,6,3113,58,10
28114,6,3114,60,10
28115,6,3115,37,10
28116,6,3116,31,10
28117,6,3117,105,25
28118,6,3118,33,10
28119,6,3119,16,5
28120,6,3120,233,25
28121,6,3121,64,25
28122,6,3122,291,25
28123,6,3123,51,10
28124,6,3124,51,10
28125,6,3125,54,10
28126,6,3126,50,25
28127,6,3127,70,25
28128,6,3128,216,25
28129,6,3129,5,5
28130,6,3130,29,10
28131,6,3131,230,25
28132,6,3132,108,25
28133,6,3133,240,25
28134,6,3134,73,25
28135,6,3135,159,25
28136,6,3136,10,5
28137,6,3137,42,10
28138,6,3138,8,5
28139,6,3139,139,25
28140,6,3140,105,25
28141,6,3141,182,25
28142,6,3142,46,10
28143,6,3143,211,25
28144,6,3144,38,10
28145,6,3145,34,10
28146,6,3146,8,5
28147,6,3147,60,10
28148,6,3148,51,25
28149,6,3149,80,25
28150,6,3150,280,25
28151,6,3151,18,5
28152,6,3152,220,25
28153,6,3153,53,10
28154,6,3154,209,25
28155,6,3155,223,25
28156,6,3156,71,25
28157,6,3157,215,25
28158,6,3158,285,25
28159,6,3159,170,25
28160,6,3160,14,5
28161,6,3161,161,25
28162,6,3162,40,10
28163,6,3163,22,10
28164,6,3164,262,25
28165,6,3165,300,25
28166,6,3166,33,10
28167,6,3167,282,25
28168,6,3168,141,25
28169,6,3169,291,25
28170,6,3170,129,25
28171,6,3171,56,10
28172,6,3172,19,10
28173,6,3173,256,25
28174,6,3174,57,10
28175,6,3175,36,10
28176,6,3176,116,25
28177,6,3177,45,10
28178,6,3178,268,25
28179,6,3179,204,25
28180,6,3180,53,10
28181,6,3181,11,5
28182,6,3182,57,10
28183,6,3183,51,10
28184,6,3184,59,10
28185,6,3185,199,25
28186,6,3186,202,25
28187,6,3187,236,25
28188,6,3188,56,10
28189,6,3189,54,10
28190,6,3190,46,10
28191,6,3191,189,25
28192,6,3192,33,10
28193,6,3193,96,25
28194,6,3194,153,25
28195,6,3195,42,10
28196,6,3196,50,10
28197,6,3197,28,10
28198,6,3198,97,25
28199,6,3199,286,25
28200,6,3200,213,25
28201,6,3201,262,25
28202,6,3202,48,10
28203,6,3203,121,25
28204,6,3204,37,10
28205,6,3205,93,25
28206,6,3206,37,10
28207,6,3207,16,10
28208,6,3208,89,25
28209,6,3209,25,10
28210,6,3210,16,5
28211,6,3211,216,25
28212,6,3212,139,25
28213,6,3213,32,10
28214,6,3214,17,5
28215,6,3215,37,10
28216,6,3216,100,25
28217,6,3217,43,10
28218,6,3218,220,25
28219,6,3219,54,10
28220,6,3220,196,25
28221,6,3221,103,25
28222,6,3222,16,5
28223,6,3223,290,25
28224,6,3224,37,10
28225,6,3225,10,5
28226,6,3226,5,5
28227,6,3227,34,10
28228,6,3228,33,10
28229,6,3229,26,10
28230,6,3230,17,5
28231,6,3231,277,25
28232,6,3232,127,25
28233,6,3233,297,25
28234,6,3234,10,5
28235,6,3235,57,10
28236,6,3236,95,25
28237,6,3237,18,5
28238,6,3238,10,5
28239,6,3239,208,25
28240,6,3240,242,25
28241,6,3241,52,10
28242,6,3242,26,10
28243,6,3243,277,25
28244,6,3244,7,5
28245,6,3245,10,5
28246,6,3246,103,25
28247,6,3247,6,5
28248,6,3248,33,10
28249,6,3249,6,5
28250,6,3250,67,25
28251,6,3251,159,25
28252,6,3252,8,5
28253,6,3253,17,10
28254,6,3254,13,5
28255,6,3255,189,25
28256,6,3256,184,25
28257,6,3257,153,25
28258,6,3258,119,25
28259,6,3259,13,5
28260,6,3260,264,25
28261,6,3261,16,5
28262,6,3262,57,10
28263,6,3263,79,25
28264,6,3264,111,25
28265,6,3265,66,25
28266,6,3266,50,10
28267,6,3267,7,5
28268,6,3268,8,5
28269,6,3269,175,25
28270,6,3270,11,5
28271,6,3271,15,5
28272,6,3272,79,25
28273,6,3273,6,5
28274,6,3274,151,25
28275,6,3275,8,5
28276,6,3276,57,10
28277,6,3277,177,25
28278,6,3278,32,10
28279,6,3279,19,10
28280,6,3280,26,10
28281,6,3281,14,5
28282,6,3282,32,10
28283,6,3283,71,25
28284,6,3284,223,25
28285,6,3285,45,10
28286,6,3286,18,5
28287,6,3287,11,5
28288,6,3288,20,10
28289,6,3289,160,25
28290,6,3290,56,10
28291,6,3291,45,10
28292,6,3292,21,10
28293,6,3293,267,25
28294,6,3294,53,10
28295,6,3295,19,5
28296,6,3296,41,10
28297,6,3297,233,25
28298,6,3298,32,10
28299,6,3299,15,10
28300,6,3300,5,5
28301,6,3301,225,25
28302,6,3302,195,25
28303,6,3303,33,10
28304,6,3304,160,25
28305,6,3305,193,25
28306,6,3306,130,25
28307,6,3307,88,25
28308,6,3308,176,25
28309,6,3309,9,5
28310,6,3310,37,10
28311,6,3311,40,10
28312,6,3312,47,10
28313,6,3313,46,10
28314,6,3314,17,5
28315,6,3315,120,25
28316,6,3316,223,25
28317,6,3317,12,5
28318,6,3318,9,5
28319,6,3319,197,25
28320,6,3320,27,10
28321,6,3321,15,10
28322,6,3322,17,5
28323,6,3323,16,5
28324,6,3324,31,10
28325,6,3325,211,25
28326,6,3326,10,5
28327,6,3327,17,5
28328,6,3328,22,10
28329,6,3329,212,25
28330,6,3330,50,25
28331,6,3331,69,25
28332,6,3332,122,25
28333,6,3333,15,5
28334,6,3334,217,25
28335,6,3335,51,10
28336,6,3336,247,25
28337,6,3337,233,25
28338,6,3338,54,25
28339,6,3339,13,5
28340,6,3340,224,25
28341,6,3341,61,25
28342,6,3342,17,10
28343,6,3343,32,10
28344,6,3344,46,10
28345,6,3345,57,10
28346,6,3346,29,10
28347,6,3347,158,25
28348,6,3348,56,10
28349,6,3349,232,25
28350,6,3350,47,10
28351,6,3351,216,25
28352,6,3352,273,25
28353,6,3353,88,25
28354,6,3354,18,10
28355,6,3355,39,10
28356,6,3356,140,25
28357,6,3357,185,25
28358,6,3358,18,5
28359,6,3359,152,25
28360,6,3360,15,5
28361,6,3361,12,5
28362,6,3362,196,25
28363,6,3363,7,5
28364,6,3364,13,5
28365,6,3365,186,25
28366,6,3366,99,25
28367,6,3367,55,10
28368,6,3368,199,25
28369,6,3369,18,5
28370,6,3370,96,25
28371,6,3371,57,10
28372,6,3372,56,10
28373,6,3373,169,25
28374,6,3374,281,25
28375,6,3375,17,5
28376,6,3376,8,5
28377,6,3377,56,10
28378,6,3378,41,10
28379,6,3379,24,10
28380,6,3380,19,10
28381,6,3381,285,25
28382,6,3382,18,5
28383,6,3383,77,25
28384,6,3384,36,10
28385,6,3385,17,10
28386,6,3386,35,10
28387,6,3387,36,10
28388,6,3388,67,25
28389,6,3389,157,25
28390,6,3390,34,10
28391,6,3391,120,25
28392,6,3392,85,25
28393,6,3393,277,25
28394,6,3394,45,10
28395,6,3395,217,25
28396,6,3396,59,10
28397,6,3397,293,25
28398,6,3398,55,10
28399,6,3399,139,25
28400,6,3400,11,5
28401,6,3401,214,25
28402,6,3402,51,10
28403,6,3403,244,25
28404,6,3404,151,25
28405,6,3405,23,10
28406,6,3406,35,10
28407,6,3407,14,5
28408,6,3408,14,5
28409,6,3409,16,5
28410,6,3410,175,25
28411,6,3411,234,25
28412,6,3412,140,25
28413,6,3413,18,10
28414,6,3414,144,25
28415,6,3415,95,25
28416,6,3416,114,25
28417,6,3417,7,5
28418,6,3418,156,25
28419,6,3419,263,25
28420,6,3420,129,25
28421,6,3421,277,25
28422,6,3422,224,25
28423,6,3423,263,25
28424,6,3424,109,25
28425,6,3425,9,5
28426,6,3426,41,10
28427,6,3427,201,25
28428,6,3428,60,10
28429,6,3429,18,10
28430,6,3430,263,25
28431,6,3431,41,10
28432,6,3432,41,10
28433,6,3433,278,25
28434,6,3434,21,10
28435,6,3435,97,25
28436,6,3436,16,10
28437,6,3437,141,25
28438,6,3438,30,10
28439,6,3439,33,10
28440,6,3440,52,10
28441,6,3441,19,10
28442,6,3442,15,5
28443,6,3443,38,10
28444,6,3444,80,25
28445,6,3445,15,5
28446,6,3446,38,10
28447,6,3447,29,10
28448,6,3448,19,5
28449,6,3449,183,25
28450,6,3450,41,10
28451,6,3451,16,5
28452,6,3452,38,10
28453,6,3453,43,10
28454,6,3454,20,5
28455,6,3455,102,25
28456,6,3456,209,25
28457,6,3457,34,10
28458,6,3458,130,25
28459,6,3459,31,10
28460,6,3460,55,25
28461,6,3461,87,25
28462,6,3462,41,10
28463,6,3463,279,25
28464,6,3464,22,10
28465,6,3465,27,10
28466,6,3466,10,5
28467,6,3467,15,10
28468,6,3468,7,5
28469,6,3469,31,10
28470,6,3470,85,25
28471,6,3471,216,25
28472,6,3472,28,10
28473,6,3473,289,25
28474,6,3474,13,5
28475,6,3475,35,10
28476,6,3476,149,25
28477,6,3477,48,10
28478,6,3478,203,25
28479,6,3479,171,25
28480,6,3480,257,25
28481,6,3481,284,25
28482,6,3482,12,5
28483,6,3483,32,10
28484,6,3484,48,10
28485,6,3485,15,5
28486,6,3486,11,5
28487,6,3487,17,10
28488,6,3488,86,25
28489,6,3489,18,10
28490,6,3490,204,25
28491,6,3491,60,10
28492,6,3492,176,25
28493,6,3493,109,25
28494,6,3494,27,10
28495,6,3495,114,25
28496,6,3496,238,25
28497,6,3497,16,10
28498,6,3498,48,10
28499,6,3499,86,25
28500,6,3500,32,10
28501,6,3501,65,25
28502,6,3502,56,10
28503,6,3503,6,5
28504,6,3504,167,25
28505,6,3505,89,25
28506,6,3506,32,10
28507,6,3507,58,10
28508,6,3508,159,25
28509,6,3509,8,5
28510,6,3510,28,10
28511,6,3511,39,10
28512,6,3512,228,25
28513,6,3513,13,5
28514,6,3514,21,10
28515,6,3515,33,10
28516,6,3516,7,5
28517,6,3517,206,25
28518,6,3518,19,10
28519,6,3519,144,25
28520,6,3520,16,5
28521,6,3521,15,10
28522,6,3522,32,10
28523,6,3523,283,25
28524,6,3524,193,25
28525,6,3525,219,25
28526,6,3526,18,5
28527,6,3527,24,10
28528,6,3528,68,25
28529,6,3529,6,5
28530,6,3530,162,25
28531,6,3531,49,10
28532,6,3532,129,25
28533,6,3533,152,25
28534,6,3534,58,10
28535,6,3535,28,10
28536,6,3536,172,25
28537,6,3537,33,10
28538,6,3538,40,10
28539,6,3539,259,25
28540,6,3540,5,5
28541,6,3541,17,5
28542,6,3542,93,25
28543,6,3543,111,25
28544,6,3544,58,10
28545,6,3545,186,25
28546,6,3546,58,25
28547,6,3547,124,25
28548,6,3548,54,10
28549,6,3549,39,10
28550,6,3550,230,25
28551,6,3551,56,10
28552,6,3552,153,25
28553,6,3553,45,10
28554,6,3554,57,10
28555,6,3555,164,25
28556,6,3556,55,10
28557,6,3557,33,10
28558,6,3558,19,5
28559,6,3559,230,25
28560,6,3560,278,25
28561,6,3561,117,25
28562,6,3562,146,25
28563,6,3563,54,10
28564,6,3564,52,10
28565,6,3565,97,25
28566,6,3566,196,25
28567,6,3567,254,25
28568,6,3568,278,25
28569,6,3569,37,10
28570,6,3570,58,10
28571,6,3571,177,25
28572,6,3572,117,25
28573,6,3573,191,25
28574,6,3574,232,25
28575,6,3575,16,5
28576,6,3576,40,10
28577,6,3577,48,10
28578,6,3578,19,5
28579,6,3579,205,25
28580,6,3580,32,10
28581,6,3581,260,25
28582,6,3582,56,10
28583,6,3583,20,5
28584,6,3584,13,5
28585,6,3585,80,25
28586,6,3586,164,25
28587,6,3587,13,5
28588,6,3588,13,5
28589,6,3589,42,10
28590,6,3590,10,5
28591,6,3591,122,25
28592,6,3592,221,25
28593,6,3593,9,5
28594,6,3594,16,10
28595,6,3595,64,25
28596,6,3596,14,5
28597,6,3597,57,25
28598,6,3598,157,25
28599,6,3599,6,5
28600,6,3600,22,10
28601,6,3601,9,5
28602,6,3602,30,10
28603,6,3603,28,10
28604,6,3604,24,10
28605,6,3605,126,25
28606,6,3606,5,5
28607,6,3607,20,10
28608,6,3608,18,10
28609,6,3609,13,5
28610,6,3610,55,25
28611,6,3611,202,25
28612,6,3612,50,10
28613,6,3613,290,25
28614,6,3614,40,10
28615,6,3615,62,25
28616,6,3616,78,25
28617,6,3617,46,10
28618,6,3618,17,10
28619,6,3619,141,25
28620,6,3620,23,10
28621,6,3621,79,25
28622,6,3622,51,25
28623,6,3623,60,10
28624,6,3624,58,10
28625,6,3625,216,25
28626,6,3626,255,25
28627,6,3627,6,5
28628,6,3628,19,5
28629,6,3629,34,10
28630,6,3630,43,10
28631,6,3631,74,25
28632,6,3632,17,10
28633,6,3633,18,5
28634,6,3634,34,10
28635,6,3635,237,25
28636,6,3636,13,5
28637,6,3637,15,10
28638,6,3638,38,10
28639,6,3639,289,25
28640,6,3640,50,10
28641,6,3641,90,25
28642,6,3642,240,25
28643,6,3643,173,25
28644,6,3644,45,10
28645,6,3645,7,5
28646,6,3646,96,25
28647,6,3647,169,25
28648,6,3648,142,25
28649,6,3649,157,25
28650,6,3650,44,10
28651,6,3651,15,5
28652,6,3652,169,25
28653,6,3653,27,10
28654,6,3654,46,10
28655,6,3655,56,10
28656,6,3656,32,10
28657,6,3657,297,25
28658,6,3658,222,25
28659,6,3659,70,25
28660,6,3660,15,5
28661,6,3661,43,10
28662,6,3662,47,10
28663,6,3663,142,25
28664,6,3664,148,25
28665,6,3665,9,5
28666,6,3666,5,5
28667,6,3667,38,10
28668,6,3668,26,10
28669,6,3669,51,10
28670,6,3670,55,10
28671,6,3671,21,10
28672,6,3672,108,25
28673,6,3673,235,25
28674,6,3674,144,25
28675,6,3675,135,25
28676,6,3676,6,5
28677,6,3677,16,5
28678,6,3678,6,5
28679,6,3679,136,25
28680,6,3680,59,10
28681,6,3681,276,25
28682,6,3682,55,10
28683,6,3683,18,5
28684,6,3684,8,5
28685,6,3685,15,10
28686,6,3686,6,5
28687,6,3687,205,25
28688,6,3688,37,10
28689,6,3689,11,5
28690,6,3690,36,10
28691,6,3691,44,10
28692,6,3692,132,25
28693,6,3693,218,25
28694,6,3694,18,5
28695,6,3695,216,25
28696,6,3696,274,25
28697,6,3697,18,10
28698,6,3698,13,5
28699,6,3699,127,25
28700,6,3700,286,25
28701,6,3701,38,10
28702,6,3702,167,25
28703,6,3703,187,25
28704,6,3704,65,25
28705,6,3705,38,10
28706,6,3706,298,25
28707,6,3707,60,25
28708,6,3708,100,25
28709,6,3709,139,25
28710,6,3710,291,25
28711,6,3711,251,25
28712,6,3712,48,10
28713,6,3713,85,25
28714,6,3714,81,25
28715,6,3715,96,25
28716,6,3716,16,10
28717,6,3717,26,10
28718,6,3718,287,25
28719,6,3719,6,5
28720,6,3720,50,10
28721,6,3721,7,5
28722,6,3722,57,25
28723,6,3723,38,10
28724,6,3724,183,25
28725,6,3725,30,10
28726,6,3726,17,5
28727,6,3727,51,10
28728,6,3728,5,5
28729,6,3729,244,25
28730,6,3730,8,5
28731,6,3731,44,10
28732,6,3732,231,25
28733,6,3733,16,5
28734,6,3734,20,10
28735,6,3735,14,5
28736,6,3736,254,25
28737,6,3737,222,25
28738,6,3738,11,5
28739,6,3739,5,5
28740,6,3740,69,25
28741,6,3741,34,10
28742,6,3742,134,25
28743,6,3743,44,10
28744,6,3744,16,10
28745,6,3745,13,5
28746,6,3746,12,5
28747,6,3747,17,10
28748,6,3748,56,10
28749,6,3749,5,5
28750,6,3750,16,5
28751,6,3751,12,5
28752,6,3752,57,10
28753,6,3753,230,25
28754,6,3754,263,25
28755,6,3755,34,10
28756,6,3756,59,25
28757,6,3757,16,10
28758,6,3758,38,10
28759,6,3759,8,5
28760,6,3760,16,10
28761,6,3761,295,25
28762,6,3762,16,10
28763,6,3763,33,10
28764,6,3764,229,25
28765,6,3765,14,5
28766,6,3766,23,10
28767,6,3767,16,5
28768,6,3768,298,25
28769,6,3769,41,10
28770,6,3770,222,25
28771,6,3771,168,25
28772,6,3772,99,25
28773,6,3773,170,25
28774,6,3774,101,25
28775,6,3775,231,25
28776,6,3776,75,25
28777,6,3777,19,5
28778,6,3778,27,10
28779,6,3779,5,5
28780,6,3780,44,10
28781,6,3781,20,10
28782,6,3782,173,25
28783,6,3783,38,10
28784,6,3784,45,10
28785,6,3785,8,5
28786,6,3786,18,10
28787,6,3787,176,25
28788,6,3788,41,10
28789,6,3789,121,25
28790,6,3790,283,25
28791,6,3791,24,10
28792,6,3792,28,10
28793,6,3793,5,5
28794,6,3794,20,5
28795,6,3795,42,10
28796,6,3796,17,5
28797,6,3797,22,10
28798,6,3798,15,5
28799,6,3799,206,25
28800,6,3800,255,25
28801,6,3801,130,25
28802,6,3802,27,10
28803,6,3803,195,25
28804,6,3804,60,10
28805,6,3805,28,10
28806,6,3806,8,5
28807,6,3807,19,10
28808,6,3808,36,10
28809,6,3809,11,5
28810,6,3810,59,10
28811,6,3811,267,25
28812,6,3812,19,10
28813,6,3813,280,25
28814,6,3814,17,5
28815,6,3815,299,25
28816,6,3816,18,5
28817,6,3817,78,25
28818,6,3818,14,5
28819,6,3819,57,25
28820,6,3820,15,10
28821,6,3821,48,10
28822,6,3822,8,5
28823,6,3823,50,10
28824,6,3824,37,10
28825,6,3825,279,25
28826,6,3826,238,25
28827,6,3827,10,5
28828,6,3828,58,10
28829,6,3829,186,25
28830,6,3830,13,5
28831,6,3831,39,10
28832,6,3832,11,5
28833,6,3833,58,25
28834,6,3834,275,25
28835,6,3835,9,5
28836,6,3836,26,10
28837,6,3837,215,25
28838,6,3838,15,10
28839,6,3839,284,25
28840,6,3840,39,10
28841,6,3841,232,25
28842,6,3842,20,5
28843,6,3843,20,5
28844,6,3844,20,10
28845,6,3845,16,5
28846,6,3846,270,25
28847,6,3847,213,25
28848,6,3848,19,10
28849,6,3849,52,10
28850,6,3850,253,25
28851,6,3851,254,25
28852,6,3852,50,10
28853,6,3853,8,5
28854,6,3854,84,25
28855,6,3855,291,25
28856,6,3856,22,10
28857,6,3857,93,25
28858,6,3858,226,25
28859,6,3859,26,10
28860,6,3860,27,10
28861,6,3861,279,25
28862,6,3862,10,5
28863,6,3863,19,5
28864,6,3864,121,25
28865,6,3865,50,10
28866,6,3866,46,10
28867,6,3867,36,10
28868,6,3868,295,25
28869,6,3869,5,5
28870,6,3870,21,10
28871,6,3871,15,5
28872,6,3872,98,25
28873,6,3873,41,10
28874,6,3874,264,25
28875,6,3875,22,10
28876,6,3876,143,25
28877,6,3877,274,25
28878,6,3878,7,5
28879,6,3879,16,5
28880,6,3880,104,25
28881,6,3881,153,25
28882,6,3882,10,5
28883,6,3883,55,10
28884,6,3884,6,5
28885,6,3885,55,10
28886,6,3886,262,25
28887,6,3887,148,25
28888,6,3888,51,10
28889,6,3889,11,5
28890,6,3890,24,10
28891,6,3891,16,5
28892,6,3892,92,25
28893,6,3893,71,25
28894,6,3894,9,5
28895,6,3895,17,5
28896,6,3896,33,10
28897,6,3897,240,25
28898,6,3898,56,10
28899,6,3899,5,5
28900,6,3900,19,10
28901,6,3901,60,10
28902,6,3902,58,10
28903,6,3903,203,25
28904,6,3904,68,25
28905,6,3905,11,5
28906,6,3906,226,25
28907,6,3907,50,10
28908,6,3908,28,10
28909,6,3909,110,25
28910,6,3910,39,10
28911,6,3911,130,25
28912,6,3912,206,25
28913,6,3913,74,25
28914,6,3914,11,5
28915,6,3915,21,10
28916,6,3916,104,25
28917,6,3917,280,25
28918,6,3918,159,25
28919,6,3919,68,25
28920,6,3920,141,25
28921,6,3921,113,25
28922,6,3922,23,10
28923,6,3923,19,10
28924,6,3924,104,25
28925,6,3925,50,10
28926,6,3926,17,10
28927,6,3927,20,5
28928,6,3928,49,10
28929,6,3929,18,10
28930,6,3930,39,10
28931,6,3931,31,10
28932,6,3932,296,25
28933,6,3933,283,25
28934,6,3934,72,25
28935,6,3935,35,10
28936,6,3936,13,5
28937,6,3937,79,25
28938,6,3938,12,5
28939,6,3939,50,10
28940,6,3940,23,10
28941,6,3941,60,10
28942,6,3942,22,10
28943,6,3943,7,5
28944,6,3944,36,10
28945,6,3945,92,25
28946,6,3946,21,10
28947,6,3947,219,25
28948,6,3948,25,10
28949,6,3949,47,10
28950,6,3950,250,25
28951,6,3951,41,10
28952,6,3952,133,25
28953,6,3953,11,5
28954,6,3954,17,5
28955,6,3955,13,5
28956,6,3956,57,10
28957,6,3957,16,5
28958,6,3958,15,5
28959,6,3959,198,25
28960,6,3960,242,25
28961,6,3961,126,25
28962,6,3962,57,10
28963,6,3963,22,10
28964,6,3964,239,25
28965,6,3965,27,10
28966,6,3966,43,10
28967,6,3967,16,10
28968,6,3968,5,5
28969,6,3969,16,5
28970,6,3970,134,25
28971,6,3971,29,10
28972,6,3972,137,25
28973,6,3973,29,10
28974,6,3974,274,25
28975,6,3975,41,10
28976,6,3976,38,10
28977,6,3977,206,25
28978,6,3978,44,10
28979,6,3979,24,10
28980,6,3980,19,5
28981,6,3981,131,25
28982,6,3982,7,5
28983,6,3983,46,10
28984,6,3984,58,10
28985,6,3985,53,10
28986,6,3986,291,25
28987,6,3987,52,10
28988,6,3988,57,10
28989,6,3989,110,25
28990,6,3990,74,25
28991,6,3991,31,10
28992,6,3992,54,10
28993,6,3993,36,10
28994,6,3994,228,25
28995,6,3995,111,25
28996,6,3996,49,10
28997,6,3997,41,10
28998,6,3998,227,25
28999,6,3999,26,10
29000,6,4000,41,10
29001,6,4001,20,5
29002,6,4002,20,10
29003,6,4003,280,25
29004,6,4004,268,25
29005,6,4005,8,5
29006,6,4006,15,10
29007,6,4007,12,5
29008,6,4008,5,5
29009,6,4009,100,25
29010,6,4010,247,25
29011,6,4011,215,25
29012,6,4012,31,10
29013,6,4013,183,25
29014,6,4014,9,5
29015,6,4015,10,5
29016,6,4016,15,5
29017,6,4017,17,5
29018,6,4018,60,10
29019,6,4019,41,10
29020,6,4020,248,25
29021,6,4021,74,25
29022,6,4022,300,25
29023,6,4023,37,10
29024,6,4024,50,10
29025,6,4025,24,10
29026,6,4026,14,5
29027,6,4027,6,5
29028,6,4028,186,25
29029,6,4029,112,25
29030,6,4030,46,10
29031,6,4031,15,10
29032,6,4032,6,5
29033,6,4033,20,5
29034,6,4034,49,10
29035,6,4035,34,10
29036,6,4036,162,25
29037,6,4037,20,5
29038,6,4038,15,5
29039,6,4039,258,25
29040,6,4040,42,10
29041,6,4041,12,5
29042,6,4042,214,25
29043,6,4043,17,5
29044,6,4044,43,10
29045,6,4045,170,25
29046,6,4046,97,25
29047,6,4047,60,25
29048,6,4048,17,5
29049,6,4049,112,25
29050,6,4050,224,25
29051,6,4051,272,25
29052,6,4052,124,25
29053,6,4053,5,5
29054,6,4054,59,10
29055,6,4055,29,10
29056,6,4056,66,25
29057,6,4057,257,25
29058,6,4058,253,25
29059,6,4059,18,5
29060,6,4060,58,10
29061,6,4061,53,10
29062,6,4062,65,25
29063,6,4063,179,25
29064,6,4064,52,10
29065,6,4065,61,25
29066,6,4066,128,25
29067,6,4067,79,25
29068,6,4068,16,10
29069,6,4069,246,25
29070,6,4070,18,10
29071,6,4071,65,25
29072,6,4072,14,5
29073,6,4073,5,5
29074,6,4074,139,25
29075,6,4075,8,5
29076,6,4076,15,10
29077,6,4077,33,10
29078,6,4078,201,25
29079,6,4079,197,25
29080,6,4080,212,25
29081,6,4081,44,10
29082,6,4082,218,25
29083,6,4083,45,10
29084,6,4084,176,25
29085,6,4085,9,5
29086,6,4086,134,25
29087,6,4087,72,25
29088,6,4088,299,25
29089,6,4089,16,10
29090,6,4090,201,25
29091,6,4091,110,25
29092,6,4092,129,25
29093,6,4093,19,10
29094,6,4094,277,25
29095,6,4095,15,5
29096,6,4096,294,25
29097,6,4097,265,25
29098,6,4098,32,10
29099,6,4099,31,10
29100,6,4100,33,10
29101,6,4101,33,10
29102,6,4102,18,5
29103,6,4103,219,25
29104,6,4104,150,25
29105,6,4105,24,10
29106,6,4106,108,25
29107,6,4107,81,25
29108,6,4108,39,10
29109,6,4109,15,5
29110,6,4110,100,25
29111,6,4111,42,10
29112,6,4112,142,25
29113,6,4113,250,25
29114,6,4114,33,10
29115,6,4115,49,10
29116,6,4116,27,10
29117,6,4117,19,5
29118,6,4118,261,25
29119,6,4119,33,10
29120,6,4120,167,25
29121,6,4121,26,10
29122,6,4122,10,5
29123,6,4123,13,5
29124,6,4124,34,10
29125,6,4125,138,25
29126,6,4126,46,10
29127,6,4127,22,10
29128,6,4128,35,10
29129,6,4129,254,25
29130,6,4130,51,25
29131,6,4131,53,10
29132,6,4132,11,5
29133,6,4133,241,25
29134,6,4134,255,25
29135,6,4135,15,5
29136,6,4136,16,10
29137,6,4137,58,10
29138,6,4138,36,10
29139,6,4139,239,25
29140,6,4140,17,5
29141,6,4141,136,25
29142,6,4142,48,10
29143,6,4143,57,25
29144,6,4144,51,25
29145,6,4145,38,10
29146,6,4146,123,25
29147,6,4147,196,25
29148,6,4148,60,25
29149,6,4149,28,10
29150,6,4150,43,10
29151,6,4151,19,5
29152,6,4152,271,25
29153,6,4153,19,5
29154,6,4154,274,25
29155,6,4155,48,10
29156,6,4156,61,25
29157,6,4157,35,10
29158,6,4158,19,10
29159,6,4159,58,25
29160,6,4160,20,5
29161,6,4161,37,10
29162,6,4162,47,10
29163,6,4163,15,10
29164,6,4164,16,5
29165,6,4165,22,10
29166,6,4166,40,10
29167,6,4167,45,10
29168,6,4168,138,25
29169,6,4169,5,5
29170,6,4170,5,5
29171,6,4171,123,25
29172,6,4172,19,5
29173,6,4173,137,25
29174,6,4174,10,5
29175,6,4175,49,10
29176,6,4176,181,25
29177,6,4177,19,5
29178,6,4178,156,25
29179,6,4179,59,10
29180,6,4180,10,5
29181,6,4181,127,25
29182,6,4182,147,25
29183,6,4183,13,5
29184,6,4184,14,5
29185,6,4185,193,25
29186,6,4186,16,5
29187,6,4187,46,10
29188,6,4188,19,5
29189,6,4189,175,25
29190,6,4190,38,10
29191,6,4191,14,5
29192,6,4192,46,10
29193,6,4193,206,25
29194,6,4194,188,25
29195,6,4195,52,10
29196,6,4196,7,5
29197,6,4197,8,5
29198,6,4198,15,5
29199,6,4199,15,5
29200,6,4200,233,25
29201,6,4201,58,10
29202,6,4202,10,5
29203,6,4203,30,10
29204,6,4204,223,25
29205,6,4205,13,5
29206,6,4206,217,25
29207,6,4207,274,25
29208,6,4208,275,25
29209,6,4209,270,25
29210,6,4210,24,10
29211,6,4211,7,5
29212,6,4212,277,25
29213,6,4213,5,5
29214,6,4214,59,10
29215,6,4215,230,25
29216,6,4216,34,10
29217,6,4217,68,25
29218,6,4218,43,10
29219,6,4219,228,25
29220,6,4220,20,5
29221,6,4221,43,10
29222,6,4222,117,25
29223,6,4223,5,5
29224,6,4224,162,25
29225,6,4225,223,25
29226,6,4226,153,25
29227,6,4227,131,25
29228,6,4228,7,5
29229,6,4229,118,25
29230,6,4230,59,10
29231,6,4231,17,5
29232,6,4232,10,5
29233,6,4233,186,25
29234,6,4234,11,5
29235,6,4235,240,25
29236,6,4236,28,10
29237,6,4237,202,25
29238,6,4238,52,10
29239,6,4239,6,5
29240,6,4240,38,10
29241,6,4241,282,25
29242,6,4242,19,5
29243,6,4243,85,25
29244,6,4244,176,25
29245,6,4245,160,25
29246,6,4246,12,5
29247,6,4247,93,25
29248,6,4248,57,10
29249,6,4249,21,10
29250,6,4250,45,10
29251,6,4251,221,25
29252,6,4252,20,5
29253,6,4253,58,10
29254,6,4254,60,10
29255,6,4255,58,10
29256,6,4256,44,10
29257,6,4257,40,10
29258,6,4258,9,5
29259,6,4259,224,25
29260,6,4260,8,5
29261,6,4261,258,25
29262,6,4262,76,25
29263,6,4263,49,10
29264,6,4264,100,25
29265,6,4265,247,25
29266,6,4266,201,25
29267,6,4267,140,25
29268,6,4268,88,25
29269,6,4269,48,10
29270,6,4270,23,10
29271,6,4271,43,10
29272,6,4272,23,10
29273,6,4273,154,25
29274,6,4274,298,25
29275,6,4275,266,25
29276,6,4276,19,10
29277,6,4277,212,25
29278,6,4278,168,25
29279,6,4279,114,25
29280,6,4280,39,10
29281,6,4281,51,10
29282,6,4282,257,25
29283,6,4283,65,25
29284,6,4284,231,25
29285,6,4285,143,25
29286,6,4286,174,25
29287,6,4287,219,25
29288,6,4288,51,10
29289,6,4289,267,25
29290,6,4290,17,5
29291,6,4291,45,10
29292,6,4292,20,5
29293,6,4293,273,25
29294,6,4294,147,25
29295,6,4295,201,25
29296,6,4296,152,25
29297,6,4297,58,10
29298,6,4298,51,25
29299,6,4299,56,10
29300,6,4300,231,25
29301,6,4301,175,25
29302,6,4302,9,5
29303,6,4303,25,10
29304,6,4304,24,10
29305,6,4305,59,10
29306,6,4306,142,25
29307,6,4307,83,25
29308,6,4308,268,25
29309,6,4309,39,10
29310,6,4310,47,10
29311,6,4311,294,25
29312,6,4312,28,10
29313,6,4313,20,10
29314,6,4314,292,25
29315,6,4315,138,25
29316,6,4316,72,25
29317,6,4317,22,10
29318,6,4318,243,25
29319,6,4319,10,5
29320,6,4320,201,25
29321,6,4321,113,25
29322,6,4322,240,25
29323,6,4323,7,5
29324,6,4324,67,25
29325,6,4325,132,25
29326,6,4326,114,25
29327,6,4327,41,10
29328,6,4328,198,25
29329,6,4329,53,10
29330,6,4330,117,25
29331,6,4331,208,25
29332,6,4332,52,10
29333,6,4333,36,10
29334,6,4334,28,10
29335,6,4335,153,25
29336,6,4336,45,10
29337,6,4337,55,10
29338,6,4338,123,25
29339,6,4339,179,25
29340,6,4340,15,10
29341,6,4341,50,10
29342,6,4342,93,25
29343,6,4343,44,10
29344,6,4344,94,25
29345,6,4345,17,5
29346,6,4346,163,25
29347,6,4347,14,5
29348,6,4348,114,25
29349,6,4349,42,10
29350,6,4350,55,10
29351,6,4351,100,25
29352,6,4352,71,25
29353,6,4353,242,25
29354,6,4354,157,25
29355,6,4355,291,25
29356,6,4356,46,10
29357,6,4357,221,25
29358,6,4358,51,10
29359,6,4359,31,10
29360,6,4360,77,25
29361,6,4361,173,25
29362,6,4362,134,25
29363,6,4363,90,25
29364,6,4364,214,25
29365,6,4365,41,10
29366,6,4366,15,10
29367,6,4367,50,25
29368,6,4368,9,5
29369,6,4369,129,25
29370,6,4370,58,10
29371,6,4371,95,25
29372,6,4372,208,25
29373,6,4373,65,25
29374,6,4374,49,10
29375,6,4375,45,10
29376,6,4376,161,25
29377,6,4377,15,5
29378,6,4378,211,25
29379,6,4379,127,25
29380,6,4380,29,10
29381,6,4381,6,5
29382,6,4382,11,5
29383,6,4383,11,5
29384,6,4384,47,10
29385,6,4385,56,25
29386,6,4386,96,25
29387,6,4387,48,10
29388,6,4388,20,10
29389,6,4389,296,25
29390,6,4390,51,25
29391,6,4391,71,25
29392,6,4392,134,25
29393,6,4393,60,10
29394,6,4394,52,10
29395,6,4395,20,5
29396,6,4396,212,25
29397,6,4397,292,25
29398,6,4398,57,10
29399,6,4399,10,5
29400,6,4400,189,25
29401,6,4401,44,10
29402,6,4402,11,5
29403,6,4403,169,25
29404,6,4404,19,5
29405,6,4405,168,25
29406,6,4406,225,25
29407,6,4407,203,25
29408,6,4408,45,10
29409,6,4409,195,25
29410,6,4410,11,5
29411,6,4411,256,25
29412,6,4412,80,25
29413,6,4413,54,10
29414,6,4414,36,10
29415,6,4415,264,25
29416,6,4416,289,25
29417,6,4417,256,25
29418,6,4418,92,25
29419,6,4419,44,10
29420,6,4420,20,5
29421,6,4421,49,10
29422,6,4422,135,25
29423,6,4423,205,25
29424,6,4424,22,10
29425,6,4425,250,25
29426,6,4426,37,10
29427,6,4427,151,25
29428,6,4428,278,25
29429,6,4429,8,5
29430,6,4430,153,25
29431,6,4431,105,25
29432,6,4432,33,10
29433,6,4433,15,10
29434,6,4434,39,10
29435,6,4435,11,5
29436,6,4436,200,25
29437,6,4437,31,10
29438,6,4438,54,25
29439,6,4439,17,10
29440,6,4440,117,25
29441,6,4441,251,25
29442,6,4442,200,25
29443,6,4443,248,25
29444,6,4444,59,10
29445,6,4445,60,10
29446,6,4446,78,25
29447,6,4447,95,25
29448,6,4448,246,25
29449,6,4449,15,5
29450,6,4450,91,25
29451,6,4451,300,25
29452,6,4452,158,25
29453,6,4453,39,10
29454,6,4454,14,5
29455,6,4455,260,25
29456,6,4456,34,10
29457,6,4457,120,25
29458,6,4458,98,25
29459,6,4459,35,10
29460,6,4460,20,10
29461,6,4461,6,5
29462,6,4462,22,10
29463,6,4463,254,25
29464,6,4464,162,25
29465,6,4465,36,10
29466,6,4466,207,25
29467,6,4467,222,25
29468,6,4468,282,25
29469,6,4469,103,25
29470,6,4470,92,25
29471,6,4471,17,10
29472,6,4472,20,10
29473,6,4473,22,10
29474,6,4474,180,25
29475,6,4475,60,10
29476,6,4476,27,10
29477,6,4477,14,5
29478,6,4478,143,25
29479,6,4479,117,25
29480,6,4480,154,25
29481,6,4481,24,10
29482,6,4482,16,10
29483,6,4483,48,10
29484,6,4484,28,10
29485,6,4485,24,10
29486,6,4486,27,10
29487,6,4487,223,25
29488,6,4488,27,10
29489,6,4489,53,10
29490,6,4490,142,25
29491,6,4491,17,10
29492,6,4492,225,25
29493,6,4493,12,5
29494,6,4494,42,10
29495,6,4495,22,10
29496,6,4496,58,10
29497,6,4497,12,5
29498,6,4498,45,10
29499,6,4499,224,25
29500,6,4500,294,25
29501,6,4501,178,25
29502,6,4502,19,5
29503,6,4503,18,5
29504,6,4504,137,25
29505,6,4505,53,25
29506,6,4506,12,5
29507,6,4507,43,10
29508,6,4508,16,5
29509,6,4509,269,25
29510,6,4510,20,5
29511,6,4511,192,25
29512,6,4512,56,10
29513,6,4513,41,10
29514,6,4514,69,25
29515,6,4515,222,25
29516,6,4516,275,25
29517,6,4517,43,10
29518,6,4518,15,10
29519,6,4519,18,10
29520,6,4520,262,25
29521,6,4521,60,10
29522,6,4522,75,25
29523,6,4523,20,10
29524,6,4524,15,5
29525,6,4525,91,25
29526,6,4526,59,10
29527,6,4527,231,25
29528,6,4528,52,25
29529,6,4529,182,25
29530,6,4530,20,5
29531,6,4531,150,25
29532,6,4532,179,25
29533,6,4533,298,25
29534,6,4534,47,10
29535,6,4535,43,10
29536,6,4536,277,25
29537,6,4537,38,10
29538,6,4538,267,25
29539,6,4539,193,25
29540,6,4540,269,25
29541,6,4541,239,25
29542,6,4542,7,5
29543,6,4543,166,25
29544,6,4544,89,25
29545,6,4545,84,25
29546,6,4546,43,10
29547,6,4547,14,5
29548,6,4548,59,10
29549,6,4549,18,5
29550,6,4550,123,25
29551,6,4551,138,25
29552,6,4552,17,10
29553,6,4553,300,25
29554,6,4554,30,10
29555,6,4555,33,10
29556,6,4556,30,10
29557,6,4557,45,10
29558,6,4558,58,10
29559,6,4559,41,10
29560,6,4560,21,10
29561,6,4561,15,5
29562,6,4562,237,25
29563,6,4563,160,25
29564,6,4564,19,5
29565,6,4565,211,25
29566,6,4566,240,25
29567,6,4567,33,10
29568,6,4568,56,25
29569,6,4569,122,25
29570,6,4570,22,10
29571,6,4571,6,5
29572,6,4572,215,25
29573,6,4573,123,25
29574,6,4574,166,25
29575,6,4575,56,10
29576,6,4576,110,25
29577,6,4577,48,10
29578,6,4578,7,5
29579,6,4579,20,5
29580,6,4580,40,10
29581,6,4581,93,25
29582,6,4582,34,10
29583,6,4583,190,25
29584,6,4584,60,10
29585,6,4585,41,10
29586,6,4586,267,25
29587,6,4587,191,25
29588,6,4588,54,25
29589,6,4589,48,10
29590,6,4590,208,25
29591,6,4591,209,25
29592,6,4592,59,10
29593,6,4593,18,5
29594,6,4594,40,10
29595,6,4595,282,25
29596,6,4596,54,10
29597,6,4597,17,5
29598,6,4598,252,25
29599,6,4599,101,25
29600,6,4600,18,10
29601,6,4601,39,10
29602,6,4602,17,10
29603,6,4603,30,10
29604,6,4604,135,25
29605,6,4605,41,10
29606,6,4606,115,25
29607,6,4607,162,25
29608,6,4608,19,5
29609,6,4609,271,25
29610,6,4610,42,10
29611,6,4611,284,25
29612,6,4612,8,5
29613,6,4613,125,25
29614,6,4614,156,25
29615,6,4615,166,25
29616,6,4616,93,25
29617,6,4617,56,25
29618,6,4618,31,10
29619,6,4619,70,25
29620,6,4620,231,25
29621,6,4621,24,10
29622,6,4622,27,10
29623,6,4623,222,25
29624,6,4624,9,5
29625,6,4625,6,5
29626,6,4626,246,25
29627,6,4627,179,25
29628,6,4628,144,25
29629,6,4629,30,10
29630,6,4630,51,10
29631,6,4631,19,5
29632,6,4632,80,25
29633,6,4633,205,25
29634,6,4634,57,10
29635,6,4635,54,10
29636,6,4636,184,25
29637,6,4637,245,25
29638,6,4638,47,10
29639,6,4639,23,10
29640,6,4640,227,25
29641,6,4641,167,25
29642,6,4642,5,5
29643,6,4643,243,25
29644,6,4644,33,10
29645,6,4645,59,10
29646,6,4646,46,10
29647,6,4647,225,25
29648,6,4648,42,10
29649,6,4649,156,25
29650,6,4650,38,10
29651,6,4651,164,25
29652,6,4652,262,25
29653,6,4653,142,25
29654,6,4654,287,25
29655,6,4655,55,10
29656,6,4656,60,10
29657,6,4657,24,10
29658,6,4658,22,10
29659,6,4659,8,5
29660,6,4660,129,25
29661,6,4661,25,10
29662,6,4662,60,10
29663,6,4663,274,25
29664,6,4664,73,25
29665,6,4665,15,5
29666,6,4666,7,5
29667,6,4667,50,10
29668,6,4668,253,25
29669,6,4669,18,5
29670,6,4670,23,10
29671,6,4671,19,5
29672,6,4672,58,10
29673,6,4673,11,5
29674,6,4674,10,5
29675,6,4675,17,5
29676,6,4676,20,5
29677,6,4677,13,5
29678,6,4678,48,10
29679,6,4679,53,10
29680,6,4680,21,10
29681,6,4681,7,5
29682,6,4682,139,25
29683,6,4683,14,5
29684,6,4684,19,10
29685,6,4685,102,25
29686,6,4686,51,10
29687,6,4687,52,25
29688,6,4688,293,25
29689,6,4689,33,10
29690,6,4690,17,5
29691,6,4691,13,5
29692,6,4692,177,25
29693,6,4693,217,25
29694,6,4694,20,10
29695,6,4695,39,10
29696,6,4696,60,25
29697,6,4697,212,25
29698,6,4698,17,5
29699,6,4699,69,25
29700,6,4700,144,25
29701,6,4701,96,25
29702,6,4702,56,10
29703,6,4703,284,25
29704,6,4704,86,25
29705,6,4705,250,25
29706,6,4706,67,25
29707,6,4707,269,25
29708,6,4708,81,25
29709,6,4709,161,25
29710,6,4710,194,25
29711,6,4711,289,25
29712,6,4712,110,25
29713,6,4713,298,25
29714,6,4714,188,25
29715,6,4715,49,10
29716,6,4716,235,25
29717,6,4717,5,5
29718,6,4718,115,25
29719,6,4719,264,25
29720,6,4720,212,25
29721,6,4721,60,10
29722,6,4722,134,25
29723,6,4723,15,5
29724,6,4724,8,5
29725,6,4725,54,10
29726,6,4726,18,5
29727,6,4727,41,10
29728,6,4728,276,25
29729,6,4729,36,10
29730,6,4730,33,10
29731,6,4731,77,25
29732,6,4732,221,25
29733,6,4733,36,10
29734,6,4734,47,10
29735,6,4735,111,25
29736,6,4736,14,5
29737,6,4737,173,25
29738,6,4738,149,25
29739,6,4739,15,10
29740,6,4740,51,10
29741,6,4741,20,5
29742,6,4742,9,5
29743,6,4743,6,5
29744,6,4744,42,10
29745,6,4745,243,25
29746,6,4746,31,10
29747,6,4747,17,10
29748,6,4748,17,10
29749,6,4749,45,10
29750,6,4750,152,25
29751,6,4751,79,25
29752,6,4752,285,25
29753,6,4753,187,25
29754,6,4754,58,25
29755,6,4755,24,10
29756,6,4756,30,10
29757,6,4757,8,5
29758,6,4758,51,10
29759,6,4759,145,25
29760,6,4760,20,5
29761,6,4761,26,10
29762,6,4762,26,10
29763,6,4763,213,25
29764,6,4764,148,25
29765,6,4765,38,10
29766,6,4766,60,10
29767,6,4767,133,25
29768,6,4768,21,10
29769,6,4769,191,25
29770,6,4770,14,5
29771,6,4771,33,10
29772,6,4772,257,25
29773,6,4773,226,25
29774,6,4774,16,5
29775,6,4775,295,25
29776,6,4776,59,10
29777,6,4777,37,10
29778,6,4778,119,25
29779,6,4779,17,5
29780,6,4780,126,25
29781,6,4781,12,5
29782,6,4782,33,10
29783,6,4783,269,25
29784,6,4784,60,10
29785,6,4785,70,25
29786,6,4786,20,10
29787,6,4787,32,10
29788,6,4788,53,10
29789,6,4789,258,25
29790,6,4790,208,25
29791,6,4791,101,25
29792,6,4792,75,25
29793,6,4793,148,25
29794,6,4794,158,25
29795,6,4795,56,10
29796,6,4796,79,25
29797,6,4797,116,25
29798,6,4798,45,10
29799,6,4799,14,5
29800,6,4800,171,25
29801,6,4801,15,5
29802,6,4802,30,10
29803,6,4803,5,5
29804,6,4804,295,25
29805,6,4805,90,25
29806,6,4806,31,10
29807,6,4807,67,25
29808,6,4808,41,10
29809,6,4809,35,10
29810,6,4810,12,5
29811,6,4811,33,10
29812,6,4812,122,25
29813,6,4813,17,10
29814,6,4814,19,10
29815,6,4815,29,10
29816,6,4816,21,10
29817,6,4817,229,25
29818,6,4818,211,25
29819,6,4819,81,25
29820,6,4820,23,10
29821,6,4821,78,25
29822,6,4822,238,25
29823,6,4823,40,10
29824,6,4824,22,10
29825,6,4825,13,5
29826,6,4826,117,25
29827,6,4827,171,25
29828,6,4828,83,25
29829,6,4829,60,10
29830,6,4830,281,25
29831,6,4831,203,25
29832,6,4832,14,5
29833,6,4833,16,10
29834,6,4834,16,5
29835,6,4835,235,25
29836,6,4836,159,25
29837,6,4837,20,5
29838,6,4838,105,25
29839,6,4839,24,10
29840,6,4840,46,10
29841,6,4841,57,10
29842,6,4842,25,10
29843,6,4843,8,5
29844,6,4844,147,25
29845,6,4845,17,5
29846,6,4846,5,5
29847,6,4847,201,25
29848,6,4848,39,10
29849,6,4849,32,10
29850,6,4850,15,5
29851,6,4851,26,10
29852,6,4852,7,5
29853,6,4853,209,25
29854,6,4854,52,10
29855,6,4855,26,10
29856,6,4856,55,10
29857,6,4857,13,5
29858,6,4858,128,25
29859,6,4859,20,5
29860,6,4860,21,10
29861,6,4861,29,10
29862,6,4862,17,10
29863,6,4863,222,25
29864,6,4864,15,5
29865,6,4865,247,25
29866,6,4866,266,25
29867,6,4867,56,10
29868,6,4868,6,5
29869,6,4869,17,10
29870,6,4870,16,10
29871,6,4871,69,25
29872,6,4872,254,25
29873,6,4873,16,10
29874,6,4874,89,25
29875,6,4875,264,25
29876,6,4876,45,10
29877,6,4877,69,25
29878,6,4878,257,25
29879,6,4879,47,10
29880,6,4880,11,5
29881,6,4881,119,25
29882,6,4882,93,25
29883,6,4883,5,5
29884,6,4884,226,25
29885,6,4885,33,10
29886,6,4886,18,5
29887,6,4887,230,25
29888,6,4888,17,5
29889,6,4889,153,25
29890,6,4890,20,5
29891,6,4891,16,10
29892,6,4892,55,10
29893,6,4893,38,10
29894,6,4894,135,25
29895,6,4895,25,10
29896,6,4896,22,10
29897,6,4897,10,5
29898,6,4898,38,10
29899,6,4899,276,25
29900,6,4900,75,25
29901,6,4901,131,25
29902,6,4902,31,10
29903,6,4903,5,5
29904,6,4904,10,5
29905,6,4905,17,5
29906,6,4906,15,5
29907,6,4907,132,25
29908,6,4908,55,10
29909,6,4909,48,10
29910,6,4910,45,10
29911,6,4911,284,25
29912,6,4912,75,25
29913,6,4913,8,5
29914,6,4914,223,25
29915,6,4915,40,10
29916,6,4916,267,25
29917,6,4917,80,25
29918,6,4918,31,10
29919,6,4919,172,25
29920,6,4920,40,10
29921,6,4921,44,10
29922,6,4922,37,10
29923,6,4923,17,10
29924,6,4924,19,5
29925,6,4925,88,25
29926,6,4926,9,5
29927,6,4927,269,25
29928,6,4928,5,5
29929,6,4929,245,25
29930,6,4930,28,10
29931,6,4931,194,25
29932,6,4932,296,25
29933,6,4933,6,5
29934,6,4934,48,10
29935,6,4935,20,10
29936,6,4936,214,25
29937,6,4937,216,25
29938,6,4938,163,25
29939,6,4939,27,10
29940,6,4940,18,10
29941,6,4941,19,10
29942,6,4942,94,25
29943,6,4943,142,25
29944,6,4944,25,10
29945,6,4945,49,10
29946,6,4946,39,10
29947,6,4947,234,25
29948,6,4948,68,25
29949,6,4949,70,25
29950,6,4950,178,25
29951,6,4951,7,5
29952,6,4952,6,5
29953,6,4953,29,10
29954,6,4954,230,25
29955,6,4955,212,25
29956,6,4956,80,25
29957,6,4957,217,25
29958,6,4958,35,10
29959,6,4959,136,25
29960,6,4960,264,25
29961,6,4961,19,5
29962,6,4962,19,5
29963,6,4963,18,10
29964,6,4964,32,10
29965,6,4965,74,25
29966,6,4966,20,5
29967,6,4967,282,25
29968,6,4968,33,10
29969,6,4969,34,10
29970,6,4970,162,25
29971,6,4971,228,25
29972,6,4972,60,10
29973,6,4973,156,25
29974,6,4974,19,5
29975,6,4975,78,25
29976,6,4976,5,5
29977,6,4977,16,5
29978,6,4978,12,5
29979,6,4979,13,5
29980,6,4980,10,5
29981,6,4981,38,10
29982,6,4982,47,10
29983,6,4983,141,25
29984,6,4984,270,25
29985,6,4985,50,10
29986,6,4986,10,5
29987,6,4987,54,10
29988,6,4988,230,25
29989,6,4989,8,5
29990,6,4990,53,10
29991,6,4991,22,10
29992,6,4992,51,10
29993,6,4993,144,25
29994,6,4994,8,5
29995,6,4995,117,25
29996,6,4996,5,5
29997,6,4997,275,25
29998,6,4998,249,25
29999,6,4999,181,25
30000,6,5000,13,5
30001,7,1,20,5
30002,7,2,71,25
30003,7,3,10,5
30004,7,4,17,10
30005,7,5,87,25
30006,7,6,200,25
30007,7,7,51,10
30008,7,8,54,10
30009,7,9,118,25
30010,7,10,30,10
30011,7,11,12,5
30012,7,12,139,25
30013,7,13,59,10
30014,7,14,47,10
30015,7,15,12,5
30016,7,16,46,10
30017,7,17,177,25
30018,7,18,101,25
30019,7,19,5,5
30020,7,20,56,10
30021,7,21,60,10
30022,7,22,10,5
30023,7,23,290,25
30024,7,24,57,10
30025,7,25,161,25
30026,7,26,22,10
30027,7,27,36,10
30028,7,28,144,25
30029,7,29,123,25
30030,7,30,51,25
30031,7,31,163,25
30032,7,32,297,25
30033,7,33,55,10
30034,7,34,252,25
30035,7,35,54,10
30036,7,36,9,5
30037,7,37,18,10
30038,7,38,20,5
30039,7,39,27,10
30040,7,40,98,25
30041,7,41,36,10
30042,7,42,58,25
30043,7,43,217,25
30044,7,44,221,25
30045,7,45,41,10
30046,7,46,40,10
30047,7,47,23,10
30048,7,48,16,10
30049,7,49,34,10
30050,7,50,20,5
30051,7,51,249,25
30052,7,52,167,25
30053,7,53,43,10
30054,7,54,238,25
30055,7,55,68,25
30056,7,56,7,5
30057,7,57,18,10
30058,7,58,31,10
30059,7,59,50,10
30060,7,60,26,10
30061,7,61,35,10
30062,7,62,92,25
30063,7,63,44,10
30064,7,64,205,25
30065,7,65,228,25
30066,7,66,13,5
30067,7,67,141,25
30068,7,68,55,10
30069,7,69,38,10
30070,7,70,108,25
30071,7,71,108,25
30072,7,72,294,25
30073,7,73,83,25
30074,7,74,216,25
30075,7,75,38,10
30076,7,76,37,10
30077,7,77,18,10
30078,7,78,38,10
30079,7,79,225,25
30080,7,80,147,25
30081,7,81,21,10
30082,7,82,243,25
30083,7,83,8,5
30084,7,84,92,25
30085,7,85,26,10
30086,7,86,286,25
30087,7,87,21,10
30088,7,88,33,10
30089,7,89,295,25
30090,7,90,14,5
30091,7,91,31,10
30092,7,92,38,10
30093,7,93,58,10
30094,7,94,8,5
30095,7,95,257,25
30096,7,96,26,10
30097,7,97,202,25
30098,7,98,152,25
30099,7,99,43,10
30100,7,100,13,5
30101,7,101,42,10
30102,7,102,265,25
30103,7,103,261,25
30104,7,104,56,10
30105,7,105,59,10
30106,7,106,266,25
30107,7,107,19,5
30108,7,108,80,25
30109,7,109,7,5
30110,7,110,39,10
30111,7,111,119,25
30112,7,112,57,10
30113,7,113,53,25
30114,7,114,57,25
30115,7,115,222,25
30116,7,116,48,10
30117,7,117,15,5
30118,7,118,36,10
30119,7,119,58,10
30120,7,120,125,25
30121,7,121,294,25
30122,7,122,24,10
30123,7,123,18,10
30124,7,124,17,10
30125,7,125,48,10
30126,7,126,18,10
30127,7,127,44,10
30128,7,128,15,5
30129,7,129,149,25
30130,7,130,31,10
30131,7,131,60,10
30132,7,132,48,10
30133,7,133,27,10
30134,7,134,110,25
30135,7,135,31,10
30136,7,136,27,10
30137,7,137,59,25
30138,7,138,52,10
30139,7,139,18,10
30140,7,140,15,10
30141,7,141,30,10
30142,7,142,274,25
30143,7,143,39,10
30144,7,144,36,10
30145,7,145,7,5
30146,7,146,99,25
30147,7,147,23,10
30148,7,148,42,10
30149,7,149,262,25
30150,7,150,52,10
30151,7,151,67,25
30152,7,152,5,5
30153,7,153,115,25
30154,7,154,60,10
30155,7,155,261,25
30156,7,156,33,10
30157,7,157,74,25
30158,7,158,101,25
30159,7,159,13,5
30160,7,160,79,25
30161,7,161,169,25
30162,7,162,13,5
30163,7,163,18,10
30164,7,164,237,25
30165,7,165,209,25
30166,7,166,252,25
30167,7,167,9,5
30168,7,168,274,25
30169,7,169,186,25
30170,7,170,17,10
30171,7,171,40,10
30172,7,172,34,10
30173,7,173,38,10
30174,7,174,8,5
30175,7,175,153,25
30176,7,176,42,10
30177,7,177,22,10
30178,7,178,30,10
30179,7,179,201,25
30180,7,180,16,10
30181,7,181,266,25
30182,7,182,134,25
30183,7,183,257,25
30184,7,184,166,25
30185,7,185,151,25
30186,7,186,298,25
30187,7,187,32,10
30188,7,188,121,25
30189,7,189,34,10
30190,7,190,55,25
30191,7,191,7,5
30192,7,192,201,25
30193,7,193,6,5
30194,7,194,15,5
30195,7,195,32,10
30196,7,196,29,10
30197,7,197,11,5
30198,7,198,43,10
30199,7,199,68,25
30200,7,200,42,10
30201,7,201,47,10
30202,7,202,49,10
30203,7,203,68,25
30204,7,204,20,5
30205,7,205,27,10
30206,7,206,100,25
30207,7,207,15,10
30208,7,208,69,25
30209,7,209,297,25
30210,7,210,228,25
30211,7,211,25,10
30212,7,212,227,25
30213,7,213,17,5
30214,7,214,65,25
30215,7,215,262,25
30216,7,216,252,25
30217,7,217,31,10
30218,7,218,44,10
30219,7,219,193,25
30220,7,220,292,25
30221,7,221,114,25
30222,7,222,57,10
30223,7,223,21,10
30224,7,224,53,10
30225,7,225,17,5
30226,7,226,17,10
30227,7,227,161,25
30228,7,228,39,10
30229,7,229,225,25
30230,7,230,59,10
30231,7,231,245,25
30232,7,232,54,10
30233,7,233,216,25
30234,7,234,212,25
30235,7,235,38,10
30236,7,236,21,10
30237,7,237,44,10
30238,7,238,224,25
30239,7,239,33,10
30240,7,240,31,10
30241,7,241,77,25
30242,7,242,47,10
30243,7,243,182,25
30244,7,244,17,10
30245,7,245,172,25
30246,7,246,60,25
30247,7,247,176,25
30248,7,248,239,25
30249,7,249,138,25
30250,7,250,68,25
30251,7,251,23,10
30252,7,252,60,10
30253,7,253,124,25
30254,7,254,30,10
30255,7,255,5,5
30256,7,256,6,5
30257,7,257,30,10
30258,7,258,155,25
30259,7,259,22,10
30260,7,260,19,10
30261,7,261,23,10
30262,7,262,10,5
30263,7,263,19,5
30264,7,264,32,10
30265,7,265,14,5
30266,7,266,60,10
30267,7,267,243,25
30268,7,268,64,25
30269,7,269,74,25
30270,7,270,10,5
30271,7,271,53,10
30272,7,272,82,25
30273,7,273,61,25
30274,7,274,234,25
30275,7,275,36,10
30276,7,276,50,10
30277,7,277,129,25
30278,7,278,12,5
30279,7,279,16,5
30280,7,280,243,25
30281,7,281,295,25
30282,7,282,11,5
30283,7,283,245,25
30284,7,284,282,25
30285,7,285,154,25
30286,7,286,10,5
30287,7,287,169,25
30288,7,288,28,10
30289,7,289,46,10
30290,7,290,35,10
30291,7,291,133,25
30292,7,292,8,5
30293,7,293,5,5
30294,7,294,269,25
30295,7,295,165,25
30296,7,296,166,25
30297,7,297,173,25
30298,7,298,24,10
30299,7,299,177,25
30300,7,300,48,10
30301,7,301,106,25
30302,7,302,46,10
30303,7,303,11,5
30304,7,304,177,25
30305,7,305,18,5
30306,7,306,107,25
30307,7,307,189,25
30308,7,308,160,25
30309,7,309,115,25
30310,7,310,242,25
30311,7,311,12,5
30312,7,312,135,25
30313,7,313,15,10
30314,7,314,14,5
30315,7,315,119,25
30316,7,316,64,25
30317,7,317,60,10
30318,7,318,172,25
30319,7,319,295,25
30320,7,320,46,10
30321,7,321,49,10
30322,7,322,235,25
30323,7,323,20,10
30324,7,324,143,25
30325,7,325,260,25
30326,7,326,41,10
30327,7,327,31,10
30328,7,328,168,25
30329,7,329,46,10
30330,7,330,100,25
30331,7,331,106,25
30332,7,332,30,10
30333,7,333,50,10
30334,7,334,257,25
30335,7,335,24,10
30336,7,336,220,25
30337,7,337,28,10
30338,7,338,29,10
30339,7,339,113,25
30340,7,340,53,10
30341,7,341,216,25
30342,7,342,88,25
30343,7,343,299,25
30344,7,344,285,25
30345,7,345,136,25
30346,7,346,145,25
30347,7,347,145,25
30348,7,348,296,25
30349,7,349,8,5
30350,7,350,78,25
30351,7,351,174,25
30352,7,352,43,10
30353,7,353,13,5
30354,7,354,58,10
30355,7,355,40,10
30356,7,356,136,25
30357,7,357,113,25
30358,7,358,55,25
30359,7,359,152,25
30360,7,360,122,25
30361,7,361,124,25
30362,7,362,40,10
30363,7,363,55,10
30364,7,364,183,25
30365,7,365,19,10
30366,7,366,53,25
30367,7,367,269,25
30368,7,368,227,25
30369,7,369,225,25
30370,7,370,14,5
30371,7,371,29,10
30372,7,372,9,5
30373,7,373,17,5
30374,7,374,14,5
30375,7,375,33,10
30376,7,376,15,10
30377,7,377,104,25
30378,7,378,22,10
30379,7,379,16,5
30380,7,380,223,25
30381,7,381,178,25
30382,7,382,7,5
30383,7,383,200,25
30384,7,384,109,25
30385,7,385,58,10
30386,7,386,17,10
30387,7,387,10,5
30388,7,388,10,5
30389,7,389,145,25
30390,7,390,36,10
30391,7,391,11,5
30392,7,392,294,25
30393,7,393,11,5
30394,7,394,44,10
30395,7,395,5,5
30396,7,396,16,10
30397,7,397,64,25
30398,7,398,41,10
30399,7,399,12,5
30400,7,400,208,25
30401,7,401,238,25
30402,7,402,111,25
30403,7,403,151,25
30404,7,404,238,25
30405,7,405,19,5
30406,7,406,53,10
30407,7,407,24,10
30408,7,408,167,25
30409,7,409,26,10
30410,7,410,176,25
30411,7,411,52,10
30412,7,412,54,10
30413,7,413,201,25
30414,7,414,17,10
30415,7,415,29,10
30416,7,416,54,10
30417,7,417,9,5
30418,7,418,15,5
30419,7,419,102,25
30420,7,420,241,25
30421,7,421,272,25
30422,7,422,280,25
30423,7,423,229,25
30424,7,424,11,5
30425,7,425,58,10
30426,7,426,153,25
30427,7,427,223,25
30428,7,428,103,25
30429,7,429,12,5
30430,7,430,202,25
30431,7,431,56,10
30432,7,432,32,10
30433,7,433,58,10
30434,7,434,33,10
30435,7,435,41,10
30436,7,436,105,25
30437,7,437,8,5
30438,7,438,262,25
30439,7,439,13,5
30440,7,440,43,10
30441,7,441,55,10
30442,7,442,234,25
30443,7,443,202,25
30444,7,444,15,10
30445,7,445,48,10
30446,7,446,153,25
30447,7,447,20,5
30448,7,448,8,5
30449,7,449,209,25
30450,7,450,20,5
30451,7,451,45,10
30452,7,452,14,5
30453,7,453,160,25
30454,7,454,284,25
30455,7,455,51,10
30456,7,456,8,5
30457,7,457,54,10
30458,7,458,60,10
30459,7,459,5,5
30460,7,460,17,10
30461,7,461,45,10
30462,7,462,51,10
30463,7,463,11,5
30464,7,464,15,10
30465,7,465,51,10
30466,7,466,59,10
30467,7,467,250,25
30468,7,468,29,10
30469,7,469,58,10
30470,7,470,11,5
30471,7,471,99,25
30472,7,472,192,25
30473,7,473,14,5
30474,7,474,18,5
30475,7,475,212,25
30476,7,476,15,10
30477,7,477,52,10
30478,7,478,51,10
30479,7,479,8,5
30480,7,480,13,5
30481,7,481,183,25
30482,7,482,143,25
30483,7,483,67,25
30484,7,484,300,25
30485,7,485,11,5
30486,7,486,5,5
30487,7,487,92,25
30488,7,488,130,25
30489,7,489,197,25
30490,7,490,234,25
30491,7,491,250,25
30492,7,492,5,5
30493,7,493,46,10
30494,7,494,41,10
30495,7,495,22,10
30496,7,496,37,10
30497,7,497,169,25
30498,7,498,167,25
30499,7,499,7,5
30500,7,500,23,10
30501,7,501,20,5
30502,7,502,237,25
30503,7,503,159,25
30504,7,504,45,10
30505,7,505,82,25
30506,7,506,268,25
30507,7,507,19,5
30508,7,508,38,10
30509,7,509,18,10
30510,7,510,95,25
30511,7,511,68,25
30512,7,512,5,5
30513,7,513,15,10
30514,7,514,80,25
30515,7,515,15,10
30516,7,516,120,25
30517,7,517,31,10
30518,7,518,9,5
30519,7,519,7,5
30520,7,520,57,25
30521,7,521,30,10
30522,7,522,6,5
30523,7,523,60,10
30524,7,524,47,10
30525,7,525,60,10
30526,7,526,51,10
30527,7,527,53,25
30528,7,528,30,10
30529,7,529,28,10
30530,7,530,38,10
30531,7,531,133,25
30532,7,532,15,5
30533,7,533,290,25
30534,7,534,53,10
30535,7,535,193,25
30536,7,536,10,5
30537,7,537,86,25
30538,7,538,31,10
30539,7,539,18,10
30540,7,540,286,25
30541,7,541,29,10
30542,7,542,40,10
30543,7,543,9,5
30544,7,544,19,5
30545,7,545,43,10
30546,7,546,18,10
30547,7,547,18,5
30548,7,548,71,25
30549,7,549,57,10
30550,7,550,47,10
30551,7,551,14,5
30552,7,552,184,25
30553,7,553,16,10
30554,7,554,24,10
30555,7,555,14,5
30556,7,556,19,5
30557,7,557,219,25
30558,7,558,53,10
30559,7,559,19,10
30560,7,560,45,10
30561,7,561,7,5
30562,7,562,153,25
30563,7,563,14,5
30564,7,564,35,10
30565,7,565,237,25
30566,7,566,5,5
30567,7,567,29,10
30568,7,568,54,10
30569,7,569,239,25
30570,7,570,199,25
30571,7,571,292,25
30572,7,572,189,25
30573,7,573,54,10
30574,7,574,36,10
30575,7,575,282,25
30576,7,576,279,25
30577,7,577,44,10
30578,7,578,38,10
30579,7,579,35,10
30580,7,580,17,10
30581,7,581,219,25
30582,7,582,201,25
30583,7,583,169,25
30584,7,584,223,25
30585,7,585,43,10
30586,7,586,25,10
30587,7,587,28,10
30588,7,588,262,25
30589,7,589,23,10
30590,7,590,235,25
30591,7,591,23,10
30592,7,592,179,25
30593,7,593,101,25
30594,7,594,51,10
30595,7,595,144,25
30596,7,596,47,10
30597,7,597,109,25
30598,7,598,60,10
30599,7,599,51,10
30600,7,600,48,10
30601,7,601,25,10
30602,7,602,5,5
30603,7,603,40,10
30604,7,604,5,5
30605,7,605,9,5
30606,7,606,213,25
30607,7,607,212,25
30608,7,608,261,25
30609,7,609,33,10
30610,7,610,109,25
30611,7,611,99,25
30612,7,612,64,25
30613,7,613,5,5
30614,7,614,54,10
30615,7,615,59,10
30616,7,616,169,25
30617,7,617,241,25
30618,7,618,20,10
30619,7,619,242,25
30620,7,620,190,25
30621,7,621,31,10
30622,7,622,20,5
30623,7,623,259,25
30624,7,624,9,5
30625,7,625,243,25
30626,7,626,69,25
30627,7,627,50,10
30628,7,628,39,10
30629,7,629,153,25
30630,7,630,30,10
30631,7,631,59,10
30632,7,632,19,10
30633,7,633,238,25
30634,7,634,24,10
30635,7,635,14,5
30636,7,636,30,10
30637,7,637,261,25
30638,7,638,287,25
30639,7,639,276,25
30640,7,640,6,5
30641,7,641,297,25
30642,7,642,274,25
30643,7,643,35,10
30644,7,644,160,25
30645,7,645,94,25
30646,7,646,114,25
30647,7,647,143,25
30648,7,648,295,25
30649,7,649,243,25
30650,7,650,22,10
30651,7,651,21,10
30652,7,652,14,5
30653,7,653,217,25
30654,7,654,27,10
30655,7,655,59,10
30656,7,656,297,25
30657,7,657,279,25
30658,7,658,37,10
30659,7,659,8,5
30660,7,660,215,25
30661,7,661,196,25
30662,7,662,48,10
30663,7,663,91,25
30664,7,664,230,25
30665,7,665,107,25
30666,7,666,20,5
30667,7,667,52,10
30668,7,668,24,10
30669,7,669,60,10
30670,7,670,171,25
30671,7,671,14,5
30672,7,672,26,10
30673,7,673,175,25
30674,7,674,24,10
30675,7,675,18,10
30676,7,676,127,25
30677,7,677,174,25
30678,7,678,29,10
30679,7,679,121,25
30680,7,680,233,25
30681,7,681,19,10
30682,7,682,10,5
30683,7,683,20,10
30684,7,684,30,10
30685,7,685,150,25
30686,7,686,50,25
30687,7,687,299,25
30688,7,688,22,10
30689,7,689,49,10
30690,7,690,138,25
30691,7,691,49,10
30692,7,692,257,25
30693,7,693,51,10
30694,7,694,232,25
30695,7,695,54,10
30696,7,696,163,25
30697,7,697,90,25
30698,7,698,56,10
30699,7,699,58,10
30700,7,700,16,10
30701,7,701,22,10
30702,7,702,258,25
30703,7,703,47,10
30704,7,704,57,10
30705,7,705,18,10
30706,7,706,236,25
30707,7,707,68,25
30708,7,708,51,10
30709,7,709,168,25
30710,7,710,299,25
30711,7,711,160,25
30712,7,712,33,10
30713,7,713,19,5
30714,7,714,188,25
30715,7,715,41,10
30716,7,716,177,25
30717,7,717,203,25
30718,7,718,8,5
30719,7,719,38,10
30720,7,720,6,5
30721,7,721,272,25
30722,7,722,56,10
30723,7,723,35,10
30724,7,724,200,25
30725,7,725,53,25
30726,7,726,166,25
30727,7,727,45,10
30728,7,728,235,25
30729,7,729,31,10
30730,7,730,160,25
30731,7,731,31,10
30732,7,732,52,25
30733,7,733,59,25
30734,7,734,9,5
30735,7,735,291,25
30736,7,736,7,5
30737,7,737,278,25
30738,7,738,22,10
30739,7,739,126,25
30740,7,740,26,10
30741,7,741,119,25
30742,7,742,150,25
30743,7,743,18,10
30744,7,744,40,10
30745,7,745,9,5
30746,7,746,49,10
30747,7,747,210,25
30748,7,748,43,10
30749,7,749,159,25
30750,7,750,211,25
30751,7,751,16,5
30752,7,752,18,5
30753,7,753,44,10
30754,7,754,40,10
30755,7,755,7,5
30756,7,756,59,25
30757,7,757,50,10
30758,7,758,76,25
30759,7,759,68,25
30760,7,760,25,10
30761,7,761,55,10
30762,7,762,54,10
30763,7,763,84,25
30764,7,764,59,10
30765,7,765,52,10
30766,7,766,8,5
30767,7,767,47,10
30768,7,768,82,25
30769,7,769,162,25
30770,7,770,248,25
30771,7,771,56,25
30772,7,772,32,10
30773,7,773,33,10
30774,7,774,11,5
30775,7,775,42,10
30776,7,776,176,25
30777,7,777,102,25
30778,7,778,18,5
30779,7,779,294,25
30780,7,780,28,10
30781,7,781,164,25
30782,7,782,31,10
30783,7,783,15,5
30784,7,784,79,25
30785,7,785,260,25
30786,7,786,11,5
30787,7,787,28,10
30788,7,788,8,5
30789,7,789,53,10
30790,7,790,99,25
30791,7,791,27,10
30792,7,792,268,25
30793,7,793,38,10
30794,7,794,256,25
30795,7,795,43,10
30796,7,796,32,10
30797,7,797,124,25
30798,7,798,43,10
30799,7,799,33,10
30800,7,800,44,10
30801,7,801,10,5
30802,7,802,17,5
30803,7,803,46,10
30804,7,804,158,25
30805,7,805,53,10
30806,7,806,30,10
30807,7,807,30,10
30808,7,808,74,25
30809,7,809,163,25
30810,7,810,57,10
30811,7,811,196,25
30812,7,812,275,25
30813,7,813,15,10
30814,7,814,20,5
30815,7,815,146,25
30816,7,816,11,5
30817,7,817,8,5
30818,7,818,19,5
30819,7,819,121,25
30820,7,820,219,25
30821,7,821,92,25
30822,7,822,46,10
30823,7,823,38,10
30824,7,824,129,25
30825,7,825,42,10
30826,7,826,207,25
30827,7,827,29,10
30828,7,828,289,25
30829,7,829,259,25
30830,7,830,293,25
30831,7,831,17,10
30832,7,832,20,10
30833,7,833,20,10
30834,7,834,282,25
30835,7,835,44,10
30836,7,836,94,25
30837,7,837,71,25
30838,7,838,288,25
30839,7,839,29,10
30840,7,840,187,25
30841,7,841,32,10
30842,7,842,46,10
30843,7,843,56,10
30844,7,844,20,10
30845,7,845,237,25
30846,7,846,60,10
30847,7,847,50,10
30848,7,848,12,5
30849,7,849,30,10
30850,7,850,136,25
30851,7,851,11,5
30852,7,852,6,5
30853,7,853,15,10
30854,7,854,293,25
30855,7,855,231,25
30856,7,856,57,25
30857,7,857,8,5
30858,7,858,40,10
30859,7,859,141,25
30860,7,860,58,10
30861,7,861,9,5
30862,7,862,7,5
30863,7,863,31,10
30864,7,864,29,10
30865,7,865,31,10
30866,7,866,48,10
30867,7,867,163,25
30868,7,868,248,25
30869,7,869,296,25
30870,7,870,87,25
30871,7,871,192,25
30872,7,872,274,25
30873,7,873,161,25
30874,7,874,20,10
30875,7,875,18,5
30876,7,876,251,25
30877,7,877,243,25
30878,7,878,258,25
30879,7,879,27,10
30880,7,880,52,10
30881,7,881,49,10
30882,7,882,13,5
30883,7,883,36,10
30884,7,884,54,25
30885,7,885,180,25
30886,7,886,28,10
30887,7,887,60,10
30888,7,888,20,10
30889,7,889,105,25
30890,7,890,94,25
30891,7,891,17,10
30892,7,892,277,25
30893,7,893,15,5
30894,7,894,115,25
30895,7,895,8,5
30896,7,896,39,10
30897,7,897,166,25
30898,7,898,55,10
30899,7,899,96,25
30900,7,900,55,25
30901,7,901,61,25
30902,7,902,13,5
30903,7,903,142,25
30904,7,904,252,25
30905,7,905,47,10
30906,7,906,29,10
30907,7,907,14,5
30908,7,908,11,5
30909,7,909,68,25
30910,7,910,121,25
30911,7,911,42,10
30912,7,912,54,10
30913,7,913,31,10
30914,7,914,23,10
30915,7,915,59,25
30916,7,916,55,25
30917,7,917,292,25
30918,7,918,220,25
30919,7,919,26,10
30920,7,920,244,25
30921,7,921,92,25
30922,7,922,57,10
30923,7,923,164,25
30924,7,924,241,25
30925,7,925,247,25
30926,7,926,237,25
30927,7,927,36,10
30928,7,928,17,10
30929,7,929,80,25
30930,7,930,9,5
30931,7,931,16,5
30932,7,932,27,10
30933,7,933,52,10
30934,7,934,33,10
30935,7,935,265,25
30936,7,936,61,25
30937,7,937,31,10
30938,7,938,92,25
30939,7,939,27,10
30940,7,940,16,10
30941,7,941,261,25
30942,7,942,180,25
30943,7,943,54,10
30944,7,944,155,25
30945,7,945,203,25
30946,7,946,33,10
30947,7,947,14,5
30948,7,948,251,25
30949,7,949,181,25
30950,7,950,258,25
30951,7,951,64,25
30952,7,952,209,25
30953,7,953,185,25
30954,7,954,54,10
30955,7,955,12,5
30956,7,956,36,10
30957,7,957,22,10
30958,7,958,49,10
30959,7,959,111,25
30960,7,960,284,25
30961,7,961,217,25
30962,7,962,35,10
30963,7,963,15,10
30964,7,964,34,10
30965,7,965,12,5
30966,7,966,9,5
30967,7,967,196,25
30968,7,968,100,25
30969,7,969,51,10
30970,7,970,11,5
30971,7,971,17,10
30972,7,972,267,25
30973,7,973,15,10
30974,7,974,24,10
30975,7,975,265,25
30976,7,976,18,10
30977,7,977,52,10
30978,7,978,29,10
30979,7,979,217,25
30980,7,980,49,10
30981,7,981,26,10
30982,7,982,31,10
30983,7,983,17,5
30984,7,984,44,10
30985,7,985,23,10
30986,7,986,257,25
30987,7,987,63,25
30988,7,988,16,10
30989,7,989,63,25
30990,7,990,150,25
30991,7,991,91,25
30992,7,992,52,10
30993,7,993,237,25
30994,7,994,86,25
30995,7,995,268,25
30996,7,996,299,25
30997,7,997,60,10
30998,7,998,40,10
30999,7,999,28,10
31000,7,1000,190,25
31001,7,1001,21,10
31002,7,1002,100,25
31003,7,1003,149,25
31004,7,1004,157,25
31005,7,1005,291,25
31006,7,1006,45,10
31007,7,1007,157,25
31008,7,1008,98,25
31009,7,1009,10,5
31010,7,1010,249,25
31011,7,1011,86,25
31012,7,1012,168,25
31013,7,1013,13,5
31014,7,1014,6,5
31015,7,1015,11,5
31016,7,1016,5,5
31017,7,1017,54,10
31018,7,1018,16,10
31019,7,1019,26,10
31020,7,1020,37,10
31021,7,1021,33,10
31022,7,1022,12,5
31023,7,1023,20,10
31024,7,1024,223,25
31025,7,1025,59,10
31026,7,1026,53,25
31027,7,1027,85,25
31028,7,1028,240,25
31029,7,1029,40,10
31030,7,1030,45,10
31031,7,1031,169,25
31032,7,1032,40,10
31033,7,1033,50,25
31034,7,1034,77,25
31035,7,1035,257,25
31036,7,1036,16,5
31037,7,1037,130,25
31038,7,1038,9,5
31039,7,1039,279,25
31040,7,1040,40,10
31041,7,1041,9,5
31042,7,1042,69,25
31043,7,1043,15,10
31044,7,1044,95,25
31045,7,1045,253,25
31046,7,1046,295,25
31047,7,1047,11,5
31048,7,1048,20,10
31049,7,1049,17,10
31050,7,1050,179,25
31051,7,1051,238,25
31052,7,1052,122,25
31053,7,1053,38,10
31054,7,1054,130,25
31055,7,1055,19,5
31056,7,1056,74,25
31057,7,1057,107,25
31058,7,1058,205,25
31059,7,1059,20,10
31060,7,1060,36,10
31061,7,1061,5,5
31062,7,1062,218,25
31063,7,1063,16,5
31064,7,1064,19,5
31065,7,1065,137,25
31066,7,1066,97,25
31067,7,1067,40,10
31068,7,1068,18,5
31069,7,1069,30,10
31070,7,1070,26,10
31071,7,1071,74,25
31072,7,1072,58,10
31073,7,1073,76,25
31074,7,1074,100,25
31075,7,1075,205,25
31076,7,1076,30,10
31077,7,1077,280,25
31078,7,1078,300,25
31079,7,1079,119,25
31080,7,1080,162,25
31081,7,1081,54,10
31082,7,1082,29,10
31083,7,1083,45,10
31084,7,1084,20,5
31085,7,1085,227,25
31086,7,1086,48,10
31087,7,1087,300,25
31088,7,1088,150,25
31089,7,1089,243,25
31090,7,1090,9,5
31091,7,1091,29,10
31092,7,1092,7,5
31093,7,1093,20,5
31094,7,1094,25,10
31095,7,1095,12,5
31096,7,1096,27,10
31097,7,1097,107,25
31098,7,1098,52,10
31099,7,1099,124,25
31100,7,1100,159,25
31101,7,1101,20,5
31102,7,1102,24,10
31103,7,1103,95,25
31104,7,1104,142,25
31105,7,1105,25,10
31106,7,1106,19,10
31107,7,1107,17,10
31108,7,1108,26,10
31109,7,1109,11,5
31110,7,1110,17,10
31111,7,1111,54,10
31112,7,1112,164,25
31113,7,1113,284,25
31114,7,1114,6,5
31115,7,1115,59,10
31116,7,1116,233,25
31117,7,1117,20,5
31118,7,1118,46,10
31119,7,1119,6,5
31120,7,1120,14,5
31121,7,1121,18,10
31122,7,1122,85,25
31123,7,1123,45,10
31124,7,1124,77,25
31125,7,1125,44,10
31126,7,1126,271,25
31127,7,1127,114,25
31128,7,1128,28,10
31129,7,1129,35,10
31130,7,1130,88,25
31131,7,1131,117,25
31132,7,1132,55,10
31133,7,1133,271,25
31134,7,1134,12,5
31135,7,1135,53,10
31136,7,1136,27,10
31137,7,1137,225,25
31138,7,1138,196,25
31139,7,1139,297,25
31140,7,1140,38,10
31141,7,1141,242,25
31142,7,1142,291,25
31143,7,1143,138,25
31144,7,1144,61,25
31145,7,1145,59,10
31146,7,1146,43,10
31147,7,1147,17,10
31148,7,1148,143,25
31149,7,1149,17,5
31150,7,1150,21,10
31151,7,1151,107,25
31152,7,1152,18,5
31153,7,1153,10,5
31154,7,1154,27,10
31155,7,1155,195,25
31156,7,1156,34,10
31157,7,1157,17,5
31158,7,1158,30,10
31159,7,1159,41,10
31160,7,1160,51,10
31161,7,1161,182,25
31162,7,1162,58,10
31163,7,1163,50,10
31164,7,1164,299,25
31165,7,1165,200,25
31166,7,1166,20,10
31167,7,1167,188,25
31168,7,1168,40,10
31169,7,1169,18,5
31170,7,1170,46,10
31171,7,1171,54,10
31172,7,1172,40,10
31173,7,1173,70,25
31174,7,1174,6,5
31175,7,1175,172,25
31176,7,1176,29,10
31177,7,1177,103,25
31178,7,1178,189,25
31179,7,1179,16,10
31180,7,1180,216,25
31181,7,1181,96,25
31182,7,1182,33,10
31183,7,1183,49,10
31184,7,1184,94,25
31185,7,1185,16,10
31186,7,1186,283,25
31187,7,1187,238,25
31188,7,1188,49,10
31189,7,1189,76,25
31190,7,1190,13,5
31191,7,1191,196,25
31192,7,1192,14,5
31193,7,1193,140,25
31194,7,1194,252,25
31195,7,1195,170,25
31196,7,1196,234,25
31197,7,1197,32,10
31198,7,1198,194,25
31199,7,1199,111,25
31200,7,1200,29,10
31201,7,1201,247,25
31202,7,1202,59,10
31203,7,1203,93,25
31204,7,1204,33,10
31205,7,1205,14,5
31206,7,1206,32,10
31207,7,1207,209,25
31208,7,1208,33,10
31209,7,1209,300,25
31210,7,1210,34,10
31211,7,1211,50,10
31212,7,1212,76,25
31213,7,1213,297,25
31214,7,1214,53,10
31215,7,1215,127,25
31216,7,1216,17,5
31217,7,1217,40,10
31218,7,1218,32,10
31219,7,1219,12,5
31220,7,1220,54,10
31221,7,1221,21,10
31222,7,1222,186,25
31223,7,1223,16,5
31224,7,1224,226,25
31225,7,1225,153,25
31226,7,1226,297,25
31227,7,1227,204,25
31228,7,1228,202,25
31229,7,1229,19,5
31230,7,1230,59,25
31231,7,1231,29,10
31232,7,1232,19,5
31233,7,1233,33,10
31234,7,1234,11,5
31235,7,1235,184,25
31236,7,1236,20,5
31237,7,1237,54,25
31238,7,1238,19,5
31239,7,1239,54,10
31240,7,1240,15,5
31241,7,1241,42,10
31242,7,1242,173,25
31243,7,1243,295,25
31244,7,1244,29,10
31245,7,1245,13,5
31246,7,1246,121,25
31247,7,1247,285,25
31248,7,1248,52,10
31249,7,1249,266,25
31250,7,1250,235,25
31251,7,1251,176,25
31252,7,1252,105,25
31253,7,1253,193,25
31254,7,1254,223,25
31255,7,1255,59,10
31256,7,1256,20,5
31257,7,1257,169,25
31258,7,1258,237,25
31259,7,1259,136,25
31260,7,1260,58,10
31261,7,1261,270,25
31262,7,1262,56,25
31263,7,1263,117,25
31264,7,1264,23,10
31265,7,1265,281,25
31266,7,1266,110,25
31267,7,1267,114,25
31268,7,1268,10,5
31269,7,1269,15,5
31270,7,1270,19,5
31271,7,1271,92,25
31272,7,1272,50,10
31273,7,1273,225,25
31274,7,1274,19,5
31275,7,1275,88,25
31276,7,1276,262,25
31277,7,1277,19,5
31278,7,1278,40,10
31279,7,1279,59,10
31280,7,1280,257,25
31281,7,1281,52,10
31282,7,1282,242,25
31283,7,1283,49,10
31284,7,1284,47,10
31285,7,1285,132,25
31286,7,1286,6,5
31287,7,1287,40,10
31288,7,1288,9,5
31289,7,1289,33,10
31290,7,1290,13,5
31291,7,1291,300,25
31292,7,1292,139,25
31293,7,1293,81,25
31294,7,1294,208,25
31295,7,1295,96,25
31296,7,1296,7,5
31297,7,1297,8,5
31298,7,1298,282,25
31299,7,1299,45,10
31300,7,1300,12,5
31301,7,1301,41,10
31302,7,1302,26,10
31303,7,1303,52,10
31304,7,1304,10,5
31305,7,1305,13,5
31306,7,1306,5,5
31307,7,1307,18,5
31308,7,1308,221,25
31309,7,1309,40,10
31310,7,1310,181,25
31311,7,1311,50,10
31312,7,1312,39,10
31313,7,1313,6,5
31314,7,1314,12,5
31315,7,1315,68,25
31316,7,1316,34,10
31317,7,1317,8,5
31318,7,1318,109,25
31319,7,1319,58,10
31320,7,1320,193,25
31321,7,1321,253,25
31322,7,1322,143,25
31323,7,1323,246,25
31324,7,1324,8,5
31325,7,1325,40,10
31326,7,1326,47,10
31327,7,1327,37,10
31328,7,1328,17,5
31329,7,1329,159,25
31330,7,1330,50,25
31331,7,1331,59,10
31332,7,1332,50,10
31333,7,1333,96,25
31334,7,1334,7,5
31335,7,1335,25,10
31336,7,1336,29,10
31337,7,1337,9,5
31338,7,1338,273,25
31339,7,1339,186,25
31340,7,1340,101,25
31341,7,1341,15,5
31342,7,1342,13,5
31343,7,1343,49,10
31344,7,1344,34,10
31345,7,1345,64,25
31346,7,1346,232,25
31347,7,1347,13,5
31348,7,1348,104,25
31349,7,1349,6,5
31350,7,1350,107,25
31351,7,1351,24,10
31352,7,1352,293,25
31353,7,1353,25,10
31354,7,1354,45,10
31355,7,1355,35,10
31356,7,1356,166,25
31357,7,1357,19,10
31358,7,1358,54,25
31359,7,1359,52,25
31360,7,1360,9,5
31361,7,1361,18,10
31362,7,1362,23,10
31363,7,1363,210,25
31364,7,1364,53,10
31365,7,1365,224,25
31366,7,1366,46,10
31367,7,1367,39,10
31368,7,1368,197,25
31369,7,1369,18,5
31370,7,1370,137,25
31371,7,1371,28,10
31372,7,1372,20,10
31373,7,1373,269,25
31374,7,1374,230,25
31375,7,1375,46,10
31376,7,1376,210,25
31377,7,1377,104,25
31378,7,1378,6,5
31379,7,1379,269,25
31380,7,1380,20,10
31381,7,1381,157,25
31382,7,1382,288,25
31383,7,1383,72,25
31384,7,1384,207,25
31385,7,1385,219,25
31386,7,1386,20,10
31387,7,1387,35,10
31388,7,1388,146,25
31389,7,1389,50,10
31390,7,1390,18,10
31391,7,1391,214,25
31392,7,1392,24,10
31393,7,1393,29,10
31394,7,1394,263,25
31395,7,1395,273,25
31396,7,1396,127,25
31397,7,1397,54,10
31398,7,1398,38,10
31399,7,1399,51,25
31400,7,1400,155,25
31401,7,1401,118,25
31402,7,1402,299,25
31403,7,1403,60,10
31404,7,1404,294,25
31405,7,1405,80,25
31406,7,1406,272,25
31407,7,1407,87,25
31408,7,1408,103,25
31409,7,1409,19,10
31410,7,1410,298,25
31411,7,1411,18,5
31412,7,1412,61,25
31413,7,1413,110,25
31414,7,1414,57,10
31415,7,1415,268,25
31416,7,1416,38,10
31417,7,1417,26,10
31418,7,1418,22,10
31419,7,1419,5,5
31420,7,1420,19,10
31421,7,1421,35,10
31422,7,1422,119,25
31423,7,1423,50,25
31424,7,1424,290,25
31425,7,1425,222,25
31426,7,1426,143,25
31427,7,1427,53,10
31428,7,1428,40,10
31429,7,1429,183,25
31430,7,1430,235,25
31431,7,1431,9,5
31432,7,1432,58,25
31433,7,1433,40,10
31434,7,1434,44,10
31435,7,1435,95,25
31436,7,1436,193,25
31437,7,1437,6,5
31438,7,1438,19,5
31439,7,1439,42,10
31440,7,1440,223,25
31441,7,1441,9,5
31442,7,1442,36,10
31443,7,1443,6,5
31444,7,1444,16,5
31445,7,1445,204,25
31446,7,1446,39,10
31447,7,1447,208,25
31448,7,1448,267,25
31449,7,1449,53,25
31450,7,1450,30,10
31451,7,1451,176,25
31452,7,1452,18,10
31453,7,1453,50,10
31454,7,1454,20,5
31455,7,1455,273,25
31456,7,1456,30,10
31457,7,1457,47,10
31458,7,1458,257,25
31459,7,1459,64,25
31460,7,1460,183,25
31461,7,1461,19,10
31462,7,1462,50,25
31463,7,1463,173,25
31464,7,1464,221,25
31465,7,1465,37,10
31466,7,1466,15,10
31467,7,1467,21,10
31468,7,1468,49,10
31469,7,1469,41,10
31470,7,1470,18,10
31471,7,1471,213,25
31472,7,1472,258,25
31473,7,1473,25,10
31474,7,1474,52,10
31475,7,1475,11,5
31476,7,1476,35,10
31477,7,1477,267,25
31478,7,1478,42,10
31479,7,1479,56,10
31480,7,1480,17,10
31481,7,1481,81,25
31482,7,1482,52,25
31483,7,1483,28,10
31484,7,1484,224,25
31485,7,1485,58,25
31486,7,1486,59,10
31487,7,1487,167,25
31488,7,1488,120,25
31489,7,1489,67,25
31490,7,1490,139,25
31491,7,1491,192,25
31492,7,1492,168,25
31493,7,1493,52,10
31494,7,1494,132,25
31495,7,1495,10,5
31496,7,1496,270,25
31497,7,1497,6,5
31498,7,1498,214,25
31499,7,1499,5,5
31500,7,1500,10,5
31501,7,1501,20,5
31502,7,1502,148,25
31503,7,1503,17,10
31504,7,1504,55,10
31505,7,1505,151,25
31506,7,1506,125,25
31507,7,1507,44,10
31508,7,1508,210,25
31509,7,1509,10,5
31510,7,1510,76,25
31511,7,1511,69,25
31512,7,1512,28,10
31513,7,1513,45,10
31514,7,1514,107,25
31515,7,1515,39,10
31516,7,1516,232,25
31517,7,1517,220,25
31518,7,1518,34,10
31519,7,1519,197,25
31520,7,1520,289,25
31521,7,1521,100,25
31522,7,1522,270,25
31523,7,1523,52,10
31524,7,1524,7,5
31525,7,1525,43,10
31526,7,1526,20,5
31527,7,1527,18,5
31528,7,1528,293,25
31529,7,1529,101,25
31530,7,1530,295,25
31531,7,1531,130,25
31532,7,1532,60,25
31533,7,1533,56,10
31534,7,1534,38,10
31535,7,1535,9,5
31536,7,1536,51,10
31537,7,1537,42,10
31538,7,1538,45,10
31539,7,1539,40,10
31540,7,1540,248,25
31541,7,1541,128,25
31542,7,1542,239,25
31543,7,1543,96,25
31544,7,1544,203,25
31545,7,1545,80,25
31546,7,1546,252,25
31547,7,1547,190,25
31548,7,1548,167,25
31549,7,1549,11,5
31550,7,1550,50,10
31551,7,1551,202,25
31552,7,1552,53,10
31553,7,1553,46,10
31554,7,1554,82,25
31555,7,1555,29,10
31556,7,1556,19,5
31557,7,1557,50,10
31558,7,1558,27,10
31559,7,1559,14,5
31560,7,1560,150,25
31561,7,1561,60,10
31562,7,1562,17,5
31563,7,1563,8,5
31564,7,1564,31,10
31565,7,1565,253,25
31566,7,1566,36,10
31567,7,1567,172,25
31568,7,1568,51,10
31569,7,1569,31,10
31570,7,1570,16,10
31571,7,1571,15,5
31572,7,1572,27,10
31573,7,1573,238,25
31574,7,1574,16,10
31575,7,1575,52,10
31576,7,1576,27,10
31577,7,1577,52,25
31578,7,1578,45,10
31579,7,1579,51,10
31580,7,1580,68,25
31581,7,1581,40,10
31582,7,1582,12,5
31583,7,1583,101,25
31584,7,1584,9,5
31585,7,1585,97,25
31586,7,1586,27,10
31587,7,1587,290,25
31588,7,1588,137,25
31589,7,1589,29,10
31590,7,1590,58,10
31591,7,1591,24,10
31592,7,1592,293,25
31593,7,1593,19,5
31594,7,1594,212,25
31595,7,1595,52,10
31596,7,1596,48,10
31597,7,1597,234,25
31598,7,1598,6,5
31599,7,1599,31,10
31600,7,1600,169,25
31601,7,1601,27,10
31602,7,1602,159,25
31603,7,1603,46,10
31604,7,1604,59,10
31605,7,1605,47,10
31606,7,1606,8,5
31607,7,1607,79,25
31608,7,1608,124,25
31609,7,1609,240,25
31610,7,1610,129,25
31611,7,1611,215,25
31612,7,1612,77,25
31613,7,1613,268,25
31614,7,1614,118,25
31615,7,1615,20,5
31616,7,1616,47,10
31617,7,1617,148,25
31618,7,1618,31,10
31619,7,1619,6,5
31620,7,1620,57,25
31621,7,1621,29,10
31622,7,1622,52,10
31623,7,1623,126,25
31624,7,1624,183,25
31625,7,1625,264,25
31626,7,1626,249,25
31627,7,1627,51,10
31628,7,1628,28,10
31629,7,1629,182,25
31630,7,1630,50,10
31631,7,1631,79,25
31632,7,1632,45,10
31633,7,1633,267,25
31634,7,1634,16,5
31635,7,1635,18,10
31636,7,1636,118,25
31637,7,1637,212,25
31638,7,1638,16,10
31639,7,1639,261,25
31640,7,1640,43,10
31641,7,1641,131,25
31642,7,1642,42,10
31643,7,1643,20,5
31644,7,1644,20,5
31645,7,1645,41,10
31646,7,1646,170,25
31647,7,1647,17,5
31648,7,1648,50,25
31649,7,1649,17,5
31650,7,1650,48,10
31651,7,1651,28,10
31652,7,1652,238,25
31653,7,1653,28,10
31654,7,1654,297,25
31655,7,1655,17,5
31656,7,1656,117,25
31657,7,1657,142,25
31658,7,1658,38,10
31659,7,1659,60,10
31660,7,1660,18,10
31661,7,1661,47,10
31662,7,1662,122,25
31663,7,1663,38,10
31664,7,1664,177,25
31665,7,1665,67,25
31666,7,1666,36,10
31667,7,1667,299,25
31668,7,1668,59,10
31669,7,1669,11,5
31670,7,1670,212,25
31671,7,1671,6,5
31672,7,1672,18,5
31673,7,1673,17,5
31674,7,1674,39,10
31675,7,1675,275,25
31676,7,1676,21,10
31677,7,1677,43,10
31678,7,1678,36,10
31679,7,1679,194,25
31680,7,1680,279,25
31681,7,1681,41,10
31682,7,1682,38,10
31683,7,1683,72,25
31684,7,1684,32,10
31685,7,1685,5,5
31686,7,1686,43,10
31687,7,1687,53,10
31688,7,1688,289,25
31689,7,1689,41,10
31690,7,1690,267,25
31691,7,1691,96,25
31692,7,1692,15,5
31693,7,1693,40,10
31694,7,1694,52,10
31695,7,1695,61,25
31696,7,1696,239,25
31697,7,1697,21,10
31698,7,1698,5,5
31699,7,1699,15,10
31700,7,1700,60,25
31701,7,1701,210,25
31702,7,1702,134,25
31703,7,1703,55,25
31704,7,1704,71,25
31705,7,1705,213,25
31706,7,1706,270,25
31707,7,1707,298,25
31708,7,1708,266,25
31709,7,1709,38,10
31710,7,1710,32,10
31711,7,1711,5,5
31712,7,1712,170,25
31713,7,1713,78,25
31714,7,1714,19,5
31715,7,1715,60,10
31716,7,1716,7,5
31717,7,1717,159,25
31718,7,1718,45,10
31719,7,1719,9,5
31720,7,1720,178,25
31721,7,1721,167,25
31722,7,1722,90,25
31723,7,1723,12,5
31724,7,1724,23,10
31725,7,1725,19,10
31726,7,1726,81,25
31727,7,1727,18,5
31728,7,1728,300,25
31729,7,1729,183,25
31730,7,1730,277,25
31731,7,1731,26,10
31732,7,1732,52,10
31733,7,1733,43,10
31734,7,1734,25,10
31735,7,1735,19,5
31736,7,1736,28,10
31737,7,1737,132,25
31738,7,1738,284,25
31739,7,1739,34,10
31740,7,1740,17,5
31741,7,1741,33,10
31742,7,1742,18,5
31743,7,1743,293,25
31744,7,1744,55,10
31745,7,1745,273,25
31746,7,1746,7,5
31747,7,1747,56,10
31748,7,1748,8,5
31749,7,1749,11,5
31750,7,1750,24,10
31751,7,1751,262,25
31752,7,1752,26,10
31753,7,1753,105,25
31754,7,1754,17,10
31755,7,1755,289,25
31756,7,1756,60,10
31757,7,1757,71,25
31758,7,1758,19,5
31759,7,1759,53,10
31760,7,1760,126,25
31761,7,1761,165,25
31762,7,1762,19,5
31763,7,1763,56,10
31764,7,1764,106,25
31765,7,1765,57,10
31766,7,1766,20,5
31767,7,1767,63,25
31768,7,1768,60,10
31769,7,1769,91,25
31770,7,1770,89,25
31771,7,1771,7,5
31772,7,1772,22,10
31773,7,1773,42,10
31774,7,1774,226,25
31775,7,1775,19,5
31776,7,1776,146,25
31777,7,1777,14,5
31778,7,1778,41,10
31779,7,1779,24,10
31780,7,1780,23,10
31781,7,1781,101,25
31782,7,1782,89,25
31783,7,1783,126,25
31784,7,1784,9,5
31785,7,1785,32,10
31786,7,1786,7,5
31787,7,1787,173,25
31788,7,1788,255,25
31789,7,1789,32,10
31790,7,1790,103,25
31791,7,1791,18,5
31792,7,1792,215,25
31793,7,1793,95,25
31794,7,1794,218,25
31795,7,1795,49,10
31796,7,1796,13,5
31797,7,1797,16,5
31798,7,1798,46,10
31799,7,1799,23,10
31800,7,1800,177,25
31801,7,1801,219,25
31802,7,1802,108,25
31803,7,1803,51,25
31804,7,1804,182,25
31805,7,1805,32,10
31806,7,1806,149,25
31807,7,1807,26,10
31808,7,1808,239,25
31809,7,1809,154,25
31810,7,1810,270,25
31811,7,1811,43,10
31812,7,1812,50,10
31813,7,1813,193,25
31814,7,1814,46,10
31815,7,1815,7,5
31816,7,1816,260,25
31817,7,1817,7,5
31818,7,1818,125,25
31819,7,1819,297,25
31820,7,1820,237,25
31821,7,1821,30,10
31822,7,1822,179,25
31823,7,1823,71,25
31824,7,1824,18,5
31825,7,1825,223,25
31826,7,1826,42,10
31827,7,1827,56,25
31828,7,1828,30,10
31829,7,1829,8,5
31830,7,1830,257,25
31831,7,1831,31,10
31832,7,1832,8,5
31833,7,1833,39,10
31834,7,1834,35,10
31835,7,1835,158,25
31836,7,1836,198,25
31837,7,1837,88,25
31838,7,1838,193,25
31839,7,1839,28,10
31840,7,1840,44,10
31841,7,1841,43,10
31842,7,1842,18,10
31843,7,1843,135,25
31844,7,1844,213,25
31845,7,1845,33,10
31846,7,1846,16,5
31847,7,1847,38,10
31848,7,1848,199,25
31849,7,1849,273,25
31850,7,1850,22,10
31851,7,1851,122,25
31852,7,1852,17,5
31853,7,1853,29,10
31854,7,1854,78,25
31855,7,1855,45,10
31856,7,1856,46,10
31857,7,1857,8,5
31858,7,1858,34,10
31859,7,1859,88,25
31860,7,1860,21,10
31861,7,1861,16,10
31862,7,1862,205,25
31863,7,1863,17,10
31864,7,1864,135,25
31865,7,1865,33,10
31866,7,1866,36,10
31867,7,1867,16,10
31868,7,1868,39,10
31869,7,1869,34,10
31870,7,1870,56,10
31871,7,1871,16,5
31872,7,1872,7,5
31873,7,1873,6,5
31874,7,1874,9,5
31875,7,1875,8,5
31876,7,1876,8,5
31877,7,1877,208,25
31878,7,1878,54,25
31879,7,1879,164,25
31880,7,1880,46,10
31881,7,1881,110,25
31882,7,1882,18,10
31883,7,1883,43,10
31884,7,1884,269,25
31885,7,1885,50,10
31886,7,1886,253,25
31887,7,1887,36,10
31888,7,1888,236,25
31889,7,1889,279,25
31890,7,1890,253,25
31891,7,1891,33,10
31892,7,1892,247,25
31893,7,1893,19,5
31894,7,1894,259,25
31895,7,1895,65,25
31896,7,1896,294,25
31897,7,1897,281,25
31898,7,1898,57,10
31899,7,1899,279,25
31900,7,1900,25,10
31901,7,1901,243,25
31902,7,1902,40,10
31903,7,1903,28,10
31904,7,1904,186,25
31905,7,1905,236,25
31906,7,1906,51,10
31907,7,1907,15,10
31908,7,1908,244,25
31909,7,1909,10,5
31910,7,1910,9,5
31911,7,1911,18,5
31912,7,1912,155,25
31913,7,1913,38,10
31914,7,1914,46,10
31915,7,1915,11,5
31916,7,1916,12,5
31917,7,1917,192,25
31918,7,1918,8,5
31919,7,1919,9,5
31920,7,1920,118,25
31921,7,1921,47,10
31922,7,1922,131,25
31923,7,1923,11,5
31924,7,1924,11,5
31925,7,1925,54,10
31926,7,1926,243,25
31927,7,1927,27,10
31928,7,1928,199,25
31929,7,1929,70,25
31930,7,1930,169,25
31931,7,1931,16,5
31932,7,1932,38,10
31933,7,1933,25,10
31934,7,1934,197,25
31935,7,1935,55,10
31936,7,1936,292,25
31937,7,1937,217,25
31938,7,1938,37,10
31939,7,1939,15,10
31940,7,1940,188,25
31941,7,1941,15,5
31942,7,1942,51,10
31943,7,1943,15,5
31944,7,1944,9,5
31945,7,1945,173,25
31946,7,1946,30,10
31947,7,1947,19,10
31948,7,1948,13,5
31949,7,1949,57,25
31950,7,1950,28,10
31951,7,1951,250,25
31952,7,1952,28,10
31953,7,1953,27,10
31954,7,1954,209,25
31955,7,1955,54,25
31956,7,1956,184,25
31957,7,1957,14,5
31958,7,1958,6,5
31959,7,1959,93,25
31960,7,1960,103,25
31961,7,1961,29,10
31962,7,1962,21,10
31963,7,1963,55,25
31964,7,1964,50,10
31965,7,1965,133,25
31966,7,1966,295,25
31967,7,1967,279,25
31968,7,1968,97,25
31969,7,1969,40,10
31970,7,1970,26,10
31971,7,1971,59,25
31972,7,1972,24,10
31973,7,1973,68,25
31974,7,1974,33,10
31975,7,1975,55,25
31976,7,1976,294,25
31977,7,1977,12,5
31978,7,1978,50,10
31979,7,1979,251,25
31980,7,1980,30,10
31981,7,1981,59,10
31982,7,1982,283,25
31983,7,1983,25,10
31984,7,1984,275,25
31985,7,1985,10,5
31986,7,1986,55,10
31987,7,1987,180,25
31988,7,1988,44,10
31989,7,1989,53,10
31990,7,1990,129,25
31991,7,1991,29,10
31992,7,1992,12,5
31993,7,1993,9,5
31994,7,1994,121,25
31995,7,1995,54,10
31996,7,1996,273,25
31997,7,1997,12,5
31998,7,1998,56,10
31999,7,1999,265,25
32000,7,2000,58,10
32001,7,2001,11,5
32002,7,2002,246,25
32003,7,2003,129,25
32004,7,2004,15,5
32005,7,2005,230,25
32006,7,2006,50,10
32007,7,2007,47,10
32008,7,2008,11,5
32009,7,2009,220,25
32010,7,2010,30,10
32011,7,2011,27,10
32012,7,2012,119,25
32013,7,2013,20,10
32014,7,2014,48,10
32015,7,2015,235,25
32016,7,2016,32,10
32017,7,2017,12,5
32018,7,2018,50,25
32019,7,2019,234,25
32020,7,2020,195,25
32021,7,2021,13,5
32022,7,2022,37,10
32023,7,2023,50,10
32024,7,2024,214,25
32025,7,2025,13,5
32026,7,2026,101,25
32027,7,2027,10,5
32028,7,2028,13,5
32029,7,2029,210,25
32030,7,2030,286,25
32031,7,2031,39,10
32032,7,2032,30,10
32033,7,2033,7,5
32034,7,2034,251,25
32035,7,2035,194,25
32036,7,2036,91,25
32037,7,2037,19,5
32038,7,2038,58,10
32039,7,2039,55,10
32040,7,2040,21,10
32041,7,2041,92,25
32042,7,2042,190,25
32043,7,2043,261,25
32044,7,2044,36,10
32045,7,2045,78,25
32046,7,2046,224,25
32047,7,2047,200,25
32048,7,2048,16,5
32049,7,2049,215,25
32050,7,2050,132,25
32051,7,2051,8,5
32052,7,2052,19,5
32053,7,2053,47,10
32054,7,2054,20,10
32055,7,2055,129,25
32056,7,2056,99,25
32057,7,2057,10,5
32058,7,2058,295,25
32059,7,2059,56,25
32060,7,2060,213,25
32061,7,2061,199,25
32062,7,2062,239,25
32063,7,2063,204,25
32064,7,2064,215,25
32065,7,2065,32,10
32066,7,2066,14,5
32067,7,2067,265,25
32068,7,2068,27,10
32069,7,2069,87,25
32070,7,2070,18,10
32071,7,2071,13,5
32072,7,2072,13,5
32073,7,2073,250,25
32074,7,2074,276,25
32075,7,2075,200,25
32076,7,2076,18,10
32077,7,2077,121,25
32078,7,2078,110,25
32079,7,2079,187,25
32080,7,2080,17,10
32081,7,2081,51,10
32082,7,2082,175,25
32083,7,2083,45,10
32084,7,2084,45,10
32085,7,2085,51,10
32086,7,2086,16,5
32087,7,2087,57,10
32088,7,2088,57,10
32089,7,2089,19,5
32090,7,2090,30,10
32091,7,2091,40,10
32092,7,2092,196,25
32093,7,2093,56,25
32094,7,2094,180,25
32095,7,2095,8,5
32096,7,2096,28,10
32097,7,2097,32,10
32098,7,2098,23,10
32099,7,2099,111,25
32100,7,2100,275,25
32101,7,2101,124,25
32102,7,2102,127,25
32103,7,2103,66,25
32104,7,2104,49,10
32105,7,2105,5,5
32106,7,2106,39,10
32107,7,2107,32,10
32108,7,2108,19,5
32109,7,2109,100,25
32110,7,2110,25,10
32111,7,2111,208,25
32112,7,2112,13,5
32113,7,2113,148,25
32114,7,2114,271,25
32115,7,2115,197,25
32116,7,2116,47,10
32117,7,2117,187,25
32118,7,2118,219,25
32119,7,2119,217,25
32120,7,2120,10,5
32121,7,2121,49,10
32122,7,2122,290,25
32123,7,2123,181,25
32124,7,2124,273,25
32125,7,2125,129,25
32126,7,2126,17,10
32127,7,2127,40,10
32128,7,2128,59,10
32129,7,2129,30,10
32130,7,2130,18,5
32131,7,2131,212,25
32132,7,2132,71,25
32133,7,2133,218,25
32134,7,2134,13,5
32135,7,2135,39,10
32136,7,2136,50,10
32137,7,2137,51,10
32138,7,2138,97,25
32139,7,2139,98,25
32140,7,2140,52,10
32141,7,2141,266,25
32142,7,2142,19,5
32143,7,2143,87,25
32144,7,2144,166,25
32145,7,2145,92,25
32146,7,2146,53,25
32147,7,2147,188,25
32148,7,2148,56,10
32149,7,2149,46,10
32150,7,2150,57,10
32151,7,2151,28,10
32152,7,2152,16,5
32153,7,2153,17,5
32154,7,2154,24,10
32155,7,2155,7,5
32156,7,2156,171,25
32157,7,2157,43,10
32158,7,2158,66,25
32159,7,2159,5,5
32160,7,2160,48,10
32161,7,2161,58,10
32162,7,2162,132,25
32163,7,2163,14,5
32164,7,2164,15,10
32165,7,2165,40,10
32166,7,2166,118,25
32167,7,2167,8,5
32168,7,2168,57,10
32169,7,2169,142,25
32170,7,2170,188,25
32171,7,2171,16,10
32172,7,2172,8,5
32173,7,2173,132,25
32174,7,2174,179,25
32175,7,2175,41,10
32176,7,2176,35,10
32177,7,2177,153,25
32178,7,2178,272,25
32179,7,2179,150,25
32180,7,2180,252,25
32181,7,2181,63,25
32182,7,2182,42,10
32183,7,2183,43,10
32184,7,2184,168,25
32185,7,2185,134,25
32186,7,2186,40,10
32187,7,2187,51,10
32188,7,2188,250,25
32189,7,2189,10,5
32190,7,2190,9,5
32191,7,2191,206,25
32192,7,2192,32,10
32193,7,2193,293,25
32194,7,2194,225,25
32195,7,2195,24,10
32196,7,2196,65,25
32197,7,2197,48,10
32198,7,2198,45,10
32199,7,2199,16,5
32200,7,2200,5,5
32201,7,2201,56,10
32202,7,2202,16,5
32203,7,2203,53,10
32204,7,2204,45,10
32205,7,2205,25,10
32206,7,2206,50,25
32207,7,2207,53,10
32208,7,2208,35,10
32209,7,2209,33,10
32210,7,2210,33,10
32211,7,2211,33,10
32212,7,2212,35,10
32213,7,2213,24,10
32214,7,2214,234,25
32215,7,2215,263,25
32216,7,2216,24,10
32217,7,2217,89,25
32218,7,2218,103,25
32219,7,2219,39,10
32220,7,2220,37,10
32221,7,2221,71,25
32222,7,2222,191,25
32223,7,2223,239,25
32224,7,2224,9,5
32225,7,2225,52,10
32226,7,2226,24,10
32227,7,2227,45,10
32228,7,2228,187,25
32229,7,2229,102,25
32230,7,2230,32,10
32231,7,2231,139,25
32232,7,2232,148,25
32233,7,2233,39,10
32234,7,2234,258,25
32235,7,2235,51,10
32236,7,2236,115,25
32237,7,2237,78,25
32238,7,2238,58,25
32239,7,2239,26,10
32240,7,2240,37,10
32241,7,2241,72,25
32242,7,2242,35,10
32243,7,2243,160,25
32244,7,2244,33,10
32245,7,2245,6,5
32246,7,2246,14,5
32247,7,2247,8,5
32248,7,2248,7,5
32249,7,2249,35,10
32250,7,2250,210,25
32251,7,2251,26,10
32252,7,2252,38,10
32253,7,2253,235,25
32254,7,2254,13,5
32255,7,2255,192,25
32256,7,2256,167,25
32257,7,2257,43,10
32258,7,2258,104,25
32259,7,2259,91,25
32260,7,2260,11,5
32261,7,2261,16,5
32262,7,2262,221,25
32263,7,2263,10,5
32264,7,2264,86,25
32265,7,2265,92,25
32266,7,2266,64,25
32267,7,2267,80,25
32268,7,2268,39,10
32269,7,2269,7,5
32270,7,2270,44,10
32271,7,2271,26,10
32272,7,2272,35,10
32273,7,2273,9,5
32274,7,2274,66,25
32275,7,2275,19,10
32276,7,2276,147,25
32277,7,2277,59,10
32278,7,2278,60,10
32279,7,2279,8,5
32280,7,2280,46,10
32281,7,2281,195,25
32282,7,2282,19,5
32283,7,2283,45,10
32284,7,2284,46,10
32285,7,2285,15,10
32286,7,2286,16,10
32287,7,2287,100,25
32288,7,2288,18,10
32289,7,2289,172,25
32290,7,2290,135,25
32291,7,2291,19,5
32292,7,2292,18,10
32293,7,2293,25,10
32294,7,2294,200,25
32295,7,2295,221,25
32296,7,2296,16,10
32297,7,2297,295,25
32298,7,2298,17,10
32299,7,2299,42,10
32300,7,2300,59,10
32301,7,2301,293,25
32302,7,2302,127,25
32303,7,2303,265,25
32304,7,2304,36,10
32305,7,2305,8,5
32306,7,2306,205,25
32307,7,2307,13,5
32308,7,2308,32,10
32309,7,2309,19,10
32310,7,2310,75,25
32311,7,2311,242,25
32312,7,2312,217,25
32313,7,2313,48,10
32314,7,2314,16,10
32315,7,2315,253,25
32316,7,2316,25,10
32317,7,2317,5,5
32318,7,2318,176,25
32319,7,2319,243,25
32320,7,2320,277,25
32321,7,2321,14,5
32322,7,2322,136,25
32323,7,2323,273,25
32324,7,2324,268,25
32325,7,2325,23,10
32326,7,2326,49,10
32327,7,2327,178,25
32328,7,2328,17,10
32329,7,2329,20,5
32330,7,2330,9,5
32331,7,2331,23,10
32332,7,2332,46,10
32333,7,2333,290,25
32334,7,2334,27,10
32335,7,2335,63,25
32336,7,2336,238,25
32337,7,2337,213,25
32338,7,2338,233,25
32339,7,2339,108,25
32340,7,2340,209,25
32341,7,2341,220,25
32342,7,2342,292,25
32343,7,2343,20,10
32344,7,2344,35,10
32345,7,2345,120,25
32346,7,2346,45,10
32347,7,2347,141,25
32348,7,2348,106,25
32349,7,2349,36,10
32350,7,2350,154,25
32351,7,2351,227,25
32352,7,2352,208,25
32353,7,2353,213,25
32354,7,2354,261,25
32355,7,2355,19,10
32356,7,2356,52,10
32357,7,2357,50,10
32358,7,2358,12,5
32359,7,2359,55,25
32360,7,2360,71,25
32361,7,2361,288,25
32362,7,2362,64,25
32363,7,2363,58,25
32364,7,2364,230,25
32365,7,2365,15,10
32366,7,2366,108,25
32367,7,2367,29,10
32368,7,2368,18,5
32369,7,2369,256,25
32370,7,2370,109,25
32371,7,2371,45,10
32372,7,2372,12,5
32373,7,2373,15,10
32374,7,2374,132,25
32375,7,2375,57,10
32376,7,2376,49,10
32377,7,2377,130,25
32378,7,2378,16,10
32379,7,2379,17,5
32380,7,2380,37,10
32381,7,2381,91,25
32382,7,2382,22,10
32383,7,2383,287,25
32384,7,2384,202,25
32385,7,2385,8,5
32386,7,2386,18,10
32387,7,2387,198,25
32388,7,2388,46,10
32389,7,2389,5,5
32390,7,2390,247,25
32391,7,2391,41,10
32392,7,2392,16,10
32393,7,2393,5,5
32394,7,2394,296,25
32395,7,2395,76,25
32396,7,2396,7,5
32397,7,2397,59,25
32398,7,2398,267,25
32399,7,2399,264,25
32400,7,2400,41,10
32401,7,2401,17,5
32402,7,2402,53,10
32403,7,2403,120,25
32404,7,2404,80,25
32405,7,2405,245,25
32406,7,2406,108,25
32407,7,2407,82,25
32408,7,2408,21,10
32409,7,2409,54,10
32410,7,2410,17,5
32411,7,2411,262,25
32412,7,2412,53,10
32413,7,2413,48,10
32414,7,2414,7,5
32415,7,2415,51,10
32416,7,2416,162,25
32417,7,2417,50,10
32418,7,2418,57,10
32419,7,2419,284,25
32420,7,2420,18,10
32421,7,2421,269,25
32422,7,2422,41,10
32423,7,2423,28,10
32424,7,2424,109,25
32425,7,2425,42,10
32426,7,2426,60,10
32427,7,2427,48,10
32428,7,2428,19,10
32429,7,2429,247,25
32430,7,2430,11,5
32431,7,2431,58,25
32432,7,2432,84,25
32433,7,2433,50,10
32434,7,2434,54,10
32435,7,2435,49,10
32436,7,2436,51,25
32437,7,2437,44,10
32438,7,2438,12,5
32439,7,2439,211,25
32440,7,2440,19,5
32441,7,2441,254,25
32442,7,2442,34,10
32443,7,2443,275,25
32444,7,2444,61,25
32445,7,2445,29,10
32446,7,2446,19,5
32447,7,2447,15,10
32448,7,2448,23,10
32449,7,2449,137,25
32450,7,2450,130,25
32451,7,2451,56,25
32452,7,2452,113,25
32453,7,2453,141,25
32454,7,2454,107,25
32455,7,2455,274,25
32456,7,2456,41,10
32457,7,2457,6,5
32458,7,2458,52,10
32459,7,2459,53,10
32460,7,2460,38,10
32461,7,2461,12,5
32462,7,2462,59,10
32463,7,2463,36,10
32464,7,2464,7,5
32465,7,2465,20,10
32466,7,2466,53,10
32467,7,2467,49,10
32468,7,2468,34,10
32469,7,2469,211,25
32470,7,2470,115,25
32471,7,2471,59,10
32472,7,2472,99,25
32473,7,2473,43,10
32474,7,2474,55,10
32475,7,2475,60,10
32476,7,2476,35,10
32477,7,2477,49,10
32478,7,2478,42,10
32479,7,2479,148,25
32480,7,2480,232,25
32481,7,2481,24,10
32482,7,2482,285,25
32483,7,2483,6,5
32484,7,2484,28,10
32485,7,2485,33,10
32486,7,2486,130,25
32487,7,2487,140,25
32488,7,2488,84,25
32489,7,2489,46,10
32490,7,2490,186,25
32491,7,2491,28,10
32492,7,2492,38,10
32493,7,2493,141,25
32494,7,2494,264,25
32495,7,2495,5,5
32496,7,2496,38,10
32497,7,2497,52,10
32498,7,2498,160,25
32499,7,2499,137,25
32500,7,2500,142,25
32501,7,2501,98,25
32502,7,2502,12,5
32503,7,2503,16,5
32504,7,2504,58,10
32505,7,2505,11,5
32506,7,2506,115,25
32507,7,2507,45,10
32508,7,2508,8,5
32509,7,2509,105,25
32510,7,2510,12,5
32511,7,2511,86,25
32512,7,2512,40,10
32513,7,2513,296,25
32514,7,2514,177,25
32515,7,2515,138,25
32516,7,2516,254,25
32517,7,2517,100,25
32518,7,2518,59,10
32519,7,2519,206,25
32520,7,2520,68,25
32521,7,2521,132,25
32522,7,2522,208,25
32523,7,2523,205,25
32524,7,2524,56,10
32525,7,2525,266,25
32526,7,2526,6,5
32527,7,2527,65,25
32528,7,2528,285,25
32529,7,2529,60,10
32530,7,2530,19,5
32531,7,2531,162,25
32532,7,2532,10,5
32533,7,2533,119,25
32534,7,2534,195,25
32535,7,2535,158,25
32536,7,2536,45,10
32537,7,2537,60,10
32538,7,2538,186,25
32539,7,2539,99,25
32540,7,2540,53,10
32541,7,2541,163,25
32542,7,2542,16,5
32543,7,2543,252,25
32544,7,2544,84,25
32545,7,2545,250,25
32546,7,2546,32,10
32547,7,2547,195,25
32548,7,2548,126,25
32549,7,2549,24,10
32550,7,2550,287,25
32551,7,2551,261,25
32552,7,2552,40,10
32553,7,2553,87,25
32554,7,2554,56,10
32555,7,2555,19,10
32556,7,2556,187,25
32557,7,2557,38,10
32558,7,2558,231,25
32559,7,2559,168,25
32560,7,2560,206,25
32561,7,2561,21,10
32562,7,2562,290,25
32563,7,2563,12,5
32564,7,2564,15,5
32565,7,2565,54,25
32566,7,2566,13,5
32567,7,2567,39,10
32568,7,2568,230,25
32569,7,2569,58,25
32570,7,2570,63,25
32571,7,2571,286,25
32572,7,2572,167,25
32573,7,2573,15,10
32574,7,2574,20,10
32575,7,2575,54,25
32576,7,2576,35,10
32577,7,2577,28,10
32578,7,2578,16,10
32579,7,2579,171,25
32580,7,2580,38,10
32581,7,2581,26,10
32582,7,2582,265,25
32583,7,2583,159,25
32584,7,2584,271,25
32585,7,2585,154,25
32586,7,2586,74,25
32587,7,2587,10,5
32588,7,2588,264,25
32589,7,2589,56,25
32590,7,2590,34,10
32591,7,2591,59,10
32592,7,2592,17,5
32593,7,2593,179,25
32594,7,2594,268,25
32595,7,2595,45,10
32596,7,2596,119,25
32597,7,2597,291,25
32598,7,2598,253,25
32599,7,2599,27,10
32600,7,2600,269,25
32601,7,2601,54,10
32602,7,2602,41,10
32603,7,2603,36,10
32604,7,2604,274,25
32605,7,2605,214,25
32606,7,2606,77,25
32607,7,2607,248,25
32608,7,2608,19,5
32609,7,2609,93,25
32610,7,2610,6,5
32611,7,2611,216,25
32612,7,2612,9,5
32613,7,2613,190,25
32614,7,2614,222,25
32615,7,2615,284,25
32616,7,2616,296,25
32617,7,2617,187,25
32618,7,2618,20,5
32619,7,2619,115,25
32620,7,2620,61,25
32621,7,2621,181,25
32622,7,2622,17,5
32623,7,2623,49,10
32624,7,2624,10,5
32625,7,2625,43,10
32626,7,2626,6,5
32627,7,2627,44,10
32628,7,2628,49,10
32629,7,2629,19,5
32630,7,2630,43,10
32631,7,2631,187,25
32632,7,2632,111,25
32633,7,2633,11,5
32634,7,2634,185,25
32635,7,2635,40,10
32636,7,2636,8,5
32637,7,2637,216,25
32638,7,2638,58,10
32639,7,2639,258,25
32640,7,2640,8,5
32641,7,2641,241,25
32642,7,2642,57,10
32643,7,2643,254,25
32644,7,2644,226,25
32645,7,2645,14,5
32646,7,2646,135,25
32647,7,2647,19,5
32648,7,2648,16,10
32649,7,2649,58,10
32650,7,2650,10,5
32651,7,2651,30,10
32652,7,2652,232,25
32653,7,2653,139,25
32654,7,2654,22,10
32655,7,2655,17,10
32656,7,2656,58,10
32657,7,2657,298,25
32658,7,2658,17,10
32659,7,2659,30,10
32660,7,2660,49,10
32661,7,2661,48,10
32662,7,2662,121,25
32663,7,2663,13,5
32664,7,2664,40,10
32665,7,2665,60,25
32666,7,2666,232,25
32667,7,2667,133,25
32668,7,2668,185,25
32669,7,2669,194,25
32670,7,2670,52,25
32671,7,2671,46,10
32672,7,2672,53,25
32673,7,2673,42,10
32674,7,2674,110,25
32675,7,2675,150,25
32676,7,2676,51,25
32677,7,2677,20,5
32678,7,2678,44,10
32679,7,2679,270,25
32680,7,2680,14,5
32681,7,2681,252,25
32682,7,2682,89,25
32683,7,2683,95,25
32684,7,2684,159,25
32685,7,2685,49,10
32686,7,2686,37,10
32687,7,2687,19,10
32688,7,2688,18,5
32689,7,2689,124,25
32690,7,2690,38,10
32691,7,2691,130,25
32692,7,2692,255,25
32693,7,2693,57,10
32694,7,2694,15,5
32695,7,2695,46,10
32696,7,2696,42,10
32697,7,2697,20,5
32698,7,2698,36,10
32699,7,2699,32,10
32700,7,2700,198,25
32701,7,2701,19,10
32702,7,2702,28,10
32703,7,2703,59,10
32704,7,2704,47,10
32705,7,2705,148,25
32706,7,2706,27,10
32707,7,2707,43,10
32708,7,2708,19,5
32709,7,2709,15,5
32710,7,2710,292,25
32711,7,2711,18,5
32712,7,2712,55,25
32713,7,2713,245,25
32714,7,2714,59,10
32715,7,2715,283,25
32716,7,2716,300,25
32717,7,2717,228,25
32718,7,2718,17,5
32719,7,2719,21,10
32720,7,2720,135,25
32721,7,2721,54,10
32722,7,2722,19,10
32723,7,2723,106,25
32724,7,2724,231,25
32725,7,2725,113,25
32726,7,2726,17,5
32727,7,2727,134,25
32728,7,2728,173,25
32729,7,2729,223,25
32730,7,2730,41,10
32731,7,2731,178,25
32732,7,2732,137,25
32733,7,2733,35,10
32734,7,2734,238,25
32735,7,2735,15,5
32736,7,2736,41,10
32737,7,2737,124,25
32738,7,2738,215,25
32739,7,2739,23,10
32740,7,2740,73,25
32741,7,2741,33,10
32742,7,2742,253,25
32743,7,2743,257,25
32744,7,2744,9,5
32745,7,2745,134,25
32746,7,2746,276,25
32747,7,2747,48,10
32748,7,2748,266,25
32749,7,2749,98,25
32750,7,2750,280,25
32751,7,2751,22,10
32752,7,2752,6,5
32753,7,2753,28,10
32754,7,2754,37,10
32755,7,2755,274,25
32756,7,2756,47,10
32757,7,2757,43,10
32758,7,2758,145,25
32759,7,2759,46,10
32760,7,2760,17,5
32761,7,2761,15,5
32762,7,2762,145,25
32763,7,2763,152,25
32764,7,2764,242,25
32765,7,2765,7,5
32766,7,2766,38,10
32767,7,2767,72,25
32768,7,2768,23,10
32769,7,2769,191,25
32770,7,2770,35,10
32771,7,2771,39,10
32772,7,2772,138,25
32773,7,2773,30,10
32774,7,2774,268,25
32775,7,2775,105,25
32776,7,2776,15,10
32777,7,2777,20,5
32778,7,2778,199,25
32779,7,2779,77,25
32780,7,2780,55,10
32781,7,2781,78,25
32782,7,2782,186,25
32783,7,2783,189,25
32784,7,2784,19,10
32785,7,2785,28,10
32786,7,2786,172,25
32787,7,2787,82,25
32788,7,2788,50,25
32789,7,2789,293,25
32790,7,2790,115,25
32791,7,2791,47,10
32792,7,2792,279,25
32793,7,2793,19,5
32794,7,2794,28,10
32795,7,2795,39,10
32796,7,2796,97,25
32797,7,2797,225,25
32798,7,2798,19,5
32799,7,2799,242,25
32800,7,2800,145,25
32801,7,2801,40,10
32802,7,2802,177,25
32803,7,2803,22,10
32804,7,2804,129,25
32805,7,2805,285,25
32806,7,2806,14,5
32807,7,2807,12,5
32808,7,2808,13,5
32809,7,2809,142,25
32810,7,2810,43,10
32811,7,2811,289,25
32812,7,2812,16,5
32813,7,2813,10,5
32814,7,2814,245,25
32815,7,2815,37,10
32816,7,2816,49,10
32817,7,2817,158,25
32818,7,2818,209,25
32819,7,2819,55,10
32820,7,2820,258,25
32821,7,2821,75,25
32822,7,2822,40,10
32823,7,2823,22,10
32824,7,2824,57,10
32825,7,2825,293,25
32826,7,2826,299,25
32827,7,2827,122,25
32828,7,2828,10,5
32829,7,2829,20,5
32830,7,2830,47,10
32831,7,2831,87,25
32832,7,2832,16,5
32833,7,2833,270,25
32834,7,2834,43,10
32835,7,2835,34,10
32836,7,2836,117,25
32837,7,2837,64,25
32838,7,2838,134,25
32839,7,2839,16,5
32840,7,2840,25,10
32841,7,2841,15,10
32842,7,2842,5,5
32843,7,2843,18,5
32844,7,2844,147,25
32845,7,2845,33,10
32846,7,2846,18,5
32847,7,2847,26,10
32848,7,2848,294,25
32849,7,2849,54,10
32850,7,2850,67,25
32851,7,2851,59,10
32852,7,2852,52,10
32853,7,2853,38,10
32854,7,2854,55,10
32855,7,2855,184,25
32856,7,2856,17,10
32857,7,2857,20,5
32858,7,2858,245,25
32859,7,2859,147,25
32860,7,2860,5,5
32861,7,2861,16,10
32862,7,2862,198,25
32863,7,2863,15,5
32864,7,2864,164,25
32865,7,2865,12,5
32866,7,2866,6,5
32867,7,2867,19,5
32868,7,2868,16,10
32869,7,2869,36,10
32870,7,2870,103,25
32871,7,2871,5,5
32872,7,2872,50,10
32873,7,2873,39,10
32874,7,2874,27,10
32875,7,2875,243,25
32876,7,2876,208,25
32877,7,2877,12,5
32878,7,2878,165,25
32879,7,2879,191,25
32880,7,2880,11,5
32881,7,2881,95,25
32882,7,2882,234,25
32883,7,2883,10,5
32884,7,2884,45,10
32885,7,2885,72,25
32886,7,2886,21,10
32887,7,2887,21,10
32888,7,2888,46,10
32889,7,2889,122,25
32890,7,2890,65,25
32891,7,2891,17,10
32892,7,2892,295,25
32893,7,2893,16,10
32894,7,2894,40,10
32895,7,2895,47,10
32896,7,2896,28,10
32897,7,2897,188,25
32898,7,2898,31,10
32899,7,2899,79,25
32900,7,2900,20,5
32901,7,2901,125,25
32902,7,2902,14,5
32903,7,2903,204,25
32904,7,2904,28,10
32905,7,2905,20,10
32906,7,2906,17,5
32907,7,2907,292,25
32908,7,2908,13,5
32909,7,2909,65,25
32910,7,2910,113,25
32911,7,2911,174,25
32912,7,2912,282,25
32913,7,2913,18,5
32914,7,2914,20,5
32915,7,2915,52,10
32916,7,2916,20,10
32917,7,2917,226,25
32918,7,2918,13,5
32919,7,2919,113,25
32920,7,2920,190,25
32921,7,2921,53,10
32922,7,2922,300,25
32923,7,2923,35,10
32924,7,2924,252,25
32925,7,2925,16,10
32926,7,2926,23,10
32927,7,2927,130,25
32928,7,2928,20,5
32929,7,2929,23,10
32930,7,2930,11,5
32931,7,2931,226,25
32932,7,2932,106,25
32933,7,2933,239,25
32934,7,2934,197,25
32935,7,2935,217,25
32936,7,2936,63,25
32937,7,2937,14,5
32938,7,2938,173,25
32939,7,2939,17,5
32940,7,2940,159,25
32941,7,2941,89,25
32942,7,2942,232,25
32943,7,2943,167,25
32944,7,2944,131,25
32945,7,2945,57,10
32946,7,2946,7,5
32947,7,2947,174,25
32948,7,2948,58,10
32949,7,2949,8,5
32950,7,2950,23,10
32951,7,2951,10,5
32952,7,2952,29,10
32953,7,2953,24,10
32954,7,2954,35,10
32955,7,2955,43,10
32956,7,2956,32,10
32957,7,2957,17,5
32958,7,2958,40,10
32959,7,2959,42,10
32960,7,2960,28,10
32961,7,2961,141,25
32962,7,2962,10,5
32963,7,2963,16,10
32964,7,2964,145,25
32965,7,2965,19,5
32966,7,2966,53,10
32967,7,2967,16,10
32968,7,2968,67,25
32969,7,2969,140,25
32970,7,2970,10,5
32971,7,2971,51,10
32972,7,2972,46,10
32973,7,2973,247,25
32974,7,2974,87,25
32975,7,2975,28,10
32976,7,2976,170,25
32977,7,2977,119,25
32978,7,2978,15,5
32979,7,2979,237,25
32980,7,2980,18,10
32981,7,2981,260,25
32982,7,2982,164,25
32983,7,2983,227,25
32984,7,2984,239,25
32985,7,2985,177,25
32986,7,2986,154,25
32987,7,2987,31,10
32988,7,2988,19,10
32989,7,2989,239,25
32990,7,2990,40,10
32991,7,2991,277,25
32992,7,2992,204,25
32993,7,2993,236,25
32994,7,2994,32,10
32995,7,2995,11,5
32996,7,2996,121,25
32997,7,2997,9,5
32998,7,2998,288,25
32999,7,2999,210,25
33000,7,3000,21,10
33001,7,3001,258,25
33002,7,3002,265,25
33003,7,3003,187,25
33004,7,3004,99,25
33005,7,3005,26,10
33006,7,3006,161,25
33007,7,3007,18,5
33008,7,3008,173,25
33009,7,3009,15,5
33010,7,3010,296,25
33011,7,3011,26,10
33012,7,3012,28,10
33013,7,3013,26,10
33014,7,3014,19,10
33015,7,3015,199,25
33016,7,3016,36,10
33017,7,3017,144,25
33018,7,3018,50,10
33019,7,3019,139,25
33020,7,3020,255,25
33021,7,3021,23,10
33022,7,3022,224,25
33023,7,3023,38,10
33024,7,3024,10,5
33025,7,3025,53,10
33026,7,3026,265,25
33027,7,3027,124,25
33028,7,3028,58,10
33029,7,3029,18,5
33030,7,3030,274,25
33031,7,3031,54,10
33032,7,3032,25,10
33033,7,3033,48,10
33034,7,3034,108,25
33035,7,3035,153,25
33036,7,3036,18,10
33037,7,3037,33,10
33038,7,3038,14,5
33039,7,3039,9,5
33040,7,3040,55,25
33041,7,3041,112,25
33042,7,3042,24,10
33043,7,3043,55,10
33044,7,3044,17,10
33045,7,3045,15,5
33046,7,3046,128,25
33047,7,3047,49,10
33048,7,3048,243,25
33049,7,3049,36,10
33050,7,3050,113,25
33051,7,3051,270,25
33052,7,3052,17,5
33053,7,3053,113,25
33054,7,3054,97,25
33055,7,3055,40,10
33056,7,3056,42,10
33057,7,3057,184,25
33058,7,3058,214,25
33059,7,3059,27,10
33060,7,3060,38,10
33061,7,3061,7,5
33062,7,3062,14,5
33063,7,3063,27,10
33064,7,3064,60,10
33065,7,3065,142,25
33066,7,3066,59,10
33067,7,3067,66,25
33068,7,3068,233,25
33069,7,3069,127,25
33070,7,3070,204,25
33071,7,3071,103,25
33072,7,3072,7,5
33073,7,3073,29,10
33074,7,3074,13,5
33075,7,3075,192,25
33076,7,3076,60,10
33077,7,3077,41,10
33078,7,3078,45,10
33079,7,3079,11,5
33080,7,3080,233,25
33081,7,3081,5,5
33082,7,3082,21,10
33083,7,3083,7,5
33084,7,3084,55,10
33085,7,3085,226,25
33086,7,3086,45,10
33087,7,3087,114,25
33088,7,3088,37,10
33089,7,3089,37,10
33090,7,3090,14,5
33091,7,3091,268,25
33092,7,3092,63,25
33093,7,3093,37,10
33094,7,3094,28,10
33095,7,3095,37,10
33096,7,3096,82,25
33097,7,3097,263,25
33098,7,3098,24,10
33099,7,3099,51,10
33100,7,3100,280,25
33101,7,3101,214,25
33102,7,3102,44,10
33103,7,3103,17,10
33104,7,3104,141,25
33105,7,3105,90,25
33106,7,3106,41,10
33107,7,3107,227,25
33108,7,3108,181,25
33109,7,3109,58,10
33110,7,3110,203,25
33111,7,3111,247,25
33112,7,3112,148,25
33113,7,3113,52,10
33114,7,3114,59,10
33115,7,3115,17,10
33116,7,3116,56,10
33117,7,3117,259,25
33118,7,3118,52,10
33119,7,3119,20,5
33120,7,3120,288,25
33121,7,3121,256,25
33122,7,3122,63,25
33123,7,3123,22,10
33124,7,3124,53,10
33125,7,3125,28,10
33126,7,3126,265,25
33127,7,3127,164,25
33128,7,3128,158,25
33129,7,3129,6,5
33130,7,3130,25,10
33131,7,3131,290,25
33132,7,3132,264,25
33133,7,3133,168,25
33134,7,3134,93,25
33135,7,3135,130,25
33136,7,3136,8,5
33137,7,3137,50,10
33138,7,3138,13,5
33139,7,3139,124,25
33140,7,3140,53,25
33141,7,3141,136,25
33142,7,3142,22,10
33143,7,3143,94,25
33144,7,3144,42,10
33145,7,3145,31,10
33146,7,3146,19,5
33147,7,3147,44,10
33148,7,3148,120,25
33149,7,3149,62,25
33150,7,3150,237,25
33151,7,3151,16,5
33152,7,3152,85,25
33153,7,3153,30,10
33154,7,3154,201,25
33155,7,3155,198,25
33156,7,3156,121,25
33157,7,3157,296,25
33158,7,3158,142,25
33159,7,3159,260,25
33160,7,3160,17,5
33161,7,3161,227,25
33162,7,3162,57,10
33163,7,3163,15,10
33164,7,3164,235,25
33165,7,3165,264,25
33166,7,3166,33,10
33167,7,3167,136,25
33168,7,3168,112,25
33169,7,3169,195,25
33170,7,3170,245,25
33171,7,3171,28,10
33172,7,3172,56,10
33173,7,3173,141,25
33174,7,3174,51,10
33175,7,3175,27,10
33176,7,3176,121,25
33177,7,3177,18,10
33178,7,3178,165,25
33179,7,3179,205,25
33180,7,3180,15,10
33181,7,3181,8,5
33182,7,3182,38,10
33183,7,3183,22,10
33184,7,3184,33,10
33185,7,3185,254,25
33186,7,3186,251,25
33187,7,3187,125,25
33188,7,3188,54,10
33189,7,3189,59,10
33190,7,3190,45,10
33191,7,3191,247,25
33192,7,3192,42,10
33193,7,3193,84,25
33194,7,3194,297,25
33195,7,3195,52,10
33196,7,3196,51,10
33197,7,3197,47,10
33198,7,3198,97,25
33199,7,3199,272,25
33200,7,3200,134,25
33201,7,3201,229,25
33202,7,3202,22,10
33203,7,3203,129,25
33204,7,3204,46,10
33205,7,3205,258,25
33206,7,3206,26,10
33207,7,3207,25,10
33208,7,3208,63,25
33209,7,3209,24,10
33210,7,3210,7,5
33211,7,3211,92,25
33212,7,3212,293,25
33213,7,3213,56,10
33214,7,3214,8,5
33215,7,3215,31,10
33216,7,3216,55,25
33217,7,3217,19,10
33218,7,3218,287,25
33219,7,3219,55,10
33220,7,3220,101,25
33221,7,3221,216,25
33222,7,3222,16,5
33223,7,3223,61,25
33224,7,3224,47,10
33225,7,3225,10,5
33226,7,3226,8,5
33227,7,3227,27,10
33228,7,3228,35,10
33229,7,3229,31,10
33230,7,3230,14,5
33231,7,3231,115,25
33232,7,3232,125,25
33233,7,3233,296,25
33234,7,3234,11,5
33235,7,3235,31,10
33236,7,3236,88,25
33237,7,3237,14,5
33238,7,3238,5,5
33239,7,3239,247,25
33240,7,3240,276,25
33241,7,3241,34,10
33242,7,3242,37,10
33243,7,3243,285,25
33244,7,3244,11,5
33245,7,3245,5,5
33246,7,3246,62,25
33247,7,3247,8,5
33248,7,3248,51,10
33249,7,3249,9,5
33250,7,3250,143,25
33251,7,3251,289,25
33252,7,3252,8,5
33253,7,3253,26,10
33254,7,3254,5,5
33255,7,3255,154,25
33256,7,3256,123,25
33257,7,3257,168,25
33258,7,3258,69,25
33259,7,3259,14,5
33260,7,3260,199,25
33261,7,3261,20,5
33262,7,3262,25,10
33263,7,3263,254,25
33264,7,3264,290,25
33265,7,3265,145,25
33266,7,3266,36,10
33267,7,3267,11,5
33268,7,3268,9,5
33269,7,3269,256,25
33270,7,3270,19,5
33271,7,3271,14,5
33272,7,3272,112,25
33273,7,3273,13,5
33274,7,3274,233,25
33275,7,3275,5,5
33276,7,3276,17,10
33277,7,3277,270,25
33278,7,3278,60,10
33279,7,3279,48,10
33280,7,3280,44,10
33281,7,3281,19,5
33282,7,3282,21,10
33283,7,3283,61,25
33284,7,3284,78,25
33285,7,3285,24,10
33286,7,3286,14,5
33287,7,3287,17,5
33288,7,3288,28,10
33289,7,3289,89,25
33290,7,3290,18,10
33291,7,3291,50,10
33292,7,3292,34,10
33293,7,3293,116,25
33294,7,3294,55,10
33295,7,3295,17,5
33296,7,3296,16,10
33297,7,3297,277,25
33298,7,3298,59,10
33299,7,3299,56,10
33300,7,3300,15,5
33301,7,3301,224,25
33302,7,3302,145,25
33303,7,3303,42,10
33304,7,3304,275,25
33305,7,3305,228,25
33306,7,3306,242,25
33307,7,3307,218,25
33308,7,3308,266,25
33309,7,3309,5,5
33310,7,3310,32,10
33311,7,3311,35,10
33312,7,3312,49,10
33313,7,3313,31,10
33314,7,3314,16,5
33315,7,3315,157,25
33316,7,3316,66,25
33317,7,3317,9,5
33318,7,3318,17,5
33319,7,3319,218,25
33320,7,3320,34,10
33321,7,3321,49,10
33322,7,3322,6,5
33323,7,3323,10,5
33324,7,3324,53,10
33325,7,3325,108,25
33326,7,3326,15,5
33327,7,3327,6,5
33328,7,3328,33,10
33329,7,3329,146,25
33330,7,3330,167,25
33331,7,3331,239,25
33332,7,3332,158,25
33333,7,3333,7,5
33334,7,3334,278,25
33335,7,3335,18,10
33336,7,3336,96,25
33337,7,3337,268,25
33338,7,3338,134,25
33339,7,3339,13,5
33340,7,3340,129,25
33341,7,3341,282,25
33342,7,3342,38,10
33343,7,3343,34,10
33344,7,3344,44,10
33345,7,3345,28,10
33346,7,3346,42,10
33347,7,3347,142,25
33348,7,3348,50,10
33349,7,3349,109,25
33350,7,3350,31,10
33351,7,3351,84,25
33352,7,3352,226,25
33353,7,3353,277,25
33354,7,3354,49,10
33355,7,3355,19,10
33356,7,3356,290,25
33357,7,3357,95,25
33358,7,3358,7,5
33359,7,3359,294,25
33360,7,3360,15,5
33361,7,3361,20,5
33362,7,3362,217,25
33363,7,3363,7,5
33364,7,3364,5,5
33365,7,3365,219,25
33366,7,3366,100,25
33367,7,3367,40,10
33368,7,3368,287,25
33369,7,3369,15,5
33370,7,3370,272,25
33371,7,3371,28,10
33372,7,3372,56,10
33373,7,3373,118,25
33374,7,3374,126,25
33375,7,3375,13,5
33376,7,3376,9,5
33377,7,3377,34,10
33378,7,3378,57,10
33379,7,3379,21,10
33380,7,3380,30,10
33381,7,3381,70,25
33382,7,3382,19,5
33383,7,3383,217,25
33384,7,3384,53,10
33385,7,3385,16,10
33386,7,3386,24,10
33387,7,3387,20,10
33388,7,3388,108,25
33389,7,3389,275,25
33390,7,3390,45,10
33391,7,3391,254,25
33392,7,3392,171,25
33393,7,3393,158,25
33394,7,3394,20,10
33395,7,3395,300,25
33396,7,3396,49,10
33397,7,3397,294,25
33398,7,3398,15,10
33399,7,3399,227,25
33400,7,3400,7,5
33401,7,3401,140,25
33402,7,3402,36,10
33403,7,3403,83,25
33404,7,3404,100,25
33405,7,3405,15,10
33406,7,3406,22,10
33407,7,3407,9,5
33408,7,3408,18,5
33409,7,3409,11,5
33410,7,3410,130,25
33411,7,3411,294,25
33412,7,3412,138,25
33413,7,3413,25,10
33414,7,3414,159,25
33415,7,3415,201,25
33416,7,3416,253,25
33417,7,3417,13,5
33418,7,3418,111,25
33419,7,3419,59,25
33420,7,3420,232,25
33421,7,3421,213,25
33422,7,3422,225,25
33423,7,3423,112,25
33424,7,3424,153,25
33425,7,3425,13,5
33426,7,3426,38,10
33427,7,3427,252,25
33428,7,3428,15,10
33429,7,3429,53,10
33430,7,3430,257,25
33431,7,3431,16,10
33432,7,3432,24,10
33433,7,3433,230,25
33434,7,3434,24,10
33435,7,3435,147,25
33436,7,3436,40,10
33437,7,3437,217,25
33438,7,3438,20,10
33439,7,3439,16,10
33440,7,3440,59,10
33441,7,3441,35,10
33442,7,3442,17,5
33443,7,3443,29,10
33444,7,3444,50,25
33445,7,3445,20,5
33446,7,3446,35,10
33447,7,3447,59,10
33448,7,3448,5,5
33449,7,3449,177,25
33450,7,3450,37,10
33451,7,3451,15,5
33452,7,3452,24,10
33453,7,3453,53,10
33454,7,3454,11,5
33455,7,3455,133,25
33456,7,3456,251,25
33457,7,3457,46,10
33458,7,3458,63,25
33459,7,3459,45,10
33460,7,3460,158,25
33461,7,3461,68,25
33462,7,3462,20,10
33463,7,3463,106,25
33464,7,3464,59,10
33465,7,3465,19,10
33466,7,3466,16,5
33467,7,3467,42,10
33468,7,3468,14,5
33469,7,3469,24,10
33470,7,3470,193,25
33471,7,3471,129,25
33472,7,3472,37,10
33473,7,3473,141,25
33474,7,3474,17,5
33475,7,3475,30,10
33476,7,3476,149,25
33477,7,3477,34,10
33478,7,3478,124,25
33479,7,3479,188,25
33480,7,3480,298,25
33481,7,3481,117,25
33482,7,3482,12,5
33483,7,3483,28,10
33484,7,3484,26,10
33485,7,3485,11,5
33486,7,3486,9,5
33487,7,3487,60,10
33488,7,3488,115,25
33489,7,3489,25,10
33490,7,3490,179,25
33491,7,3491,21,10
33492,7,3492,161,25
33493,7,3493,232,25
33494,7,3494,59,10
33495,7,3495,68,25
33496,7,3496,51,25
33497,7,3497,41,10
33498,7,3498,52,10
33499,7,3499,238,25
33500,7,3500,54,10
33501,7,3501,103,25
33502,7,3502,36,10
33503,7,3503,9,5
33504,7,3504,120,25
33505,7,3505,275,25
33506,7,3506,56,10
33507,7,3507,40,10
33508,7,3508,254,25
33509,7,3509,13,5
33510,7,3510,21,10
33511,7,3511,46,10
33512,7,3512,205,25
33513,7,3513,8,5
33514,7,3514,36,10
33515,7,3515,29,10
33516,7,3516,10,5
33517,7,3517,69,25
33518,7,3518,25,10
33519,7,3519,73,25
33520,7,3520,13,5
33521,7,3521,24,10
33522,7,3522,42,10
33523,7,3523,168,25
33524,7,3524,79,25
33525,7,3525,87,25
33526,7,3526,9,5
33527,7,3527,48,10
33528,7,3528,140,25
33529,7,3529,13,5
33530,7,3530,161,25
33531,7,3531,52,10
33532,7,3532,265,25
33533,7,3533,86,25
33534,7,3534,34,10
33535,7,3535,29,10
33536,7,3536,295,25
33537,7,3537,28,10
33538,7,3538,17,10
33539,7,3539,259,25
33540,7,3540,14,5
33541,7,3541,8,5
33542,7,3542,59,25
33543,7,3543,151,25
33544,7,3544,29,10
33545,7,3545,230,25
33546,7,3546,261,25
33547,7,3547,229,25
33548,7,3548,59,10
33549,7,3549,39,10
33550,7,3550,214,25
33551,7,3551,44,10
33552,7,3552,178,25
33553,7,3553,27,10
33554,7,3554,27,10
33555,7,3555,282,25
33556,7,3556,20,10
33557,7,3557,41,10
33558,7,3558,17,5
33559,7,3559,228,25
33560,7,3560,288,25
33561,7,3561,218,25
33562,7,3562,224,25
33563,7,3563,23,10
33564,7,3564,41,10
33565,7,3565,134,25
33566,7,3566,96,25
33567,7,3567,291,25
33568,7,3568,189,25
33569,7,3569,23,10
33570,7,3570,46,10
33571,7,3571,239,25
33572,7,3572,285,25
33573,7,3573,298,25
33574,7,3574,114,25
33575,7,3575,6,5
33576,7,3576,15,10
33577,7,3577,25,10
33578,7,3578,17,5
33579,7,3579,87,25
33580,7,3580,25,10
33581,7,3581,182,25
33582,7,3582,26,10
33583,7,3583,5,5
33584,7,3584,17,5
33585,7,3585,174,25
33586,7,3586,291,25
33587,7,3587,5,5
33588,7,3588,5,5
33589,7,3589,39,10
33590,7,3590,12,5
33591,7,3591,268,25
33592,7,3592,296,25
33593,7,3593,11,5
33594,7,3594,51,10
33595,7,3595,72,25
33596,7,3596,10,5
33597,7,3597,62,25
33598,7,3598,262,25
33599,7,3599,11,5
33600,7,3600,30,10
33601,7,3601,5,5
33602,7,3602,34,10
33603,7,3603,38,10
33604,7,3604,26,10
33605,7,3605,163,25
33606,7,3606,18,5
33607,7,3607,41,10
33608,7,3608,42,10
33609,7,3609,11,5
33610,7,3610,128,25
33611,7,3611,159,25
33612,7,3612,33,10
33613,7,3613,171,25
33614,7,3614,37,10
33615,7,3615,201,25
33616,7,3616,205,25
33617,7,3617,53,10
33618,7,3618,20,10
33619,7,3619,65,25
33620,7,3620,42,10
33621,7,3621,143,25
33622,7,3622,57,25
33623,7,3623,15,10
33624,7,3624,31,10
33625,7,3625,111,25
33626,7,3626,270,25
33627,7,3627,15,5
33628,7,3628,10,5
33629,7,3629,51,10
33630,7,3630,53,10
33631,7,3631,63,25
33632,7,3632,48,10
33633,7,3633,13,5
33634,7,3634,38,10
33635,7,3635,88,25
33636,7,3636,8,5
33637,7,3637,53,10
33638,7,3638,36,10
33639,7,3639,286,25
33640,7,3640,36,10
33641,7,3641,207,25
33642,7,3642,287,25
33643,7,3643,99,25
33644,7,3644,57,10
33645,7,3645,12,5
33646,7,3646,166,25
33647,7,3647,126,25
33648,7,3648,254,25
33649,7,3649,225,25
33650,7,3650,26,10
33651,7,3651,17,5
33652,7,3652,213,25
33653,7,3653,26,10
33654,7,3654,24,10
33655,7,3655,60,10
33656,7,3656,40,10
33657,7,3657,99,25
33658,7,3658,218,25
33659,7,3659,132,25
33660,7,3660,7,5
33661,7,3661,37,10
33662,7,3662,37,10
33663,7,3663,139,25
33664,7,3664,245,25
33665,7,3665,11,5
33666,7,3666,5,5
33667,7,3667,54,10
33668,7,3668,32,10
33669,7,3669,22,10
33670,7,3670,35,10
33671,7,3671,27,10
33672,7,3672,219,25
33673,7,3673,290,25
33674,7,3674,195,25
33675,7,3675,131,25
33676,7,3676,16,5
33677,7,3677,15,5
33678,7,3678,18,5
33679,7,3679,119,25
33680,7,3680,17,10
33681,7,3681,138,25
33682,7,3682,55,10
33683,7,3683,12,5
33684,7,3684,19,5
33685,7,3685,27,10
33686,7,3686,14,5
33687,7,3687,57,25
33688,7,3688,33,10
33689,7,3689,10,5
33690,7,3690,54,10
33691,7,3691,25,10
33692,7,3692,296,25
33693,7,3693,300,25
33694,7,3694,18,5
33695,7,3695,212,25
33696,7,3696,257,25
33697,7,3697,44,10
33698,7,3698,8,5
33699,7,3699,176,25
33700,7,3700,156,25
33701,7,3701,42,10
33702,7,3702,96,25
33703,7,3703,152,25
33704,7,3704,180,25
33705,7,3705,59,10
33706,7,3706,89,25
33707,7,3707,50,25
33708,7,3708,240,25
33709,7,3709,113,25
33710,7,3710,110,25
33711,7,3711,247,25
33712,7,3712,26,10
33713,7,3713,75,25
33714,7,3714,293,25
33715,7,3715,189,25
33716,7,3716,48,10
33717,7,3717,52,10
33718,7,3718,138,25
33719,7,3719,17,5
33720,7,3720,24,10
33721,7,3721,19,5
33722,7,3722,53,25
33723,7,3723,54,10
33724,7,3724,263,25
33725,7,3725,15,10
33726,7,3726,17,5
33727,7,3727,46,10
33728,7,3728,16,5
33729,7,3729,243,25
33730,7,3730,5,5
33731,7,3731,49,10
33732,7,3732,145,25
33733,7,3733,6,5
33734,7,3734,24,10
33735,7,3735,12,5
33736,7,3736,95,25
33737,7,3737,67,25
33738,7,3738,16,5
33739,7,3739,6,5
33740,7,3740,92,25
33741,7,3741,27,10
33742,7,3742,165,25
33743,7,3743,22,10
33744,7,3744,58,10
33745,7,3745,18,5
33746,7,3746,5,5
33747,7,3747,49,10
33748,7,3748,47,10
33749,7,3749,18,5
33750,7,3750,7,5
33751,7,3751,15,5
33752,7,3752,40,10
33753,7,3753,76,25
33754,7,3754,240,25
33755,7,3755,25,10
33756,7,3756,168,25
33757,7,3757,31,10
33758,7,3758,33,10
33759,7,3759,12,5
33760,7,3760,32,10
33761,7,3761,194,25
33762,7,3762,60,10
33763,7,3763,26,10
33764,7,3764,86,25
33765,7,3765,11,5
33766,7,3766,17,10
33767,7,3767,12,5
33768,7,3768,205,25
33769,7,3769,23,10
33770,7,3770,280,25
33771,7,3771,138,25
33772,7,3772,88,25
33773,7,3773,240,25
33774,7,3774,299,25
33775,7,3775,285,25
33776,7,3776,222,25
33777,7,3777,12,5
33778,7,3778,18,10
33779,7,3779,14,5
33780,7,3780,29,10
33781,7,3781,59,10
33782,7,3782,59,25
33783,7,3783,29,10
33784,7,3784,43,10
33785,7,3785,16,5
33786,7,3786,20,10
33787,7,3787,74,25
33788,7,3788,46,10
33789,7,3789,61,25
33790,7,3790,145,25
33791,7,3791,59,10
33792,7,3792,27,10
33793,7,3793,17,5
33794,7,3794,9,5
33795,7,3795,16,10
33796,7,3796,18,5
33797,7,3797,16,10
33798,7,3798,19,5
33799,7,3799,287,25
33800,7,3800,113,25
33801,7,3801,267,25
33802,7,3802,57,10
33803,7,3803,201,25
33804,7,3804,31,10
33805,7,3805,37,10
33806,7,3806,10,5
33807,7,3807,56,10
33808,7,3808,26,10
33809,7,3809,16,5
33810,7,3810,55,10
33811,7,3811,298,25
33812,7,3812,24,10
33813,7,3813,80,25
33814,7,3814,16,5
33815,7,3815,267,25
33816,7,3816,12,5
33817,7,3817,274,25
33818,7,3818,10,5
33819,7,3819,249,25
33820,7,3820,43,10
33821,7,3821,42,10
33822,7,3822,12,5
33823,7,3823,34,10
33824,7,3824,22,10
33825,7,3825,298,25
33826,7,3826,229,25
33827,7,3827,17,5
33828,7,3828,55,10
33829,7,3829,251,25
33830,7,3830,13,5
33831,7,3831,57,10
33832,7,3832,5,5
33833,7,3833,115,25
33834,7,3834,92,25
33835,7,3835,19,5
33836,7,3836,22,10
33837,7,3837,241,25
33838,7,3838,28,10
33839,7,3839,125,25
33840,7,3840,39,10
33841,7,3841,113,25
33842,7,3842,13,5
33843,7,3843,12,5
33844,7,3844,48,10
33845,7,3845,10,5
33846,7,3846,181,25
33847,7,3847,148,25
33848,7,3848,37,10
33849,7,3849,33,10
33850,7,3850,152,25
33851,7,3851,192,25
33852,7,3852,39,10
33853,7,3853,14,5
33854,7,3854,246,25
33855,7,3855,140,25
33856,7,3856,37,10
33857,7,3857,114,25
33858,7,3858,286,25
33859,7,3859,25,10
33860,7,3860,39,10
33861,7,3861,196,25
33862,7,3862,15,5
33863,7,3863,12,5
33864,7,3864,252,25
33865,7,3865,57,10
33866,7,3866,57,10
33867,7,3867,30,10
33868,7,3868,164,25
33869,7,3869,5,5
33870,7,3870,50,10
33871,7,3871,16,5
33872,7,3872,76,25
33873,7,3873,54,10
33874,7,3874,130,25
33875,7,3875,32,10
33876,7,3876,223,25
33877,7,3877,210,25
33878,7,3878,13,5
33879,7,3879,7,5
33880,7,3880,120,25
33881,7,3881,103,25
33882,7,3882,11,5
33883,7,3883,37,10
33884,7,3884,18,5
33885,7,3885,41,10
33886,7,3886,163,25
33887,7,3887,199,25
33888,7,3888,28,10
33889,7,3889,20,5
33890,7,3890,23,10
33891,7,3891,14,5
33892,7,3892,133,25
33893,7,3893,275,25
33894,7,3894,17,5
33895,7,3895,8,5
33896,7,3896,38,10
33897,7,3897,195,25
33898,7,3898,51,10
33899,7,3899,8,5
33900,7,3900,36,10
33901,7,3901,39,10
33902,7,3902,26,10
33903,7,3903,195,25
33904,7,3904,67,25
33905,7,3905,13,5
33906,7,3906,211,25
33907,7,3907,43,10
33908,7,3908,34,10
33909,7,3909,216,25
33910,7,3910,28,10
33911,7,3911,187,25
33912,7,3912,220,25
33913,7,3913,234,25
33914,7,3914,17,5
33915,7,3915,32,10
33916,7,3916,93,25
33917,7,3917,248,25
33918,7,3918,71,25
33919,7,3919,205,25
33920,7,3920,207,25
33921,7,3921,253,25
33922,7,3922,27,10
33923,7,3923,27,10
33924,7,3924,124,25
33925,7,3925,29,10
33926,7,3926,50,10
33927,7,3927,14,5
33928,7,3928,20,10
33929,7,3929,54,10
33930,7,3930,53,10
33931,7,3931,19,10
33932,7,3932,142,25
33933,7,3933,242,25
33934,7,3934,193,25
33935,7,3935,57,10
33936,7,3936,17,5
33937,7,3937,62,25
33938,7,3938,14,5
33939,7,3939,50,10
33940,7,3940,54,10
33941,7,3941,38,10
33942,7,3942,30,10
33943,7,3943,7,5
33944,7,3944,45,10
33945,7,3945,171,25
33946,7,3946,22,10
33947,7,3947,126,25
33948,7,3948,26,10
33949,7,3949,56,10
33950,7,3950,74,25
33951,7,3951,28,10
33952,7,3952,136,25
33953,7,3953,10,5
33954,7,3954,17,5
33955,7,3955,10,5
33956,7,3956,18,10
33957,7,3957,11,5
33958,7,3958,17,5
33959,7,3959,168,25
33960,7,3960,186,25
33961,7,3961,126,25
33962,7,3962,43,10
33963,7,3963,37,10
33964,7,3964,254,25
33965,7,3965,28,10
33966,7,3966,18,10
33967,7,3967,52,10
33968,7,3968,8,5
33969,7,3969,12,5
33970,7,3970,52,25
33971,7,3971,51,10
33972,7,3972,83,25
33973,7,3973,51,10
33974,7,3974,258,25
33975,7,3975,25,10
33976,7,3976,15,10
33977,7,3977,210,25
33978,7,3978,18,10
33979,7,3979,28,10
33980,7,3980,18,5
33981,7,3981,149,25
33982,7,3982,6,5
33983,7,3983,58,10
33984,7,3984,27,10
33985,7,3985,39,10
33986,7,3986,133,25
33987,7,3987,58,10
33988,7,3988,54,10
33989,7,3989,109,25
33990,7,3990,66,25
33991,7,3991,17,10
33992,7,3992,15,10
33993,7,3993,25,10
33994,7,3994,109,25
33995,7,3995,260,25
33996,7,3996,24,10
33997,7,3997,21,10
33998,7,3998,54,25
33999,7,3999,25,10
34000,7,4000,59,10
34001,7,4001,20,5
34002,7,4002,24,10
34003,7,4003,131,25
34004,7,4004,245,25
34005,7,4005,14,5
34006,7,4006,20,10
34007,7,4007,16,5
34008,7,4008,11,5
34009,7,4009,264,25
34010,7,4010,161,25
34011,7,4011,118,25
34012,7,4012,52,10
34013,7,4013,214,25
34014,7,4014,6,5
34015,7,4015,16,5
34016,7,4016,10,5
34017,7,4017,7,5
34018,7,4018,39,10
34019,7,4019,38,10
34020,7,4020,99,25
34021,7,4021,291,25
34022,7,4022,181,25
34023,7,4023,28,10
34024,7,4024,22,10
34025,7,4025,23,10
34026,7,4026,6,5
34027,7,4027,15,5
34028,7,4028,223,25
34029,7,4029,148,25
34030,7,4030,38,10
34031,7,4031,26,10
34032,7,4032,19,5
34033,7,4033,17,5
34034,7,4034,53,10
34035,7,4035,33,10
34036,7,4036,137,25
34037,7,4037,20,5
34038,7,4038,7,5
34039,7,4039,280,25
34040,7,4040,57,10
34041,7,4041,6,5
34042,7,4042,61,25
34043,7,4043,16,5
34044,7,4044,45,10
34045,7,4045,297,25
34046,7,4046,119,25
34047,7,4047,281,25
34048,7,4048,6,5
34049,7,4049,209,25
34050,7,4050,197,25
34051,7,4051,197,25
34052,7,4052,246,25
34053,7,4053,6,5
34054,7,4054,43,10
34055,7,4055,24,10
34056,7,4056,167,25
34057,7,4057,194,25
34058,7,4058,117,25
34059,7,4059,13,5
34060,7,4060,30,10
34061,7,4061,41,10
34062,7,4062,54,25
34063,7,4063,141,25
34064,7,4064,33,10
34065,7,4065,294,25
34066,7,4066,200,25
34067,7,4067,118,25
34068,7,4068,50,10
34069,7,4069,88,25
34070,7,4070,34,10
34071,7,4071,202,25
34072,7,4072,18,5
34073,7,4073,7,5
34074,7,4074,253,25
34075,7,4075,17,5
34076,7,4076,33,10
34077,7,4077,18,10
34078,7,4078,161,25
34079,7,4079,151,25
34080,7,4080,261,25
34081,7,4081,17,10
34082,7,4082,300,25
34083,7,4083,24,10
34084,7,4084,220,25
34085,7,4085,14,5
34086,7,4086,160,25
34087,7,4087,244,25
34088,7,4088,287,25
34089,7,4089,51,10
34090,7,4090,244,25
34091,7,4091,66,25
34092,7,4092,181,25
34093,7,4093,16,10
34094,7,4094,62,25
34095,7,4095,15,5
34096,7,4096,113,25
34097,7,4097,297,25
34098,7,4098,23,10
34099,7,4099,48,10
34100,7,4100,15,10
34101,7,4101,48,10
34102,7,4102,11,5
34103,7,4103,231,25
34104,7,4104,151,25
34105,7,4105,27,10
34106,7,4106,226,25
34107,7,4107,219,25
34108,7,4108,28,10
34109,7,4109,18,5
34110,7,4110,94,25
34111,7,4111,56,10
34112,7,4112,154,25
34113,7,4113,198,25
34114,7,4114,35,10
34115,7,4115,34,10
34116,7,4116,49,10
34117,7,4117,10,5
34118,7,4118,64,25
34119,7,4119,58,10
34120,7,4120,169,25
34121,7,4121,31,10
34122,7,4122,18,5
34123,7,4123,13,5
34124,7,4124,22,10
34125,7,4125,72,25
34126,7,4126,19,10
34127,7,4127,46,10
34128,7,4128,32,10
34129,7,4129,72,25
34130,7,4130,280,25
34131,7,4131,57,10
34132,7,4132,16,5
34133,7,4133,237,25
34134,7,4134,101,25
34135,7,4135,18,5
34136,7,4136,41,10
34137,7,4137,57,10
34138,7,4138,24,10
34139,7,4139,169,25
34140,7,4140,11,5
34141,7,4141,269,25
34142,7,4142,22,10
34143,7,4143,213,25
34144,7,4144,147,25
34145,7,4145,26,10
34146,7,4146,174,25
34147,7,4147,88,25
34148,7,4148,298,25
34149,7,4149,48,10
34150,7,4150,15,10
34151,7,4151,18,5
34152,7,4152,129,25
34153,7,4153,15,5
34154,7,4154,235,25
34155,7,4155,36,10
34156,7,4156,257,25
34157,7,4157,38,10
34158,7,4158,45,10
34159,7,4159,202,25
34160,7,4160,15,5
34161,7,4161,56,10
34162,7,4162,21,10
34163,7,4163,39,10
34164,7,4164,15,5
34165,7,4165,27,10
34166,7,4166,19,10
34167,7,4167,32,10
34168,7,4168,299,25
34169,7,4169,18,5
34170,7,4170,6,5
34171,7,4171,131,25
34172,7,4172,17,5
34173,7,4173,108,25
34174,7,4174,14,5
34175,7,4175,47,10
34176,7,4176,198,25
34177,7,4177,10,5
34178,7,4178,54,25
34179,7,4179,47,10
34180,7,4180,16,5
34181,7,4181,192,25
34182,7,4182,91,25
34183,7,4183,8,5
34184,7,4184,7,5
34185,7,4185,200,25
34186,7,4186,18,5
34187,7,4187,57,10
34188,7,4188,9,5
34189,7,4189,291,25
34190,7,4190,42,10
34191,7,4191,11,5
34192,7,4192,25,10
34193,7,4193,184,25
34194,7,4194,244,25
34195,7,4195,37,10
34196,7,4196,17,5
34197,7,4197,8,5
34198,7,4198,17,5
34199,7,4199,16,5
34200,7,4200,153,25
34201,7,4201,38,10
34202,7,4202,12,5
34203,7,4203,35,10
34204,7,4204,245,25
34205,7,4205,15,5
34206,7,4206,103,25
34207,7,4207,262,25
34208,7,4208,204,25
34209,7,4209,103,25
34210,7,4210,48,10
34211,7,4211,19,5
34212,7,4212,95,25
34213,7,4213,18,5
34214,7,4214,50,10
34215,7,4215,72,25
34216,7,4216,40,10
34217,7,4217,78,25
34218,7,4218,41,10
34219,7,4219,187,25
34220,7,4220,16,5
34221,7,4221,19,10
34222,7,4222,116,25
34223,7,4223,20,5
34224,7,4224,155,25
34225,7,4225,110,25
34226,7,4226,232,25
34227,7,4227,288,25
34228,7,4228,12,5
34229,7,4229,211,25
34230,7,4230,21,10
34231,7,4231,16,5
34232,7,4232,15,5
34233,7,4233,295,25
34234,7,4234,5,5
34235,7,4235,117,25
34236,7,4236,30,10
34237,7,4237,240,25
34238,7,4238,31,10
34239,7,4239,17,5
34240,7,4240,24,10
34241,7,4241,205,25
34242,7,4242,10,5
34243,7,4243,228,25
34244,7,4244,202,25
34245,7,4245,177,25
34246,7,4246,6,5
34247,7,4247,225,25
34248,7,4248,53,10
34249,7,4249,54,10
34250,7,4250,46,10
34251,7,4251,163,25
34252,7,4252,14,5
34253,7,4253,18,10
34254,7,4254,46,10
34255,7,4255,44,10
34256,7,4256,48,10
34257,7,4257,31,10
34258,7,4258,11,5
34259,7,4259,196,25
34260,7,4260,9,5
34261,7,4261,258,25
34262,7,4262,50,25
34263,7,4263,30,10
34264,7,4264,168,25
34265,7,4265,247,25
34266,7,4266,182,25
34267,7,4267,156,25
34268,7,4268,118,25
34269,7,4269,48,10
34270,7,4270,46,10
34271,7,4271,22,10
34272,7,4272,33,10
34273,7,4273,73,25
34274,7,4274,138,25
34275,7,4275,231,25
34276,7,4276,47,10
34277,7,4277,217,25
34278,7,4278,250,25
34279,7,4279,106,25
34280,7,4280,24,10
34281,7,4281,35,10
34282,7,4282,127,25
34283,7,4283,271,25
34284,7,4284,195,25
34285,7,4285,262,25
34286,7,4286,230,25
34287,7,4287,127,25
34288,7,4288,43,10
34289,7,4289,203,25
34290,7,4290,17,5
34291,7,4291,29,10
34292,7,4292,18,5
34293,7,4293,268,25
34294,7,4294,156,25
34295,7,4295,98,25
34296,7,4296,151,25
34297,7,4297,57,10
34298,7,4298,235,25
34299,7,4299,19,10
34300,7,4300,50,25
34301,7,4301,134,25
34302,7,4302,17,5
34303,7,4303,15,10
34304,7,4304,53,10
34305,7,4305,24,10
34306,7,4306,120,25
34307,7,4307,88,25
34308,7,4308,186,25
34309,7,4309,50,10
34310,7,4310,56,10
34311,7,4311,281,25
34312,7,4312,19,10
34313,7,4313,56,10
34314,7,4314,59,25
34315,7,4315,241,25
34316,7,4316,117,25
34317,7,4317,51,10
34318,7,4318,125,25
34319,7,4319,20,5
34320,7,4320,158,25
34321,7,4321,130,25
34322,7,4322,116,25
34323,7,4323,5,5
34324,7,4324,223,25
34325,7,4325,266,25
34326,7,4326,140,25
34327,7,4327,43,10
34328,7,4328,170,25
34329,7,4329,34,10
34330,7,4330,77,25
34331,7,4331,152,25
34332,7,4332,58,10
34333,7,4333,23,10
34334,7,4334,17,10
34335,7,4335,127,25
34336,7,4336,24,10
34337,7,4337,45,10
34338,7,4338,124,25
34339,7,4339,254,25
34340,7,4340,40,10
34341,7,4341,34,10
34342,7,4342,91,25
34343,7,4343,47,10
34344,7,4344,65,25
34345,7,4345,18,5
34346,7,4346,79,25
34347,7,4347,6,5
34348,7,4348,246,25
34349,7,4349,57,10
34350,7,4350,42,10
34351,7,4351,240,25
34352,7,4352,247,25
34353,7,4353,231,25
34354,7,4354,132,25
34355,7,4355,252,25
34356,7,4356,40,10
34357,7,4357,258,25
34358,7,4358,60,10
34359,7,4359,49,10
34360,7,4360,192,25
34361,7,4361,266,25
34362,7,4362,266,25
34363,7,4363,121,25
34364,7,4364,93,25
34365,7,4365,51,10
34366,7,4366,18,10
34367,7,4367,242,25
34368,7,4368,10,5
34369,7,4369,285,25
34370,7,4370,33,10
34371,7,4371,75,25
34372,7,4372,142,25
34373,7,4373,295,25
34374,7,4374,17,10
34375,7,4375,34,10
34376,7,4376,221,25
34377,7,4377,11,5
34378,7,4378,194,25
34379,7,4379,158,25
34380,7,4380,39,10
34381,7,4381,17,5
34382,7,4382,18,5
34383,7,4383,8,5
34384,7,4384,15,10
34385,7,4385,88,25
34386,7,4386,137,25
34387,7,4387,44,10
34388,7,4388,43,10
34389,7,4389,274,25
34390,7,4390,212,25
34391,7,4391,107,25
34392,7,4392,121,25
34393,7,4393,22,10
34394,7,4394,52,10
34395,7,4395,18,5
34396,7,4396,208,25
34397,7,4397,123,25
34398,7,4398,41,10
34399,7,4399,8,5
34400,7,4400,54,25
34401,7,4401,58,10
34402,7,4402,15,5
34403,7,4403,265,25
34404,7,4404,18,5
34405,7,4405,253,25
34406,7,4406,94,25
34407,7,4407,111,25
34408,7,4408,29,10
34409,7,4409,152,25
34410,7,4410,6,5
34411,7,4411,121,25
34412,7,4412,184,25
34413,7,4413,51,10
34414,7,4414,51,10
34415,7,4415,256,25
34416,7,4416,163,25
34417,7,4417,126,25
34418,7,4418,180,25
34419,7,4419,20,10
34420,7,4420,11,5
34421,7,4421,18,10
34422,7,4422,155,25
34423,7,4423,215,25
34424,7,4424,19,10
34425,7,4425,51,25
34426,7,4426,42,10
34427,7,4427,234,25
34428,7,4428,185,25
34429,7,4429,6,5
34430,7,4430,180,25
34431,7,4431,167,25
34432,7,4432,28,10
34433,7,4433,58,10
34434,7,4434,47,10
34435,7,4435,5,5
34436,7,4436,129,25
34437,7,4437,52,10
34438,7,4438,164,25
34439,7,4439,50,10
34440,7,4440,114,25
34441,7,4441,98,25
34442,7,4442,82,25
34443,7,4443,224,25
34444,7,4444,21,10
34445,7,4445,39,10
34446,7,4446,191,25
34447,7,4447,105,25
34448,7,4448,96,25
34449,7,4449,8,5
34450,7,4450,298,25
34451,7,4451,105,25
34452,7,4452,158,25
34453,7,4453,23,10
34454,7,4454,20,5
34455,7,4455,133,25
34456,7,4456,30,10
34457,7,4457,53,25
34458,7,4458,236,25
34459,7,4459,24,10
34460,7,4460,31,10
34461,7,4461,7,5
34462,7,4462,42,10
34463,7,4463,201,25
34464,7,4464,114,25
34465,7,4465,52,10
34466,7,4466,268,25
34467,7,4467,300,25
34468,7,4468,209,25
34469,7,4469,131,25
34470,7,4470,187,25
34471,7,4471,47,10
34472,7,4472,48,10
34473,7,4473,17,10
34474,7,4474,253,25
34475,7,4475,30,10
34476,7,4476,51,10
34477,7,4477,11,5
34478,7,4478,211,25
34479,7,4479,176,25
34480,7,4480,119,25
34481,7,4481,27,10
34482,7,4482,33,10
34483,7,4483,55,10
34484,7,4484,28,10
34485,7,4485,35,10
34486,7,4486,19,10
34487,7,4487,257,25
34488,7,4488,25,10
34489,7,4489,58,10
34490,7,4490,268,25
34491,7,4491,28,10
34492,7,4492,299,25
34493,7,4493,19,5
34494,7,4494,33,10
34495,7,4495,44,10
34496,7,4496,48,10
34497,7,4497,17,5
34498,7,4498,57,10
34499,7,4499,214,25
34500,7,4500,255,25
34501,7,4501,83,25
34502,7,4502,13,5
34503,7,4503,5,5
34504,7,4504,107,25
34505,7,4505,206,25
34506,7,4506,13,5
34507,7,4507,26,10
34508,7,4508,13,5
34509,7,4509,299,25
34510,7,4510,10,5
34511,7,4511,214,25
34512,7,4512,21,10
34513,7,4513,20,10
34514,7,4514,133,25
34515,7,4515,297,25
34516,7,4516,120,25
34517,7,4517,23,10
34518,7,4518,30,10
34519,7,4519,22,10
34520,7,4520,257,25
34521,7,4521,40,10
34522,7,4522,268,25
34523,7,4523,41,10
34524,7,4524,19,5
34525,7,4525,207,25
34526,7,4526,57,10
34527,7,4527,160,25
34528,7,4528,277,25
34529,7,4529,67,25
34530,7,4530,17,5
34531,7,4531,288,25
34532,7,4532,141,25
34533,7,4533,138,25
34534,7,4534,20,10
34535,7,4535,55,10
34536,7,4536,197,25
34537,7,4537,44,10
34538,7,4538,200,25
34539,7,4539,258,25
34540,7,4540,97,25
34541,7,4541,79,25
34542,7,4542,6,5
34543,7,4543,156,25
34544,7,4544,184,25
34545,7,4545,190,25
34546,7,4546,49,10
34547,7,4547,19,5
34548,7,4548,16,10
34549,7,4549,14,5
34550,7,4550,140,25
34551,7,4551,288,25
34552,7,4552,53,10
34553,7,4553,274,25
34554,7,4554,15,10
34555,7,4555,38,10
34556,7,4556,59,10
34557,7,4557,52,10
34558,7,4558,38,10
34559,7,4559,40,10
34560,7,4560,60,10
34561,7,4561,13,5
34562,7,4562,154,25
34563,7,4563,212,25
34564,7,4564,16,5
34565,7,4565,300,25
34566,7,4566,165,25
34567,7,4567,27,10
34568,7,4568,224,25
34569,7,4569,256,25
34570,7,4570,15,10
34571,7,4571,11,5
34572,7,4572,231,25
34573,7,4573,78,25
34574,7,4574,194,25
34575,7,4575,24,10
34576,7,4576,244,25
34577,7,4577,54,10
34578,7,4578,19,5
34579,7,4579,12,5
34580,7,4580,29,10
34581,7,4581,156,25
34582,7,4582,50,10
34583,7,4583,78,25
34584,7,4584,30,10
34585,7,4585,57,10
34586,7,4586,176,25
34587,7,4587,215,25
34588,7,4588,227,25
34589,7,4589,31,10
34590,7,4590,285,25
34591,7,4591,54,25
34592,7,4592,57,10
34593,7,4593,14,5
34594,7,4594,31,10
34595,7,4595,170,25
34596,7,4596,37,10
34597,7,4597,18,5
34598,7,4598,167,25
34599,7,4599,267,25
34600,7,4600,55,10
34601,7,4601,37,10
34602,7,4602,53,10
34603,7,4603,60,10
34604,7,4604,74,25
34605,7,4605,46,10
34606,7,4606,123,25
34607,7,4607,112,25
34608,7,4608,16,5
34609,7,4609,205,25
34610,7,4610,25,10
34611,7,4611,179,25
34612,7,4612,5,5
34613,7,4613,120,25
34614,7,4614,89,25
34615,7,4615,210,25
34616,7,4616,210,25
34617,7,4617,250,25
34618,7,4618,32,10
34619,7,4619,52,25
34620,7,4620,298,25
34621,7,4621,26,10
34622,7,4622,17,10
34623,7,4623,203,25
34624,7,4624,11,5
34625,7,4625,18,5
34626,7,4626,69,25
34627,7,4627,169,25
34628,7,4628,241,25
34629,7,4629,52,10
34630,7,4630,46,10
34631,7,4631,16,5
34632,7,4632,89,25
34633,7,4633,85,25
34634,7,4634,16,10
34635,7,4635,25,10
34636,7,4636,171,25
34637,7,4637,102,25
34638,7,4638,48,10
34639,7,4639,19,10
34640,7,4640,215,25
34641,7,4641,127,25
34642,7,4642,14,5
34643,7,4643,116,25
34644,7,4644,27,10
34645,7,4645,43,10
34646,7,4646,35,10
34647,7,4647,158,25
34648,7,4648,26,10
34649,7,4649,298,25
34650,7,4650,60,10
34651,7,4651,69,25
34652,7,4652,269,25
34653,7,4653,92,25
34654,7,4654,247,25
34655,7,4655,34,10
34656,7,4656,21,10
34657,7,4657,56,10
34658,7,4658,41,10
34659,7,4659,14,5
34660,7,4660,233,25
34661,7,4661,41,10
34662,7,4662,42,10
34663,7,4663,229,25
34664,7,4664,176,25
34665,7,4665,16,5
34666,7,4666,8,5
34667,7,4667,54,10
34668,7,4668,293,25
34669,7,4669,11,5
34670,7,4670,17,10
34671,7,4671,13,5
34672,7,4672,58,10
34673,7,4673,20,5
34674,7,4674,9,5
34675,7,4675,17,5
34676,7,4676,8,5
34677,7,4677,10,5
34678,7,4678,39,10
34679,7,4679,17,10
34680,7,4680,24,10
34681,7,4681,11,5
34682,7,4682,228,25
34683,7,4683,17,5
34684,7,4684,53,10
34685,7,4685,190,25
34686,7,4686,32,10
34687,7,4687,215,25
34688,7,4688,231,25
34689,7,4689,53,10
34690,7,4690,6,5
34691,7,4691,11,5
34692,7,4692,184,25
34693,7,4693,217,25
34694,7,4694,42,10
34695,7,4695,48,10
34696,7,4696,236,25
34697,7,4697,279,25
34698,7,4698,14,5
34699,7,4699,225,25
34700,7,4700,273,25
34701,7,4701,228,25
34702,7,4702,53,10
34703,7,4703,145,25
34704,7,4704,276,25
34705,7,4705,158,25
34706,7,4706,271,25
34707,7,4707,290,25
34708,7,4708,149,25
34709,7,4709,117,25
34710,7,4710,210,25
34711,7,4711,79,25
34712,7,4712,82,25
34713,7,4713,203,25
34714,7,4714,268,25
34715,7,4715,24,10
34716,7,4716,145,25
34717,7,4717,16,5
34718,7,4718,276,25
34719,7,4719,250,25
34720,7,4720,141,25
34721,7,4721,32,10
34722,7,4722,155,25
34723,7,4723,12,5
34724,7,4724,11,5
34725,7,4725,55,10
34726,7,4726,15,5
34727,7,4727,55,10
34728,7,4728,99,25
34729,7,4729,34,10
34730,7,4730,24,10
34731,7,4731,266,25
34732,7,4732,208,25
34733,7,4733,55,10
34734,7,4734,45,10
34735,7,4735,83,25
34736,7,4736,13,5
34737,7,4737,198,25
34738,7,4738,267,25
34739,7,4739,19,10
34740,7,4740,43,10
34741,7,4741,11,5
34742,7,4742,11,5
34743,7,4743,20,5
34744,7,4744,44,10
34745,7,4745,139,25
34746,7,4746,25,10
34747,7,4747,20,10
34748,7,4748,34,10
34749,7,4749,52,10
34750,7,4750,176,25
34751,7,4751,178,25
34752,7,4752,224,25
34753,7,4753,114,25
34754,7,4754,274,25
34755,7,4755,49,10
34756,7,4756,41,10
34757,7,4757,10,5
34758,7,4758,28,10
34759,7,4759,142,25
34760,7,4760,11,5
34761,7,4761,33,10
34762,7,4762,58,10
34763,7,4763,152,25
34764,7,4764,249,25
34765,7,4765,35,10
34766,7,4766,49,10
34767,7,4767,234,25
34768,7,4768,22,10
34769,7,4769,228,25
34770,7,4770,19,5
34771,7,4771,48,10
34772,7,4772,132,25
34773,7,4773,207,25
34774,7,4774,18,5
34775,7,4775,53,25
34776,7,4776,40,10
34777,7,4777,15,10
34778,7,4778,239,25
34779,7,4779,13,5
34780,7,4780,287,25
34781,7,4781,15,5
34782,7,4782,29,10
34783,7,4783,202,25
34784,7,4784,46,10
34785,7,4785,120,25
34786,7,4786,32,10
34787,7,4787,51,10
34788,7,4788,24,10
34789,7,4789,75,25
34790,7,4790,245,25
34791,7,4791,211,25
34792,7,4792,199,25
34793,7,4793,203,25
34794,7,4794,239,25
34795,7,4795,50,10
34796,7,4796,224,25
34797,7,4797,277,25
34798,7,4798,21,10
34799,7,4799,12,5
34800,7,4800,111,25
34801,7,4801,19,5
34802,7,4802,31,10
34803,7,4803,7,5
34804,7,4804,193,25
34805,7,4805,112,25
34806,7,4806,17,10
34807,7,4807,197,25
34808,7,4808,30,10
34809,7,4809,36,10
34810,7,4810,14,5
34811,7,4811,43,10
34812,7,4812,187,25
34813,7,4813,36,10
34814,7,4814,23,10
34815,7,4815,17,10
34816,7,4816,26,10
34817,7,4817,100,25
34818,7,4818,280,25
34819,7,4819,93,25
34820,7,4820,53,10
34821,7,4821,53,25
34822,7,4822,257,25
34823,7,4823,40,10
34824,7,4824,31,10
34825,7,4825,6,5
34826,7,4826,152,25
34827,7,4827,225,25
34828,7,4828,147,25
34829,7,4829,38,10
34830,7,4830,292,25
34831,7,4831,178,25
34832,7,4832,15,5
34833,7,4833,57,10
34834,7,4834,16,5
34835,7,4835,132,25
34836,7,4836,158,25
34837,7,4837,20,5
34838,7,4838,117,25
34839,7,4839,46,10
34840,7,4840,28,10
34841,7,4841,26,10
34842,7,4842,15,10
34843,7,4843,8,5
34844,7,4844,156,25
34845,7,4845,7,5
34846,7,4846,8,5
34847,7,4847,179,25
34848,7,4848,22,10
34849,7,4849,16,10
34850,7,4850,19,5
34851,7,4851,60,10
34852,7,4852,18,5
34853,7,4853,92,25
34854,7,4854,58,10
34855,7,4855,25,10
34856,7,4856,34,10
34857,7,4857,20,5
34858,7,4858,63,25
34859,7,4859,10,5
34860,7,4860,51,10
34861,7,4861,37,10
34862,7,4862,39,10
34863,7,4863,249,25
34864,7,4864,6,5
34865,7,4865,250,25
34866,7,4866,265,25
34867,7,4867,26,10
34868,7,4868,6,5
34869,7,4869,41,10
34870,7,4870,46,10
34871,7,4871,100,25
34872,7,4872,67,25
34873,7,4873,18,10
34874,7,4874,237,25
34875,7,4875,242,25
34876,7,4876,30,10
34877,7,4877,271,25
34878,7,4878,200,25
34879,7,4879,57,10
34880,7,4880,12,5
34881,7,4881,185,25
34882,7,4882,148,25
34883,7,4883,7,5
34884,7,4884,144,25
34885,7,4885,36,10
34886,7,4886,9,5
34887,7,4887,277,25
34888,7,4888,13,5
34889,7,4889,179,25
34890,7,4890,14,5
34891,7,4891,45,10
34892,7,4892,53,10
34893,7,4893,60,10
34894,7,4894,203,25
34895,7,4895,38,10
34896,7,4896,57,10
34897,7,4897,5,5
34898,7,4898,45,10
34899,7,4899,134,25
34900,7,4900,89,25
34901,7,4901,235,25
34902,7,4902,51,10
34903,7,4903,15,5
34904,7,4904,5,5
34905,7,4905,11,5
34906,7,4906,8,5
34907,7,4907,258,25
34908,7,4908,18,10
34909,7,4909,18,10
34910,7,4910,37,10
34911,7,4911,188,25
34912,7,4912,186,25
34913,7,4913,15,5
34914,7,4914,129,25
34915,7,4915,58,10
34916,7,4916,171,25
34917,7,4917,185,25
34918,7,4918,21,10
34919,7,4919,90,25
34920,7,4920,54,10
34921,7,4921,35,10
34922,7,4922,28,10
34923,7,4923,45,10
34924,7,4924,19,5
34925,7,4925,253,25
34926,7,4926,8,5
34927,7,4927,299,25
34928,7,4928,10,5
34929,7,4929,291,25
34930,7,4930,48,10
34931,7,4931,100,25
34932,7,4932,192,25
34933,7,4933,9,5
34934,7,4934,20,10
34935,7,4935,55,10
34936,7,4936,98,25
34937,7,4937,279,25
34938,7,4938,257,25
34939,7,4939,24,10
34940,7,4940,56,10
34941,7,4941,43,10
34942,7,4942,161,25
34943,7,4943,121,25
34944,7,4944,59,10
34945,7,4945,16,10
34946,7,4946,38,10
34947,7,4947,169,25
34948,7,4948,217,25
34949,7,4949,119,25
34950,7,4950,104,25
34951,7,4951,7,5
34952,7,4952,9,5
34953,7,4953,30,10
34954,7,4954,67,25
34955,7,4955,165,25
34956,7,4956,241,25
34957,7,4957,165,25
34958,7,4958,26,10
34959,7,4959,72,25
34960,7,4960,203,25
34961,7,4961,8,5
34962,7,4962,16,5
34963,7,4963,45,10
34964,7,4964,21,10
34965,7,4965,192,25
34966,7,4966,12,5
34967,7,4967,254,25
34968,7,4968,28,10
34969,7,4969,19,10
34970,7,4970,151,25
34971,7,4971,250,25
34972,7,4972,58,10
34973,7,4973,64,25
34974,7,4974,6,5
34975,7,4975,141,25
34976,7,4976,15,5
34977,7,4977,14,5
34978,7,4978,7,5
34979,7,4979,17,5
34980,7,4980,11,5
34981,7,4981,22,10
34982,7,4982,58,10
34983,7,4983,292,25
34984,7,4984,73,25
34985,7,4985,40,10
34986,7,4986,9,5
34987,7,4987,29,10
34988,7,4988,103,25
34989,7,4989,20,5
34990,7,4990,58,10
34991,7,4991,20,10
34992,7,4992,33,10
34993,7,4993,176,25
34994,7,4994,10,5
34995,7,4995,186,25
34996,7,4996,13,5
34997,7,4997,142,25
34998,7,4998,233,25
34999,7,4999,210,25
35000,7,5000,6,5
35001,8,1,13,5
35002,8,2,261,25
35003,8,3,11,5
35004,8,4,29,10
35005,8,5,150,25
35006,8,6,204,25
35007,8,7,57,10
35008,8,8,15,10
35009,8,9,279,25
35010,8,10,29,10
35011,8,11,6,5
35012,8,12,65,25
35013,8,13,25,10
35014,8,14,42,10
35015,8,15,18,5
35016,8,16,54,10
35017,8,17,53,25
35018,8,18,197,25
35019,8,19,15,5
35020,8,20,46,10
35021,8,21,32,10
35022,8,22,10,5
35023,8,23,153,25
35024,8,24,20,10
35025,8,25,300,25
35026,8,26,27,10
35027,8,27,48,10
35028,8,28,291,25
35029,8,29,101,25
35030,8,30,220,25
35031,8,31,208,25
35032,8,32,105,25
35033,8,33,43,10
35034,8,34,93,25
35035,8,35,48,10
35036,8,36,17,5
35037,8,37,28,10
35038,8,38,12,5
35039,8,39,24,10
35040,8,40,160,25
35041,8,41,42,10
35042,8,42,81,25
35043,8,43,142,25
35044,8,44,287,25
35045,8,45,33,10
35046,8,46,27,10
35047,8,47,57,10
35048,8,48,31,10
35049,8,49,21,10
35050,8,50,18,5
35051,8,51,198,25
35052,8,52,120,25
35053,8,53,47,10
35054,8,54,86,25
35055,8,55,201,25
35056,8,56,7,5
35057,8,57,20,10
35058,8,58,28,10
35059,8,59,40,10
35060,8,60,30,10
35061,8,61,36,10
35062,8,62,127,25
35063,8,63,16,10
35064,8,64,237,25
35065,8,65,172,25
35066,8,66,8,5
35067,8,67,293,25
35068,8,68,25,10
35069,8,69,49,10
35070,8,70,229,25
35071,8,71,142,25
35072,8,72,211,25
35073,8,73,100,25
35074,8,74,219,25
35075,8,75,16,10
35076,8,76,37,10
35077,8,77,55,10
35078,8,78,32,10
35079,8,79,143,25
35080,8,80,206,25
35081,8,81,45,10
35082,8,82,95,25
35083,8,83,19,5
35084,8,84,57,25
35085,8,85,42,10
35086,8,86,107,25
35087,8,87,55,10
35088,8,88,22,10
35089,8,89,281,25
35090,8,90,7,5
35091,8,91,45,10
35092,8,92,57,10
35093,8,93,40,10
35094,8,94,18,5
35095,8,95,186,25
35096,8,96,46,10
35097,8,97,148,25
35098,8,98,103,25
35099,8,99,22,10
35100,8,100,16,5
35101,8,101,53,10
35102,8,102,71,25
35103,8,103,273,25
35104,8,104,56,10
35105,8,105,30,10
35106,8,106,126,25
35107,8,107,10,5
35108,8,108,256,25
35109,8,109,9,5
35110,8,110,34,10
35111,8,111,236,25
35112,8,112,41,10
35113,8,113,147,25
35114,8,114,205,25
35115,8,115,105,25
35116,8,116,19,10
35117,8,117,8,5
35118,8,118,16,10
35119,8,119,34,10
35120,8,120,299,25
35121,8,121,288,25
35122,8,122,31,10
35123,8,123,52,10
35124,8,124,37,10
35125,8,125,44,10
35126,8,126,24,10
35127,8,127,51,10
35128,8,128,16,5
35129,8,129,204,25
35130,8,130,23,10
35131,8,131,43,10
35132,8,132,37,10
35133,8,133,48,10
35134,8,134,246,25
35135,8,135,58,10
35136,8,136,16,10
35137,8,137,200,25
35138,8,138,17,10
35139,8,139,39,10
35140,8,140,39,10
35141,8,141,24,10
35142,8,142,74,25
35143,8,143,18,10
35144,8,144,21,10
35145,8,145,6,5
35146,8,146,128,25
35147,8,147,27,10
35148,8,148,43,10
35149,8,149,270,25
35150,8,150,34,10
35151,8,151,248,25
35152,8,152,9,5
35153,8,153,240,25
35154,8,154,27,10
35155,8,155,260,25
35156,8,156,38,10
35157,8,157,186,25
35158,8,158,277,25
35159,8,159,9,5
35160,8,160,164,25
35161,8,161,182,25
35162,8,162,7,5
35163,8,163,41,10
35164,8,164,280,25
35165,8,165,282,25
35166,8,166,231,25
35167,8,167,9,5
35168,8,168,76,25
35169,8,169,126,25
35170,8,170,56,10
35171,8,171,51,10
35172,8,172,41,10
35173,8,173,55,10
35174,8,174,8,5
35175,8,175,248,25
35176,8,176,24,10
35177,8,177,25,10
35178,8,178,52,10
35179,8,179,107,25
35180,8,180,33,10
35181,8,181,284,25
35182,8,182,100,25
35183,8,183,207,25
35184,8,184,100,25
35185,8,185,82,25
35186,8,186,215,25
35187,8,187,54,10
35188,8,188,59,25
35189,8,189,29,10
35190,8,190,196,25
35191,8,191,8,5
35192,8,192,184,25
35193,8,193,11,5
35194,8,194,14,5
35195,8,195,45,10
35196,8,196,59,10
35197,8,197,11,5
35198,8,198,20,10
35199,8,199,219,25
35200,8,200,32,10
35201,8,201,56,10
35202,8,202,48,10
35203,8,203,230,25
35204,8,204,11,5
35205,8,205,55,10
35206,8,206,221,25
35207,8,207,59,10
35208,8,208,256,25
35209,8,209,117,25
35210,8,210,70,25
35211,8,211,57,10
35212,8,212,223,25
35213,8,213,20,5
35214,8,214,135,25
35215,8,215,162,25
35216,8,216,62,25
35217,8,217,56,10
35218,8,218,16,10
35219,8,219,111,25
35220,8,220,242,25
35221,8,221,213,25
35222,8,222,20,10
35223,8,223,49,10
35224,8,224,28,10
35225,8,225,20,5
35226,8,226,53,10
35227,8,227,118,25
35228,8,228,24,10
35229,8,229,167,25
35230,8,230,25,10
35231,8,231,225,25
35232,8,232,25,10
35233,8,233,234,25
35234,8,234,68,25
35235,8,235,17,10
35236,8,236,17,10
35237,8,237,20,10
35238,8,238,224,25
35239,8,239,22,10
35240,8,240,59,10
35241,8,241,174,25
35242,8,242,19,10
35243,8,243,144,25
35244,8,244,47,10
35245,8,245,266,25
35246,8,246,163,25
35247,8,247,120,25
35248,8,248,94,25
35249,8,249,72,25
35250,8,250,139,25
35251,8,251,29,10
35252,8,252,20,10
35253,8,253,87,25
35254,8,254,37,10
35255,8,255,16,5
35256,8,256,19,5
35257,8,257,19,10
35258,8,258,61,25
35259,8,259,37,10
35260,8,260,36,10
35261,8,261,43,10
35262,8,262,10,5
35263,8,263,9,5
35264,8,264,21,10
35265,8,265,7,5
35266,8,266,18,10
35267,8,267,289,25
35268,8,268,53,25
35269,8,269,182,25
35270,8,270,13,5
35271,8,271,18,10
35272,8,272,123,25
35273,8,273,213,25
35274,8,274,232,25
35275,8,275,35,10
35276,8,276,15,10
35277,8,277,187,25
35278,8,278,12,5
35279,8,279,17,5
35280,8,280,126,25
35281,8,281,51,25
35282,8,282,17,5
35283,8,283,82,25
35284,8,284,167,25
35285,8,285,261,25
35286,8,286,14,5
35287,8,287,113,25
35288,8,288,58,10
35289,8,289,34,10
35290,8,290,53,10
35291,8,291,68,25
35292,8,292,20,5
35293,8,293,13,5
35294,8,294,169,25
35295,8,295,170,25
35296,8,296,253,25
35297,8,297,267,25
35298,8,298,20,10
35299,8,299,224,25
35300,8,300,48,10
35301,8,301,131,25
35302,8,302,25,10
35303,8,303,16,5
35304,8,304,298,25
35305,8,305,19,5
35306,8,306,213,25
35307,8,307,93,25
35308,8,308,292,25
35309,8,309,273,25
35310,8,310,82,25
35311,8,311,13,5
35312,8,312,189,25
35313,8,313,44,10
35314,8,314,10,5
35315,8,315,283,25
35316,8,316,244,25
35317,8,317,15,10
35318,8,318,271,25
35319,8,319,131,25
35320,8,320,23,10
35321,8,321,19,10
35322,8,322,287,25
35323,8,323,55,10
35324,8,324,202,25
35325,8,325,124,25
35326,8,326,47,10
35327,8,327,53,10
35328,8,328,107,25
35329,8,329,27,10
35330,8,330,109,25
35331,8,331,190,25
35332,8,332,45,10
35333,8,333,27,10
35334,8,334,173,25
35335,8,335,18,10
35336,8,336,214,25
35337,8,337,27,10
35338,8,338,55,10
35339,8,339,186,25
35340,8,340,24,10
35341,8,341,122,25
35342,8,342,160,25
35343,8,343,125,25
35344,8,344,236,25
35345,8,345,185,25
35346,8,346,117,25
35347,8,347,113,25
35348,8,348,205,25
35349,8,349,6,5
35350,8,350,98,25
35351,8,351,206,25
35352,8,352,25,10
35353,8,353,6,5
35354,8,354,56,10
35355,8,355,44,10
35356,8,356,111,25
35357,8,357,276,25
35358,8,358,70,25
35359,8,359,214,25
35360,8,360,216,25
35361,8,361,220,25
35362,8,362,33,10
35363,8,363,18,10
35364,8,364,196,25
35365,8,365,19,10
35366,8,366,112,25
35367,8,367,169,25
35368,8,368,99,25
35369,8,369,86,25
35370,8,370,14,5
35371,8,371,34,10
35372,8,372,13,5
35373,8,373,5,5
35374,8,374,15,5
35375,8,375,52,10
35376,8,376,21,10
35377,8,377,214,25
35378,8,378,22,10
35379,8,379,19,5
35380,8,380,165,25
35381,8,381,164,25
35382,8,382,9,5
35383,8,383,145,25
35384,8,384,140,25
35385,8,385,56,10
35386,8,386,57,10
35387,8,387,18,5
35388,8,388,16,5
35389,8,389,124,25
35390,8,390,31,10
35391,8,391,15,5
35392,8,392,276,25
35393,8,393,5,5
35394,8,394,32,10
35395,8,395,11,5
35396,8,396,50,10
35397,8,397,136,25
35398,8,398,53,10
35399,8,399,20,5
35400,8,400,229,25
35401,8,401,215,25
35402,8,402,299,25
35403,8,403,131,25
35404,8,404,212,25
35405,8,405,18,5
35406,8,406,21,10
35407,8,407,49,10
35408,8,408,172,25
35409,8,409,32,10
35410,8,410,122,25
35411,8,411,60,10
35412,8,412,56,10
35413,8,413,210,25
35414,8,414,44,10
35415,8,415,39,10
35416,8,416,24,10
35417,8,417,13,5
35418,8,418,9,5
35419,8,419,156,25
35420,8,420,283,25
35421,8,421,112,25
35422,8,422,105,25
35423,8,423,196,25
35424,8,424,15,5
35425,8,425,52,10
35426,8,426,89,25
35427,8,427,75,25
35428,8,428,219,25
35429,8,429,20,5
35430,8,430,66,25
35431,8,431,23,10
35432,8,432,28,10
35433,8,433,20,10
35434,8,434,55,10
35435,8,435,35,10
35436,8,436,161,25
35437,8,437,12,5
35438,8,438,222,25
35439,8,439,10,5
35440,8,440,39,10
35441,8,441,39,10
35442,8,442,188,25
35443,8,443,55,25
35444,8,444,43,10
35445,8,445,52,10
35446,8,446,57,25
35447,8,447,11,5
35448,8,448,18,5
35449,8,449,76,25
35450,8,450,10,5
35451,8,451,24,10
35452,8,452,18,5
35453,8,453,161,25
35454,8,454,83,25
35455,8,455,17,10
35456,8,456,19,5
35457,8,457,26,10
35458,8,458,43,10
35459,8,459,7,5
35460,8,460,40,10
35461,8,461,48,10
35462,8,462,23,10
35463,8,463,6,5
35464,8,464,57,10
35465,8,465,27,10
35466,8,466,34,10
35467,8,467,95,25
35468,8,468,55,10
35469,8,469,42,10
35470,8,470,10,5
35471,8,471,259,25
35472,8,472,298,25
35473,8,473,18,5
35474,8,474,6,5
35475,8,475,293,25
35476,8,476,52,10
35477,8,477,36,10
35478,8,478,42,10
35479,8,479,7,5
35480,8,480,9,5
35481,8,481,125,25
35482,8,482,156,25
35483,8,483,72,25
35484,8,484,255,25
35485,8,485,12,5
35486,8,486,5,5
35487,8,487,63,25
35488,8,488,95,25
35489,8,489,201,25
35490,8,490,221,25
35491,8,491,258,25
35492,8,492,19,5
35493,8,493,38,10
35494,8,494,16,10
35495,8,495,58,10
35496,8,496,23,10
35497,8,497,222,25
35498,8,498,255,25
35499,8,499,5,5
35500,8,500,58,10
35501,8,501,14,5
35502,8,502,92,25
35503,8,503,277,25
35504,8,504,54,10
35505,8,505,184,25
35506,8,506,86,25
35507,8,507,20,5
35508,8,508,31,10
35509,8,509,35,10
35510,8,510,137,25
35511,8,511,146,25
35512,8,512,13,5
35513,8,513,49,10
35514,8,514,195,25
35515,8,515,60,10
35516,8,516,227,25
35517,8,517,48,10
35518,8,518,18,5
35519,8,519,18,5
35520,8,520,134,25
35521,8,521,16,10
35522,8,522,19,5
35523,8,523,48,10
35524,8,524,59,10
35525,8,525,54,10
35526,8,526,20,10
35527,8,527,166,25
35528,8,528,30,10
35529,8,529,53,10
35530,8,530,57,10
35531,8,531,170,25
35532,8,532,9,5
35533,8,533,139,25
35534,8,534,54,10
35535,8,535,122,25
35536,8,536,15,5
35537,8,537,101,25
35538,8,538,35,10
35539,8,539,28,10
35540,8,540,163,25
35541,8,541,18,10
35542,8,542,26,10
35543,8,543,5,5
35544,8,544,7,5
35545,8,545,23,10
35546,8,546,26,10
35547,8,547,16,5
35548,8,548,287,25
35549,8,549,16,10
35550,8,550,54,10
35551,8,551,8,5
35552,8,552,291,25
35553,8,553,50,10
35554,8,554,31,10
35555,8,555,12,5
35556,8,556,14,5
35557,8,557,254,25
35558,8,558,57,10
35559,8,559,30,10
35560,8,560,47,10
35561,8,561,8,5
35562,8,562,233,25
35563,8,563,16,5
35564,8,564,44,10
35565,8,565,281,25
35566,8,566,7,5
35567,8,567,15,10
35568,8,568,31,10
35569,8,569,74,25
35570,8,570,292,25
35571,8,571,162,25
35572,8,572,65,25
35573,8,573,55,10
35574,8,574,32,10
35575,8,575,259,25
35576,8,576,114,25
35577,8,577,30,10
35578,8,578,32,10
35579,8,579,16,10
35580,8,580,46,10
35581,8,581,112,25
35582,8,582,212,25
35583,8,583,172,25
35584,8,584,146,25
35585,8,585,30,10
35586,8,586,21,10
35587,8,587,35,10
35588,8,588,233,25
35589,8,589,36,10
35590,8,590,273,25
35591,8,591,16,10
35592,8,592,296,25
35593,8,593,86,25
35594,8,594,53,10
35595,8,595,54,25
35596,8,596,16,10
35597,8,597,283,25
35598,8,598,50,10
35599,8,599,31,10
35600,8,600,46,10
35601,8,601,23,10
35602,8,602,8,5
35603,8,603,31,10
35604,8,604,15,5
35605,8,605,8,5
35606,8,606,62,25
35607,8,607,74,25
35608,8,608,260,25
35609,8,609,54,10
35610,8,610,81,25
35611,8,611,191,25
35612,8,612,199,25
35613,8,613,14,5
35614,8,614,37,10
35615,8,615,55,10
35616,8,616,260,25
35617,8,617,278,25
35618,8,618,46,10
35619,8,619,242,25
35620,8,620,178,25
35621,8,621,16,10
35622,8,622,9,5
35623,8,623,141,25
35624,8,624,20,5
35625,8,625,102,25
35626,8,626,222,25
35627,8,627,45,10
35628,8,628,18,10
35629,8,629,253,25
35630,8,630,44,10
35631,8,631,15,10
35632,8,632,25,10
35633,8,633,232,25
35634,8,634,18,10
35635,8,635,18,5
35636,8,636,28,10
35637,8,637,204,25
35638,8,638,104,25
35639,8,639,247,25
35640,8,640,20,5
35641,8,641,285,25
35642,8,642,62,25
35643,8,643,27,10
35644,8,644,292,25
35645,8,645,105,25
35646,8,646,296,25
35647,8,647,210,25
35648,8,648,65,25
35649,8,649,154,25
35650,8,650,56,10
35651,8,651,30,10
35652,8,652,14,5
35653,8,653,142,25
35654,8,654,48,10
35655,8,655,16,10
35656,8,656,92,25
35657,8,657,284,25
35658,8,658,24,10
35659,8,659,15,5
35660,8,660,89,25
35661,8,661,206,25
35662,8,662,44,10
35663,8,663,270,25
35664,8,664,148,25
35665,8,665,116,25
35666,8,666,17,5
35667,8,667,40,10
35668,8,668,37,10
35669,8,669,56,10
35670,8,670,278,25
35671,8,671,8,5
35672,8,672,30,10
35673,8,673,140,25
35674,8,674,21,10
35675,8,675,43,10
35676,8,676,217,25
35677,8,677,291,25
35678,8,678,19,10
35679,8,679,137,25
35680,8,680,70,25
35681,8,681,60,10
35682,8,682,14,5
35683,8,683,26,10
35684,8,684,21,10
35685,8,685,273,25
35686,8,686,112,25
35687,8,687,179,25
35688,8,688,51,10
35689,8,689,46,10
35690,8,690,138,25
35691,8,691,39,10
35692,8,692,188,25
35693,8,693,46,10
35694,8,694,130,25
35695,8,695,34,10
35696,8,696,235,25
35697,8,697,300,25
35698,8,698,38,10
35699,8,699,33,10
35700,8,700,38,10
35701,8,701,51,10
35702,8,702,249,25
35703,8,703,58,10
35704,8,704,24,10
35705,8,705,55,10
35706,8,706,100,25
35707,8,707,250,25
35708,8,708,57,10
35709,8,709,105,25
35710,8,710,203,25
35711,8,711,99,25
35712,8,712,48,10
35713,8,713,7,5
35714,8,714,137,25
35715,8,715,21,10
35716,8,716,104,25
35717,8,717,100,25
35718,8,718,9,5
35719,8,719,53,10
35720,8,720,5,5
35721,8,721,129,25
35722,8,722,52,10
35723,8,723,27,10
35724,8,724,291,25
35725,8,725,169,25
35726,8,726,76,25
35727,8,727,44,10
35728,8,728,88,25
35729,8,729,18,10
35730,8,730,258,25
35731,8,731,42,10
35732,8,732,261,25
35733,8,733,184,25
35734,8,734,17,5
35735,8,735,156,25
35736,8,736,16,5
35737,8,737,120,25
35738,8,738,56,10
35739,8,739,121,25
35740,8,740,58,10
35741,8,741,101,25
35742,8,742,101,25
35743,8,743,19,10
35744,8,744,54,10
35745,8,745,18,5
35746,8,746,18,10
35747,8,747,193,25
35748,8,748,43,10
35749,8,749,181,25
35750,8,750,185,25
35751,8,751,13,5
35752,8,752,12,5
35753,8,753,19,10
35754,8,754,32,10
35755,8,755,10,5
35756,8,756,68,25
35757,8,757,45,10
35758,8,758,298,25
35759,8,759,69,25
35760,8,760,21,10
35761,8,761,22,10
35762,8,762,39,10
35763,8,763,91,25
35764,8,764,39,10
35765,8,765,31,10
35766,8,766,9,5
35767,8,767,15,10
35768,8,768,66,25
35769,8,769,228,25
35770,8,770,227,25
35771,8,771,216,25
35772,8,772,33,10
35773,8,773,34,10
35774,8,774,16,5
35775,8,775,21,10
35776,8,776,278,25
35777,8,777,154,25
35778,8,778,17,5
35779,8,779,278,25
35780,8,780,58,10
35781,8,781,62,25
35782,8,782,50,10
35783,8,783,15,5
35784,8,784,283,25
35785,8,785,217,25
35786,8,786,12,5
35787,8,787,56,10
35788,8,788,12,5
35789,8,789,56,10
35790,8,790,78,25
35791,8,791,59,10
35792,8,792,156,25
35793,8,793,52,10
35794,8,794,106,25
35795,8,795,52,10
35796,8,796,35,10
35797,8,797,65,25
35798,8,798,21,10
35799,8,799,50,10
35800,8,800,53,10
35801,8,801,5,5
35802,8,802,20,5
35803,8,803,18,10
35804,8,804,107,25
35805,8,805,25,10
35806,8,806,39,10
35807,8,807,35,10
35808,8,808,80,25
35809,8,809,70,25
35810,8,810,18,10
35811,8,811,194,25
35812,8,812,142,25
35813,8,813,22,10
35814,8,814,6,5
35815,8,815,72,25
35816,8,816,11,5
35817,8,817,6,5
35818,8,818,7,5
35819,8,819,133,25
35820,8,820,63,25
35821,8,821,72,25
35822,8,822,40,10
35823,8,823,53,10
35824,8,824,72,25
35825,8,825,35,10
35826,8,826,121,25
35827,8,827,44,10
35828,8,828,105,25
35829,8,829,248,25
35830,8,830,215,25
35831,8,831,29,10
35832,8,832,18,10
35833,8,833,32,10
35834,8,834,267,25
35835,8,835,21,10
35836,8,836,181,25
35837,8,837,153,25
35838,8,838,234,25
35839,8,839,44,10
35840,8,840,254,25
35841,8,841,45,10
35842,8,842,17,10
35843,8,843,56,10
35844,8,844,29,10
35845,8,845,272,25
35846,8,846,25,10
35847,8,847,34,10
35848,8,848,6,5
35849,8,849,20,10
35850,8,850,295,25
35851,8,851,15,5
35852,8,852,8,5
35853,8,853,19,10
35854,8,854,140,25
35855,8,855,131,25
35856,8,856,66,25
35857,8,857,12,5
35858,8,858,37,10
35859,8,859,92,25
35860,8,860,28,10
35861,8,861,13,5
35862,8,862,10,5
35863,8,863,44,10
35864,8,864,31,10
35865,8,865,51,10
35866,8,866,36,10
35867,8,867,298,25
35868,8,868,267,25
35869,8,869,294,25
35870,8,870,212,25
35871,8,871,191,25
35872,8,872,219,25
35873,8,873,82,25
35874,8,874,24,10
35875,8,875,13,5
35876,8,876,295,25
35877,8,877,253,25
35878,8,878,164,25
35879,8,879,43,10
35880,8,880,28,10
35881,8,881,44,10
35882,8,882,19,5
35883,8,883,43,10
35884,8,884,136,25
35885,8,885,204,25
35886,8,886,19,10
35887,8,887,35,10
35888,8,888,17,10
35889,8,889,79,25
35890,8,890,90,25
35891,8,891,53,10
35892,8,892,171,25
35893,8,893,16,5
35894,8,894,281,25
35895,8,895,19,5
35896,8,896,21,10
35897,8,897,141,25
35898,8,898,54,10
35899,8,899,149,25
35900,8,900,241,25
35901,8,901,170,25
35902,8,902,7,5
35903,8,903,101,25
35904,8,904,282,25
35905,8,905,28,10
35906,8,906,52,10
35907,8,907,17,5
35908,8,908,19,5
35909,8,909,103,25
35910,8,910,274,25
35911,8,911,26,10
35912,8,912,37,10
35913,8,913,33,10
35914,8,914,47,10
35915,8,915,278,25
35916,8,916,253,25
35917,8,917,111,25
35918,8,918,290,25
35919,8,919,37,10
35920,8,920,225,25
35921,8,921,170,25
35922,8,922,51,10
35923,8,923,103,25
35924,8,924,223,25
35925,8,925,249,25
35926,8,926,114,25
35927,8,927,45,10
35928,8,928,59,10
35929,8,929,226,25
35930,8,930,12,5
35931,8,931,18,5
35932,8,932,27,10
35933,8,933,42,10
35934,8,934,28,10
35935,8,935,95,25
35936,8,936,163,25
35937,8,937,59,10
35938,8,938,69,25
35939,8,939,52,10
35940,8,940,30,10
35941,8,941,140,25
35942,8,942,212,25
35943,8,943,27,10
35944,8,944,198,25
35945,8,945,186,25
35946,8,946,46,10
35947,8,947,6,5
35948,8,948,108,25
35949,8,949,285,25
35950,8,950,151,25
35951,8,951,176,25
35952,8,952,193,25
35953,8,953,211,25
35954,8,954,24,10
35955,8,955,12,5
35956,8,956,45,10
35957,8,957,45,10
35958,8,958,54,10
35959,8,959,216,25
35960,8,960,185,25
35961,8,961,208,25
35962,8,962,49,10
35963,8,963,57,10
35964,8,964,40,10
35965,8,965,15,5
35966,8,966,17,5
35967,8,967,101,25
35968,8,968,167,25
35969,8,969,49,10
35970,8,970,6,5
35971,8,971,28,10
35972,8,972,274,25
35973,8,973,52,10
35974,8,974,55,10
35975,8,975,218,25
35976,8,976,28,10
35977,8,977,44,10
35978,8,978,25,10
35979,8,979,230,25
35980,8,980,43,10
35981,8,981,35,10
35982,8,982,36,10
35983,8,983,20,5
35984,8,984,33,10
35985,8,985,43,10
35986,8,986,205,25
35987,8,987,107,25
35988,8,988,39,10
35989,8,989,110,25
35990,8,990,259,25
35991,8,991,168,25
35992,8,992,41,10
35993,8,993,240,25
35994,8,994,194,25
35995,8,995,271,25
35996,8,996,211,25
35997,8,997,30,10
35998,8,998,45,10
35999,8,999,56,10
36000,8,1000,198,25
36001,8,1001,29,10
36002,8,1002,147,25
36003,8,1003,108,25
36004,8,1004,274,25
36005,8,1005,244,25
36006,8,1006,22,10
36007,8,1007,147,25
36008,8,1008,58,25
36009,8,1009,6,5
36010,8,1010,60,25
36011,8,1011,157,25
36012,8,1012,148,25
36013,8,1013,7,5
36014,8,1014,20,5
36015,8,1015,18,5
36016,8,1016,12,5
36017,8,1017,16,10
36018,8,1018,30,10
36019,8,1019,20,10
36020,8,1020,19,10
36021,8,1021,48,10
36022,8,1022,8,5
36023,8,1023,49,10
36024,8,1024,62,25
36025,8,1025,24,10
36026,8,1026,195,25
36027,8,1027,103,25
36028,8,1028,122,25
36029,8,1029,48,10
36030,8,1030,21,10
36031,8,1031,111,25
36032,8,1032,26,10
36033,8,1033,87,25
36034,8,1034,109,25
36035,8,1035,54,25
36036,8,1036,18,5
36037,8,1037,144,25
36038,8,1038,9,5
36039,8,1039,219,25
36040,8,1040,19,10
36041,8,1041,17,5
36042,8,1042,143,25
36043,8,1043,59,10
36044,8,1044,95,25
36045,8,1045,243,25
36046,8,1046,198,25
36047,8,1047,5,5
36048,8,1048,33,10
36049,8,1049,40,10
36050,8,1050,198,25
36051,8,1051,245,25
36052,8,1052,58,25
36053,8,1053,22,10
36054,8,1054,111,25
36055,8,1055,20,5
36056,8,1056,96,25
36057,8,1057,189,25
36058,8,1058,58,25
36059,8,1059,45,10
36060,8,1060,35,10
36061,8,1061,9,5
36062,8,1062,179,25
36063,8,1063,13,5
36064,8,1064,6,5
36065,8,1065,126,25
36066,8,1066,184,25
36067,8,1067,26,10
36068,8,1068,14,5
36069,8,1069,50,10
36070,8,1070,59,10
36071,8,1071,93,25
36072,8,1072,25,10
36073,8,1073,199,25
36074,8,1074,264,25
36075,8,1075,120,25
36076,8,1076,35,10
36077,8,1077,80,25
36078,8,1078,286,25
36079,8,1079,108,25
36080,8,1080,273,25
36081,8,1081,59,10
36082,8,1082,53,10
36083,8,1083,57,10
36084,8,1084,18,5
36085,8,1085,58,25
36086,8,1086,29,10
36087,8,1087,111,25
36088,8,1088,187,25
36089,8,1089,174,25
36090,8,1090,16,5
36091,8,1091,26,10
36092,8,1092,17,5
36093,8,1093,7,5
36094,8,1094,31,10
36095,8,1095,16,5
36096,8,1096,34,10
36097,8,1097,217,25
36098,8,1098,28,10
36099,8,1099,210,25
36100,8,1100,122,25
36101,8,1101,16,5
36102,8,1102,46,10
36103,8,1103,246,25
36104,8,1104,165,25
36105,8,1105,53,10
36106,8,1106,30,10
36107,8,1107,31,10
36108,8,1108,38,10
36109,8,1109,15,5
36110,8,1110,26,10
36111,8,1111,22,10
36112,8,1112,255,25
36113,8,1113,250,25
36114,8,1114,20,5
36115,8,1115,32,10
36116,8,1116,266,25
36117,8,1117,20,5
36118,8,1118,51,10
36119,8,1119,14,5
36120,8,1120,15,5
36121,8,1121,44,10
36122,8,1122,271,25
36123,8,1123,25,10
36124,8,1124,243,25
36125,8,1125,19,10
36126,8,1126,259,25
36127,8,1127,184,25
36128,8,1128,15,10
36129,8,1129,34,10
36130,8,1130,132,25
36131,8,1131,269,25
36132,8,1132,49,10
36133,8,1133,254,25
36134,8,1134,9,5
36135,8,1135,19,10
36136,8,1136,19,10
36137,8,1137,284,25
36138,8,1138,206,25
36139,8,1139,291,25
36140,8,1140,20,10
36141,8,1141,204,25
36142,8,1142,194,25
36143,8,1143,253,25
36144,8,1144,182,25
36145,8,1145,45,10
36146,8,1146,60,10
36147,8,1147,54,10
36148,8,1148,287,25
36149,8,1149,11,5
36150,8,1150,40,10
36151,8,1151,165,25
36152,8,1152,13,5
36153,8,1153,18,5
36154,8,1154,40,10
36155,8,1155,178,25
36156,8,1156,44,10
36157,8,1157,9,5
36158,8,1158,24,10
36159,8,1159,33,10
36160,8,1160,39,10
36161,8,1161,196,25
36162,8,1162,46,10
36163,8,1163,28,10
36164,8,1164,207,25
36165,8,1165,252,25
36166,8,1166,25,10
36167,8,1167,270,25
36168,8,1168,19,10
36169,8,1169,5,5
36170,8,1170,58,10
36171,8,1171,33,10
36172,8,1172,57,10
36173,8,1173,268,25
36174,8,1174,16,5
36175,8,1175,89,25
36176,8,1176,60,10
36177,8,1177,150,25
36178,8,1178,202,25
36179,8,1179,27,10
36180,8,1180,155,25
36181,8,1181,103,25
36182,8,1182,56,10
36183,8,1183,56,10
36184,8,1184,256,25
36185,8,1185,34,10
36186,8,1186,195,25
36187,8,1187,58,25
36188,8,1188,33,10
36189,8,1189,125,25
36190,8,1190,18,5
36191,8,1191,221,25
36192,8,1192,15,5
36193,8,1193,238,25
36194,8,1194,94,25
36195,8,1195,211,25
36196,8,1196,57,25
36197,8,1197,26,10
36198,8,1198,156,25
36199,8,1199,215,25
36200,8,1200,39,10
36201,8,1201,182,25
36202,8,1202,60,10
36203,8,1203,87,25
36204,8,1204,38,10
36205,8,1205,11,5
36206,8,1206,48,10
36207,8,1207,220,25
36208,8,1208,42,10
36209,8,1209,266,25
36210,8,1210,40,10
36211,8,1211,42,10
36212,8,1212,263,25
36213,8,1213,278,25
36214,8,1214,47,10
36215,8,1215,114,25
36216,8,1216,16,5
36217,8,1217,60,10
36218,8,1218,28,10
36219,8,1219,5,5
36220,8,1220,46,10
36221,8,1221,20,10
36222,8,1222,116,25
36223,8,1223,17,5
36224,8,1224,83,25
36225,8,1225,224,25
36226,8,1226,84,25
36227,8,1227,120,25
36228,8,1228,68,25
36229,8,1229,11,5
36230,8,1230,91,25
36231,8,1231,38,10
36232,8,1232,8,5
36233,8,1233,28,10
36234,8,1234,20,5
36235,8,1235,275,25
36236,8,1236,16,5
36237,8,1237,167,25
36238,8,1238,15,5
36239,8,1239,54,10
36240,8,1240,11,5
36241,8,1241,22,10
36242,8,1242,112,25
36243,8,1243,268,25
36244,8,1244,44,10
36245,8,1245,20,5
36246,8,1246,88,25
36247,8,1247,66,25
36248,8,1248,22,10
36249,8,1249,201,25
36250,8,1250,115,25
36251,8,1251,214,25
36252,8,1252,171,25
36253,8,1253,128,25
36254,8,1254,126,25
36255,8,1255,38,10
36256,8,1256,15,5
36257,8,1257,267,25
36258,8,1258,99,25
36259,8,1259,253,25
36260,8,1260,26,10
36261,8,1261,232,25
36262,8,1262,261,25
36263,8,1263,59,25
36264,8,1264,34,10
36265,8,1265,104,25
36266,8,1266,298,25
36267,8,1267,123,25
36268,8,1268,15,5
36269,8,1269,5,5
36270,8,1270,20,5
36271,8,1271,232,25
36272,8,1272,35,10
36273,8,1273,261,25
36274,8,1274,6,5
36275,8,1275,175,25
36276,8,1276,298,25
36277,8,1277,10,5
36278,8,1278,15,10
36279,8,1279,55,10
36280,8,1280,202,25
36281,8,1281,60,10
36282,8,1282,132,25
36283,8,1283,41,10
36284,8,1284,33,10
36285,8,1285,230,25
36286,8,1286,14,5
36287,8,1287,36,10
36288,8,1288,17,5
36289,8,1289,47,10
36290,8,1290,20,5
36291,8,1291,217,25
36292,8,1292,110,25
36293,8,1293,55,25
36294,8,1294,128,25
36295,8,1295,176,25
36296,8,1296,12,5
36297,8,1297,10,5
36298,8,1298,114,25
36299,8,1299,37,10
36300,8,1300,12,5
36301,8,1301,35,10
36302,8,1302,21,10
36303,8,1303,57,10
36304,8,1304,15,5
36305,8,1305,12,5
36306,8,1306,16,5
36307,8,1307,8,5
36308,8,1308,194,25
36309,8,1309,53,10
36310,8,1310,107,25
36311,8,1311,49,10
36312,8,1312,21,10
36313,8,1313,15,5
36314,8,1314,13,5
36315,8,1315,93,25
36316,8,1316,34,10
36317,8,1317,16,5
36318,8,1318,241,25
36319,8,1319,30,10
36320,8,1320,269,25
36321,8,1321,173,25
36322,8,1322,294,25
36323,8,1323,69,25
36324,8,1324,7,5
36325,8,1325,53,10
36326,8,1326,51,10
36327,8,1327,49,10
36328,8,1328,7,5
36329,8,1329,50,25
36330,8,1330,268,25
36331,8,1331,37,10
36332,8,1332,44,10
36333,8,1333,272,25
36334,8,1334,11,5
36335,8,1335,20,10
36336,8,1336,45,10
36337,8,1337,9,5
36338,8,1338,115,25
36339,8,1339,164,25
36340,8,1340,233,25
36341,8,1341,12,5
36342,8,1342,18,5
36343,8,1343,51,10
36344,8,1344,52,10
36345,8,1345,69,25
36346,8,1346,213,25
36347,8,1347,14,5
36348,8,1348,126,25
36349,8,1349,11,5
36350,8,1350,135,25
36351,8,1351,35,10
36352,8,1352,231,25
36353,8,1353,36,10
36354,8,1354,37,10
36355,8,1355,37,10
36356,8,1356,89,25
36357,8,1357,33,10
36358,8,1358,280,25
36359,8,1359,96,25
36360,8,1360,16,5
36361,8,1361,48,10
36362,8,1362,25,10
36363,8,1363,268,25
36364,8,1364,49,10
36365,8,1365,84,25
36366,8,1366,40,10
36367,8,1367,58,10
36368,8,1368,238,25
36369,8,1369,12,5
36370,8,1370,149,25
36371,8,1371,53,10
36372,8,1372,40,10
36373,8,1373,91,25
36374,8,1374,199,25
36375,8,1375,30,10
36376,8,1376,50,25
36377,8,1377,266,25
36378,8,1378,13,5
36379,8,1379,234,25
36380,8,1380,42,10
36381,8,1381,99,25
36382,8,1382,148,25
36383,8,1383,209,25
36384,8,1384,194,25
36385,8,1385,104,25
36386,8,1386,60,10
36387,8,1387,34,10
36388,8,1388,191,25
36389,8,1389,33,10
36390,8,1390,16,10
36391,8,1391,133,25
36392,8,1392,24,10
36393,8,1393,20,10
36394,8,1394,114,25
36395,8,1395,281,25
36396,8,1396,56,25
36397,8,1397,23,10
36398,8,1398,46,10
36399,8,1399,101,25
36400,8,1400,98,25
36401,8,1401,74,25
36402,8,1402,58,25
36403,8,1403,60,10
36404,8,1404,106,25
36405,8,1405,115,25
36406,8,1406,105,25
36407,8,1407,298,25
36408,8,1408,151,25
36409,8,1409,57,10
36410,8,1410,181,25
36411,8,1411,18,5
36412,8,1412,82,25
36413,8,1413,233,25
36414,8,1414,23,10
36415,8,1415,254,25
36416,8,1416,39,10
36417,8,1417,15,10
36418,8,1418,17,10
36419,8,1419,20,5
36420,8,1420,41,10
36421,8,1421,31,10
36422,8,1422,76,25
36423,8,1423,117,25
36424,8,1424,155,25
36425,8,1425,131,25
36426,8,1426,100,25
36427,8,1427,53,10
36428,8,1428,40,10
36429,8,1429,282,25
36430,8,1430,258,25
36431,8,1431,7,5
36432,8,1432,280,25
36433,8,1433,36,10
36434,8,1434,15,10
36435,8,1435,218,25
36436,8,1436,52,25
36437,8,1437,15,5
36438,8,1438,20,5
36439,8,1439,48,10
36440,8,1440,170,25
36441,8,1441,10,5
36442,8,1442,18,10
36443,8,1443,19,5
36444,8,1444,17,5
36445,8,1445,159,25
36446,8,1446,49,10
36447,8,1447,113,25
36448,8,1448,209,25
36449,8,1449,202,25
36450,8,1450,46,10
36451,8,1451,154,25
36452,8,1452,48,10
36453,8,1453,52,10
36454,8,1454,16,5
36455,8,1455,81,25
36456,8,1456,36,10
36457,8,1457,15,10
36458,8,1458,137,25
36459,8,1459,250,25
36460,8,1460,188,25
36461,8,1461,29,10
36462,8,1462,253,25
36463,8,1463,279,25
36464,8,1464,197,25
36465,8,1465,18,10
36466,8,1466,25,10
36467,8,1467,44,10
36468,8,1468,50,10
36469,8,1469,28,10
36470,8,1470,39,10
36471,8,1471,245,25
36472,8,1472,91,25
36473,8,1473,53,10
36474,8,1474,37,10
36475,8,1475,12,5
36476,8,1476,54,10
36477,8,1477,124,25
36478,8,1478,54,10
36479,8,1479,35,10
36480,8,1480,15,10
36481,8,1481,163,25
36482,8,1482,87,25
36483,8,1483,22,10
36484,8,1484,283,25
36485,8,1485,91,25
36486,8,1486,55,10
36487,8,1487,152,25
36488,8,1488,166,25
36489,8,1489,177,25
36490,8,1490,171,25
36491,8,1491,189,25
36492,8,1492,207,25
36493,8,1493,51,10
36494,8,1494,72,25
36495,8,1495,11,5
36496,8,1496,76,25
36497,8,1497,12,5
36498,8,1498,258,25
36499,8,1499,5,5
36500,8,1500,8,5
36501,8,1501,6,5
36502,8,1502,70,25
36503,8,1503,50,10
36504,8,1504,21,10
36505,8,1505,134,25
36506,8,1506,281,25
36507,8,1507,36,10
36508,8,1508,207,25
36509,8,1509,8,5
36510,8,1510,172,25
36511,8,1511,207,25
36512,8,1512,53,10
36513,8,1513,35,10
36514,8,1514,176,25
36515,8,1515,47,10
36516,8,1516,261,25
36517,8,1517,196,25
36518,8,1518,54,10
36519,8,1519,59,25
36520,8,1520,108,25
36521,8,1521,228,25
36522,8,1522,52,25
36523,8,1523,48,10
36524,8,1524,19,5
36525,8,1525,24,10
36526,8,1526,15,5
36527,8,1527,8,5
36528,8,1528,141,25
36529,8,1529,223,25
36530,8,1530,211,25
36531,8,1531,61,25
36532,8,1532,99,25
36533,8,1533,22,10
36534,8,1534,47,10
36535,8,1535,11,5
36536,8,1536,35,10
36537,8,1537,48,10
36538,8,1538,27,10
36539,8,1539,45,10
36540,8,1540,76,25
36541,8,1541,193,25
36542,8,1542,54,25
36543,8,1543,269,25
36544,8,1544,129,25
36545,8,1545,100,25
36546,8,1546,248,25
36547,8,1547,214,25
36548,8,1548,159,25
36549,8,1549,9,5
36550,8,1550,45,10
36551,8,1551,50,25
36552,8,1552,17,10
36553,8,1553,52,10
36554,8,1554,85,25
36555,8,1555,29,10
36556,8,1556,19,5
36557,8,1557,46,10
36558,8,1558,46,10
36559,8,1559,5,5
36560,8,1560,65,25
36561,8,1561,24,10
36562,8,1562,7,5
36563,8,1563,14,5
36564,8,1564,39,10
36565,8,1565,86,25
36566,8,1566,60,10
36567,8,1567,266,25
36568,8,1568,26,10
36569,8,1569,18,10
36570,8,1570,25,10
36571,8,1571,20,5
36572,8,1572,28,10
36573,8,1573,156,25
36574,8,1574,15,10
36575,8,1575,46,10
36576,8,1576,25,10
36577,8,1577,104,25
36578,8,1578,48,10
36579,8,1579,42,10
36580,8,1580,133,25
36581,8,1581,31,10
36582,8,1582,12,5
36583,8,1583,57,25
36584,8,1584,11,5
36585,8,1585,274,25
36586,8,1586,26,10
36587,8,1587,275,25
36588,8,1588,131,25
36589,8,1589,49,10
36590,8,1590,22,10
36591,8,1591,44,10
36592,8,1592,223,25
36593,8,1593,10,5
36594,8,1594,258,25
36595,8,1595,38,10
36596,8,1596,37,10
36597,8,1597,218,25
36598,8,1598,9,5
36599,8,1599,20,10
36600,8,1600,234,25
36601,8,1601,57,10
36602,8,1602,120,25
36603,8,1603,26,10
36604,8,1604,43,10
36605,8,1605,56,10
36606,8,1606,14,5
36607,8,1607,227,25
36608,8,1608,109,25
36609,8,1609,141,25
36610,8,1610,139,25
36611,8,1611,187,25
36612,8,1612,180,25
36613,8,1613,151,25
36614,8,1614,152,25
36615,8,1615,15,5
36616,8,1616,37,10
36617,8,1617,224,25
36618,8,1618,26,10
36619,8,1619,6,5
36620,8,1620,157,25
36621,8,1621,51,10
36622,8,1622,55,10
36623,8,1623,86,25
36624,8,1624,284,25
36625,8,1625,264,25
36626,8,1626,113,25
36627,8,1627,42,10
36628,8,1628,28,10
36629,8,1629,81,25
36630,8,1630,25,10
36631,8,1631,60,25
36632,8,1632,53,10
36633,8,1633,224,25
36634,8,1634,17,5
36635,8,1635,44,10
36636,8,1636,120,25
36637,8,1637,98,25
36638,8,1638,57,10
36639,8,1639,291,25
36640,8,1640,53,10
36641,8,1641,192,25
36642,8,1642,41,10
36643,8,1643,5,5
36644,8,1644,10,5
36645,8,1645,16,10
36646,8,1646,279,25
36647,8,1647,14,5
36648,8,1648,91,25
36649,8,1649,18,5
36650,8,1650,25,10
36651,8,1651,52,10
36652,8,1652,262,25
36653,8,1653,52,10
36654,8,1654,119,25
36655,8,1655,17,5
36656,8,1656,52,25
36657,8,1657,97,25
36658,8,1658,57,10
36659,8,1659,53,10
36660,8,1660,59,10
36661,8,1661,53,10
36662,8,1662,218,25
36663,8,1663,27,10
36664,8,1664,92,25
36665,8,1665,270,25
36666,8,1666,56,10
36667,8,1667,65,25
36668,8,1668,57,10
36669,8,1669,16,5
36670,8,1670,264,25
36671,8,1671,6,5
36672,8,1672,7,5
36673,8,1673,14,5
36674,8,1674,50,10
36675,8,1675,175,25
36676,8,1676,34,10
36677,8,1677,24,10
36678,8,1678,37,10
36679,8,1679,67,25
36680,8,1680,65,25
36681,8,1681,54,10
36682,8,1682,50,10
36683,8,1683,242,25
36684,8,1684,55,10
36685,8,1685,12,5
36686,8,1686,45,10
36687,8,1687,28,10
36688,8,1688,148,25
36689,8,1689,51,10
36690,8,1690,271,25
36691,8,1691,113,25
36692,8,1692,20,5
36693,8,1693,17,10
36694,8,1694,28,10
36695,8,1695,225,25
36696,8,1696,59,25
36697,8,1697,31,10
36698,8,1698,10,5
36699,8,1699,45,10
36700,8,1700,233,25
36701,8,1701,272,25
36702,8,1702,119,25
36703,8,1703,136,25
36704,8,1704,71,25
36705,8,1705,292,25
36706,8,1706,53,25
36707,8,1707,102,25
36708,8,1708,83,25
36709,8,1709,41,10
36710,8,1710,19,10
36711,8,1711,6,5
36712,8,1712,111,25
36713,8,1713,285,25
36714,8,1714,7,5
36715,8,1715,49,10
36716,8,1716,18,5
36717,8,1717,199,25
36718,8,1718,44,10
36719,8,1719,19,5
36720,8,1720,73,25
36721,8,1721,157,25
36722,8,1722,208,25
36723,8,1723,16,5
36724,8,1724,46,10
36725,8,1725,21,10
36726,8,1726,181,25
36727,8,1727,10,5
36728,8,1728,178,25
36729,8,1729,252,25
36730,8,1730,177,25
36731,8,1731,40,10
36732,8,1732,22,10
36733,8,1733,36,10
36734,8,1734,53,10
36735,8,1735,10,5
36736,8,1736,42,10
36737,8,1737,78,25
36738,8,1738,287,25
36739,8,1739,32,10
36740,8,1740,19,5
36741,8,1741,38,10
36742,8,1742,8,5
36743,8,1743,185,25
36744,8,1744,16,10
36745,8,1745,169,25
36746,8,1746,8,5
36747,8,1747,34,10
36748,8,1748,13,5
36749,8,1749,15,5
36750,8,1750,16,10
36751,8,1751,90,25
36752,8,1752,48,10
36753,8,1753,144,25
36754,8,1754,35,10
36755,8,1755,57,25
36756,8,1756,48,10
36757,8,1757,121,25
36758,8,1758,8,5
36759,8,1759,26,10
36760,8,1760,106,25
36761,8,1761,159,25
36762,8,1762,12,5
36763,8,1763,51,10
36764,8,1764,194,25
36765,8,1765,28,10
36766,8,1766,10,5
36767,8,1767,59,25
36768,8,1768,57,10
36769,8,1769,120,25
36770,8,1770,271,25
36771,8,1771,17,5
36772,8,1772,31,10
36773,8,1773,43,10
36774,8,1774,128,25
36775,8,1775,9,5
36776,8,1776,67,25
36777,8,1777,5,5
36778,8,1778,37,10
36779,8,1779,27,10
36780,8,1780,34,10
36781,8,1781,203,25
36782,8,1782,53,25
36783,8,1783,152,25
36784,8,1784,5,5
36785,8,1785,53,10
36786,8,1786,6,5
36787,8,1787,174,25
36788,8,1788,179,25
36789,8,1789,53,10
36790,8,1790,179,25
36791,8,1791,7,5
36792,8,1792,172,25
36793,8,1793,121,25
36794,8,1794,137,25
36795,8,1795,24,10
36796,8,1796,7,5
36797,8,1797,7,5
36798,8,1798,16,10
36799,8,1799,60,10
36800,8,1800,177,25
36801,8,1801,274,25
36802,8,1802,186,25
36803,8,1803,176,25
36804,8,1804,140,25
36805,8,1805,37,10
36806,8,1806,282,25
36807,8,1807,18,10
36808,8,1808,195,25
36809,8,1809,223,25
36810,8,1810,179,25
36811,8,1811,33,10
36812,8,1812,45,10
36813,8,1813,229,25
36814,8,1814,48,10
36815,8,1815,6,5
36816,8,1816,168,25
36817,8,1817,8,5
36818,8,1818,104,25
36819,8,1819,225,25
36820,8,1820,116,25
36821,8,1821,53,10
36822,8,1822,177,25
36823,8,1823,95,25
36824,8,1824,19,5
36825,8,1825,236,25
36826,8,1826,32,10
36827,8,1827,58,25
36828,8,1828,15,10
36829,8,1829,13,5
36830,8,1830,279,25
36831,8,1831,24,10
36832,8,1832,10,5
36833,8,1833,51,10
36834,8,1834,60,10
36835,8,1835,84,25
36836,8,1836,232,25
36837,8,1837,81,25
36838,8,1838,232,25
36839,8,1839,40,10
36840,8,1840,57,10
36841,8,1841,37,10
36842,8,1842,30,10
36843,8,1843,174,25
36844,8,1844,69,25
36845,8,1845,42,10
36846,8,1846,17,5
36847,8,1847,25,10
36848,8,1848,126,25
36849,8,1849,116,25
36850,8,1850,31,10
36851,8,1851,245,25
36852,8,1852,18,5
36853,8,1853,45,10
36854,8,1854,62,25
36855,8,1855,25,10
36856,8,1856,46,10
36857,8,1857,5,5
36858,8,1858,56,10
36859,8,1859,268,25
36860,8,1860,48,10
36861,8,1861,39,10
36862,8,1862,253,25
36863,8,1863,34,10
36864,8,1864,100,25
36865,8,1865,56,10
36866,8,1866,44,10
36867,8,1867,53,10
36868,8,1868,30,10
36869,8,1869,36,10
36870,8,1870,42,10
36871,8,1871,13,5
36872,8,1872,5,5
36873,8,1873,15,5
36874,8,1874,20,5
36875,8,1875,16,5
36876,8,1876,15,5
36877,8,1877,143,25
36878,8,1878,262,25
36879,8,1879,193,25
36880,8,1880,24,10
36881,8,1881,245,25
36882,8,1882,45,10
36883,8,1883,41,10
36884,8,1884,182,25
36885,8,1885,16,10
36886,8,1886,281,25
36887,8,1887,60,10
36888,8,1888,269,25
36889,8,1889,86,25
36890,8,1890,105,25
36891,8,1891,34,10
36892,8,1892,257,25
36893,8,1893,12,5
36894,8,1894,153,25
36895,8,1895,60,25
36896,8,1896,300,25
36897,8,1897,120,25
36898,8,1898,23,10
36899,8,1899,161,25
36900,8,1900,52,10
36901,8,1901,291,25
36902,8,1902,34,10
36903,8,1903,54,10
36904,8,1904,158,25
36905,8,1905,146,25
36906,8,1906,19,10
36907,8,1907,40,10
36908,8,1908,279,25
36909,8,1909,16,5
36910,8,1910,17,5
36911,8,1911,18,5
36912,8,1912,203,25
36913,8,1913,43,10
36914,8,1914,54,10
36915,8,1915,11,5
36916,8,1916,8,5
36917,8,1917,130,25
36918,8,1918,18,5
36919,8,1919,14,5
36920,8,1920,206,25
36921,8,1921,35,10
36922,8,1922,219,25
36923,8,1923,18,5
36924,8,1924,14,5
36925,8,1925,57,10
36926,8,1926,237,25
36927,8,1927,29,10
36928,8,1928,182,25
36929,8,1929,221,25
36930,8,1930,169,25
36931,8,1931,13,5
36932,8,1932,54,10
36933,8,1933,52,10
36934,8,1934,195,25
36935,8,1935,16,10
36936,8,1936,68,25
36937,8,1937,100,25
36938,8,1938,31,10
36939,8,1939,19,10
36940,8,1940,72,25
36941,8,1941,19,5
36942,8,1942,33,10
36943,8,1943,18,5
36944,8,1944,9,5
36945,8,1945,169,25
36946,8,1946,38,10
36947,8,1947,16,10
36948,8,1948,18,5
36949,8,1949,209,25
36950,8,1950,55,10
36951,8,1951,118,25
36952,8,1952,47,10
36953,8,1953,21,10
36954,8,1954,288,25
36955,8,1955,79,25
36956,8,1956,133,25
36957,8,1957,12,5
36958,8,1958,14,5
36959,8,1959,128,25
36960,8,1960,149,25
36961,8,1961,38,10
36962,8,1962,46,10
36963,8,1963,296,25
36964,8,1964,19,10
36965,8,1965,87,25
36966,8,1966,152,25
36967,8,1967,192,25
36968,8,1968,216,25
36969,8,1969,18,10
36970,8,1970,49,10
36971,8,1971,201,25
36972,8,1972,31,10
36973,8,1973,194,25
36974,8,1974,37,10
36975,8,1975,192,25
36976,8,1976,268,25
36977,8,1977,8,5
36978,8,1978,28,10
36979,8,1979,79,25
36980,8,1980,42,10
36981,8,1981,34,10
36982,8,1982,165,25
36983,8,1983,27,10
36984,8,1984,135,25
36985,8,1985,11,5
36986,8,1986,46,10
36987,8,1987,68,25
36988,8,1988,48,10
36989,8,1989,51,10
36990,8,1990,288,25
36991,8,1991,45,10
36992,8,1992,13,5
36993,8,1993,13,5
36994,8,1994,96,25
36995,8,1995,21,10
36996,8,1996,95,25
36997,8,1997,14,5
36998,8,1998,54,10
36999,8,1999,226,25
37000,8,2000,36,10
37001,8,2001,9,5
37002,8,2002,230,25
37003,8,2003,95,25
37004,8,2004,5,5
37005,8,2005,74,25
37006,8,2006,42,10
37007,8,2007,17,10
37008,8,2008,15,5
37009,8,2009,278,25
37010,8,2010,42,10
37011,8,2011,52,10
37012,8,2012,131,25
37013,8,2013,39,10
37014,8,2014,37,10
37015,8,2015,188,25
37016,8,2016,21,10
37017,8,2017,5,5
37018,8,2018,112,25
37019,8,2019,83,25
37020,8,2020,206,25
37021,8,2021,19,5
37022,8,2022,35,10
37023,8,2023,20,10
37024,8,2024,132,25
37025,8,2025,10,5
37026,8,2026,166,25
37027,8,2027,14,5
37028,8,2028,5,5
37029,8,2029,98,25
37030,8,2030,197,25
37031,8,2031,45,10
37032,8,2032,51,10
37033,8,2033,10,5
37034,8,2034,71,25
37035,8,2035,100,25
37036,8,2036,234,25
37037,8,2037,6,5
37038,8,2038,27,10
37039,8,2039,42,10
37040,8,2040,29,10
37041,8,2041,54,25
37042,8,2042,180,25
37043,8,2043,216,25
37044,8,2044,22,10
37045,8,2045,172,25
37046,8,2046,291,25
37047,8,2047,288,25
37048,8,2048,18,5
37049,8,2049,195,25
37050,8,2050,97,25
37051,8,2051,14,5
37052,8,2052,8,5
37053,8,2053,50,10
37054,8,2054,36,10
37055,8,2055,76,25
37056,8,2056,82,25
37057,8,2057,11,5
37058,8,2058,118,25
37059,8,2059,120,25
37060,8,2060,66,25
37061,8,2061,112,25
37062,8,2062,107,25
37063,8,2063,161,25
37064,8,2064,127,25
37065,8,2065,22,10
37066,8,2066,8,5
37067,8,2067,296,25
37068,8,2068,17,10
37069,8,2069,282,25
37070,8,2070,28,10
37071,8,2071,15,5
37072,8,2072,16,5
37073,8,2073,71,25
37074,8,2074,108,25
37075,8,2075,276,25
37076,8,2076,55,10
37077,8,2077,289,25
37078,8,2078,252,25
37079,8,2079,137,25
37080,8,2080,21,10
37081,8,2081,16,10
37082,8,2082,150,25
37083,8,2083,26,10
37084,8,2084,41,10
37085,8,2085,36,10
37086,8,2086,13,5
37087,8,2087,22,10
37088,8,2088,39,10
37089,8,2089,9,5
37090,8,2090,33,10
37091,8,2091,23,10
37092,8,2092,102,25
37093,8,2093,276,25
37094,8,2094,233,25
37095,8,2095,10,5
37096,8,2096,51,10
37097,8,2097,44,10
37098,8,2098,23,10
37099,8,2099,96,25
37100,8,2100,109,25
37101,8,2101,76,25
37102,8,2102,178,25
37103,8,2103,106,25
37104,8,2104,28,10
37105,8,2105,17,5
37106,8,2106,49,10
37107,8,2107,41,10
37108,8,2108,14,5
37109,8,2109,279,25
37110,8,2110,16,10
37111,8,2111,118,25
37112,8,2112,9,5
37113,8,2113,79,25
37114,8,2114,155,25
37115,8,2115,167,25
37116,8,2116,31,10
37117,8,2117,275,25
37118,8,2118,283,25
37119,8,2119,122,25
37120,8,2120,12,5
37121,8,2121,49,10
37122,8,2122,163,25
37123,8,2123,113,25
37124,8,2124,139,25
37125,8,2125,250,25
37126,8,2126,42,10
37127,8,2127,44,10
37128,8,2128,53,10
37129,8,2129,60,10
37130,8,2130,7,5
37131,8,2131,57,25
37132,8,2132,137,25
37133,8,2133,216,25
37134,8,2134,16,5
37135,8,2135,32,10
37136,8,2136,51,10
37137,8,2137,56,10
37138,8,2138,146,25
37139,8,2139,182,25
37140,8,2140,56,10
37141,8,2141,299,25
37142,8,2142,7,5
37143,8,2143,93,25
37144,8,2144,267,25
37145,8,2145,110,25
37146,8,2146,232,25
37147,8,2147,63,25
37148,8,2148,45,10
37149,8,2149,57,10
37150,8,2150,40,10
37151,8,2151,38,10
37152,8,2152,13,5
37153,8,2153,14,5
37154,8,2154,26,10
37155,8,2155,12,5
37156,8,2156,268,25
37157,8,2157,55,10
37158,8,2158,188,25
37159,8,2159,16,5
37160,8,2160,15,10
37161,8,2161,43,10
37162,8,2162,165,25
37163,8,2163,12,5
37164,8,2164,34,10
37165,8,2165,23,10
37166,8,2166,88,25
37167,8,2167,11,5
37168,8,2168,52,10
37169,8,2169,64,25
37170,8,2170,216,25
37171,8,2171,36,10
37172,8,2172,11,5
37173,8,2173,54,25
37174,8,2174,88,25
37175,8,2175,41,10
37176,8,2176,39,10
37177,8,2177,284,25
37178,8,2178,132,25
37179,8,2179,79,25
37180,8,2180,290,25
37181,8,2181,257,25
37182,8,2182,57,10
37183,8,2183,48,10
37184,8,2184,67,25
37185,8,2185,280,25
37186,8,2186,47,10
37187,8,2187,42,10
37188,8,2188,194,25
37189,8,2189,20,5
37190,8,2190,8,5
37191,8,2191,297,25
37192,8,2192,27,10
37193,8,2193,77,25
37194,8,2194,84,25
37195,8,2195,49,10
37196,8,2196,283,25
37197,8,2197,59,10
37198,8,2198,28,10
37199,8,2199,16,5
37200,8,2200,18,5
37201,8,2201,34,10
37202,8,2202,9,5
37203,8,2203,43,10
37204,8,2204,46,10
37205,8,2205,16,10
37206,8,2206,292,25
37207,8,2207,45,10
37208,8,2208,51,10
37209,8,2209,60,10
37210,8,2210,60,10
37211,8,2211,50,10
37212,8,2212,33,10
37213,8,2213,55,10
37214,8,2214,195,25
37215,8,2215,285,25
37216,8,2216,31,10
37217,8,2217,135,25
37218,8,2218,226,25
37219,8,2219,45,10
37220,8,2220,31,10
37221,8,2221,199,25
37222,8,2222,274,25
37223,8,2223,244,25
37224,8,2224,13,5
37225,8,2225,51,10
37226,8,2226,17,10
37227,8,2227,21,10
37228,8,2228,165,25
37229,8,2229,255,25
37230,8,2230,47,10
37231,8,2231,168,25
37232,8,2232,94,25
37233,8,2233,18,10
37234,8,2234,160,25
37235,8,2235,33,10
37236,8,2236,289,25
37237,8,2237,300,25
37238,8,2238,118,25
37239,8,2239,16,10
37240,8,2240,22,10
37241,8,2241,107,25
37242,8,2242,25,10
37243,8,2243,293,25
37244,8,2244,51,10
37245,8,2245,18,5
37246,8,2246,20,5
37247,8,2247,8,5
37248,8,2248,18,5
37249,8,2249,32,10
37250,8,2250,118,25
37251,8,2251,55,10
37252,8,2252,17,10
37253,8,2253,63,25
37254,8,2254,20,5
37255,8,2255,288,25
37256,8,2256,220,25
37257,8,2257,57,10
37258,8,2258,115,25
37259,8,2259,238,25
37260,8,2260,11,5
37261,8,2261,19,5
37262,8,2262,86,25
37263,8,2263,15,5
37264,8,2264,222,25
37265,8,2265,237,25
37266,8,2266,277,25
37267,8,2267,97,25
37268,8,2268,40,10
37269,8,2269,5,5
37270,8,2270,51,10
37271,8,2271,19,10
37272,8,2272,33,10
37273,8,2273,18,5
37274,8,2274,268,25
37275,8,2275,27,10
37276,8,2276,250,25
37277,8,2277,42,10
37278,8,2278,49,10
37279,8,2279,17,5
37280,8,2280,44,10
37281,8,2281,143,25
37282,8,2282,18,5
37283,8,2283,22,10
37284,8,2284,17,10
37285,8,2285,44,10
37286,8,2286,20,10
37287,8,2287,197,25
37288,8,2288,16,10
37289,8,2289,108,25
37290,8,2290,250,25
37291,8,2291,5,5
37292,8,2292,45,10
37293,8,2293,22,10
37294,8,2294,131,25
37295,8,2295,161,25
37296,8,2296,53,10
37297,8,2297,276,25
37298,8,2298,40,10
37299,8,2299,36,10
37300,8,2300,17,10
37301,8,2301,138,25
37302,8,2302,251,25
37303,8,2303,254,25
37304,8,2304,17,10
37305,8,2305,7,5
37306,8,2306,127,25
37307,8,2307,14,5
37308,8,2308,48,10
37309,8,2309,60,10
37310,8,2310,177,25
37311,8,2311,235,25
37312,8,2312,76,25
37313,8,2313,38,10
37314,8,2314,49,10
37315,8,2315,97,25
37316,8,2316,21,10
37317,8,2317,7,5
37318,8,2318,228,25
37319,8,2319,220,25
37320,8,2320,132,25
37321,8,2321,20,5
37322,8,2322,147,25
37323,8,2323,265,25
37324,8,2324,167,25
37325,8,2325,46,10
37326,8,2326,20,10
37327,8,2327,268,25
37328,8,2328,46,10
37329,8,2329,5,5
37330,8,2330,18,5
37331,8,2331,31,10
37332,8,2332,39,10
37333,8,2333,69,25
37334,8,2334,51,10
37335,8,2335,289,25
37336,8,2336,269,25
37337,8,2337,153,25
37338,8,2338,275,25
37339,8,2339,255,25
37340,8,2340,145,25
37341,8,2341,52,25
37342,8,2342,110,25
37343,8,2343,48,10
37344,8,2344,51,10
37345,8,2345,113,25
37346,8,2346,41,10
37347,8,2347,256,25
37348,8,2348,88,25
37349,8,2349,37,10
37350,8,2350,243,25
37351,8,2351,229,25
37352,8,2352,198,25
37353,8,2353,296,25
37354,8,2354,200,25
37355,8,2355,26,10
37356,8,2356,52,10
37357,8,2357,30,10
37358,8,2358,7,5
37359,8,2359,165,25
37360,8,2360,91,25
37361,8,2361,134,25
37362,8,2362,91,25
37363,8,2363,94,25
37364,8,2364,103,25
37365,8,2365,52,10
37366,8,2366,186,25
37367,8,2367,44,10
37368,8,2368,5,5
37369,8,2369,206,25
37370,8,2370,112,25
37371,8,2371,53,10
37372,8,2372,13,5
37373,8,2373,43,10
37374,8,2374,58,25
37375,8,2375,60,10
37376,8,2376,60,10
37377,8,2377,269,25
37378,8,2378,26,10
37379,8,2379,5,5
37380,8,2380,35,10
37381,8,2381,222,25
37382,8,2382,23,10
37383,8,2383,202,25
37384,8,2384,244,25
37385,8,2385,6,5
37386,8,2386,59,10
37387,8,2387,113,25
37388,8,2388,57,10
37389,8,2389,5,5
37390,8,2390,84,25
37391,8,2391,42,10
37392,8,2392,51,10
37393,8,2393,8,5
37394,8,2394,266,25
37395,8,2395,280,25
37396,8,2396,9,5
37397,8,2397,189,25
37398,8,2398,281,25
37399,8,2399,264,25
37400,8,2400,60,10
37401,8,2401,14,5
37402,8,2402,34,10
37403,8,2403,232,25
37404,8,2404,299,25
37405,8,2405,267,25
37406,8,2406,208,25
37407,8,2407,52,25
37408,8,2408,43,10
37409,8,2409,16,10
37410,8,2410,11,5
37411,8,2411,157,25
37412,8,2412,20,10
37413,8,2413,33,10
37414,8,2414,15,5
37415,8,2415,38,10
37416,8,2416,194,25
37417,8,2417,25,10
37418,8,2418,46,10
37419,8,2419,221,25
37420,8,2420,17,10
37421,8,2421,195,25
37422,8,2422,17,10
37423,8,2423,22,10
37424,8,2424,129,25
37425,8,2425,56,10
37426,8,2426,47,10
37427,8,2427,20,10
37428,8,2428,17,10
37429,8,2429,293,25
37430,8,2430,5,5
37431,8,2431,255,25
37432,8,2432,267,25
37433,8,2433,44,10
37434,8,2434,21,10
37435,8,2435,37,10
37436,8,2436,174,25
37437,8,2437,23,10
37438,8,2438,14,5
37439,8,2439,263,25
37440,8,2440,15,5
37441,8,2441,223,25
37442,8,2442,57,10
37443,8,2443,168,25
37444,8,2444,183,25
37445,8,2445,57,10
37446,8,2446,9,5
37447,8,2447,50,10
37448,8,2448,33,10
37449,8,2449,149,25
37450,8,2450,176,25
37451,8,2451,66,25
37452,8,2452,251,25
37453,8,2453,57,25
37454,8,2454,127,25
37455,8,2455,144,25
37456,8,2456,41,10
37457,8,2457,5,5
37458,8,2458,40,10
37459,8,2459,23,10
37460,8,2460,23,10
37461,8,2461,17,5
37462,8,2462,60,10
37463,8,2463,21,10
37464,8,2464,14,5
37465,8,2465,34,10
37466,8,2466,46,10
37467,8,2467,25,10
37468,8,2468,18,10
37469,8,2469,210,25
37470,8,2470,241,25
37471,8,2471,18,10
37472,8,2472,103,25
37473,8,2473,51,10
37474,8,2474,30,10
37475,8,2475,47,10
37476,8,2476,55,10
37477,8,2477,34,10
37478,8,2478,15,10
37479,8,2479,135,25
37480,8,2480,219,25
37481,8,2481,18,10
37482,8,2482,260,25
37483,8,2483,14,5
37484,8,2484,22,10
37485,8,2485,60,10
37486,8,2486,225,25
37487,8,2487,192,25
37488,8,2488,70,25
37489,8,2489,38,10
37490,8,2490,273,25
37491,8,2491,53,10
37492,8,2492,22,10
37493,8,2493,170,25
37494,8,2494,113,25
37495,8,2495,16,5
37496,8,2496,20,10
37497,8,2497,24,10
37498,8,2498,297,25
37499,8,2499,60,25
37500,8,2500,199,25
37501,8,2501,186,25
37502,8,2502,8,5
37503,8,2503,8,5
37504,8,2504,45,10
37505,8,2505,16,5
37506,8,2506,140,25
37507,8,2507,32,10
37508,8,2508,18,5
37509,8,2509,133,25
37510,8,2510,18,5
37511,8,2511,95,25
37512,8,2512,52,10
37513,8,2513,107,25
37514,8,2514,132,25
37515,8,2515,64,25
37516,8,2516,215,25
37517,8,2517,231,25
37518,8,2518,29,10
37519,8,2519,141,25
37520,8,2520,168,25
37521,8,2521,198,25
37522,8,2522,95,25
37523,8,2523,69,25
37524,8,2524,59,10
37525,8,2525,295,25
37526,8,2526,16,5
37527,8,2527,153,25
37528,8,2528,92,25
37529,8,2529,36,10
37530,8,2530,17,5
37531,8,2531,92,25
37532,8,2532,5,5
37533,8,2533,291,25
37534,8,2534,51,25
37535,8,2535,297,25
37536,8,2536,43,10
37537,8,2537,50,10
37538,8,2538,206,25
37539,8,2539,145,25
37540,8,2540,43,10
37541,8,2541,159,25
37542,8,2542,9,5
37543,8,2543,110,25
37544,8,2544,51,25
37545,8,2545,192,25
37546,8,2546,47,10
37547,8,2547,206,25
37548,8,2548,273,25
37549,8,2549,60,10
37550,8,2550,89,25
37551,8,2551,88,25
37552,8,2552,50,10
37553,8,2553,162,25
37554,8,2554,24,10
37555,8,2555,36,10
37556,8,2556,205,25
37557,8,2557,45,10
37558,8,2558,201,25
37559,8,2559,238,25
37560,8,2560,171,25
37561,8,2561,53,10
37562,8,2562,282,25
37563,8,2563,7,5
37564,8,2564,8,5
37565,8,2565,152,25
37566,8,2566,18,5
37567,8,2567,28,10
37568,8,2568,180,25
37569,8,2569,202,25
37570,8,2570,259,25
37571,8,2571,70,25
37572,8,2572,123,25
37573,8,2573,39,10
37574,8,2574,33,10
37575,8,2575,144,25
37576,8,2576,24,10
37577,8,2577,21,10
37578,8,2578,53,10
37579,8,2579,267,25
37580,8,2580,29,10
37581,8,2581,36,10
37582,8,2582,54,25
37583,8,2583,196,25
37584,8,2584,84,25
37585,8,2585,287,25
37586,8,2586,53,25
37587,8,2587,6,5
37588,8,2588,179,25
37589,8,2589,269,25
37590,8,2590,34,10
37591,8,2591,29,10
37592,8,2592,9,5
37593,8,2593,289,25
37594,8,2594,85,25
37595,8,2595,31,10
37596,8,2596,64,25
37597,8,2597,282,25
37598,8,2598,102,25
37599,8,2599,47,10
37600,8,2600,275,25
37601,8,2601,38,10
37602,8,2602,45,10
37603,8,2603,49,10
37604,8,2604,128,25
37605,8,2605,233,25
37606,8,2606,288,25
37607,8,2607,104,25
37608,8,2608,5,5
37609,8,2609,194,25
37610,8,2610,11,5
37611,8,2611,52,25
37612,8,2612,5,5
37613,8,2613,249,25
37614,8,2614,279,25
37615,8,2615,192,25
37616,8,2616,237,25
37617,8,2617,154,25
37618,8,2618,17,5
37619,8,2619,268,25
37620,8,2620,70,25
37621,8,2621,177,25
37622,8,2622,9,5
37623,8,2623,47,10
37624,8,2624,6,5
37625,8,2625,57,10
37626,8,2626,12,5
37627,8,2627,35,10
37628,8,2628,28,10
37629,8,2629,17,5
37630,8,2630,23,10
37631,8,2631,119,25
37632,8,2632,210,25
37633,8,2633,20,5
37634,8,2634,87,25
37635,8,2635,17,10
37636,8,2636,8,5
37637,8,2637,189,25
37638,8,2638,44,10
37639,8,2639,202,25
37640,8,2640,15,5
37641,8,2641,292,25
37642,8,2642,43,10
37643,8,2643,145,25
37644,8,2644,271,25
37645,8,2645,13,5
37646,8,2646,251,25
37647,8,2647,13,5
37648,8,2648,43,10
37649,8,2649,55,10
37650,8,2650,6,5
37651,8,2651,34,10
37652,8,2652,70,25
37653,8,2653,218,25
37654,8,2654,22,10
37655,8,2655,58,10
37656,8,2656,31,10
37657,8,2657,114,25
37658,8,2658,31,10
37659,8,2659,29,10
37660,8,2660,18,10
37661,8,2661,45,10
37662,8,2662,108,25
37663,8,2663,5,5
37664,8,2664,49,10
37665,8,2665,229,25
37666,8,2666,164,25
37667,8,2667,162,25
37668,8,2668,58,25
37669,8,2669,222,25
37670,8,2670,256,25
37671,8,2671,45,10
37672,8,2672,155,25
37673,8,2673,26,10
37674,8,2674,131,25
37675,8,2675,85,25
37676,8,2676,197,25
37677,8,2677,11,5
37678,8,2678,31,10
37679,8,2679,211,25
37680,8,2680,12,5
37681,8,2681,94,25
37682,8,2682,62,25
37683,8,2683,217,25
37684,8,2684,212,25
37685,8,2685,47,10
37686,8,2686,16,10
37687,8,2687,20,10
37688,8,2688,16,5
37689,8,2689,109,25
37690,8,2690,53,10
37691,8,2691,293,25
37692,8,2692,191,25
37693,8,2693,18,10
37694,8,2694,19,5
37695,8,2695,30,10
37696,8,2696,16,10
37697,8,2697,6,5
37698,8,2698,22,10
37699,8,2699,28,10
37700,8,2700,232,25
37701,8,2701,51,10
37702,8,2702,15,10
37703,8,2703,42,10
37704,8,2704,41,10
37705,8,2705,179,25
37706,8,2706,58,10
37707,8,2707,22,10
37708,8,2708,13,5
37709,8,2709,10,5
37710,8,2710,131,25
37711,8,2711,11,5
37712,8,2712,165,25
37713,8,2713,118,25
37714,8,2714,29,10
37715,8,2715,208,25
37716,8,2716,292,25
37717,8,2717,127,25
37718,8,2718,18,5
37719,8,2719,43,10
37720,8,2720,295,25
37721,8,2721,52,10
37722,8,2722,49,10
37723,8,2723,231,25
37724,8,2724,122,25
37725,8,2725,286,25
37726,8,2726,9,5
37727,8,2727,65,25
37728,8,2728,233,25
37729,8,2729,213,25
37730,8,2730,28,10
37731,8,2731,287,25
37732,8,2732,277,25
37733,8,2733,31,10
37734,8,2734,121,25
37735,8,2735,15,5
37736,8,2736,18,10
37737,8,2737,86,25
37738,8,2738,175,25
37739,8,2739,39,10
37740,8,2740,210,25
37741,8,2741,33,10
37742,8,2742,213,25
37743,8,2743,82,25
37744,8,2744,10,5
37745,8,2745,205,25
37746,8,2746,74,25
37747,8,2747,57,10
37748,8,2748,81,25
37749,8,2749,189,25
37750,8,2750,174,25
37751,8,2751,33,10
37752,8,2752,16,5
37753,8,2753,19,10
37754,8,2754,50,10
37755,8,2755,229,25
37756,8,2756,55,10
37757,8,2757,52,10
37758,8,2758,105,25
37759,8,2759,45,10
37760,8,2760,6,5
37761,8,2761,9,5
37762,8,2762,69,25
37763,8,2763,178,25
37764,8,2764,243,25
37765,8,2765,5,5
37766,8,2766,58,10
37767,8,2767,60,25
37768,8,2768,41,10
37769,8,2769,188,25
37770,8,2770,58,10
37771,8,2771,58,10
37772,8,2772,135,25
37773,8,2773,26,10
37774,8,2774,175,25
37775,8,2775,92,25
37776,8,2776,52,10
37777,8,2777,20,5
37778,8,2778,283,25
37779,8,2779,67,25
37780,8,2780,42,10
37781,8,2781,141,25
37782,8,2782,75,25
37783,8,2783,277,25
37784,8,2784,16,10
37785,8,2785,31,10
37786,8,2786,167,25
37787,8,2787,266,25
37788,8,2788,98,25
37789,8,2789,64,25
37790,8,2790,188,25
37791,8,2791,34,10
37792,8,2792,75,25
37793,8,2793,6,5
37794,8,2794,20,10
37795,8,2795,53,10
37796,8,2796,275,25
37797,8,2797,138,25
37798,8,2798,20,5
37799,8,2799,237,25
37800,8,2800,59,25
37801,8,2801,38,10
37802,8,2802,252,25
37803,8,2803,42,10
37804,8,2804,201,25
37805,8,2805,85,25
37806,8,2806,15,5
37807,8,2807,11,5
37808,8,2808,11,5
37809,8,2809,151,25
37810,8,2810,38,10
37811,8,2811,245,25
37812,8,2812,12,5
37813,8,2813,20,5
37814,8,2814,103,25
37815,8,2815,31,10
37816,8,2816,42,10
37817,8,2817,178,25
37818,8,2818,219,25
37819,8,2819,52,10
37820,8,2820,92,25
37821,8,2821,237,25
37822,8,2822,51,10
37823,8,2823,18,10
37824,8,2824,34,10
37825,8,2825,106,25
37826,8,2826,76,25
37827,8,2827,151,25
37828,8,2828,17,5
37829,8,2829,14,5
37830,8,2830,54,10
37831,8,2831,136,25
37832,8,2832,8,5
37833,8,2833,133,25
37834,8,2834,19,10
37835,8,2835,41,10
37836,8,2836,208,25
37837,8,2837,138,25
37838,8,2838,228,25
37839,8,2839,10,5
37840,8,2840,57,10
37841,8,2841,57,10
37842,8,2842,6,5
37843,8,2843,17,5
37844,8,2844,187,25
37845,8,2845,29,10
37846,8,2846,6,5
37847,8,2847,52,10
37848,8,2848,189,25
37849,8,2849,17,10
37850,8,2850,293,25
37851,8,2851,45,10
37852,8,2852,53,10
37853,8,2853,28,10
37854,8,2854,31,10
37855,8,2855,108,25
37856,8,2856,48,10
37857,8,2857,10,5
37858,8,2858,300,25
37859,8,2859,145,25
37860,8,2860,18,5
37861,8,2861,26,10
37862,8,2862,226,25
37863,8,2863,16,5
37864,8,2864,53,25
37865,8,2865,13,5
37866,8,2866,5,5
37867,8,2867,13,5
37868,8,2868,20,10
37869,8,2869,57,10
37870,8,2870,300,25
37871,8,2871,20,5
37872,8,2872,45,10
37873,8,2873,42,10
37874,8,2874,20,10
37875,8,2875,224,25
37876,8,2876,209,25
37877,8,2877,19,5
37878,8,2878,267,25
37879,8,2879,298,25
37880,8,2880,9,5
37881,8,2881,115,25
37882,8,2882,104,25
37883,8,2883,20,5
37884,8,2884,29,10
37885,8,2885,90,25
37886,8,2886,29,10
37887,8,2887,28,10
37888,8,2888,34,10
37889,8,2889,108,25
37890,8,2890,272,25
37891,8,2891,51,10
37892,8,2892,145,25
37893,8,2893,35,10
37894,8,2894,57,10
37895,8,2895,31,10
37896,8,2896,29,10
37897,8,2897,293,25
37898,8,2898,25,10
37899,8,2899,279,25
37900,8,2900,15,5
37901,8,2901,127,25
37902,8,2902,18,5
37903,8,2903,267,25
37904,8,2904,37,10
37905,8,2905,57,10
37906,8,2906,12,5
37907,8,2907,164,25
37908,8,2908,15,5
37909,8,2909,157,25
37910,8,2910,282,25
37911,8,2911,186,25
37912,8,2912,135,25
37913,8,2913,11,5
37914,8,2914,17,5
37915,8,2915,17,10
37916,8,2916,23,10
37917,8,2917,299,25
37918,8,2918,19,5
37919,8,2919,142,25
37920,8,2920,234,25
37921,8,2921,31,10
37922,8,2922,64,25
37923,8,2923,58,10
37924,8,2924,152,25
37925,8,2925,40,10
37926,8,2926,50,10
37927,8,2927,106,25
37928,8,2928,20,5
37929,8,2929,54,10
37930,8,2930,15,5
37931,8,2931,275,25
37932,8,2932,107,25
37933,8,2933,211,25
37934,8,2934,50,25
37935,8,2935,140,25
37936,8,2936,68,25
37937,8,2937,20,5
37938,8,2938,100,25
37939,8,2939,5,5
37940,8,2940,60,25
37941,8,2941,276,25
37942,8,2942,213,25
37943,8,2943,129,25
37944,8,2944,282,25
37945,8,2945,24,10
37946,8,2946,8,5
37947,8,2947,239,25
37948,8,2948,33,10
37949,8,2949,14,5
37950,8,2950,47,10
37951,8,2951,12,5
37952,8,2952,52,10
37953,8,2953,27,10
37954,8,2954,45,10
37955,8,2955,45,10
37956,8,2956,35,10
37957,8,2957,19,5
37958,8,2958,60,10
37959,8,2959,43,10
37960,8,2960,21,10
37961,8,2961,202,25
37962,8,2962,13,5
37963,8,2963,59,10
37964,8,2964,82,25
37965,8,2965,9,5
37966,8,2966,29,10
37967,8,2967,27,10
37968,8,2968,51,25
37969,8,2969,239,25
37970,8,2970,9,5
37971,8,2971,23,10
37972,8,2972,52,10
37973,8,2973,159,25
37974,8,2974,149,25
37975,8,2975,48,10
37976,8,2976,153,25
37977,8,2977,172,25
37978,8,2978,11,5
37979,8,2979,234,25
37980,8,2980,52,10
37981,8,2981,126,25
37982,8,2982,219,25
37983,8,2983,279,25
37984,8,2984,268,25
37985,8,2985,187,25
37986,8,2986,60,25
37987,8,2987,23,10
37988,8,2988,35,10
37989,8,2989,165,25
37990,8,2990,40,10
37991,8,2991,248,25
37992,8,2992,64,25
37993,8,2993,134,25
37994,8,2994,44,10
37995,8,2995,18,5
37996,8,2996,158,25
37997,8,2997,9,5
37998,8,2998,299,25
37999,8,2999,235,25
38000,8,3000,52,10
38001,8,3001,238,25
38002,8,3002,79,25
38003,8,3003,127,25
38004,8,3004,121,25
38005,8,3005,18,10
38006,8,3006,210,25
38007,8,3007,20,5
38008,8,3008,125,25
38009,8,3009,13,5
38010,8,3010,242,25
38011,8,3011,17,10
38012,8,3012,23,10
38013,8,3013,30,10
38014,8,3014,39,10
38015,8,3015,192,25
38016,8,3016,23,10
38017,8,3017,225,25
38018,8,3018,46,10
38019,8,3019,131,25
38020,8,3020,291,25
38021,8,3021,54,10
38022,8,3022,187,25
38023,8,3023,40,10
38024,8,3024,18,5
38025,8,3025,22,10
38026,8,3026,289,25
38027,8,3027,234,25
38028,8,3028,35,10
38029,8,3029,8,5
38030,8,3030,107,25
38031,8,3031,21,10
38032,8,3032,21,10
38033,8,3033,17,10
38034,8,3034,120,25
38035,8,3035,128,25
38036,8,3036,59,10
38037,8,3037,18,10
38038,8,3038,19,5
38039,8,3039,6,5
38040,8,3040,102,25
38041,8,3041,257,25
38042,8,3042,25,10
38043,8,3043,24,10
38044,8,3044,37,10
38045,8,3045,16,5
38046,8,3046,218,25
38047,8,3047,53,10
38048,8,3048,177,25
38049,8,3049,44,10
38050,8,3050,106,25
38051,8,3051,97,25
38052,8,3052,9,5
38053,8,3053,79,25
38054,8,3054,103,25
38055,8,3055,50,10
38056,8,3056,20,10
38057,8,3057,166,25
38058,8,3058,194,25
38059,8,3059,27,10
38060,8,3060,51,10
38061,8,3061,8,5
38062,8,3062,11,5
38063,8,3063,41,10
38064,8,3064,52,10
38065,8,3065,142,25
38066,8,3066,59,10
38067,8,3067,253,25
38068,8,3068,116,25
38069,8,3069,116,25
38070,8,3070,57,25
38071,8,3071,214,25
38072,8,3072,7,5
38073,8,3073,20,10
38074,8,3074,20,5
38075,8,3075,254,25
38076,8,3076,36,10
38077,8,3077,23,10
38078,8,3078,43,10
38079,8,3079,10,5
38080,8,3080,138,25
38081,8,3081,17,5
38082,8,3082,31,10
38083,8,3083,6,5
38084,8,3084,43,10
38085,8,3085,127,25
38086,8,3086,39,10
38087,8,3087,123,25
38088,8,3088,41,10
38089,8,3089,39,10
38090,8,3090,14,5
38091,8,3091,126,25
38092,8,3092,201,25
38093,8,3093,35,10
38094,8,3094,26,10
38095,8,3095,58,10
38096,8,3096,86,25
38097,8,3097,60,25
38098,8,3098,40,10
38099,8,3099,36,10
38100,8,3100,174,25
38101,8,3101,269,25
38102,8,3102,49,10
38103,8,3103,35,10
38104,8,3104,251,25
38105,8,3105,217,25
38106,8,3106,15,10
38107,8,3107,186,25
38108,8,3108,279,25
38109,8,3109,29,10
38110,8,3110,222,25
38111,8,3111,132,25
38112,8,3112,78,25
38113,8,3113,48,10
38114,8,3114,19,10
38115,8,3115,37,10
38116,8,3116,43,10
38117,8,3117,180,25
38118,8,3118,52,10
38119,8,3119,14,5
38120,8,3120,93,25
38121,8,3121,219,25
38122,8,3122,220,25
38123,8,3123,33,10
38124,8,3124,51,10
38125,8,3125,41,10
38126,8,3126,266,25
38127,8,3127,260,25
38128,8,3128,91,25
38129,8,3129,7,5
38130,8,3130,18,10
38131,8,3131,148,25
38132,8,3132,118,25
38133,8,3133,216,25
38134,8,3134,70,25
38135,8,3135,114,25
38136,8,3136,11,5
38137,8,3137,52,10
38138,8,3138,11,5
38139,8,3139,65,25
38140,8,3140,60,25
38141,8,3141,157,25
38142,8,3142,47,10
38143,8,3143,206,25
38144,8,3144,51,10
38145,8,3145,57,10
38146,8,3146,6,5
38147,8,3147,31,10
38148,8,3148,97,25
38149,8,3149,184,25
38150,8,3150,293,25
38151,8,3151,6,5
38152,8,3152,177,25
38153,8,3153,56,10
38154,8,3154,87,25
38155,8,3155,253,25
38156,8,3156,295,25
38157,8,3157,93,25
38158,8,3158,231,25
38159,8,3159,86,25
38160,8,3160,16,5
38161,8,3161,271,25
38162,8,3162,25,10
38163,8,3163,38,10
38164,8,3164,143,25
38165,8,3165,91,25
38166,8,3166,48,10
38167,8,3167,96,25
38168,8,3168,252,25
38169,8,3169,154,25
38170,8,3170,219,25
38171,8,3171,36,10
38172,8,3172,19,10
38173,8,3173,95,25
38174,8,3174,48,10
38175,8,3175,46,10
38176,8,3176,87,25
38177,8,3177,54,10
38178,8,3178,115,25
38179,8,3179,148,25
38180,8,3180,25,10
38181,8,3181,13,5
38182,8,3182,29,10
38183,8,3183,30,10
38184,8,3184,51,10
38185,8,3185,226,25
38186,8,3186,69,25
38187,8,3187,237,25
38188,8,3188,29,10
38189,8,3189,19,10
38190,8,3190,17,10
38191,8,3191,83,25
38192,8,3192,19,10
38193,8,3193,218,25
38194,8,3194,110,25
38195,8,3195,34,10
38196,8,3196,47,10
38197,8,3197,17,10
38198,8,3198,113,25
38199,8,3199,82,25
38200,8,3200,147,25
38201,8,3201,64,25
38202,8,3202,42,10
38203,8,3203,151,25
38204,8,3204,46,10
38205,8,3205,280,25
38206,8,3206,27,10
38207,8,3207,21,10
38208,8,3208,283,25
38209,8,3209,46,10
38210,8,3210,20,5
38211,8,3211,272,25
38212,8,3212,280,25
38213,8,3213,51,10
38214,8,3214,16,5
38215,8,3215,39,10
38216,8,3216,195,25
38217,8,3217,44,10
38218,8,3218,282,25
38219,8,3219,32,10
38220,8,3220,162,25
38221,8,3221,66,25
38222,8,3222,18,5
38223,8,3223,256,25
38224,8,3224,20,10
38225,8,3225,13,5
38226,8,3226,16,5
38227,8,3227,52,10
38228,8,3228,29,10
38229,8,3229,22,10
38230,8,3230,11,5
38231,8,3231,77,25
38232,8,3232,65,25
38233,8,3233,211,25
38234,8,3234,20,5
38235,8,3235,57,10
38236,8,3236,205,25
38237,8,3237,5,5
38238,8,3238,18,5
38239,8,3239,222,25
38240,8,3240,92,25
38241,8,3241,39,10
38242,8,3242,33,10
38243,8,3243,290,25
38244,8,3244,8,5
38245,8,3245,11,5
38246,8,3246,235,25
38247,8,3247,15,5
38248,8,3248,23,10
38249,8,3249,7,5
38250,8,3250,184,25
38251,8,3251,192,25
38252,8,3252,15,5
38253,8,3253,53,10
38254,8,3254,15,5
38255,8,3255,75,25
38256,8,3256,85,25
38257,8,3257,212,25
38258,8,3258,208,25
38259,8,3259,9,5
38260,8,3260,218,25
38261,8,3261,15,5
38262,8,3262,59,10
38263,8,3263,239,25
38264,8,3264,138,25
38265,8,3265,253,25
38266,8,3266,55,10
38267,8,3267,11,5
38268,8,3268,16,5
38269,8,3269,100,25
38270,8,3270,20,5
38271,8,3271,12,5
38272,8,3272,203,25
38273,8,3273,16,5
38274,8,3274,179,25
38275,8,3275,17,5
38276,8,3276,36,10
38277,8,3277,160,25
38278,8,3278,15,10
38279,8,3279,27,10
38280,8,3280,36,10
38281,8,3281,15,5
38282,8,3282,30,10
38283,8,3283,119,25
38284,8,3284,164,25
38285,8,3285,16,10
38286,8,3286,17,5
38287,8,3287,7,5
38288,8,3288,38,10
38289,8,3289,61,25
38290,8,3290,29,10
38291,8,3291,38,10
38292,8,3292,22,10
38293,8,3293,175,25
38294,8,3294,44,10
38295,8,3295,12,5
38296,8,3296,42,10
38297,8,3297,105,25
38298,8,3298,28,10
38299,8,3299,54,10
38300,8,3300,6,5
38301,8,3301,114,25
38302,8,3302,89,25
38303,8,3303,55,10
38304,8,3304,72,25
38305,8,3305,169,25
38306,8,3306,154,25
38307,8,3307,272,25
38308,8,3308,86,25
38309,8,3309,18,5
38310,8,3310,29,10
38311,8,3311,38,10
38312,8,3312,25,10
38313,8,3313,29,10
38314,8,3314,19,5
38315,8,3315,264,25
38316,8,3316,241,25
38317,8,3317,6,5
38318,8,3318,16,5
38319,8,3319,92,25
38320,8,3320,22,10
38321,8,3321,26,10
38322,8,3322,9,5
38323,8,3323,19,5
38324,8,3324,29,10
38325,8,3325,97,25
38326,8,3326,15,5
38327,8,3327,20,5
38328,8,3328,53,10
38329,8,3329,101,25
38330,8,3330,71,25
38331,8,3331,218,25
38332,8,3332,86,25
38333,8,3333,12,5
38334,8,3334,222,25
38335,8,3335,24,10
38336,8,3336,101,25
38337,8,3337,141,25
38338,8,3338,206,25
38339,8,3339,6,5
38340,8,3340,170,25
38341,8,3341,298,25
38342,8,3342,53,10
38343,8,3343,21,10
38344,8,3344,54,10
38345,8,3345,23,10
38346,8,3346,56,10
38347,8,3347,127,25
38348,8,3348,40,10
38349,8,3349,99,25
38350,8,3350,35,10
38351,8,3351,78,25
38352,8,3352,170,25
38353,8,3353,205,25
38354,8,3354,42,10
38355,8,3355,28,10
38356,8,3356,70,25
38357,8,3357,215,25
38358,8,3358,5,5
38359,8,3359,58,25
38360,8,3360,5,5
38361,8,3361,11,5
38362,8,3362,95,25
38363,8,3363,13,5
38364,8,3364,9,5
38365,8,3365,62,25
38366,8,3366,285,25
38367,8,3367,17,10
38368,8,3368,146,25
38369,8,3369,11,5
38370,8,3370,80,25
38371,8,3371,41,10
38372,8,3372,28,10
38373,8,3373,109,25
38374,8,3374,86,25
38375,8,3375,14,5
38376,8,3376,12,5
38377,8,3377,36,10
38378,8,3378,29,10
38379,8,3379,26,10
38380,8,3380,20,10
38381,8,3381,147,25
38382,8,3382,14,5
38383,8,3383,128,25
38384,8,3384,43,10
38385,8,3385,21,10
38386,8,3386,25,10
38387,8,3387,15,10
38388,8,3388,270,25
38389,8,3389,66,25
38390,8,3390,40,10
38391,8,3391,84,25
38392,8,3392,130,25
38393,8,3393,273,25
38394,8,3394,37,10
38395,8,3395,62,25
38396,8,3396,31,10
38397,8,3397,128,25
38398,8,3398,48,10
38399,8,3399,271,25
38400,8,3400,7,5
38401,8,3401,90,25
38402,8,3402,46,10
38403,8,3403,286,25
38404,8,3404,244,25
38405,8,3405,56,10
38406,8,3406,46,10
38407,8,3407,10,5
38408,8,3408,20,5
38409,8,3409,7,5
38410,8,3410,196,25
38411,8,3411,166,25
38412,8,3412,120,25
38413,8,3413,19,10
38414,8,3414,165,25
38415,8,3415,82,25
38416,8,3416,279,25
38417,8,3417,17,5
38418,8,3418,143,25
38419,8,3419,160,25
38420,8,3420,218,25
38421,8,3421,300,25
38422,8,3422,151,25
38423,8,3423,248,25
38424,8,3424,252,25
38425,8,3425,10,5
38426,8,3426,48,10
38427,8,3427,67,25
38428,8,3428,16,10
38429,8,3429,59,10
38430,8,3430,153,25
38431,8,3431,40,10
38432,8,3432,45,10
38433,8,3433,143,25
38434,8,3434,48,10
38435,8,3435,162,25
38436,8,3436,33,10
38437,8,3437,163,25
38438,8,3438,19,10
38439,8,3439,45,10
38440,8,3440,40,10
38441,8,3441,52,10
38442,8,3442,9,5
38443,8,3443,35,10
38444,8,3444,224,25
38445,8,3445,6,5
38446,8,3446,36,10
38447,8,3447,52,10
38448,8,3448,14,5
38449,8,3449,64,25
38450,8,3450,60,10
38451,8,3451,18,5
38452,8,3452,21,10
38453,8,3453,24,10
38454,8,3454,13,5
38455,8,3455,142,25
38456,8,3456,263,25
38457,8,3457,26,10
38458,8,3458,176,25
38459,8,3459,35,10
38460,8,3460,273,25
38461,8,3461,78,25
38462,8,3462,44,10
38463,8,3463,114,25
38464,8,3464,16,10
38465,8,3465,30,10
38466,8,3466,20,5
38467,8,3467,52,10
38468,8,3468,14,5
38469,8,3469,25,10
38470,8,3470,64,25
38471,8,3471,191,25
38472,8,3472,37,10
38473,8,3473,54,25
38474,8,3474,6,5
38475,8,3475,43,10
38476,8,3476,258,25
38477,8,3477,46,10
38478,8,3478,171,25
38479,8,3479,107,25
38480,8,3480,135,25
38481,8,3481,242,25
38482,8,3482,5,5
38483,8,3483,43,10
38484,8,3484,58,10
38485,8,3485,14,5
38486,8,3486,14,5
38487,8,3487,19,10
38488,8,3488,166,25
38489,8,3489,58,10
38490,8,3490,289,25
38491,8,3491,31,10
38492,8,3492,228,25
38493,8,3493,100,25
38494,8,3494,59,10
38495,8,3495,174,25
38496,8,3496,168,25
38497,8,3497,29,10
38498,8,3498,57,10
38499,8,3499,287,25
38500,8,3500,35,10
38501,8,3501,111,25
38502,8,3502,23,10
38503,8,3503,9,5
38504,8,3504,61,25
38505,8,3505,57,25
38506,8,3506,45,10
38507,8,3507,53,10
38508,8,3508,263,25
38509,8,3509,9,5
38510,8,3510,42,10
38511,8,3511,18,10
38512,8,3512,296,25
38513,8,3513,16,5
38514,8,3514,52,10
38515,8,3515,44,10
38516,8,3516,10,5
38517,8,3517,265,25
38518,8,3518,51,10
38519,8,3519,126,25
38520,8,3520,12,5
38521,8,3521,40,10
38522,8,3522,33,10
38523,8,3523,277,25
38524,8,3524,88,25
38525,8,3525,168,25
38526,8,3526,20,5
38527,8,3527,31,10
38528,8,3528,200,25
38529,8,3529,15,5
38530,8,3530,291,25
38531,8,3531,50,10
38532,8,3532,135,25
38533,8,3533,146,25
38534,8,3534,30,10
38535,8,3535,15,10
38536,8,3536,105,25
38537,8,3537,30,10
38538,8,3538,53,10
38539,8,3539,133,25
38540,8,3540,19,5
38541,8,3541,19,5
38542,8,3542,261,25
38543,8,3543,284,25
38544,8,3544,50,10
38545,8,3545,175,25
38546,8,3546,142,25
38547,8,3547,63,25
38548,8,3548,40,10
38549,8,3549,19,10
38550,8,3550,231,25
38551,8,3551,43,10
38552,8,3552,177,25
38553,8,3553,33,10
38554,8,3554,37,10
38555,8,3555,187,25
38556,8,3556,44,10
38557,8,3557,49,10
38558,8,3558,6,5
38559,8,3559,211,25
38560,8,3560,211,25
38561,8,3561,141,25
38562,8,3562,105,25
38563,8,3563,57,10
38564,8,3564,28,10
38565,8,3565,133,25
38566,8,3566,65,25
38567,8,3567,265,25
38568,8,3568,219,25
38569,8,3569,46,10
38570,8,3570,51,10
38571,8,3571,74,25
38572,8,3572,268,25
38573,8,3573,266,25
38574,8,3574,209,25
38575,8,3575,17,5
38576,8,3576,37,10
38577,8,3577,60,10
38578,8,3578,14,5
38579,8,3579,54,25
38580,8,3580,34,10
38581,8,3581,70,25
38582,8,3582,42,10
38583,8,3583,18,5
38584,8,3584,8,5
38585,8,3585,277,25
38586,8,3586,179,25
38587,8,3587,12,5
38588,8,3588,11,5
38589,8,3589,41,10
38590,8,3590,14,5
38591,8,3591,67,25
38592,8,3592,133,25
38593,8,3593,16,5
38594,8,3594,59,10
38595,8,3595,209,25
38596,8,3596,19,5
38597,8,3597,233,25
38598,8,3598,259,25
38599,8,3599,10,5
38600,8,3600,25,10
38601,8,3601,11,5
38602,8,3602,44,10
38603,8,3603,36,10
38604,8,3604,56,10
38605,8,3605,261,25
38606,8,3606,19,5
38607,8,3607,45,10
38608,8,3608,21,10
38609,8,3609,6,5
38610,8,3610,71,25
38611,8,3611,225,25
38612,8,3612,58,10
38613,8,3613,182,25
38614,8,3614,43,10
38615,8,3615,169,25
38616,8,3616,135,25
38617,8,3617,38,10
38618,8,3618,29,10
38619,8,3619,155,25
38620,8,3620,15,10
38621,8,3621,70,25
38622,8,3622,233,25
38623,8,3623,17,10
38624,8,3624,30,10
38625,8,3625,61,25
38626,8,3626,98,25
38627,8,3627,6,5
38628,8,3628,14,5
38629,8,3629,36,10
38630,8,3630,55,10
38631,8,3631,237,25
38632,8,3632,32,10
38633,8,3633,12,5
38634,8,3634,49,10
38635,8,3635,254,25
38636,8,3636,17,5
38637,8,3637,32,10
38638,8,3638,52,10
38639,8,3639,241,25
38640,8,3640,43,10
38641,8,3641,181,25
38642,8,3642,74,25
38643,8,3643,119,25
38644,8,3644,44,10
38645,8,3645,19,5
38646,8,3646,280,25
38647,8,3647,261,25
38648,8,3648,105,25
38649,8,3649,225,25
38650,8,3650,17,10
38651,8,3651,10,5
38652,8,3652,142,25
38653,8,3653,34,10
38654,8,3654,19,10
38655,8,3655,35,10
38656,8,3656,38,10
38657,8,3657,226,25
38658,8,3658,181,25
38659,8,3659,156,25
38660,8,3660,8,5
38661,8,3661,54,10
38662,8,3662,30,10
38663,8,3663,291,25
38664,8,3664,251,25
38665,8,3665,8,5
38666,8,3666,18,5
38667,8,3667,22,10
38668,8,3668,48,10
38669,8,3669,23,10
38670,8,3670,44,10
38671,8,3671,48,10
38672,8,3672,190,25
38673,8,3673,117,25
38674,8,3674,300,25
38675,8,3675,282,25
38676,8,3676,15,5
38677,8,3677,16,5
38678,8,3678,18,5
38679,8,3679,136,25
38680,8,3680,27,10
38681,8,3681,120,25
38682,8,3682,43,10
38683,8,3683,9,5
38684,8,3684,14,5
38685,8,3685,39,10
38686,8,3686,11,5
38687,8,3687,80,25
38688,8,3688,16,10
38689,8,3689,20,5
38690,8,3690,45,10
38691,8,3691,41,10
38692,8,3692,103,25
38693,8,3693,300,25
38694,8,3694,17,5
38695,8,3695,211,25
38696,8,3696,56,25
38697,8,3697,23,10
38698,8,3698,9,5
38699,8,3699,199,25
38700,8,3700,129,25
38701,8,3701,54,10
38702,8,3702,188,25
38703,8,3703,247,25
38704,8,3704,281,25
38705,8,3705,19,10
38706,8,3706,95,25
38707,8,3707,292,25
38708,8,3708,135,25
38709,8,3709,283,25
38710,8,3710,150,25
38711,8,3711,153,25
38712,8,3712,23,10
38713,8,3713,58,25
38714,8,3714,225,25
38715,8,3715,268,25
38716,8,3716,17,10
38717,8,3717,37,10
38718,8,3718,137,25
38719,8,3719,8,5
38720,8,3720,32,10
38721,8,3721,9,5
38722,8,3722,67,25
38723,8,3723,52,10
38724,8,3724,175,25
38725,8,3725,34,10
38726,8,3726,10,5
38727,8,3727,52,10
38728,8,3728,16,5
38729,8,3729,239,25
38730,8,3730,7,5
38731,8,3731,22,10
38732,8,3732,102,25
38733,8,3733,20,5
38734,8,3734,28,10
38735,8,3735,5,5
38736,8,3736,61,25
38737,8,3737,249,25
38738,8,3738,19,5
38739,8,3739,12,5
38740,8,3740,279,25
38741,8,3741,32,10
38742,8,3742,268,25
38743,8,3743,46,10
38744,8,3744,47,10
38745,8,3745,15,5
38746,8,3746,13,5
38747,8,3747,30,10
38748,8,3748,38,10
38749,8,3749,8,5
38750,8,3750,18,5
38751,8,3751,19,5
38752,8,3752,24,10
38753,8,3753,53,25
38754,8,3754,135,25
38755,8,3755,20,10
38756,8,3756,69,25
38757,8,3757,50,10
38758,8,3758,16,10
38759,8,3759,15,5
38760,8,3760,28,10
38761,8,3761,276,25
38762,8,3762,17,10
38763,8,3763,43,10
38764,8,3764,219,25
38765,8,3765,6,5
38766,8,3766,58,10
38767,8,3767,12,5
38768,8,3768,94,25
38769,8,3769,35,10
38770,8,3770,156,25
38771,8,3771,138,25
38772,8,3772,272,25
38773,8,3773,73,25
38774,8,3774,235,25
38775,8,3775,147,25
38776,8,3776,64,25
38777,8,3777,5,5
38778,8,3778,46,10
38779,8,3779,20,5
38780,8,3780,35,10
38781,8,3781,44,10
38782,8,3782,123,25
38783,8,3783,26,10
38784,8,3784,41,10
38785,8,3785,11,5
38786,8,3786,53,10
38787,8,3787,227,25
38788,8,3788,37,10
38789,8,3789,239,25
38790,8,3790,191,25
38791,8,3791,32,10
38792,8,3792,33,10
38793,8,3793,11,5
38794,8,3794,8,5
38795,8,3795,54,10
38796,8,3796,10,5
38797,8,3797,45,10
38798,8,3798,6,5
38799,8,3799,200,25
38800,8,3800,181,25
38801,8,3801,199,25
38802,8,3802,42,10
38803,8,3803,250,25
38804,8,3804,16,10
38805,8,3805,16,10
38806,8,3806,12,5
38807,8,3807,21,10
38808,8,3808,55,10
38809,8,3809,10,5
38810,8,3810,34,10
38811,8,3811,82,25
38812,8,3812,37,10
38813,8,3813,180,25
38814,8,3814,12,5
38815,8,3815,270,25
38816,8,3816,17,5
38817,8,3817,94,25
38818,8,3818,16,5
38819,8,3819,51,25
38820,8,3820,50,10
38821,8,3821,34,10
38822,8,3822,5,5
38823,8,3823,38,10
38824,8,3824,46,10
38825,8,3825,101,25
38826,8,3826,99,25
38827,8,3827,16,5
38828,8,3828,55,10
38829,8,3829,283,25
38830,8,3830,10,5
38831,8,3831,37,10
38832,8,3832,10,5
38833,8,3833,72,25
38834,8,3834,236,25
38835,8,3835,16,5
38836,8,3836,49,10
38837,8,3837,80,25
38838,8,3838,17,10
38839,8,3839,207,25
38840,8,3840,22,10
38841,8,3841,144,25
38842,8,3842,15,5
38843,8,3843,16,5
38844,8,3844,26,10
38845,8,3845,11,5
38846,8,3846,133,25
38847,8,3847,197,25
38848,8,3848,27,10
38849,8,3849,27,10
38850,8,3850,299,25
38851,8,3851,169,25
38852,8,3852,53,10
38853,8,3853,13,5
38854,8,3854,185,25
38855,8,3855,215,25
38856,8,3856,27,10
38857,8,3857,221,25
38858,8,3858,217,25
38859,8,3859,22,10
38860,8,3860,20,10
38861,8,3861,214,25
38862,8,3862,19,5
38863,8,3863,18,5
38864,8,3864,136,25
38865,8,3865,24,10
38866,8,3866,47,10
38867,8,3867,57,10
38868,8,3868,76,25
38869,8,3869,18,5
38870,8,3870,37,10
38871,8,3871,16,5
38872,8,3872,95,25
38873,8,3873,39,10
38874,8,3874,160,25
38875,8,3875,52,10
38876,8,3876,240,25
38877,8,3877,114,25
38878,8,3878,20,5
38879,8,3879,20,5
38880,8,3880,62,25
38881,8,3881,101,25
38882,8,3882,5,5
38883,8,3883,24,10
38884,8,3884,10,5
38885,8,3885,57,10
38886,8,3886,125,25
38887,8,3887,264,25
38888,8,3888,44,10
38889,8,3889,5,5
38890,8,3890,35,10
38891,8,3891,18,5
38892,8,3892,162,25
38893,8,3893,271,25
38894,8,3894,15,5
38895,8,3895,10,5
38896,8,3896,41,10
38897,8,3897,111,25
38898,8,3898,44,10
38899,8,3899,6,5
38900,8,3900,32,10
38901,8,3901,28,10
38902,8,3902,31,10
38903,8,3903,92,25
38904,8,3904,247,25
38905,8,3905,17,5
38906,8,3906,169,25
38907,8,3907,52,10
38908,8,3908,40,10
38909,8,3909,264,25
38910,8,3910,29,10
38911,8,3911,160,25
38912,8,3912,122,25
38913,8,3913,199,25
38914,8,3914,11,5
38915,8,3915,25,10
38916,8,3916,149,25
38917,8,3917,216,25
38918,8,3918,268,25
38919,8,3919,236,25
38920,8,3920,195,25
38921,8,3921,160,25
38922,8,3922,50,10
38923,8,3923,35,10
38924,8,3924,289,25
38925,8,3925,18,10
38926,8,3926,38,10
38927,8,3927,10,5
38928,8,3928,56,10
38929,8,3929,42,10
38930,8,3930,24,10
38931,8,3931,29,10
38932,8,3932,79,25
38933,8,3933,139,25
38934,8,3934,281,25
38935,8,3935,40,10
38936,8,3936,10,5
38937,8,3937,157,25
38938,8,3938,6,5
38939,8,3939,27,10
38940,8,3940,46,10
38941,8,3941,21,10
38942,8,3942,28,10
38943,8,3943,7,5
38944,8,3944,50,10
38945,8,3945,296,25
38946,8,3946,26,10
38947,8,3947,232,25
38948,8,3948,17,10
38949,8,3949,55,10
38950,8,3950,295,25
38951,8,3951,55,10
38952,8,3952,155,25
38953,8,3953,17,5
38954,8,3954,13,5
38955,8,3955,11,5
38956,8,3956,38,10
38957,8,3957,6,5
38958,8,3958,6,5
38959,8,3959,79,25
38960,8,3960,268,25
38961,8,3961,253,25
38962,8,3962,48,10
38963,8,3963,37,10
38964,8,3964,293,25
38965,8,3965,17,10
38966,8,3966,15,10
38967,8,3967,25,10
38968,8,3968,12,5
38969,8,3969,15,5
38970,8,3970,116,25
38971,8,3971,45,10
38972,8,3972,182,25
38973,8,3973,35,10
38974,8,3974,110,25
38975,8,3975,55,10
38976,8,3976,59,10
38977,8,3977,85,25
38978,8,3978,55,10
38979,8,3979,55,10
38980,8,3980,12,5
38981,8,3981,94,25
38982,8,3982,10,5
38983,8,3983,15,10
38984,8,3984,18,10
38985,8,3985,60,10
38986,8,3986,271,25
38987,8,3987,22,10
38988,8,3988,25,10
38989,8,3989,136,25
38990,8,3990,238,25
38991,8,3991,32,10
38992,8,3992,22,10
38993,8,3993,53,10
38994,8,3994,110,25
38995,8,3995,66,25
38996,8,3996,32,10
38997,8,3997,50,10
38998,8,3998,60,25
38999,8,3999,23,10
39000,8,4000,37,10
39001,8,4001,18,5
39002,8,4002,25,10
39003,8,4003,86,25
39004,8,4004,294,25
39005,8,4005,12,5
39006,8,4006,57,10
39007,8,4007,7,5
39008,8,4008,14,5
39009,8,4009,259,25
39010,8,4010,112,25
39011,8,4011,211,25
39012,8,4012,55,10
39013,8,4013,160,25
39014,8,4014,16,5
39015,8,4015,13,5
39016,8,4016,16,5
39017,8,4017,16,5
39018,8,4018,40,10
39019,8,4019,46,10
39020,8,4020,84,25
39021,8,4021,50,25
39022,8,4022,106,25
39023,8,4023,40,10
39024,8,4024,22,10
39025,8,4025,43,10
39026,8,4026,17,5
39027,8,4027,18,5
39028,8,4028,288,25
39029,8,4029,184,25
39030,8,4030,24,10
39031,8,4031,37,10
39032,8,4032,10,5
39033,8,4033,10,5
39034,8,4034,21,10
39035,8,4035,57,10
39036,8,4036,87,25
39037,8,4037,18,5
39038,8,4038,8,5
39039,8,4039,166,25
39040,8,4040,41,10
39041,8,4041,13,5
39042,8,4042,57,25
39043,8,4043,13,5
39044,8,4044,48,10
39045,8,4045,201,25
39046,8,4046,262,25
39047,8,4047,292,25
39048,8,4048,8,5
39049,8,4049,167,25
39050,8,4050,271,25
39051,8,4051,201,25
39052,8,4052,242,25
39053,8,4053,18,5
39054,8,4054,31,10
39055,8,4055,16,10
39056,8,4056,87,25
39057,8,4057,250,25
39058,8,4058,241,25
39059,8,4059,20,5
39060,8,4060,44,10
39061,8,4061,22,10
39062,8,4062,50,25
39063,8,4063,266,25
39064,8,4064,51,10
39065,8,4065,199,25
39066,8,4066,168,25
39067,8,4067,109,25
39068,8,4068,46,10
39069,8,4069,72,25
39070,8,4070,53,10
39071,8,4071,188,25
39072,8,4072,10,5
39073,8,4073,15,5
39074,8,4074,169,25
39075,8,4075,11,5
39076,8,4076,38,10
39077,8,4077,23,10
39078,8,4078,180,25
39079,8,4079,174,25
39080,8,4080,88,25
39081,8,4081,58,10
39082,8,4082,164,25
39083,8,4083,44,10
39084,8,4084,114,25
39085,8,4085,9,5
39086,8,4086,236,25
39087,8,4087,63,25
39088,8,4088,116,25
39089,8,4089,51,10
39090,8,4090,233,25
39091,8,4091,260,25
39092,8,4092,89,25
39093,8,4093,32,10
39094,8,4094,204,25
39095,8,4095,9,5
39096,8,4096,136,25
39097,8,4097,225,25
39098,8,4098,32,10
39099,8,4099,35,10
39100,8,4100,55,10
39101,8,4101,58,10
39102,8,4102,8,5
39103,8,4103,278,25
39104,8,4104,262,25
39105,8,4105,45,10
39106,8,4106,250,25
39107,8,4107,211,25
39108,8,4108,27,10
39109,8,4109,15,5
39110,8,4110,170,25
39111,8,4111,15,10
39112,8,4112,178,25
39113,8,4113,262,25
39114,8,4114,22,10
39115,8,4115,39,10
39116,8,4116,15,10
39117,8,4117,12,5
39118,8,4118,67,25
39119,8,4119,57,10
39120,8,4120,64,25
39121,8,4121,28,10
39122,8,4122,8,5
39123,8,4123,6,5
39124,8,4124,31,10
39125,8,4125,66,25
39126,8,4126,32,10
39127,8,4127,48,10
39128,8,4128,37,10
39129,8,4129,60,25
39130,8,4130,65,25
39131,8,4131,24,10
39132,8,4132,12,5
39133,8,4133,150,25
39134,8,4134,146,25
39135,8,4135,16,5
39136,8,4136,36,10
39137,8,4137,50,10
39138,8,4138,47,10
39139,8,4139,149,25
39140,8,4140,15,5
39141,8,4141,158,25
39142,8,4142,48,10
39143,8,4143,57,25
39144,8,4144,191,25
39145,8,4145,30,10
39146,8,4146,154,25
39147,8,4147,263,25
39148,8,4148,289,25
39149,8,4149,49,10
39150,8,4150,57,10
39151,8,4151,20,5
39152,8,4152,215,25
39153,8,4153,19,5
39154,8,4154,50,25
39155,8,4155,41,10
39156,8,4156,153,25
39157,8,4157,48,10
39158,8,4158,55,10
39159,8,4159,240,25
39160,8,4160,16,5
39161,8,4161,41,10
39162,8,4162,19,10
39163,8,4163,21,10
39164,8,4164,9,5
39165,8,4165,18,10
39166,8,4166,16,10
39167,8,4167,36,10
39168,8,4168,134,25
39169,8,4169,5,5
39170,8,4170,20,5
39171,8,4171,181,25
39172,8,4172,5,5
39173,8,4173,155,25
39174,8,4174,6,5
39175,8,4175,45,10
39176,8,4176,52,25
39177,8,4177,8,5
39178,8,4178,296,25
39179,8,4179,15,10
39180,8,4180,15,5
39181,8,4181,128,25
39182,8,4182,120,25
39183,8,4183,12,5
39184,8,4184,17,5
39185,8,4185,205,25
39186,8,4186,6,5
39187,8,4187,47,10
39188,8,4188,14,5
39189,8,4189,254,25
39190,8,4190,47,10
39191,8,4191,15,5
39192,8,4192,52,10
39193,8,4193,69,25
39194,8,4194,215,25
39195,8,4195,46,10
39196,8,4196,11,5
39197,8,4197,14,5
39198,8,4198,17,5
39199,8,4199,12,5
39200,8,4200,184,25
39201,8,4201,27,10
39202,8,4202,11,5
39203,8,4203,22,10
39204,8,4204,54,25
39205,8,4205,18,5
39206,8,4206,91,25
39207,8,4207,255,25
39208,8,4208,62,25
39209,8,4209,80,25
39210,8,4210,24,10
39211,8,4211,12,5
39212,8,4212,232,25
39213,8,4213,17,5
39214,8,4214,34,10
39215,8,4215,171,25
39216,8,4216,22,10
39217,8,4217,236,25
39218,8,4218,24,10
39219,8,4219,225,25
39220,8,4220,5,5
39221,8,4221,17,10
39222,8,4222,128,25
39223,8,4223,20,5
39224,8,4224,188,25
39225,8,4225,276,25
39226,8,4226,123,25
39227,8,4227,267,25
39228,8,4228,13,5
39229,8,4229,250,25
39230,8,4230,24,10
39231,8,4231,17,5
39232,8,4232,12,5
39233,8,4233,203,25
39234,8,4234,8,5
39235,8,4235,115,25
39236,8,4236,46,10
39237,8,4237,228,25
39238,8,4238,34,10
39239,8,4239,14,5
39240,8,4240,36,10
39241,8,4241,194,25
39242,8,4242,20,5
39243,8,4243,176,25
39244,8,4244,126,25
39245,8,4245,265,25
39246,8,4246,11,5
39247,8,4247,107,25
39248,8,4248,33,10
39249,8,4249,41,10
39250,8,4250,37,10
39251,8,4251,260,25
39252,8,4252,20,5
39253,8,4253,19,10
39254,8,4254,39,10
39255,8,4255,22,10
39256,8,4256,35,10
39257,8,4257,29,10
39258,8,4258,14,5
39259,8,4259,242,25
39260,8,4260,12,5
39261,8,4261,84,25
39262,8,4262,226,25
39263,8,4263,56,10
39264,8,4264,240,25
39265,8,4265,54,25
39266,8,4266,163,25
39267,8,4267,224,25
39268,8,4268,280,25
39269,8,4269,38,10
39270,8,4270,28,10
39271,8,4271,56,10
39272,8,4272,45,10
39273,8,4273,206,25
39274,8,4274,213,25
39275,8,4275,95,25
39276,8,4276,33,10
39277,8,4277,80,25
39278,8,4278,59,25
39279,8,4279,178,25
39280,8,4280,27,10
39281,8,4281,26,10
39282,8,4282,159,25
39283,8,4283,242,25
39284,8,4284,88,25
39285,8,4285,94,25
39286,8,4286,74,25
39287,8,4287,257,25
39288,8,4288,42,10
39289,8,4289,188,25
39290,8,4290,7,5
39291,8,4291,18,10
39292,8,4292,13,5
39293,8,4293,299,25
39294,8,4294,94,25
39295,8,4295,273,25
39296,8,4296,235,25
39297,8,4297,49,10
39298,8,4298,61,25
39299,8,4299,29,10
39300,8,4300,280,25
39301,8,4301,162,25
39302,8,4302,11,5
39303,8,4303,17,10
39304,8,4304,26,10
39305,8,4305,16,10
39306,8,4306,110,25
39307,8,4307,207,25
39308,8,4308,95,25
39309,8,4309,18,10
39310,8,4310,27,10
39311,8,4311,173,25
39312,8,4312,17,10
39313,8,4313,43,10
39314,8,4314,111,25
39315,8,4315,166,25
39316,8,4316,149,25
39317,8,4317,40,10
39318,8,4318,109,25
39319,8,4319,20,5
39320,8,4320,57,25
39321,8,4321,133,25
39322,8,4322,177,25
39323,8,4323,12,5
39324,8,4324,219,25
39325,8,4325,247,25
39326,8,4326,229,25
39327,8,4327,19,10
39328,8,4328,118,25
39329,8,4329,34,10
39330,8,4330,281,25
39331,8,4331,104,25
39332,8,4332,28,10
39333,8,4333,16,10
39334,8,4334,17,10
39335,8,4335,279,25
39336,8,4336,15,10
39337,8,4337,48,10
39338,8,4338,228,25
39339,8,4339,152,25
39340,8,4340,60,10
39341,8,4341,49,10
39342,8,4342,75,25
39343,8,4343,59,10
39344,8,4344,237,25
39345,8,4345,9,5
39346,8,4346,162,25
39347,8,4347,16,5
39348,8,4348,232,25
39349,8,4349,33,10
39350,8,4350,19,10
39351,8,4351,254,25
39352,8,4352,156,25
39353,8,4353,103,25
39354,8,4354,288,25
39355,8,4355,182,25
39356,8,4356,32,10
39357,8,4357,292,25
39358,8,4358,59,10
39359,8,4359,23,10
39360,8,4360,177,25
39361,8,4361,108,25
39362,8,4362,181,25
39363,8,4363,78,25
39364,8,4364,205,25
39365,8,4365,22,10
39366,8,4366,20,10
39367,8,4367,190,25
39368,8,4368,17,5
39369,8,4369,269,25
39370,8,4370,60,10
39371,8,4371,104,25
39372,8,4372,196,25
39373,8,4373,191,25
39374,8,4374,51,10
39375,8,4375,23,10
39376,8,4376,98,25
39377,8,4377,11,5
39378,8,4378,94,25
39379,8,4379,136,25
39380,8,4380,37,10
39381,8,4381,6,5
39382,8,4382,14,5
39383,8,4383,10,5
39384,8,4384,21,10
39385,8,4385,267,25
39386,8,4386,269,25
39387,8,4387,36,10
39388,8,4388,46,10
39389,8,4389,275,25
39390,8,4390,252,25
39391,8,4391,194,25
39392,8,4392,207,25
39393,8,4393,30,10
39394,8,4394,18,10
39395,8,4395,16,5
39396,8,4396,128,25
39397,8,4397,91,25
39398,8,4398,57,10
39399,8,4399,5,5
39400,8,4400,256,25
39401,8,4401,45,10
39402,8,4402,17,5
39403,8,4403,194,25
39404,8,4404,9,5
39405,8,4405,80,25
39406,8,4406,212,25
39407,8,4407,258,25
39408,8,4408,23,10
39409,8,4409,82,25
39410,8,4410,6,5
39411,8,4411,129,25
39412,8,4412,227,25
39413,8,4413,35,10
39414,8,4414,38,10
39415,8,4415,261,25
39416,8,4416,94,25
39417,8,4417,191,25
39418,8,4418,230,25
39419,8,4419,18,10
39420,8,4420,15,5
39421,8,4421,52,10
39422,8,4422,220,25
39423,8,4423,252,25
39424,8,4424,18,10
39425,8,4425,267,25
39426,8,4426,48,10
39427,8,4427,89,25
39428,8,4428,263,25
39429,8,4429,13,5
39430,8,4430,166,25
39431,8,4431,124,25
39432,8,4432,59,10
39433,8,4433,52,10
39434,8,4434,54,10
39435,8,4435,20,5
39436,8,4436,222,25
39437,8,4437,34,10
39438,8,4438,179,25
39439,8,4439,49,10
39440,8,4440,229,25
39441,8,4441,192,25
39442,8,4442,274,25
39443,8,4443,146,25
39444,8,4444,28,10
39445,8,4445,34,10
39446,8,4446,132,25
39447,8,4447,55,25
39448,8,4448,106,25
39449,8,4449,13,5
39450,8,4450,112,25
39451,8,4451,245,25
39452,8,4452,287,25
39453,8,4453,37,10
39454,8,4454,10,5
39455,8,4455,129,25
39456,8,4456,60,10
39457,8,4457,159,25
39458,8,4458,113,25
39459,8,4459,15,10
39460,8,4460,54,10
39461,8,4461,13,5
39462,8,4462,28,10
39463,8,4463,189,25
39464,8,4464,165,25
39465,8,4465,30,10
39466,8,4466,246,25
39467,8,4467,283,25
39468,8,4468,68,25
39469,8,4469,237,25
39470,8,4470,106,25
39471,8,4471,33,10
39472,8,4472,51,10
39473,8,4473,32,10
39474,8,4474,292,25
39475,8,4475,27,10
39476,8,4476,57,10
39477,8,4477,10,5
39478,8,4478,100,25
39479,8,4479,105,25
39480,8,4480,243,25
39481,8,4481,16,10
39482,8,4482,33,10
39483,8,4483,43,10
39484,8,4484,35,10
39485,8,4485,31,10
39486,8,4486,42,10
39487,8,4487,251,25
39488,8,4488,38,10
39489,8,4489,34,10
39490,8,4490,54,25
39491,8,4491,24,10
39492,8,4492,240,25
39493,8,4493,10,5
39494,8,4494,39,10
39495,8,4495,43,10
39496,8,4496,29,10
39497,8,4497,16,5
39498,8,4498,17,10
39499,8,4499,125,25
39500,8,4500,140,25
39501,8,4501,235,25
39502,8,4502,18,5
39503,8,4503,18,5
39504,8,4504,266,25
39505,8,4505,79,25
39506,8,4506,17,5
39507,8,4507,34,10
39508,8,4508,16,5
39509,8,4509,145,25
39510,8,4510,11,5
39511,8,4511,197,25
39512,8,4512,48,10
39513,8,4513,59,10
39514,8,4514,190,25
39515,8,4515,56,25
39516,8,4516,73,25
39517,8,4517,30,10
39518,8,4518,55,10
39519,8,4519,48,10
39520,8,4520,211,25
39521,8,4521,29,10
39522,8,4522,204,25
39523,8,4523,24,10
39524,8,4524,10,5
39525,8,4525,93,25
39526,8,4526,48,10
39527,8,4527,111,25
39528,8,4528,252,25
39529,8,4529,80,25
39530,8,4530,5,5
39531,8,4531,129,25
39532,8,4532,139,25
39533,8,4533,274,25
39534,8,4534,46,10
39535,8,4535,37,10
39536,8,4536,295,25
39537,8,4537,40,10
39538,8,4538,113,25
39539,8,4539,136,25
39540,8,4540,187,25
39541,8,4541,147,25
39542,8,4542,6,5
39543,8,4543,85,25
39544,8,4544,268,25
39545,8,4545,183,25
39546,8,4546,60,10
39547,8,4547,8,5
39548,8,4548,38,10
39549,8,4549,19,5
39550,8,4550,285,25
39551,8,4551,70,25
39552,8,4552,16,10
39553,8,4553,70,25
39554,8,4554,22,10
39555,8,4555,25,10
39556,8,4556,59,10
39557,8,4557,18,10
39558,8,4558,28,10
39559,8,4559,36,10
39560,8,4560,45,10
39561,8,4561,16,5
39562,8,4562,198,25
39563,8,4563,85,25
39564,8,4564,19,5
39565,8,4565,252,25
39566,8,4566,56,25
39567,8,4567,56,10
39568,8,4568,164,25
39569,8,4569,73,25
39570,8,4570,49,10
39571,8,4571,12,5
39572,8,4572,129,25
39573,8,4573,51,25
39574,8,4574,140,25
39575,8,4575,19,10
39576,8,4576,136,25
39577,8,4577,60,10
39578,8,4578,6,5
39579,8,4579,14,5
39580,8,4580,44,10
39581,8,4581,140,25
39582,8,4582,45,10
39583,8,4583,146,25
39584,8,4584,31,10
39585,8,4585,21,10
39586,8,4586,193,25
39587,8,4587,161,25
39588,8,4588,140,25
39589,8,4589,52,10
39590,8,4590,86,25
39591,8,4591,199,25
39592,8,4592,37,10
39593,8,4593,17,5
39594,8,4594,16,10
39595,8,4595,115,25
39596,8,4596,36,10
39597,8,4597,20,5
39598,8,4598,115,25
39599,8,4599,110,25
39600,8,4600,16,10
39601,8,4601,59,10
39602,8,4602,34,10
39603,8,4603,48,10
39604,8,4604,56,25
39605,8,4605,46,10
39606,8,4606,287,25
39607,8,4607,71,25
39608,8,4608,5,5
39609,8,4609,176,25
39610,8,4610,18,10
39611,8,4611,95,25
39612,8,4612,14,5
39613,8,4613,253,25
39614,8,4614,192,25
39615,8,4615,66,25
39616,8,4616,292,25
39617,8,4617,242,25
39618,8,4618,57,10
39619,8,4619,113,25
39620,8,4620,280,25
39621,8,4621,41,10
39622,8,4622,19,10
39623,8,4623,202,25
39624,8,4624,5,5
39625,8,4625,11,5
39626,8,4626,59,25
39627,8,4627,261,25
39628,8,4628,221,25
39629,8,4629,35,10
39630,8,4630,51,10
39631,8,4631,17,5
39632,8,4632,244,25
39633,8,4633,220,25
39634,8,4634,16,10
39635,8,4635,38,10
39636,8,4636,111,25
39637,8,4637,89,25
39638,8,4638,44,10
39639,8,4639,58,10
39640,8,4640,91,25
39641,8,4641,85,25
39642,8,4642,18,5
39643,8,4643,185,25
39644,8,4644,55,10
39645,8,4645,19,10
39646,8,4646,54,10
39647,8,4647,70,25
39648,8,4648,47,10
39649,8,4649,194,25
39650,8,4650,57,10
39651,8,4651,84,25
39652,8,4652,300,25
39653,8,4653,101,25
39654,8,4654,174,25
39655,8,4655,22,10
39656,8,4656,29,10
39657,8,4657,37,10
39658,8,4658,58,10
39659,8,4659,18,5
39660,8,4660,183,25
39661,8,4661,36,10
39662,8,4662,41,10
39663,8,4663,201,25
39664,8,4664,178,25
39665,8,4665,16,5
39666,8,4666,20,5
39667,8,4667,38,10
39668,8,4668,252,25
39669,8,4669,13,5
39670,8,4670,25,10
39671,8,4671,5,5
39672,8,4672,59,10
39673,8,4673,18,5
39674,8,4674,19,5
39675,8,4675,19,5
39676,8,4676,16,5
39677,8,4677,7,5
39678,8,4678,39,10
39679,8,4679,17,10
39680,8,4680,35,10
39681,8,4681,5,5
39682,8,4682,297,25
39683,8,4683,15,5
39684,8,4684,33,10
39685,8,4685,95,25
39686,8,4686,34,10
39687,8,4687,297,25
39688,8,4688,197,25
39689,8,4689,49,10
39690,8,4690,8,5
39691,8,4691,12,5
39692,8,4692,159,25
39693,8,4693,86,25
39694,8,4694,17,10
39695,8,4695,60,10
39696,8,4696,212,25
39697,8,4697,52,25
39698,8,4698,15,5
39699,8,4699,121,25
39700,8,4700,112,25
39701,8,4701,137,25
39702,8,4702,30,10
39703,8,4703,112,25
39704,8,4704,216,25
39705,8,4705,286,25
39706,8,4706,91,25
39707,8,4707,58,25
39708,8,4708,66,25
39709,8,4709,106,25
39710,8,4710,272,25
39711,8,4711,246,25
39712,8,4712,174,25
39713,8,4713,72,25
39714,8,4714,103,25
39715,8,4715,38,10
39716,8,4716,116,25
39717,8,4717,13,5
39718,8,4718,195,25
39719,8,4719,126,25
39720,8,4720,83,25
39721,8,4721,58,10
39722,8,4722,146,25
39723,8,4723,5,5
39724,8,4724,18,5
39725,8,4725,29,10
39726,8,4726,12,5
39727,8,4727,54,10
39728,8,4728,74,25
39729,8,4729,34,10
39730,8,4730,38,10
39731,8,4731,68,25
39732,8,4732,193,25
39733,8,4733,34,10
39734,8,4734,32,10
39735,8,4735,266,25
39736,8,4736,9,5
39737,8,4737,196,25
39738,8,4738,157,25
39739,8,4739,26,10
39740,8,4740,45,10
39741,8,4741,7,5
39742,8,4742,10,5
39743,8,4743,5,5
39744,8,4744,46,10
39745,8,4745,285,25
39746,8,4746,53,10
39747,8,4747,56,10
39748,8,4748,25,10
39749,8,4749,59,10
39750,8,4750,225,25
39751,8,4751,176,25
39752,8,4752,145,25
39753,8,4753,208,25
39754,8,4754,119,25
39755,8,4755,28,10
39756,8,4756,42,10
39757,8,4757,12,5
39758,8,4758,49,10
39759,8,4759,57,25
39760,8,4760,20,5
39761,8,4761,40,10
39762,8,4762,46,10
39763,8,4763,211,25
39764,8,4764,191,25
39765,8,4765,36,10
39766,8,4766,22,10
39767,8,4767,63,25
39768,8,4768,19,10
39769,8,4769,62,25
39770,8,4770,18,5
39771,8,4771,40,10
39772,8,4772,180,25
39773,8,4773,295,25
39774,8,4774,6,5
39775,8,4775,123,25
39776,8,4776,22,10
39777,8,4777,57,10
39778,8,4778,153,25
39779,8,4779,14,5
39780,8,4780,237,25
39781,8,4781,8,5
39782,8,4782,19,10
39783,8,4783,211,25
39784,8,4784,37,10
39785,8,4785,56,25
39786,8,4786,29,10
39787,8,4787,21,10
39788,8,4788,29,10
39789,8,4789,112,25
39790,8,4790,238,25
39791,8,4791,266,25
39792,8,4792,71,25
39793,8,4793,121,25
39794,8,4794,185,25
39795,8,4795,53,10
39796,8,4796,156,25
39797,8,4797,145,25
39798,8,4798,30,10
39799,8,4799,7,5
39800,8,4800,289,25
39801,8,4801,11,5
39802,8,4802,38,10
39803,8,4803,15,5
39804,8,4804,108,25
39805,8,4805,62,25
39806,8,4806,32,10
39807,8,4807,143,25
39808,8,4808,26,10
39809,8,4809,21,10
39810,8,4810,10,5
39811,8,4811,15,10
39812,8,4812,261,25
39813,8,4813,58,10
39814,8,4814,39,10
39815,8,4815,44,10
39816,8,4816,28,10
39817,8,4817,140,25
39818,8,4818,69,25
39819,8,4819,285,25
39820,8,4820,19,10
39821,8,4821,77,25
39822,8,4822,150,25
39823,8,4823,47,10
39824,8,4824,50,10
39825,8,4825,16,5
39826,8,4826,255,25
39827,8,4827,53,25
39828,8,4828,102,25
39829,8,4829,58,10
39830,8,4830,204,25
39831,8,4831,111,25
39832,8,4832,5,5
39833,8,4833,41,10
39834,8,4834,18,5
39835,8,4835,263,25
39836,8,4836,205,25
39837,8,4837,18,5
39838,8,4838,160,25
39839,8,4839,36,10
39840,8,4840,19,10
39841,8,4841,59,10
39842,8,4842,31,10
39843,8,4843,7,5
39844,8,4844,152,25
39845,8,4845,6,5
39846,8,4846,15,5
39847,8,4847,294,25
39848,8,4848,46,10
39849,8,4849,49,10
39850,8,4850,6,5
39851,8,4851,50,10
39852,8,4852,19,5
39853,8,4853,98,25
39854,8,4854,26,10
39855,8,4855,47,10
39856,8,4856,54,10
39857,8,4857,19,5
39858,8,4858,163,25
39859,8,4859,17,5
39860,8,4860,41,10
39861,8,4861,27,10
39862,8,4862,51,10
39863,8,4863,132,25
39864,8,4864,15,5
39865,8,4865,253,25
39866,8,4866,272,25
39867,8,4867,45,10
39868,8,4868,17,5
39869,8,4869,25,10
39870,8,4870,60,10
39871,8,4871,292,25
39872,8,4872,247,25
39873,8,4873,24,10
39874,8,4874,290,25
39875,8,4875,258,25
39876,8,4876,37,10
39877,8,4877,86,25
39878,8,4878,62,25
39879,8,4879,24,10
39880,8,4880,5,5
39881,8,4881,203,25
39882,8,4882,300,25
39883,8,4883,15,5
39884,8,4884,191,25
39885,8,4885,55,10
39886,8,4886,16,5
39887,8,4887,103,25
39888,8,4888,9,5
39889,8,4889,184,25
39890,8,4890,18,5
39891,8,4891,56,10
39892,8,4892,36,10
39893,8,4893,53,10
39894,8,4894,238,25
39895,8,4895,32,10
39896,8,4896,36,10
39897,8,4897,18,5
39898,8,4898,39,10
39899,8,4899,237,25
39900,8,4900,220,25
39901,8,4901,177,25
39902,8,4902,41,10
39903,8,4903,15,5
39904,8,4904,5,5
39905,8,4905,20,5
39906,8,4906,17,5
39907,8,4907,280,25
39908,8,4908,40,10
39909,8,4909,24,10
39910,8,4910,46,10
39911,8,4911,165,25
39912,8,4912,166,25
39913,8,4913,17,5
39914,8,4914,78,25
39915,8,4915,36,10
39916,8,4916,154,25
39917,8,4917,226,25
39918,8,4918,30,10
39919,8,4919,272,25
39920,8,4920,24,10
39921,8,4921,29,10
39922,8,4922,33,10
39923,8,4923,18,10
39924,8,4924,17,5
39925,8,4925,250,25
39926,8,4926,10,5
39927,8,4927,296,25
39928,8,4928,15,5
39929,8,4929,293,25
39930,8,4930,23,10
39931,8,4931,239,25
39932,8,4932,261,25
39933,8,4933,15,5
39934,8,4934,57,10
39935,8,4935,23,10
39936,8,4936,274,25
39937,8,4937,265,25
39938,8,4938,284,25
39939,8,4939,19,10
39940,8,4940,47,10
39941,8,4941,43,10
39942,8,4942,196,25
39943,8,4943,178,25
39944,8,4944,57,10
39945,8,4945,18,10
39946,8,4946,25,10
39947,8,4947,102,25
39948,8,4948,119,25
39949,8,4949,222,25
39950,8,4950,233,25
39951,8,4951,8,5
39952,8,4952,16,5
39953,8,4953,45,10
39954,8,4954,265,25
39955,8,4955,251,25
39956,8,4956,67,25
39957,8,4957,267,25
39958,8,4958,25,10
39959,8,4959,96,25
39960,8,4960,199,25
39961,8,4961,6,5
39962,8,4962,11,5
39963,8,4963,19,10
39964,8,4964,19,10
39965,8,4965,273,25
39966,8,4966,11,5
39967,8,4967,95,25
39968,8,4968,47,10
39969,8,4969,51,10
39970,8,4970,119,25
39971,8,4971,231,25
39972,8,4972,34,10
39973,8,4973,160,25
39974,8,4974,12,5
39975,8,4975,121,25
39976,8,4976,9,5
39977,8,4977,15,5
39978,8,4978,11,5
39979,8,4979,10,5
39980,8,4980,13,5
39981,8,4981,38,10
39982,8,4982,42,10
39983,8,4983,259,25
39984,8,4984,232,25
39985,8,4985,60,10
39986,8,4986,8,5
39987,8,4987,37,10
39988,8,4988,121,25
39989,8,4989,9,5
39990,8,4990,18,10
39991,8,4991,35,10
39992,8,4992,26,10
39993,8,4993,268,25
39994,8,4994,18,5
39995,8,4995,272,25
39996,8,4996,12,5
39997,8,4997,198,25
39998,8,4998,211,25
39999,8,4999,79,25
40000,8,5000,9,5
